ronda,turno,tipo,id,x,y,energia,velocidad,direccion,dist_al_rival,bearing_al_rival,id_otro,potencia,dano,vivo,rank,supervivencia,dano_balas,dano_embestida,puntuacion
1,1,propio,1,521.9030702145783,525.9016546226346,100.0,0.0,272.7264209033392,,,,,,,,,,,
1,2,propio,1,521.9030702145783,525.9016546226346,100.0,0.0,272.7264209033392,,,,,,,,,,,
1,2,rival,2,274.26398988485766,231.80959823053865,100.0,0.0,271.9498077390661,384.4674911347923,-42.82534633418186,,,,,,,,,
1,3,propio,1,521.9030702145783,525.9016546226346,100.0,0.0,272.7264209033392,,,,,,,,,,,
1,3,rival,2,274.26398988485766,231.80959823053865,100.0,0.0,271.9498077390661,384.4674911347923,-42.82534633418186,,,,,,,,,
1,4,propio,1,521.9030702145783,525.9016546226346,100.0,0.0,272.7264209033392,,,,,,,,,,,
1,5,propio,1,521.9030702145783,525.9016546226346,100.0,0.0,272.7264209033392,,,,,,,,,,,
1,6,propio,1,521.9030702145783,525.9016546226346,100.0,0.0,272.7264209033392,,,,,,,,,,,
1,7,propio,1,521.9030702145783,525.9016546226346,100.0,0.0,272.7264209033392,,,,,,,,,,,
1,8,propio,1,521.9030702145783,525.9016546226346,100.0,0.0,272.7264209033392,,,,,,,,,,,
1,9,propio,1,521.9030702145783,525.9016546226346,100.0,0.0,272.7264209033392,,,,,,,,,,,
1,10,propio,1,521.9030702145783,525.9016546226346,100.0,0.0,272.7264209033392,,,,,,,,,,,
1,10,rival,2,274.26398988485766,231.80959823053865,100.0,0.0,271.9498077390661,384.4674911347923,-42.82534633418186,,,,,,,,,
1,11,propio,1,521.9030702145783,525.9016546226346,100.0,0.0,272.7264209033392,,,,,,,,,,,
1,11,rival,2,274.26398988485766,231.80959823053865,100.0,0.0,271.9498077390661,384.4674911347923,-42.82534633418186,,,,,,,,,
1,12,propio,1,521.9030702145783,525.9016546226346,100.0,0.0,272.7264209033392,,,,,,,,,,,
1,13,propio,1,521.9030702145783,525.9016546226346,100.0,0.0,272.7264209033392,,,,,,,,,,,
1,14,propio,1,521.9030702145783,525.9016546226346,100.0,0.0,272.7264209033392,,,,,,,,,,,
1,15,propio,1,521.9030702145783,525.9016546226346,100.0,0.0,272.7264209033392,,,,,,,,,,,
1,16,propio,1,521.9030702145783,525.9016546226346,100.0,0.0,272.7264209033392,,,,,,,,,,,
1,17,propio,1,521.9030702145783,525.9016546226346,100.0,0.0,272.7264209033392,,,,,,,,,,,
1,18,propio,1,521.9030702145783,525.9016546226346,100.0,0.0,272.7264209033392,,,,,,,,,,,
1,18,rival,2,274.26398988485766,231.80959823053865,100.0,0.0,271.9498077390661,384.4674911347923,-42.82534633418186,,,,,,,,,
1,19,propio,1,521.9030702145783,525.9016546226346,100.0,0.0,272.7264209033392,,,,,,,,,,,
1,19,rival,2,274.26398988485766,231.80959823053865,100.0,0.0,271.9498077390661,384.4674911347923,-42.82534633418186,,,,,,,,,
1,20,propio,1,521.9030702145783,525.9016546226346,100.0,0.0,272.7264209033392,,,,,,,,,,,
1,21,propio,1,521.9030702145783,525.9016546226346,100.0,0.0,272.7264209033392,,,,,,,,,,,
1,22,propio,1,521.9030702145783,525.9016546226346,100.0,0.0,272.7264209033392,,,,,,,,,,,
1,23,propio,1,521.9030702145783,525.9016546226346,100.0,0.0,272.7264209033392,,,,,,,,,,,
1,24,propio,1,521.9030702145783,525.9016546226346,100.0,0.0,272.7264209033392,,,,,,,,,,,
1,25,propio,1,521.9030702145783,525.9016546226346,100.0,0.0,272.7264209033392,,,,,,,,,,,
1,26,propio,1,521.9030702145783,525.9016546226346,100.0,0.0,272.7264209033392,,,,,,,,,,,
1,26,rival,2,274.26398988485766,231.80959823053865,100.0,0.0,271.9498077390661,384.4674911347923,-42.82534633418186,,,,,,,,,
1,27,propio,1,521.9030702145783,525.9016546226346,100.0,0.0,272.7264209033392,,,,,,,,,,,
1,27,rival,2,274.26398988485766,231.80959823053865,100.0,0.0,271.9498077390661,384.4674911347923,-42.82534633418186,,,,,,,,,
1,28,propio,1,521.9030702145783,525.9016546226346,100.0,0.0,272.7264209033392,,,,,,,,,,,
1,29,propio,1,521.9030702145783,525.9016546226346,100.0,0.0,272.7264209033392,,,,,,,,,,,
1,30,propio,1,521.9030702145783,525.9016546226346,100.0,0.0,272.7264209033392,,,,,,,,,,,
1,31,propio,1,521.9030702145783,525.9016546226346,100.0,0.0,272.7264209033392,,,,,,,,,,,
1,32,propio,1,521.9030702145783,525.9016546226346,100.0,0.0,272.7264209033392,,,,,,,,,,,
1,33,propio,1,521.9030702145783,525.9016546226346,100.0,0.0,272.7264209033392,,,,,,,,,,,
1,34,propio,1,521.9030702145783,525.9016546226346,100.0,0.0,272.7264209033392,,,,,,,,,,,
1,34,rival,2,274.26398988485766,231.80959823053865,99.0,0.0,271.9498077390661,384.4674911347923,-42.82534633418186,,,,,,,,,
1,35,propio,1,521.9030702145783,525.9016546226346,99.0,0.0,272.7264209033392,,,,,,,,,,,
1,35,disparo,1,521.9030702145783,525.9016546226346,99.0,,272.7264209033392,,,,1.0,,,,,,,
1,35,rival,2,274.26398988485766,231.80959823053865,99.0,0.0,271.9498077390661,384.4674911347923,-42.82534633418186,,,,,,,,,
1,36,propio,1,521.9030702145783,525.9016546226346,99.0,0.0,272.7264209033392,,,,,,,,,,,
1,37,propio,1,521.9030702145783,525.9016546226346,99.0,0.0,272.7264209033392,,,,,,,,,,,
1,38,propio,1,521.9030702145783,525.9016546226346,99.0,0.0,272.7264209033392,,,,,,,,,,,
1,39,propio,1,521.9030702145783,525.9016546226346,99.0,0.0,272.7264209033392,,,,,,,,,,,
1,40,propio,1,521.9030702145783,525.9016546226346,99.0,0.0,272.7264209033392,,,,,,,,,,,
1,41,propio,1,521.9030702145783,525.9016546226346,99.0,0.0,272.7264209033392,,,,,,,,,,,
1,42,propio,1,521.9030702145783,525.9016546226346,99.0,0.0,272.7264209033392,,,,,,,,,,,
1,42,rival,2,274.26398988485766,231.80959823053865,99.0,0.0,271.9498077390661,384.4674911347923,-42.82534633418186,,,,,,,,,
1,43,propio,1,521.9030702145783,525.9016546226346,99.0,0.0,272.7264209033392,,,,,,,,,,,
1,43,rival,2,274.26398988485766,231.80959823053865,99.0,0.0,271.9498077390661,384.4674911347923,-42.82534633418186,,,,,,,,,
1,44,propio,1,521.9030702145783,525.9016546226346,99.0,0.0,272.7264209033392,,,,,,,,,,,
1,45,propio,1,521.9030702145783,525.9016546226346,99.0,0.0,272.7264209033392,,,,,,,,,,,
1,46,propio,1,521.9030702145783,525.9016546226346,99.0,0.0,272.7264209033392,,,,,,,,,,,
1,47,propio,1,521.9030702145783,525.9016546226346,99.0,0.0,272.7264209033392,,,,,,,,,,,
1,48,propio,1,521.9030702145783,525.9016546226346,99.0,0.0,272.7264209033392,,,,,,,,,,,
1,49,propio,1,521.9030702145783,525.9016546226346,99.0,0.0,272.7264209033392,,,,,,,,,,,
1,50,propio,1,521.9030702145783,525.9016546226346,99.0,0.0,272.7264209033392,,,,,,,,,,,
1,50,rival,2,274.26398988485766,231.80959823053865,98.0,0.0,271.9498077390661,384.4674911347923,-42.82534633418186,,,,,,,,,
1,51,propio,1,521.9030702145783,525.9016546226346,98.0,0.0,272.7264209033392,,,,,,,,,,,
1,51,disparo,1,521.9030702145783,525.9016546226346,98.0,,272.7264209033392,,,,1.0,,,,,,,
1,51,rival,2,274.26398988485766,231.80959823053865,98.0,0.0,271.9498077390661,384.4674911347923,-42.82534633418186,,,,,,,,,
1,52,propio,1,521.9030702145783,525.9016546226346,98.0,0.0,272.7264209033392,,,,,,,,,,,
1,53,propio,1,521.9030702145783,525.9016546226346,98.0,0.0,272.7264209033392,,,,,,,,,,,
1,54,propio,1,521.9030702145783,525.9016546226346,98.0,0.0,272.7264209033392,,,,,,,,,,,
1,55,propio,1,521.9030702145783,525.9016546226346,98.0,0.0,272.7264209033392,,,,,,,,,,,
1,56,propio,1,521.9030702145783,525.9016546226346,98.0,0.0,272.7264209033392,,,,,,,,,,,
1,57,propio,1,521.9030702145783,525.9016546226346,98.0,0.0,272.7264209033392,,,,,,,,,,,
1,58,propio,1,521.9030702145783,525.9016546226346,98.0,0.0,272.7264209033392,,,,,,,,,,,
1,58,rival,2,274.26398988485766,231.80959823053865,98.0,0.0,271.9498077390661,384.4674911347923,-42.82534633418186,,,,,,,,,
1,59,propio,1,521.9030702145783,525.9016546226346,98.0,0.0,272.7264209033392,,,,,,,,,,,
1,59,rival,2,274.26398988485766,231.80959823053865,98.0,0.0,271.9498077390661,384.4674911347923,-42.82534633418186,,,,,,,,,
1,60,propio,1,521.9030702145783,525.9016546226346,98.0,0.0,272.7264209033392,,,,,,,,,,,
1,61,propio,1,521.9030702145783,525.9016546226346,98.0,0.0,272.7264209033392,,,,,,,,,,,
1,62,propio,1,521.9030702145783,525.9016546226346,98.0,0.0,272.7264209033392,,,,,,,,,,,
1,63,propio,1,521.9030702145783,525.9016546226346,98.0,0.0,272.7264209033392,,,,,,,,,,,
1,64,propio,1,521.9030702145783,525.9016546226346,98.0,0.0,272.7264209033392,,,,,,,,,,,
1,65,propio,1,521.9030702145783,525.9016546226346,98.0,0.0,272.7264209033392,,,,,,,,,,,
1,66,propio,1,521.9030702145783,525.9016546226346,98.0,0.0,272.7264209033392,,,,,,,,,,,
1,66,rival,2,274.26398988485766,231.80959823053865,97.0,0.0,271.9498077390661,384.4674911347923,-42.82534633418186,,,,,,,,,
1,67,propio,1,521.9030702145783,525.9016546226346,97.0,0.0,272.7264209033392,,,,,,,,,,,
1,67,disparo,1,521.9030702145783,525.9016546226346,97.0,,272.7264209033392,,,,1.0,,,,,,,
1,67,rival,2,274.26398988485766,231.80959823053865,97.0,0.0,271.9498077390661,384.4674911347923,-42.82534633418186,,,,,,,,,
1,68,propio,1,521.9030702145783,525.9016546226346,97.0,0.0,272.7264209033392,,,,,,,,,,,
1,69,propio,1,521.9030702145783,525.9016546226346,97.0,0.0,272.7264209033392,,,,,,,,,,,
1,70,propio,1,521.9030702145783,525.9016546226346,97.0,0.0,272.7264209033392,,,,,,,,,,,
1,71,propio,1,521.9030702145783,525.9016546226346,97.0,0.0,272.7264209033392,,,,,,,,,,,
1,72,propio,1,521.9030702145783,525.9016546226346,97.0,0.0,272.7264209033392,,,,,,,,,,,
1,73,propio,1,521.9030702145783,525.9016546226346,97.0,0.0,272.7264209033392,,,,,,,,,,,
1,74,propio,1,521.9030702145783,525.9016546226346,97.0,0.0,272.7264209033392,,,,,,,,,,,
1,74,rival,2,274.26398988485766,231.80959823053865,97.0,0.0,271.9498077390661,384.4674911347923,-42.82534633418186,,,,,,,,,
1,75,propio,1,521.9030702145783,525.9016546226346,97.0,0.0,272.7264209033392,,,,,,,,,,,
1,75,rival,2,274.26398988485766,231.80959823053865,97.0,0.0,271.9498077390661,384.4674911347923,-42.82534633418186,,,,,,,,,
1,76,propio,1,521.9030702145783,525.9016546226346,97.0,0.0,272.7264209033392,,,,,,,,,,,
1,77,propio,1,521.9030702145783,525.9016546226346,97.0,0.0,272.7264209033392,,,,,,,,,,,
1,78,propio,1,521.9030702145783,525.9016546226346,97.0,0.0,272.7264209033392,,,,,,,,,,,
1,79,propio,1,521.9030702145783,525.9016546226346,97.0,0.0,272.7264209033392,,,,,,,,,,,
1,80,propio,1,521.9030702145783,525.9016546226346,97.0,0.0,272.7264209033392,,,,,,,,,,,
1,81,propio,1,521.9030702145783,525.9016546226346,97.0,0.0,272.7264209033392,,,,,,,,,,,
1,82,propio,1,521.9030702145783,525.9016546226346,97.0,0.0,272.7264209033392,,,,,,,,,,,
1,82,rival,2,274.26398988485766,231.80959823053865,96.0,0.0,271.9498077390661,384.4674911347923,-42.82534633418186,,,,,,,,,
1,83,propio,1,521.9030702145783,525.9016546226346,96.0,0.0,272.7264209033392,,,,,,,,,,,
1,83,disparo,1,521.9030702145783,525.9016546226346,96.0,,272.7264209033392,,,,1.0,,,,,,,
1,83,rival,2,274.26398988485766,231.80959823053865,96.0,0.0,271.9498077390661,384.4674911347923,-42.82534633418186,,,,,,,,,
1,84,propio,1,521.9030702145783,525.9016546226346,96.0,0.0,272.7264209033392,,,,,,,,,,,
1,85,propio,1,521.9030702145783,525.9016546226346,96.0,0.0,272.7264209033392,,,,,,,,,,,
1,86,propio,1,521.9030702145783,525.9016546226346,96.0,0.0,272.7264209033392,,,,,,,,,,,
1,87,propio,1,521.9030702145783,525.9016546226346,96.0,0.0,272.7264209033392,,,,,,,,,,,
1,88,propio,1,521.9030702145783,525.9016546226346,96.0,0.0,272.7264209033392,,,,,,,,,,,
1,89,propio,1,521.9030702145783,525.9016546226346,96.0,0.0,272.7264209033392,,,,,,,,,,,
1,90,propio,1,521.9030702145783,525.9016546226346,96.0,0.0,272.7264209033392,,,,,,,,,,,
1,90,rival,2,274.26398988485766,231.80959823053865,96.0,0.0,271.9498077390661,384.4674911347923,-42.82534633418186,,,,,,,,,
1,91,propio,1,521.9030702145783,525.9016546226346,96.0,0.0,272.7264209033392,,,,,,,,,,,
1,91,rival,2,274.26398988485766,231.80959823053865,96.0,0.0,271.9498077390661,384.4674911347923,-42.82534633418186,,,,,,,,,
1,92,propio,1,521.9030702145783,525.9016546226346,96.0,0.0,272.7264209033392,,,,,,,,,,,
1,93,propio,1,521.9030702145783,525.9016546226346,96.0,0.0,272.7264209033392,,,,,,,,,,,
1,94,propio,1,521.9030702145783,525.9016546226346,96.0,0.0,272.7264209033392,,,,,,,,,,,
1,95,propio,1,521.9030702145783,525.9016546226346,96.0,0.0,272.7264209033392,,,,,,,,,,,
1,96,propio,1,521.9030702145783,525.9016546226346,96.0,0.0,272.7264209033392,,,,,,,,,,,
1,97,propio,1,521.9030702145783,525.9016546226346,96.0,0.0,272.7264209033392,,,,,,,,,,,
1,98,propio,1,521.9030702145783,525.9016546226346,96.0,0.0,272.7264209033392,,,,,,,,,,,
1,98,rival,2,274.26398988485766,231.80959823053865,95.0,0.0,271.9498077390661,384.4674911347923,-42.82534633418186,,,,,,,,,
1,99,propio,1,521.9030702145783,525.9016546226346,95.0,0.0,272.7264209033392,,,,,,,,,,,
1,99,disparo,1,521.9030702145783,525.9016546226346,95.0,,272.7264209033392,,,,1.0,,,,,,,
1,99,rival,2,274.26398988485766,231.80959823053865,95.0,0.0,271.9498077390661,384.4674911347923,-42.82534633418186,,,,,,,,,
1,100,propio,1,521.9030702145783,525.9016546226346,95.0,0.0,272.7264209033392,,,,,,,,,,,
1,101,propio,1,521.9030702145783,525.9016546226346,95.0,0.0,272.7264209033392,,,,,,,,,,,
1,102,propio,1,521.9030702145783,525.9016546226346,95.0,0.0,272.7264209033392,,,,,,,,,,,
1,103,propio,1,521.9030702145783,525.9016546226346,95.0,0.0,272.7264209033392,,,,,,,,,,,
1,104,propio,1,521.9030702145783,525.9016546226346,95.0,0.0,272.7264209033392,,,,,,,,,,,
1,105,propio,1,521.9030702145783,525.9016546226346,95.0,0.0,272.7264209033392,,,,,,,,,,,
1,106,propio,1,521.9030702145783,525.9016546226346,95.0,0.0,272.7264209033392,,,,,,,,,,,
1,106,rival,2,274.26398988485766,231.80959823053865,95.0,0.0,271.9498077390661,384.4674911347923,-42.82534633418186,,,,,,,,,
1,107,propio,1,521.9030702145783,525.9016546226346,95.0,0.0,272.7264209033392,,,,,,,,,,,
1,107,rival,2,274.26398988485766,231.80959823053865,95.0,0.0,271.9498077390661,384.4674911347923,-42.82534633418186,,,,,,,,,
1,108,propio,1,521.9030702145783,525.9016546226346,95.0,0.0,272.7264209033392,,,,,,,,,,,
1,109,propio,1,521.9030702145783,525.9016546226346,95.0,0.0,272.7264209033392,,,,,,,,,,,
1,110,propio,1,521.9030702145783,525.9016546226346,95.0,0.0,272.7264209033392,,,,,,,,,,,
1,111,propio,1,521.9030702145783,525.9016546226346,95.0,0.0,272.7264209033392,,,,,,,,,,,
1,112,propio,1,521.9030702145783,525.9016546226346,95.0,0.0,272.7264209033392,,,,,,,,,,,
1,113,propio,1,521.9030702145783,525.9016546226346,95.0,0.0,272.7264209033392,,,,,,,,,,,
1,114,propio,1,521.9030702145783,525.9016546226346,95.0,0.0,272.7264209033392,,,,,,,,,,,
1,114,rival,2,274.26398988485766,231.80959823053865,94.0,0.0,271.9498077390661,384.4674911347923,-42.82534633418186,,,,,,,,,
1,115,propio,1,521.9030702145783,525.9016546226346,94.0,0.0,272.7264209033392,,,,,,,,,,,
1,115,disparo,1,521.9030702145783,525.9016546226346,94.0,,272.7264209033392,,,,1.0,,,,,,,
1,115,rival,2,274.26398988485766,231.80959823053865,94.0,0.0,271.9498077390661,384.4674911347923,-42.82534633418186,,,,,,,,,
1,116,propio,1,521.9030702145783,525.9016546226346,94.0,0.0,272.7264209033392,,,,,,,,,,,
1,117,propio,1,521.9030702145783,525.9016546226346,94.0,0.0,272.7264209033392,,,,,,,,,,,
1,118,propio,1,521.9030702145783,525.9016546226346,94.0,0.0,272.7264209033392,,,,,,,,,,,
1,119,propio,1,521.9030702145783,525.9016546226346,94.0,0.0,272.7264209033392,,,,,,,,,,,
1,120,propio,1,521.9030702145783,525.9016546226346,94.0,0.0,272.7264209033392,,,,,,,,,,,
1,121,propio,1,521.9030702145783,525.9016546226346,94.0,0.0,272.7264209033392,,,,,,,,,,,
1,122,propio,1,521.9030702145783,525.9016546226346,94.0,0.0,272.7264209033392,,,,,,,,,,,
1,122,rival,2,274.26398988485766,231.80959823053865,94.0,0.0,271.9498077390661,384.4674911347923,-42.82534633418186,,,,,,,,,
1,123,propio,1,521.9030702145783,525.9016546226346,94.0,0.0,272.7264209033392,,,,,,,,,,,
1,123,rival,2,274.26398988485766,231.80959823053865,94.0,0.0,271.9498077390661,384.4674911347923,-42.82534633418186,,,,,,,,,
1,124,propio,1,521.9030702145783,525.9016546226346,94.0,0.0,272.7264209033392,,,,,,,,,,,
1,125,propio,1,521.9030702145783,525.9016546226346,94.0,0.0,272.7264209033392,,,,,,,,,,,
1,126,propio,1,521.9030702145783,525.9016546226346,94.0,0.0,272.7264209033392,,,,,,,,,,,
1,127,propio,1,521.9030702145783,525.9016546226346,94.0,0.0,272.7264209033392,,,,,,,,,,,
1,128,propio,1,521.9030702145783,525.9016546226346,94.0,0.0,272.7264209033392,,,,,,,,,,,
1,129,propio,1,521.9030702145783,525.9016546226346,94.0,0.0,272.7264209033392,,,,,,,,,,,
1,130,propio,1,521.9030702145783,525.9016546226346,94.0,0.0,272.7264209033392,,,,,,,,,,,
1,130,rival,2,274.26398988485766,231.80959823053865,93.0,0.0,271.9498077390661,384.4674911347923,-42.82534633418186,,,,,,,,,
1,131,propio,1,521.9030702145783,525.9016546226346,93.0,0.0,272.7264209033392,,,,,,,,,,,
1,131,disparo,1,521.9030702145783,525.9016546226346,93.0,,272.7264209033392,,,,1.0,,,,,,,
1,131,rival,2,274.26398988485766,231.80959823053865,93.0,0.0,271.9498077390661,384.4674911347923,-42.82534633418186,,,,,,,,,
1,132,propio,1,521.9030702145783,525.9016546226346,93.0,0.0,272.7264209033392,,,,,,,,,,,
1,133,propio,1,521.9030702145783,525.9016546226346,93.0,0.0,272.7264209033392,,,,,,,,,,,
1,134,propio,1,521.9030702145783,525.9016546226346,93.0,0.0,272.7264209033392,,,,,,,,,,,
1,135,propio,1,521.9030702145783,525.9016546226346,93.0,0.0,272.7264209033392,,,,,,,,,,,
1,136,propio,1,521.9030702145783,525.9016546226346,93.0,0.0,272.7264209033392,,,,,,,,,,,
1,137,propio,1,521.9030702145783,525.9016546226346,93.0,0.0,272.7264209033392,,,,,,,,,,,
1,138,propio,1,521.9030702145783,525.9016546226346,93.0,0.0,272.7264209033392,,,,,,,,,,,
1,138,rival,2,274.26398988485766,231.80959823053865,93.0,0.0,271.9498077390661,384.4674911347923,-42.82534633418186,,,,,,,,,
1,139,propio,1,521.9030702145783,525.9016546226346,93.0,0.0,272.7264209033392,,,,,,,,,,,
1,139,rival,2,274.26398988485766,231.80959823053865,93.0,0.0,271.9498077390661,384.4674911347923,-42.82534633418186,,,,,,,,,
1,140,propio,1,521.9030702145783,525.9016546226346,93.0,0.0,272.7264209033392,,,,,,,,,,,
1,141,propio,1,521.9030702145783,525.9016546226346,93.0,0.0,272.7264209033392,,,,,,,,,,,
1,142,propio,1,521.9030702145783,525.9016546226346,93.0,0.0,272.7264209033392,,,,,,,,,,,
1,143,propio,1,521.9030702145783,525.9016546226346,93.0,0.0,272.7264209033392,,,,,,,,,,,
1,144,propio,1,521.9030702145783,525.9016546226346,93.0,0.0,272.7264209033392,,,,,,,,,,,
1,145,propio,1,521.9030702145783,525.9016546226346,93.0,0.0,272.7264209033392,,,,,,,,,,,
1,146,propio,1,521.9030702145783,525.9016546226346,93.0,0.0,272.7264209033392,,,,,,,,,,,
1,146,rival,2,274.26398988485766,231.80959823053865,92.0,0.0,271.9498077390661,384.4674911347923,-42.82534633418186,,,,,,,,,
1,147,propio,1,521.9030702145783,525.9016546226346,92.0,0.0,272.7264209033392,,,,,,,,,,,
1,147,disparo,1,521.9030702145783,525.9016546226346,92.0,,272.7264209033392,,,,1.0,,,,,,,
1,147,rival,2,274.26398988485766,231.80959823053865,92.0,0.0,271.9498077390661,384.4674911347923,-42.82534633418186,,,,,,,,,
1,148,propio,1,521.9030702145783,525.9016546226346,92.0,0.0,272.7264209033392,,,,,,,,,,,
1,149,propio,1,521.9030702145783,525.9016546226346,92.0,0.0,272.7264209033392,,,,,,,,,,,
1,150,propio,1,521.9030702145783,525.9016546226346,92.0,0.0,272.7264209033392,,,,,,,,,,,
1,151,propio,1,521.9030702145783,525.9016546226346,92.0,0.0,272.7264209033392,,,,,,,,,,,
1,152,propio,1,521.9030702145783,525.9016546226346,92.0,0.0,272.7264209033392,,,,,,,,,,,
1,153,propio,1,521.9030702145783,525.9016546226346,92.0,0.0,272.7264209033392,,,,,,,,,,,
1,154,propio,1,521.9030702145783,525.9016546226346,92.0,0.0,272.7264209033392,,,,,,,,,,,
1,154,rival,2,274.26398988485766,231.80959823053865,92.0,0.0,271.9498077390661,384.4674911347923,-42.82534633418186,,,,,,,,,
1,155,propio,1,521.9030702145783,525.9016546226346,92.0,0.0,272.7264209033392,,,,,,,,,,,
1,155,rival,2,274.26398988485766,231.80959823053865,92.0,0.0,271.9498077390661,384.4674911347923,-42.82534633418186,,,,,,,,,
1,156,propio,1,521.9030702145783,525.9016546226346,92.0,0.0,272.7264209033392,,,,,,,,,,,
1,157,propio,1,521.9030702145783,525.9016546226346,92.0,0.0,272.7264209033392,,,,,,,,,,,
1,158,propio,1,521.9030702145783,525.9016546226346,92.0,0.0,272.7264209033392,,,,,,,,,,,
1,159,propio,1,521.9030702145783,525.9016546226346,92.0,0.0,272.7264209033392,,,,,,,,,,,
1,160,propio,1,521.9030702145783,525.9016546226346,92.0,0.0,272.7264209033392,,,,,,,,,,,
1,161,propio,1,521.9030702145783,525.9016546226346,92.0,0.0,272.7264209033392,,,,,,,,,,,
1,162,propio,1,521.9030702145783,525.9016546226346,92.0,0.0,272.7264209033392,,,,,,,,,,,
1,162,rival,2,274.26398988485766,231.80959823053865,91.0,0.0,271.9498077390661,384.4674911347923,-42.82534633418186,,,,,,,,,
1,163,propio,1,521.9030702145783,525.9016546226346,91.0,0.0,272.7264209033392,,,,,,,,,,,
1,163,disparo,1,521.9030702145783,525.9016546226346,91.0,,272.7264209033392,,,,1.0,,,,,,,
1,163,rival,2,274.26398988485766,231.80959823053865,91.0,0.0,271.9498077390661,384.4674911347923,-42.82534633418186,,,,,,,,,
1,164,propio,1,521.9030702145783,525.9016546226346,91.0,0.0,272.7264209033392,,,,,,,,,,,
1,165,propio,1,521.9030702145783,525.9016546226346,91.0,0.0,272.7264209033392,,,,,,,,,,,
1,166,propio,1,521.9030702145783,525.9016546226346,91.0,0.0,272.7264209033392,,,,,,,,,,,
1,167,propio,1,521.9030702145783,525.9016546226346,91.0,0.0,272.7264209033392,,,,,,,,,,,
1,168,propio,1,521.9030702145783,525.9016546226346,91.0,0.0,272.7264209033392,,,,,,,,,,,
1,169,propio,1,521.9030702145783,525.9016546226346,91.0,0.0,272.7264209033392,,,,,,,,,,,
1,170,propio,1,521.9030702145783,525.9016546226346,91.0,0.0,272.7264209033392,,,,,,,,,,,
1,170,rival,2,274.26398988485766,231.80959823053865,91.0,0.0,271.9498077390661,384.4674911347923,-42.82534633418186,,,,,,,,,
1,171,propio,1,521.9030702145783,525.9016546226346,91.0,0.0,272.7264209033392,,,,,,,,,,,
1,171,rival,2,274.26398988485766,231.80959823053865,91.0,0.0,271.9498077390661,384.4674911347923,-42.82534633418186,,,,,,,,,
1,172,propio,1,521.9030702145783,525.9016546226346,91.0,0.0,272.7264209033392,,,,,,,,,,,
1,173,propio,1,521.9030702145783,525.9016546226346,91.0,0.0,272.7264209033392,,,,,,,,,,,
1,174,propio,1,521.9030702145783,525.9016546226346,91.0,0.0,272.7264209033392,,,,,,,,,,,
1,175,propio,1,521.9030702145783,525.9016546226346,91.0,0.0,272.7264209033392,,,,,,,,,,,
1,176,propio,1,521.9030702145783,525.9016546226346,91.0,0.0,272.7264209033392,,,,,,,,,,,
1,177,propio,1,521.9030702145783,525.9016546226346,91.0,0.0,272.7264209033392,,,,,,,,,,,
1,178,propio,1,521.9030702145783,525.9016546226346,91.0,0.0,272.7264209033392,,,,,,,,,,,
1,178,rival,2,274.26398988485766,231.80959823053865,90.0,0.0,271.9498077390661,384.4674911347923,-42.82534633418186,,,,,,,,,
1,179,propio,1,521.9030702145783,525.9016546226346,90.0,0.0,272.7264209033392,,,,,,,,,,,
1,179,disparo,1,521.9030702145783,525.9016546226346,90.0,,272.7264209033392,,,,1.0,,,,,,,
1,179,rival,2,274.26398988485766,231.80959823053865,90.0,0.0,271.9498077390661,384.4674911347923,-42.82534633418186,,,,,,,,,
1,180,propio,1,521.9030702145783,525.9016546226346,90.0,0.0,272.7264209033392,,,,,,,,,,,
1,181,propio,1,521.9030702145783,525.9016546226346,90.0,0.0,272.7264209033392,,,,,,,,,,,
1,182,propio,1,521.9030702145783,525.9016546226346,90.0,0.0,272.7264209033392,,,,,,,,,,,
1,183,propio,1,521.9030702145783,525.9016546226346,90.0,0.0,272.7264209033392,,,,,,,,,,,
1,184,propio,1,521.9030702145783,525.9016546226346,90.0,0.0,272.7264209033392,,,,,,,,,,,
1,185,propio,1,521.9030702145783,525.9016546226346,90.0,0.0,272.7264209033392,,,,,,,,,,,
1,186,propio,1,521.9030702145783,525.9016546226346,90.0,0.0,272.7264209033392,,,,,,,,,,,
1,186,rival,2,274.26398988485766,231.80959823053865,90.0,0.0,271.9498077390661,384.4674911347923,-42.82534633418186,,,,,,,,,
1,187,propio,1,521.9030702145783,525.9016546226346,90.0,0.0,272.7264209033392,,,,,,,,,,,
1,187,rival,2,274.26398988485766,231.80959823053865,90.0,0.0,271.9498077390661,384.4674911347923,-42.82534633418186,,,,,,,,,
1,188,propio,1,521.9030702145783,525.9016546226346,90.0,0.0,272.7264209033392,,,,,,,,,,,
1,189,propio,1,521.9030702145783,525.9016546226346,90.0,0.0,272.7264209033392,,,,,,,,,,,
1,190,propio,1,521.9030702145783,525.9016546226346,90.0,0.0,272.7264209033392,,,,,,,,,,,
1,191,propio,1,521.9030702145783,525.9016546226346,90.0,0.0,272.7264209033392,,,,,,,,,,,
1,192,propio,1,521.9030702145783,525.9016546226346,90.0,0.0,272.7264209033392,,,,,,,,,,,
1,193,propio,1,521.9030702145783,525.9016546226346,90.0,0.0,272.7264209033392,,,,,,,,,,,
1,194,propio,1,521.9030702145783,525.9016546226346,90.0,0.0,272.7264209033392,,,,,,,,,,,
1,194,rival,2,274.26398988485766,231.80959823053865,89.0,0.0,271.9498077390661,384.4674911347923,-42.82534633418186,,,,,,,,,
1,195,propio,1,521.9030702145783,525.9016546226346,89.0,0.0,272.7264209033392,,,,,,,,,,,
1,195,disparo,1,521.9030702145783,525.9016546226346,89.0,,272.7264209033392,,,,1.0,,,,,,,
1,195,rival,2,274.26398988485766,231.80959823053865,89.0,0.0,271.9498077390661,384.4674911347923,-42.82534633418186,,,,,,,,,
1,196,propio,1,521.9030702145783,525.9016546226346,89.0,0.0,272.7264209033392,,,,,,,,,,,
1,197,propio,1,521.9030702145783,525.9016546226346,89.0,0.0,272.7264209033392,,,,,,,,,,,
1,198,propio,1,521.9030702145783,525.9016546226346,89.0,0.0,272.7264209033392,,,,,,,,,,,
1,199,propio,1,521.9030702145783,525.9016546226346,89.0,0.0,272.7264209033392,,,,,,,,,,,
1,200,propio,1,521.9030702145783,525.9016546226346,89.0,0.0,272.7264209033392,,,,,,,,,,,
1,201,propio,1,521.9030702145783,525.9016546226346,89.0,0.0,272.7264209033392,,,,,,,,,,,
1,202,propio,1,521.9030702145783,525.9016546226346,89.0,0.0,272.7264209033392,,,,,,,,,,,
1,202,rival,2,274.26398988485766,231.80959823053865,89.0,0.0,271.9498077390661,384.4674911347923,-42.82534633418186,,,,,,,,,
1,203,propio,1,521.9030702145783,525.9016546226346,89.0,0.0,272.7264209033392,,,,,,,,,,,
1,203,rival,2,274.26398988485766,231.80959823053865,89.0,0.0,271.9498077390661,384.4674911347923,-42.82534633418186,,,,,,,,,
1,204,propio,1,521.9030702145783,525.9016546226346,89.0,0.0,272.7264209033392,,,,,,,,,,,
1,205,propio,1,521.9030702145783,525.9016546226346,89.0,0.0,272.7264209033392,,,,,,,,,,,
1,206,propio,1,521.9030702145783,525.9016546226346,89.0,0.0,272.7264209033392,,,,,,,,,,,
1,207,propio,1,521.9030702145783,525.9016546226346,89.0,0.0,272.7264209033392,,,,,,,,,,,
1,208,propio,1,521.9030702145783,525.9016546226346,89.0,0.0,272.7264209033392,,,,,,,,,,,
1,209,propio,1,521.9030702145783,525.9016546226346,89.0,0.0,272.7264209033392,,,,,,,,,,,
1,210,propio,1,521.9030702145783,525.9016546226346,89.0,0.0,272.7264209033392,,,,,,,,,,,
1,210,rival,2,274.26398988485766,231.80959823053865,88.0,0.0,271.9498077390661,384.4674911347923,-42.82534633418186,,,,,,,,,
1,211,propio,1,521.9030702145783,525.9016546226346,88.0,0.0,272.7264209033392,,,,,,,,,,,
1,211,disparo,1,521.9030702145783,525.9016546226346,88.0,,272.7264209033392,,,,1.0,,,,,,,
1,211,rival,2,274.26398988485766,231.80959823053865,88.0,0.0,271.9498077390661,384.4674911347923,-42.82534633418186,,,,,,,,,
1,212,propio,1,521.9030702145783,525.9016546226346,88.0,0.0,272.7264209033392,,,,,,,,,,,
1,213,propio,1,521.9030702145783,525.9016546226346,88.0,0.0,272.7264209033392,,,,,,,,,,,
1,214,propio,1,521.9030702145783,525.9016546226346,88.0,0.0,272.7264209033392,,,,,,,,,,,
1,215,propio,1,521.9030702145783,525.9016546226346,88.0,0.0,272.7264209033392,,,,,,,,,,,
1,216,propio,1,521.9030702145783,525.9016546226346,88.0,0.0,272.7264209033392,,,,,,,,,,,
1,217,propio,1,521.9030702145783,525.9016546226346,88.0,0.0,272.7264209033392,,,,,,,,,,,
1,218,propio,1,521.9030702145783,525.9016546226346,88.0,0.0,272.7264209033392,,,,,,,,,,,
1,218,rival,2,274.26398988485766,231.80959823053865,88.0,0.0,271.9498077390661,384.4674911347923,-42.82534633418186,,,,,,,,,
1,219,propio,1,521.9030702145783,525.9016546226346,88.0,0.0,272.7264209033392,,,,,,,,,,,
1,219,rival,2,274.26398988485766,231.80959823053865,88.0,0.0,271.9498077390661,384.4674911347923,-42.82534633418186,,,,,,,,,
1,220,propio,1,521.9030702145783,525.9016546226346,88.0,0.0,272.7264209033392,,,,,,,,,,,
1,221,propio,1,521.9030702145783,525.9016546226346,88.0,0.0,272.7264209033392,,,,,,,,,,,
1,222,propio,1,521.9030702145783,525.9016546226346,88.0,0.0,272.7264209033392,,,,,,,,,,,
1,223,propio,1,521.9030702145783,525.9016546226346,88.0,0.0,272.7264209033392,,,,,,,,,,,
1,224,propio,1,521.9030702145783,525.9016546226346,88.0,0.0,272.7264209033392,,,,,,,,,,,
1,225,propio,1,521.9030702145783,525.9016546226346,88.0,0.0,272.7264209033392,,,,,,,,,,,
1,226,propio,1,521.9030702145783,525.9016546226346,88.0,0.0,272.7264209033392,,,,,,,,,,,
1,226,rival,2,274.26398988485766,231.80959823053865,87.0,0.0,271.9498077390661,384.4674911347923,-42.82534633418186,,,,,,,,,
1,227,propio,1,521.9030702145783,525.9016546226346,87.0,0.0,272.7264209033392,,,,,,,,,,,
1,227,disparo,1,521.9030702145783,525.9016546226346,87.0,,272.7264209033392,,,,1.0,,,,,,,
1,227,rival,2,274.26398988485766,231.80959823053865,87.0,0.0,271.9498077390661,384.4674911347923,-42.82534633418186,,,,,,,,,
1,228,propio,1,521.9030702145783,525.9016546226346,87.0,0.0,272.7264209033392,,,,,,,,,,,
1,229,propio,1,521.9030702145783,525.9016546226346,87.0,0.0,272.7264209033392,,,,,,,,,,,
1,230,propio,1,521.9030702145783,525.9016546226346,87.0,0.0,272.7264209033392,,,,,,,,,,,
1,231,propio,1,521.9030702145783,525.9016546226346,87.0,0.0,272.7264209033392,,,,,,,,,,,
1,232,propio,1,521.9030702145783,525.9016546226346,87.0,0.0,272.7264209033392,,,,,,,,,,,
1,233,propio,1,521.9030702145783,525.9016546226346,87.0,0.0,272.7264209033392,,,,,,,,,,,
1,234,propio,1,521.9030702145783,525.9016546226346,87.0,0.0,272.7264209033392,,,,,,,,,,,
1,234,rival,2,274.26398988485766,231.80959823053865,87.0,0.0,271.9498077390661,384.4674911347923,-42.82534633418186,,,,,,,,,
1,235,propio,1,521.9030702145783,525.9016546226346,87.0,0.0,272.7264209033392,,,,,,,,,,,
1,235,rival,2,274.26398988485766,231.80959823053865,87.0,0.0,271.9498077390661,384.4674911347923,-42.82534633418186,,,,,,,,,
1,236,propio,1,521.9030702145783,525.9016546226346,87.0,0.0,272.7264209033392,,,,,,,,,,,
1,237,propio,1,521.9030702145783,525.9016546226346,87.0,0.0,272.7264209033392,,,,,,,,,,,
1,238,propio,1,521.9030702145783,525.9016546226346,87.0,0.0,272.7264209033392,,,,,,,,,,,
1,239,propio,1,521.9030702145783,525.9016546226346,87.0,0.0,272.7264209033392,,,,,,,,,,,
1,240,propio,1,521.9030702145783,525.9016546226346,87.0,0.0,272.7264209033392,,,,,,,,,,,
1,241,propio,1,521.9030702145783,525.9016546226346,87.0,0.0,272.7264209033392,,,,,,,,,,,
1,242,propio,1,521.9030702145783,525.9016546226346,87.0,0.0,272.7264209033392,,,,,,,,,,,
1,242,rival,2,274.26398988485766,231.80959823053865,86.0,0.0,271.9498077390661,384.4674911347923,-42.82534633418186,,,,,,,,,
1,243,propio,1,521.9030702145783,525.9016546226346,86.0,0.0,272.7264209033392,,,,,,,,,,,
1,243,disparo,1,521.9030702145783,525.9016546226346,86.0,,272.7264209033392,,,,1.0,,,,,,,
1,243,rival,2,274.26398988485766,231.80959823053865,86.0,0.0,271.9498077390661,384.4674911347923,-42.82534633418186,,,,,,,,,
1,244,propio,1,521.9030702145783,525.9016546226346,86.0,0.0,272.7264209033392,,,,,,,,,,,
1,245,propio,1,521.9030702145783,525.9016546226346,86.0,0.0,272.7264209033392,,,,,,,,,,,
1,246,propio,1,521.9030702145783,525.9016546226346,86.0,0.0,272.7264209033392,,,,,,,,,,,
1,247,propio,1,521.9030702145783,525.9016546226346,86.0,0.0,272.7264209033392,,,,,,,,,,,
1,248,propio,1,521.9030702145783,525.9016546226346,86.0,0.0,272.7264209033392,,,,,,,,,,,
1,249,propio,1,521.9030702145783,525.9016546226346,86.0,0.0,272.7264209033392,,,,,,,,,,,
1,250,propio,1,521.9030702145783,525.9016546226346,86.0,0.0,272.7264209033392,,,,,,,,,,,
1,250,rival,2,274.26398988485766,231.80959823053865,86.0,0.0,271.9498077390661,384.4674911347923,-42.82534633418186,,,,,,,,,
1,251,propio,1,521.9030702145783,525.9016546226346,86.0,0.0,272.7264209033392,,,,,,,,,,,
1,251,rival,2,274.26398988485766,231.80959823053865,86.0,0.0,271.9498077390661,384.4674911347923,-42.82534633418186,,,,,,,,,
1,252,propio,1,521.9030702145783,525.9016546226346,86.0,0.0,272.7264209033392,,,,,,,,,,,
1,253,propio,1,521.9030702145783,525.9016546226346,86.0,0.0,272.7264209033392,,,,,,,,,,,
1,254,propio,1,521.9030702145783,525.9016546226346,86.0,0.0,272.7264209033392,,,,,,,,,,,
1,255,propio,1,521.9030702145783,525.9016546226346,86.0,0.0,272.7264209033392,,,,,,,,,,,
1,256,propio,1,521.9030702145783,525.9016546226346,86.0,0.0,272.7264209033392,,,,,,,,,,,
1,257,propio,1,521.9030702145783,525.9016546226346,86.0,0.0,272.7264209033392,,,,,,,,,,,
1,258,propio,1,521.9030702145783,525.9016546226346,86.0,0.0,272.7264209033392,,,,,,,,,,,
1,258,rival,2,274.26398988485766,231.80959823053865,85.0,0.0,271.9498077390661,384.4674911347923,-42.82534633418186,,,,,,,,,
1,259,propio,1,521.9030702145783,525.9016546226346,85.0,0.0,272.7264209033392,,,,,,,,,,,
1,259,disparo,1,521.9030702145783,525.9016546226346,85.0,,272.7264209033392,,,,1.0,,,,,,,
1,259,rival,2,274.26398988485766,231.80959823053865,85.0,0.0,271.9498077390661,384.4674911347923,-42.82534633418186,,,,,,,,,
1,260,propio,1,521.9030702145783,525.9016546226346,85.0,0.0,272.7264209033392,,,,,,,,,,,
1,261,propio,1,521.9030702145783,525.9016546226346,85.0,0.0,272.7264209033392,,,,,,,,,,,
1,262,propio,1,521.9030702145783,525.9016546226346,85.0,0.0,272.7264209033392,,,,,,,,,,,
1,263,propio,1,521.9030702145783,525.9016546226346,85.0,0.0,272.7264209033392,,,,,,,,,,,
1,264,propio,1,521.9030702145783,525.9016546226346,85.0,0.0,272.7264209033392,,,,,,,,,,,
1,265,propio,1,521.9030702145783,525.9016546226346,85.0,0.0,272.7264209033392,,,,,,,,,,,
1,266,propio,1,521.9030702145783,525.9016546226346,85.0,0.0,272.7264209033392,,,,,,,,,,,
1,266,rival,2,274.26398988485766,231.80959823053865,85.0,0.0,271.9498077390661,384.4674911347923,-42.82534633418186,,,,,,,,,
1,267,propio,1,521.9030702145783,525.9016546226346,85.0,0.0,272.7264209033392,,,,,,,,,,,
1,267,rival,2,274.26398988485766,231.80959823053865,85.0,0.0,271.9498077390661,384.4674911347923,-42.82534633418186,,,,,,,,,
1,268,propio,1,521.9030702145783,525.9016546226346,85.0,0.0,272.7264209033392,,,,,,,,,,,
1,269,propio,1,521.9030702145783,525.9016546226346,85.0,0.0,272.7264209033392,,,,,,,,,,,
1,270,propio,1,521.9030702145783,525.9016546226346,85.0,0.0,272.7264209033392,,,,,,,,,,,
1,271,propio,1,521.9030702145783,525.9016546226346,85.0,0.0,272.7264209033392,,,,,,,,,,,
1,272,propio,1,521.9030702145783,525.9016546226346,85.0,0.0,272.7264209033392,,,,,,,,,,,
1,273,propio,1,521.9030702145783,525.9016546226346,85.0,0.0,272.7264209033392,,,,,,,,,,,
1,274,propio,1,521.9030702145783,525.9016546226346,85.0,0.0,272.7264209033392,,,,,,,,,,,
1,274,rival,2,274.26398988485766,231.80959823053865,84.0,0.0,271.9498077390661,384.4674911347923,-42.82534633418186,,,,,,,,,
1,275,propio,1,521.9030702145783,525.9016546226346,84.0,0.0,272.7264209033392,,,,,,,,,,,
1,275,disparo,1,521.9030702145783,525.9016546226346,84.0,,272.7264209033392,,,,1.0,,,,,,,
1,275,rival,2,274.26398988485766,231.80959823053865,84.0,0.0,271.9498077390661,384.4674911347923,-42.82534633418186,,,,,,,,,
1,276,propio,1,521.9030702145783,525.9016546226346,84.0,0.0,272.7264209033392,,,,,,,,,,,
1,277,propio,1,521.9030702145783,525.9016546226346,84.0,0.0,272.7264209033392,,,,,,,,,,,
1,278,propio,1,521.9030702145783,525.9016546226346,84.0,0.0,272.7264209033392,,,,,,,,,,,
1,279,propio,1,521.9030702145783,525.9016546226346,84.0,0.0,272.7264209033392,,,,,,,,,,,
1,280,propio,1,521.9030702145783,525.9016546226346,84.0,0.0,272.7264209033392,,,,,,,,,,,
1,281,propio,1,521.9030702145783,525.9016546226346,84.0,0.0,272.7264209033392,,,,,,,,,,,
1,282,propio,1,521.9030702145783,525.9016546226346,84.0,0.0,272.7264209033392,,,,,,,,,,,
1,282,rival,2,274.26398988485766,231.80959823053865,84.0,0.0,271.9498077390661,384.4674911347923,-42.82534633418186,,,,,,,,,
1,283,propio,1,521.9030702145783,525.9016546226346,84.0,0.0,272.7264209033392,,,,,,,,,,,
1,283,rival,2,274.26398988485766,231.80959823053865,84.0,0.0,271.9498077390661,384.4674911347923,-42.82534633418186,,,,,,,,,
1,284,propio,1,521.9030702145783,525.9016546226346,84.0,0.0,272.7264209033392,,,,,,,,,,,
1,285,propio,1,521.9030702145783,525.9016546226346,84.0,0.0,272.7264209033392,,,,,,,,,,,
1,286,propio,1,521.9030702145783,525.9016546226346,84.0,0.0,272.7264209033392,,,,,,,,,,,
1,287,propio,1,521.9030702145783,525.9016546226346,84.0,0.0,272.7264209033392,,,,,,,,,,,
1,288,propio,1,521.9030702145783,525.9016546226346,84.0,0.0,272.7264209033392,,,,,,,,,,,
1,289,propio,1,521.9030702145783,525.9016546226346,84.0,0.0,272.7264209033392,,,,,,,,,,,
1,290,propio,1,521.9030702145783,525.9016546226346,84.0,0.0,272.7264209033392,,,,,,,,,,,
1,290,rival,2,274.26398988485766,231.80959823053865,83.0,0.0,271.9498077390661,384.4674911347923,-42.82534633418186,,,,,,,,,
1,291,propio,1,521.9030702145783,525.9016546226346,83.0,0.0,272.7264209033392,,,,,,,,,,,
1,291,disparo,1,521.9030702145783,525.9016546226346,83.0,,272.7264209033392,,,,1.0,,,,,,,
1,291,rival,2,274.26398988485766,231.80959823053865,83.0,0.0,271.9498077390661,384.4674911347923,-42.82534633418186,,,,,,,,,
1,292,propio,1,521.9030702145783,525.9016546226346,83.0,0.0,272.7264209033392,,,,,,,,,,,
1,293,propio,1,521.9030702145783,525.9016546226346,83.0,0.0,272.7264209033392,,,,,,,,,,,
1,294,propio,1,521.9030702145783,525.9016546226346,83.0,0.0,272.7264209033392,,,,,,,,,,,
1,295,propio,1,521.9030702145783,525.9016546226346,83.0,0.0,272.7264209033392,,,,,,,,,,,
1,296,propio,1,521.9030702145783,525.9016546226346,83.0,0.0,272.7264209033392,,,,,,,,,,,
1,297,propio,1,521.9030702145783,525.9016546226346,83.0,0.0,272.7264209033392,,,,,,,,,,,
1,298,propio,1,521.9030702145783,525.9016546226346,83.0,0.0,272.7264209033392,,,,,,,,,,,
1,298,rival,2,274.26398988485766,231.80959823053865,83.0,0.0,271.9498077390661,384.4674911347923,-42.82534633418186,,,,,,,,,
1,299,propio,1,521.9030702145783,525.9016546226346,83.0,0.0,272.7264209033392,,,,,,,,,,,
1,299,rival,2,274.26398988485766,231.80959823053865,83.0,0.0,271.9498077390661,384.4674911347923,-42.82534633418186,,,,,,,,,
1,300,propio,1,521.9030702145783,525.9016546226346,83.0,0.0,272.7264209033392,,,,,,,,,,,
1,301,propio,1,521.9030702145783,525.9016546226346,83.0,0.0,272.7264209033392,,,,,,,,,,,
1,302,propio,1,521.9030702145783,525.9016546226346,83.0,0.0,272.7264209033392,,,,,,,,,,,
1,303,propio,1,521.9030702145783,525.9016546226346,83.0,0.0,272.7264209033392,,,,,,,,,,,
1,304,propio,1,521.9030702145783,525.9016546226346,83.0,0.0,272.7264209033392,,,,,,,,,,,
1,305,propio,1,521.9030702145783,525.9016546226346,83.0,0.0,272.7264209033392,,,,,,,,,,,
1,306,propio,1,521.9030702145783,525.9016546226346,83.0,0.0,272.7264209033392,,,,,,,,,,,
1,306,rival,2,274.26398988485766,231.80959823053865,82.0,0.0,271.9498077390661,384.4674911347923,-42.82534633418186,,,,,,,,,
1,307,propio,1,521.9030702145783,525.9016546226346,82.0,0.0,272.7264209033392,,,,,,,,,,,
1,307,disparo,1,521.9030702145783,525.9016546226346,82.0,,272.7264209033392,,,,1.0,,,,,,,
1,307,rival,2,274.26398988485766,231.80959823053865,82.0,0.0,271.9498077390661,384.4674911347923,-42.82534633418186,,,,,,,,,
1,308,propio,1,521.9030702145783,525.9016546226346,82.0,0.0,272.7264209033392,,,,,,,,,,,
1,309,propio,1,521.9030702145783,525.9016546226346,82.0,0.0,272.7264209033392,,,,,,,,,,,
1,310,propio,1,521.9030702145783,525.9016546226346,82.0,0.0,272.7264209033392,,,,,,,,,,,
1,311,propio,1,521.9030702145783,525.9016546226346,82.0,0.0,272.7264209033392,,,,,,,,,,,
1,312,propio,1,521.9030702145783,525.9016546226346,82.0,0.0,272.7264209033392,,,,,,,,,,,
1,313,propio,1,521.9030702145783,525.9016546226346,82.0,0.0,272.7264209033392,,,,,,,,,,,
1,314,propio,1,521.9030702145783,525.9016546226346,82.0,0.0,272.7264209033392,,,,,,,,,,,
1,314,rival,2,274.26398988485766,231.80959823053865,82.0,0.0,271.9498077390661,384.4674911347923,-42.82534633418186,,,,,,,,,
1,315,propio,1,521.9030702145783,525.9016546226346,82.0,0.0,272.7264209033392,,,,,,,,,,,
1,315,rival,2,274.26398988485766,231.80959823053865,82.0,0.0,271.9498077390661,384.4674911347923,-42.82534633418186,,,,,,,,,
1,316,propio,1,521.9030702145783,525.9016546226346,82.0,0.0,272.7264209033392,,,,,,,,,,,
1,317,propio,1,521.9030702145783,525.9016546226346,82.0,0.0,272.7264209033392,,,,,,,,,,,
1,318,propio,1,521.9030702145783,525.9016546226346,82.0,0.0,272.7264209033392,,,,,,,,,,,
1,319,propio,1,521.9030702145783,525.9016546226346,82.0,0.0,272.7264209033392,,,,,,,,,,,
1,320,propio,1,521.9030702145783,525.9016546226346,82.0,0.0,272.7264209033392,,,,,,,,,,,
1,321,propio,1,521.9030702145783,525.9016546226346,82.0,0.0,272.7264209033392,,,,,,,,,,,
1,322,propio,1,521.9030702145783,525.9016546226346,82.0,0.0,272.7264209033392,,,,,,,,,,,
1,322,rival,2,274.26398988485766,231.80959823053865,81.0,0.0,271.9498077390661,384.4674911347923,-42.82534633418186,,,,,,,,,
1,323,propio,1,521.9030702145783,525.9016546226346,81.0,0.0,272.7264209033392,,,,,,,,,,,
1,323,disparo,1,521.9030702145783,525.9016546226346,81.0,,272.7264209033392,,,,1.0,,,,,,,
1,323,rival,2,274.26398988485766,231.80959823053865,81.0,0.0,271.9498077390661,384.4674911347923,-42.82534633418186,,,,,,,,,
1,324,propio,1,521.9030702145783,525.9016546226346,81.0,0.0,272.7264209033392,,,,,,,,,,,
1,325,propio,1,521.9030702145783,525.9016546226346,81.0,0.0,272.7264209033392,,,,,,,,,,,
1,326,propio,1,521.9030702145783,525.9016546226346,81.0,0.0,272.7264209033392,,,,,,,,,,,
1,327,propio,1,521.9030702145783,525.9016546226346,81.0,0.0,272.7264209033392,,,,,,,,,,,
1,328,propio,1,521.9030702145783,525.9016546226346,81.0,0.0,272.7264209033392,,,,,,,,,,,
1,329,propio,1,521.9030702145783,525.9016546226346,81.0,0.0,272.7264209033392,,,,,,,,,,,
1,330,propio,1,521.9030702145783,525.9016546226346,81.0,0.0,272.7264209033392,,,,,,,,,,,
1,330,rival,2,274.26398988485766,231.80959823053865,81.0,0.0,271.9498077390661,384.4674911347923,-42.82534633418186,,,,,,,,,
1,331,propio,1,521.9030702145783,525.9016546226346,81.0,0.0,272.7264209033392,,,,,,,,,,,
1,331,rival,2,274.26398988485766,231.80959823053865,81.0,0.0,271.9498077390661,384.4674911347923,-42.82534633418186,,,,,,,,,
1,332,propio,1,521.9030702145783,525.9016546226346,81.0,0.0,272.7264209033392,,,,,,,,,,,
1,333,propio,1,521.9030702145783,525.9016546226346,81.0,0.0,272.7264209033392,,,,,,,,,,,
1,334,propio,1,521.9030702145783,525.9016546226346,81.0,0.0,272.7264209033392,,,,,,,,,,,
1,335,propio,1,521.9030702145783,525.9016546226346,81.0,0.0,272.7264209033392,,,,,,,,,,,
1,336,propio,1,521.9030702145783,525.9016546226346,81.0,0.0,272.7264209033392,,,,,,,,,,,
1,337,propio,1,521.9030702145783,525.9016546226346,81.0,0.0,272.7264209033392,,,,,,,,,,,
1,338,propio,1,521.9030702145783,525.9016546226346,81.0,0.0,272.7264209033392,,,,,,,,,,,
1,338,rival,2,274.26398988485766,231.80959823053865,80.0,0.0,271.9498077390661,384.4674911347923,-42.82534633418186,,,,,,,,,
1,339,propio,1,521.9030702145783,525.9016546226346,80.0,0.0,272.7264209033392,,,,,,,,,,,
1,339,disparo,1,521.9030702145783,525.9016546226346,80.0,,272.7264209033392,,,,1.0,,,,,,,
1,339,rival,2,274.26398988485766,231.80959823053865,80.0,0.0,271.9498077390661,384.4674911347923,-42.82534633418186,,,,,,,,,
1,340,propio,1,521.9030702145783,525.9016546226346,80.0,0.0,272.7264209033392,,,,,,,,,,,
1,341,propio,1,521.9030702145783,525.9016546226346,80.0,0.0,272.7264209033392,,,,,,,,,,,
1,342,propio,1,521.9030702145783,525.9016546226346,80.0,0.0,272.7264209033392,,,,,,,,,,,
1,343,propio,1,521.9030702145783,525.9016546226346,80.0,0.0,272.7264209033392,,,,,,,,,,,
1,344,propio,1,521.9030702145783,525.9016546226346,80.0,0.0,272.7264209033392,,,,,,,,,,,
1,345,propio,1,521.9030702145783,525.9016546226346,80.0,0.0,272.7264209033392,,,,,,,,,,,
1,346,propio,1,521.9030702145783,525.9016546226346,80.0,0.0,272.7264209033392,,,,,,,,,,,
1,346,rival,2,274.26398988485766,231.80959823053865,80.0,0.0,271.9498077390661,384.4674911347923,-42.82534633418186,,,,,,,,,
1,347,propio,1,521.9030702145783,525.9016546226346,80.0,0.0,272.7264209033392,,,,,,,,,,,
1,347,rival,2,274.26398988485766,231.80959823053865,80.0,0.0,271.9498077390661,384.4674911347923,-42.82534633418186,,,,,,,,,
1,348,propio,1,521.9030702145783,525.9016546226346,80.0,0.0,272.7264209033392,,,,,,,,,,,
1,349,propio,1,521.9030702145783,525.9016546226346,80.0,0.0,272.7264209033392,,,,,,,,,,,
1,350,propio,1,521.9030702145783,525.9016546226346,80.0,0.0,272.7264209033392,,,,,,,,,,,
1,351,propio,1,521.9030702145783,525.9016546226346,80.0,0.0,272.7264209033392,,,,,,,,,,,
1,352,propio,1,521.9030702145783,525.9016546226346,80.0,0.0,272.7264209033392,,,,,,,,,,,
1,353,propio,1,521.9030702145783,525.9016546226346,80.0,0.0,272.7264209033392,,,,,,,,,,,
1,354,propio,1,521.9030702145783,525.9016546226346,80.0,0.0,272.7264209033392,,,,,,,,,,,
1,354,rival,2,274.26398988485766,231.80959823053865,79.0,0.0,271.9498077390661,384.4674911347923,-42.82534633418186,,,,,,,,,
1,355,propio,1,521.9030702145783,525.9016546226346,79.0,0.0,272.7264209033392,,,,,,,,,,,
1,355,disparo,1,521.9030702145783,525.9016546226346,79.0,,272.7264209033392,,,,1.0,,,,,,,
1,355,rival,2,274.26398988485766,231.80959823053865,79.0,0.0,271.9498077390661,384.4674911347923,-42.82534633418186,,,,,,,,,
1,356,propio,1,521.9030702145783,525.9016546226346,79.0,0.0,272.7264209033392,,,,,,,,,,,
1,357,propio,1,521.9030702145783,525.9016546226346,79.0,0.0,272.7264209033392,,,,,,,,,,,
1,358,propio,1,521.9030702145783,525.9016546226346,79.0,0.0,272.7264209033392,,,,,,,,,,,
1,359,propio,1,521.9030702145783,525.9016546226346,79.0,0.0,272.7264209033392,,,,,,,,,,,
1,360,propio,1,521.9030702145783,525.9016546226346,79.0,0.0,272.7264209033392,,,,,,,,,,,
1,361,propio,1,521.9030702145783,525.9016546226346,79.0,0.0,272.7264209033392,,,,,,,,,,,
1,362,propio,1,521.9030702145783,525.9016546226346,79.0,0.0,272.7264209033392,,,,,,,,,,,
1,362,rival,2,274.26398988485766,231.80959823053865,79.0,0.0,271.9498077390661,384.4674911347923,-42.82534633418186,,,,,,,,,
1,363,propio,1,521.9030702145783,525.9016546226346,79.0,0.0,272.7264209033392,,,,,,,,,,,
1,363,rival,2,274.26398988485766,231.80959823053865,79.0,0.0,271.9498077390661,384.4674911347923,-42.82534633418186,,,,,,,,,
1,364,propio,1,521.9030702145783,525.9016546226346,79.0,0.0,272.7264209033392,,,,,,,,,,,
1,365,propio,1,521.9030702145783,525.9016546226346,79.0,0.0,272.7264209033392,,,,,,,,,,,
1,366,propio,1,521.9030702145783,525.9016546226346,79.0,0.0,272.7264209033392,,,,,,,,,,,
1,367,propio,1,521.9030702145783,525.9016546226346,79.0,0.0,272.7264209033392,,,,,,,,,,,
1,368,propio,1,521.9030702145783,525.9016546226346,79.0,0.0,272.7264209033392,,,,,,,,,,,
1,369,propio,1,521.9030702145783,525.9016546226346,79.0,0.0,272.7264209033392,,,,,,,,,,,
1,370,propio,1,521.9030702145783,525.9016546226346,79.0,0.0,272.7264209033392,,,,,,,,,,,
1,370,rival,2,274.26398988485766,231.80959823053865,78.0,0.0,271.9498077390661,384.4674911347923,-42.82534633418186,,,,,,,,,
1,371,propio,1,521.9030702145783,525.9016546226346,78.0,0.0,272.7264209033392,,,,,,,,,,,
1,371,disparo,1,521.9030702145783,525.9016546226346,78.0,,272.7264209033392,,,,1.0,,,,,,,
1,371,rival,2,274.26398988485766,231.80959823053865,78.0,0.0,271.9498077390661,384.4674911347923,-42.82534633418186,,,,,,,,,
1,372,propio,1,521.9030702145783,525.9016546226346,78.0,0.0,272.7264209033392,,,,,,,,,,,
1,373,propio,1,521.9030702145783,525.9016546226346,78.0,0.0,272.7264209033392,,,,,,,,,,,
1,374,propio,1,521.9030702145783,525.9016546226346,78.0,0.0,272.7264209033392,,,,,,,,,,,
1,375,propio,1,521.9030702145783,525.9016546226346,78.0,0.0,272.7264209033392,,,,,,,,,,,
1,376,propio,1,521.9030702145783,525.9016546226346,78.0,0.0,272.7264209033392,,,,,,,,,,,
1,377,propio,1,521.9030702145783,525.9016546226346,78.0,0.0,272.7264209033392,,,,,,,,,,,
1,378,propio,1,521.9030702145783,525.9016546226346,78.0,0.0,272.7264209033392,,,,,,,,,,,
1,378,rival,2,274.26398988485766,231.80959823053865,78.0,0.0,271.9498077390661,384.4674911347923,-42.82534633418186,,,,,,,,,
1,379,propio,1,521.9030702145783,525.9016546226346,78.0,0.0,272.7264209033392,,,,,,,,,,,
1,379,rival,2,274.26398988485766,231.80959823053865,78.0,0.0,271.9498077390661,384.4674911347923,-42.82534633418186,,,,,,,,,
1,380,propio,1,521.9030702145783,525.9016546226346,78.0,0.0,272.7264209033392,,,,,,,,,,,
1,381,propio,1,521.9030702145783,525.9016546226346,78.0,0.0,272.7264209033392,,,,,,,,,,,
1,382,propio,1,521.9030702145783,525.9016546226346,78.0,0.0,272.7264209033392,,,,,,,,,,,
1,383,propio,1,521.9030702145783,525.9016546226346,78.0,0.0,272.7264209033392,,,,,,,,,,,
1,384,propio,1,521.9030702145783,525.9016546226346,78.0,0.0,272.7264209033392,,,,,,,,,,,
1,385,propio,1,521.9030702145783,525.9016546226346,78.0,0.0,272.7264209033392,,,,,,,,,,,
1,386,propio,1,521.9030702145783,525.9016546226346,78.0,0.0,272.7264209033392,,,,,,,,,,,
1,386,rival,2,274.26398988485766,231.80959823053865,77.0,0.0,271.9498077390661,384.4674911347923,-42.82534633418186,,,,,,,,,
1,387,propio,1,521.9030702145783,525.9016546226346,77.0,0.0,272.7264209033392,,,,,,,,,,,
1,387,disparo,1,521.9030702145783,525.9016546226346,77.0,,272.7264209033392,,,,1.0,,,,,,,
1,387,rival,2,274.26398988485766,231.80959823053865,77.0,0.0,271.9498077390661,384.4674911347923,-42.82534633418186,,,,,,,,,
1,388,propio,1,521.9030702145783,525.9016546226346,77.0,0.0,272.7264209033392,,,,,,,,,,,
1,389,propio,1,521.9030702145783,525.9016546226346,77.0,0.0,272.7264209033392,,,,,,,,,,,
1,390,propio,1,521.9030702145783,525.9016546226346,77.0,0.0,272.7264209033392,,,,,,,,,,,
1,391,propio,1,521.9030702145783,525.9016546226346,77.0,0.0,272.7264209033392,,,,,,,,,,,
1,392,propio,1,521.9030702145783,525.9016546226346,77.0,0.0,272.7264209033392,,,,,,,,,,,
1,393,propio,1,521.9030702145783,525.9016546226346,77.0,0.0,272.7264209033392,,,,,,,,,,,
1,394,propio,1,521.9030702145783,525.9016546226346,77.0,0.0,272.7264209033392,,,,,,,,,,,
1,394,rival,2,274.26398988485766,231.80959823053865,77.0,0.0,271.9498077390661,384.4674911347923,-42.82534633418186,,,,,,,,,
1,395,propio,1,521.9030702145783,525.9016546226346,77.0,0.0,272.7264209033392,,,,,,,,,,,
1,395,rival,2,274.26398988485766,231.80959823053865,77.0,0.0,271.9498077390661,384.4674911347923,-42.82534633418186,,,,,,,,,
1,396,propio,1,521.9030702145783,525.9016546226346,77.0,0.0,272.7264209033392,,,,,,,,,,,
1,397,propio,1,521.9030702145783,525.9016546226346,77.0,0.0,272.7264209033392,,,,,,,,,,,
1,398,propio,1,521.9030702145783,525.9016546226346,77.0,0.0,272.7264209033392,,,,,,,,,,,
1,399,propio,1,521.9030702145783,525.9016546226346,77.0,0.0,272.7264209033392,,,,,,,,,,,
1,400,propio,1,521.9030702145783,525.9016546226346,77.0,0.0,272.7264209033392,,,,,,,,,,,
1,401,propio,1,521.9030702145783,525.9016546226346,77.0,0.0,272.7264209033392,,,,,,,,,,,
1,402,propio,1,521.9030702145783,525.9016546226346,77.0,0.0,272.7264209033392,,,,,,,,,,,
1,402,rival,2,274.26398988485766,231.80959823053865,76.0,0.0,271.9498077390661,384.4674911347923,-42.82534633418186,,,,,,,,,
1,403,propio,1,521.9030702145783,525.9016546226346,76.0,0.0,272.7264209033392,,,,,,,,,,,
1,403,disparo,1,521.9030702145783,525.9016546226346,76.0,,272.7264209033392,,,,1.0,,,,,,,
1,403,rival,2,274.26398988485766,231.80959823053865,76.0,0.0,271.9498077390661,384.4674911347923,-42.82534633418186,,,,,,,,,
1,404,propio,1,521.9030702145783,525.9016546226346,76.0,0.0,272.7264209033392,,,,,,,,,,,
1,405,propio,1,521.9030702145783,525.9016546226346,76.0,0.0,272.7264209033392,,,,,,,,,,,
1,406,propio,1,521.9030702145783,525.9016546226346,76.0,0.0,272.7264209033392,,,,,,,,,,,
1,407,propio,1,521.9030702145783,525.9016546226346,76.0,0.0,272.7264209033392,,,,,,,,,,,
1,408,propio,1,521.9030702145783,525.9016546226346,76.0,0.0,272.7264209033392,,,,,,,,,,,
1,409,propio,1,521.9030702145783,525.9016546226346,76.0,0.0,272.7264209033392,,,,,,,,,,,
1,410,propio,1,521.9030702145783,525.9016546226346,76.0,0.0,272.7264209033392,,,,,,,,,,,
1,410,rival,2,274.26398988485766,231.80959823053865,76.0,0.0,271.9498077390661,384.4674911347923,-42.82534633418186,,,,,,,,,
1,411,propio,1,521.9030702145783,525.9016546226346,76.0,0.0,272.7264209033392,,,,,,,,,,,
1,411,rival,2,274.26398988485766,231.80959823053865,76.0,0.0,271.9498077390661,384.4674911347923,-42.82534633418186,,,,,,,,,
1,412,propio,1,521.9030702145783,525.9016546226346,76.0,0.0,272.7264209033392,,,,,,,,,,,
1,413,propio,1,521.9030702145783,525.9016546226346,76.0,0.0,272.7264209033392,,,,,,,,,,,
1,414,propio,1,521.9030702145783,525.9016546226346,76.0,0.0,272.7264209033392,,,,,,,,,,,
1,415,propio,1,521.9030702145783,525.9016546226346,76.0,0.0,272.7264209033392,,,,,,,,,,,
1,416,propio,1,521.9030702145783,525.9016546226346,76.0,0.0,272.7264209033392,,,,,,,,,,,
1,417,propio,1,521.9030702145783,525.9016546226346,76.0,0.0,272.7264209033392,,,,,,,,,,,
1,418,propio,1,521.9030702145783,525.9016546226346,76.0,0.0,272.7264209033392,,,,,,,,,,,
1,418,rival,2,274.26398988485766,231.80959823053865,75.0,0.0,271.9498077390661,384.4674911347923,-42.82534633418186,,,,,,,,,
1,419,propio,1,521.9030702145783,525.9016546226346,75.0,0.0,272.7264209033392,,,,,,,,,,,
1,419,disparo,1,521.9030702145783,525.9016546226346,75.0,,272.7264209033392,,,,1.0,,,,,,,
1,419,rival,2,274.26398988485766,231.80959823053865,75.0,0.0,271.9498077390661,384.4674911347923,-42.82534633418186,,,,,,,,,
1,420,propio,1,521.9030702145783,525.9016546226346,75.0,0.0,272.7264209033392,,,,,,,,,,,
1,421,propio,1,521.9030702145783,525.9016546226346,75.0,0.0,272.7264209033392,,,,,,,,,,,
1,422,propio,1,521.9030702145783,525.9016546226346,75.0,0.0,272.7264209033392,,,,,,,,,,,
1,423,propio,1,521.9030702145783,525.9016546226346,75.0,0.0,272.7264209033392,,,,,,,,,,,
1,424,propio,1,521.9030702145783,525.9016546226346,75.0,0.0,272.7264209033392,,,,,,,,,,,
1,425,propio,1,521.9030702145783,525.9016546226346,75.0,0.0,272.7264209033392,,,,,,,,,,,
1,426,propio,1,521.9030702145783,525.9016546226346,75.0,0.0,272.7264209033392,,,,,,,,,,,
1,426,rival,2,274.26398988485766,231.80959823053865,75.0,0.0,271.9498077390661,384.4674911347923,-42.82534633418186,,,,,,,,,
1,427,propio,1,521.9030702145783,525.9016546226346,75.0,0.0,272.7264209033392,,,,,,,,,,,
1,427,rival,2,274.26398988485766,231.80959823053865,75.0,0.0,271.9498077390661,384.4674911347923,-42.82534633418186,,,,,,,,,
1,428,propio,1,521.9030702145783,525.9016546226346,75.0,0.0,272.7264209033392,,,,,,,,,,,
1,429,propio,1,521.9030702145783,525.9016546226346,75.0,0.0,272.7264209033392,,,,,,,,,,,
1,430,propio,1,521.9030702145783,525.9016546226346,75.0,0.0,272.7264209033392,,,,,,,,,,,
1,431,propio,1,521.9030702145783,525.9016546226346,75.0,0.0,272.7264209033392,,,,,,,,,,,
1,432,propio,1,521.9030702145783,525.9016546226346,75.0,0.0,272.7264209033392,,,,,,,,,,,
1,433,propio,1,521.9030702145783,525.9016546226346,75.0,0.0,272.7264209033392,,,,,,,,,,,
1,434,propio,1,521.9030702145783,525.9016546226346,75.0,0.0,272.7264209033392,,,,,,,,,,,
1,434,rival,2,274.26398988485766,231.80959823053865,74.0,0.0,271.9498077390661,384.4674911347923,-42.82534633418186,,,,,,,,,
1,435,propio,1,521.9030702145783,525.9016546226346,74.0,0.0,272.7264209033392,,,,,,,,,,,
1,435,disparo,1,521.9030702145783,525.9016546226346,74.0,,272.7264209033392,,,,1.0,,,,,,,
1,435,rival,2,274.26398988485766,231.80959823053865,74.0,0.0,271.9498077390661,384.4674911347923,-42.82534633418186,,,,,,,,,
1,436,propio,1,521.9030702145783,525.9016546226346,74.0,0.0,272.7264209033392,,,,,,,,,,,
1,437,propio,1,521.9030702145783,525.9016546226346,74.0,0.0,272.7264209033392,,,,,,,,,,,
1,438,propio,1,521.9030702145783,525.9016546226346,74.0,0.0,272.7264209033392,,,,,,,,,,,
1,439,propio,1,521.9030702145783,525.9016546226346,74.0,0.0,272.7264209033392,,,,,,,,,,,
1,440,propio,1,521.9030702145783,525.9016546226346,74.0,0.0,272.7264209033392,,,,,,,,,,,
1,441,propio,1,521.9030702145783,525.9016546226346,74.0,0.0,272.7264209033392,,,,,,,,,,,
1,442,propio,1,521.9030702145783,525.9016546226346,74.0,0.0,272.7264209033392,,,,,,,,,,,
1,442,rival,2,274.26398988485766,231.80959823053865,74.0,0.0,271.9498077390661,384.4674911347923,-42.82534633418186,,,,,,,,,
1,443,propio,1,521.9030702145783,525.9016546226346,74.0,0.0,272.7264209033392,,,,,,,,,,,
1,443,rival,2,274.26398988485766,231.80959823053865,74.0,0.0,271.9498077390661,384.4674911347923,-42.82534633418186,,,,,,,,,
1,444,propio,1,521.9030702145783,525.9016546226346,74.0,0.0,272.7264209033392,,,,,,,,,,,
1,445,propio,1,521.9030702145783,525.9016546226346,74.0,0.0,272.7264209033392,,,,,,,,,,,
1,446,propio,1,521.9030702145783,525.9016546226346,74.0,0.0,272.7264209033392,,,,,,,,,,,
1,447,propio,1,521.9030702145783,525.9016546226346,74.0,0.0,272.7264209033392,,,,,,,,,,,
1,448,propio,1,521.9030702145783,525.9016546226346,74.0,0.0,272.7264209033392,,,,,,,,,,,
1,449,propio,1,521.9030702145783,525.9016546226346,74.0,0.0,272.7264209033392,,,,,,,,,,,
1,450,propio,1,521.9030702145783,525.9016546226346,74.0,0.0,272.7264209033392,,,,,,,,,,,
1,450,rival,2,274.26398988485766,231.80959823053865,73.0,0.0,271.9498077390661,384.4674911347923,-42.82534633418186,,,,,,,,,
1,451,propio,1,521.9030702145783,525.9016546226346,73.0,0.0,272.7264209033392,,,,,,,,,,,
1,451,disparo,1,521.9030702145783,525.9016546226346,73.0,,272.7264209033392,,,,1.0,,,,,,,
1,451,rival,2,274.26398988485766,231.80959823053865,73.0,0.0,271.9498077390661,384.4674911347923,-42.82534633418186,,,,,,,,,
1,452,propio,1,521.9030702145783,525.9016546226346,72.9,0.0,272.7264209033392,,,,,,,,,,,
1,453,propio,1,521.9030702145783,525.9016546226346,72.80000000000001,0.0,272.7264209033392,,,,,,,,,,,
1,454,propio,1,521.9030702145783,525.9016546226346,72.70000000000002,0.0,272.7264209033392,,,,,,,,,,,
1,455,propio,1,521.9030702145783,525.9016546226346,72.60000000000002,0.0,272.7264209033392,,,,,,,,,,,
1,456,propio,1,521.9030702145783,525.9016546226346,72.50000000000003,0.0,272.7264209033392,,,,,,,,,,,
1,457,propio,1,521.9030702145783,525.9016546226346,72.40000000000003,0.0,272.7264209033392,,,,,,,,,,,
1,458,propio,1,521.9030702145783,525.9016546226346,72.30000000000004,0.0,272.7264209033392,,,,,,,,,,,
1,458,rival,2,274.26398988485766,231.80959823053865,72.40000000000003,0.0,271.9498077390661,384.4674911347923,-42.82534633418186,,,,,,,,,
1,459,propio,1,521.9030702145783,525.9016546226346,72.20000000000005,0.0,272.7264209033392,,,,,,,,,,,
1,459,rival,2,274.26398988485766,231.80959823053865,72.30000000000004,0.0,271.9498077390661,384.4674911347923,-42.82534633418186,,,,,,,,,
1,460,propio,1,521.9030702145783,525.9016546226346,72.10000000000005,0.0,272.7264209033392,,,,,,,,,,,
1,461,propio,1,521.9030702145783,525.9016546226346,72.00000000000006,0.0,272.7264209033392,,,,,,,,,,,
1,462,propio,1,521.9030702145783,525.9016546226346,71.90000000000006,0.0,272.7264209033392,,,,,,,,,,,
1,463,propio,1,521.9030702145783,525.9016546226346,71.80000000000007,0.0,272.7264209033392,,,,,,,,,,,
1,464,propio,1,521.9030702145783,525.9016546226346,71.70000000000007,0.0,272.7264209033392,,,,,,,,,,,
1,465,propio,1,521.9030702145783,525.9016546226346,71.60000000000008,0.0,272.7264209033392,,,,,,,,,,,
1,466,propio,1,521.9030702145783,525.9016546226346,71.50000000000009,0.0,272.7264209033392,,,,,,,,,,,
1,466,rival,2,274.26398988485766,231.80959823053865,70.60000000000008,0.0,271.9498077390661,384.4674911347923,-42.82534633418186,,,,,,,,,
1,467,propio,1,521.9030702145783,525.9016546226346,70.40000000000009,0.0,272.7264209033392,,,,,,,,,,,
1,467,disparo,1,521.9030702145783,525.9016546226346,70.40000000000009,,272.7264209033392,,,,1.0,,,,,,,
1,467,rival,2,274.26398988485766,231.80959823053865,70.50000000000009,0.0,271.9498077390661,384.4674911347923,-42.82534633418186,,,,,,,,,
1,468,propio,1,521.9030702145783,525.9016546226346,70.3000000000001,0.0,272.7264209033392,,,,,,,,,,,
1,469,propio,1,521.9030702145783,525.9016546226346,70.2000000000001,0.0,272.7264209033392,,,,,,,,,,,
1,470,propio,1,521.9030702145783,525.9016546226346,70.10000000000011,0.0,272.7264209033392,,,,,,,,,,,
1,471,propio,1,521.9030702145783,525.9016546226346,70.00000000000011,0.0,272.7264209033392,,,,,,,,,,,
1,472,propio,1,521.9030702145783,525.9016546226346,69.90000000000012,0.0,272.7264209033392,,,,,,,,,,,
1,473,propio,1,521.9030702145783,525.9016546226346,69.80000000000013,0.0,272.7264209033392,,,,,,,,,,,
1,474,propio,1,521.9030702145783,525.9016546226346,69.70000000000013,0.0,272.7264209033392,,,,,,,,,,,
1,474,rival,2,274.26398988485766,231.80959823053865,69.80000000000013,0.0,271.9498077390661,384.4674911347923,-42.82534633418186,,,,,,,,,
1,475,propio,1,521.9030702145783,525.9016546226346,69.60000000000014,0.0,272.7264209033392,,,,,,,,,,,
1,475,rival,2,274.26398988485766,231.80959823053865,69.70000000000013,0.0,271.9498077390661,384.4674911347923,-42.82534633418186,,,,,,,,,
1,476,propio,1,521.9030702145783,525.9016546226346,69.50000000000014,0.0,272.7264209033392,,,,,,,,,,,
1,477,propio,1,521.9030702145783,525.9016546226346,69.40000000000015,0.0,272.7264209033392,,,,,,,,,,,
1,478,propio,1,521.9030702145783,525.9016546226346,69.30000000000015,0.0,272.7264209033392,,,,,,,,,,,
1,479,propio,1,521.9030702145783,525.9016546226346,69.20000000000016,0.0,272.7264209033392,,,,,,,,,,,
1,480,propio,1,521.9030702145783,525.9016546226346,69.10000000000016,0.0,272.7264209033392,,,,,,,,,,,
1,481,propio,1,521.9030702145783,525.9016546226346,69.00000000000017,0.0,272.7264209033392,,,,,,,,,,,
1,482,propio,1,521.9030702145783,525.9016546226346,68.90000000000018,0.0,272.7264209033392,,,,,,,,,,,
1,482,rival,2,274.26398988485766,231.80959823053865,68.00000000000017,0.0,271.9498077390661,384.4674911347923,-42.82534633418186,,,,,,,,,
1,483,propio,1,521.9030702145783,525.9016546226346,67.80000000000018,0.0,272.7264209033392,,,,,,,,,,,
1,483,disparo,1,521.9030702145783,525.9016546226346,67.80000000000018,,272.7264209033392,,,,1.0,,,,,,,
1,483,rival,2,274.26398988485766,231.80959823053865,67.90000000000018,0.0,271.9498077390661,384.4674911347923,-42.82534633418186,,,,,,,,,
1,484,propio,1,521.9030702145783,525.9016546226346,67.70000000000019,0.0,272.7264209033392,,,,,,,,,,,
1,485,propio,1,521.9030702145783,525.9016546226346,67.6000000000002,0.0,272.7264209033392,,,,,,,,,,,
1,486,propio,1,521.9030702145783,525.9016546226346,67.5000000000002,0.0,272.7264209033392,,,,,,,,,,,
1,487,propio,1,521.9030702145783,525.9016546226346,67.4000000000002,0.0,272.7264209033392,,,,,,,,,,,
1,488,propio,1,521.9030702145783,525.9016546226346,67.30000000000021,0.0,272.7264209033392,,,,,,,,,,,
1,489,propio,1,521.9030702145783,525.9016546226346,67.20000000000022,0.0,272.7264209033392,,,,,,,,,,,
1,490,propio,1,521.9030702145783,525.9016546226346,67.10000000000022,0.0,272.7264209033392,,,,,,,,,,,
1,490,rival,2,274.26398988485766,231.80959823053865,67.20000000000022,0.0,271.9498077390661,384.4674911347923,-42.82534633418186,,,,,,,,,
1,491,propio,1,521.9030702145783,525.9016546226346,67.00000000000023,0.0,272.7264209033392,,,,,,,,,,,
1,491,rival,2,274.26398988485766,231.80959823053865,67.10000000000022,0.0,271.9498077390661,384.4674911347923,-42.82534633418186,,,,,,,,,
1,492,propio,1,521.9030702145783,525.9016546226346,66.90000000000023,0.0,272.7264209033392,,,,,,,,,,,
1,493,propio,1,521.9030702145783,525.9016546226346,66.80000000000024,0.0,272.7264209033392,,,,,,,,,,,
1,494,propio,1,521.9030702145783,525.9016546226346,66.70000000000024,0.0,272.7264209033392,,,,,,,,,,,
1,495,propio,1,521.9030702145783,525.9016546226346,66.60000000000025,0.0,272.7264209033392,,,,,,,,,,,
1,496,propio,1,521.9030702145783,525.9016546226346,66.50000000000026,0.0,272.7264209033392,,,,,,,,,,,
1,497,propio,1,521.9030702145783,525.9016546226346,66.40000000000026,0.0,272.7264209033392,,,,,,,,,,,
1,498,propio,1,521.9030702145783,525.9016546226346,66.30000000000027,0.0,272.7264209033392,,,,,,,,,,,
1,498,rival,2,274.26398988485766,231.80959823053865,65.40000000000026,0.0,271.9498077390661,384.4674911347923,-42.82534633418186,,,,,,,,,
1,499,propio,1,521.9030702145783,525.9016546226346,65.20000000000027,0.0,272.7264209033392,,,,,,,,,,,
1,499,disparo,1,521.9030702145783,525.9016546226346,65.20000000000027,,272.7264209033392,,,,1.0,,,,,,,
1,499,rival,2,274.26398988485766,231.80959823053865,65.30000000000027,0.0,271.9498077390661,384.4674911347923,-42.82534633418186,,,,,,,,,
1,500,propio,1,521.9030702145783,525.9016546226346,65.10000000000028,0.0,272.7264209033392,,,,,,,,,,,
1,501,propio,1,521.9030702145783,525.9016546226346,65.00000000000028,0.0,272.7264209033392,,,,,,,,,,,
1,502,propio,1,521.9030702145783,525.9016546226346,64.90000000000029,0.0,272.7264209033392,,,,,,,,,,,
1,503,propio,1,521.9030702145783,525.9016546226346,64.8000000000003,0.0,272.7264209033392,,,,,,,,,,,
1,504,propio,1,521.9030702145783,525.9016546226346,64.7000000000003,0.0,272.7264209033392,,,,,,,,,,,
1,505,propio,1,521.9030702145783,525.9016546226346,64.6000000000003,0.0,272.7264209033392,,,,,,,,,,,
1,506,propio,1,521.9030702145783,525.9016546226346,64.50000000000031,0.0,272.7264209033392,,,,,,,,,,,
1,506,rival,2,274.26398988485766,231.80959823053865,64.6000000000003,0.0,271.9498077390661,384.4674911347923,-42.82534633418186,,,,,,,,,
1,507,propio,1,521.9030702145783,525.9016546226346,64.40000000000032,0.0,272.7264209033392,,,,,,,,,,,
1,507,rival,2,274.26398988485766,231.80959823053865,64.50000000000031,0.0,271.9498077390661,384.4674911347923,-42.82534633418186,,,,,,,,,
1,508,propio,1,521.9030702145783,525.9016546226346,64.30000000000032,0.0,272.7264209033392,,,,,,,,,,,
1,509,propio,1,521.9030702145783,525.9016546226346,64.20000000000033,0.0,272.7264209033392,,,,,,,,,,,
1,510,propio,1,521.9030702145783,525.9016546226346,64.10000000000034,0.0,272.7264209033392,,,,,,,,,,,
1,511,propio,1,521.9030702145783,525.9016546226346,64.00000000000034,0.0,272.7264209033392,,,,,,,,,,,
1,512,propio,1,521.9030702145783,525.9016546226346,63.90000000000034,0.0,272.7264209033392,,,,,,,,,,,
1,513,propio,1,521.9030702145783,525.9016546226346,63.80000000000034,0.0,272.7264209033392,,,,,,,,,,,
1,514,propio,1,521.9030702145783,525.9016546226346,63.70000000000034,0.0,272.7264209033392,,,,,,,,,,,
1,514,rival,2,274.26398988485766,231.80959823053865,62.80000000000033,0.0,271.9498077390661,384.4674911347923,-42.82534633418186,,,,,,,,,
1,515,propio,1,521.9030702145783,525.9016546226346,62.600000000000335,0.0,272.7264209033392,,,,,,,,,,,
1,515,disparo,1,521.9030702145783,525.9016546226346,62.600000000000335,,272.7264209033392,,,,1.0,,,,,,,
1,515,rival,2,274.26398988485766,231.80959823053865,62.70000000000033,0.0,271.9498077390661,384.4674911347923,-42.82534633418186,,,,,,,,,
1,516,propio,1,521.9030702145783,525.9016546226346,62.500000000000334,0.0,272.7264209033392,,,,,,,,,,,
1,517,propio,1,521.9030702145783,525.9016546226346,62.40000000000033,0.0,272.7264209033392,,,,,,,,,,,
1,518,propio,1,521.9030702145783,525.9016546226346,62.30000000000033,0.0,272.7264209033392,,,,,,,,,,,
1,519,propio,1,521.9030702145783,525.9016546226346,62.20000000000033,0.0,272.7264209033392,,,,,,,,,,,
1,520,propio,1,521.9030702145783,525.9016546226346,62.10000000000033,0.0,272.7264209033392,,,,,,,,,,,
1,521,propio,1,521.9030702145783,525.9016546226346,62.00000000000033,0.0,272.7264209033392,,,,,,,,,,,
1,522,propio,1,521.9030702145783,525.9016546226346,61.900000000000325,0.0,272.7264209033392,,,,,,,,,,,
1,522,rival,2,274.26398988485766,231.80959823053865,62.00000000000032,0.0,271.9498077390661,384.4674911347923,-42.82534633418186,,,,,,,,,
1,523,propio,1,521.9030702145783,525.9016546226346,61.800000000000324,0.0,272.7264209033392,,,,,,,,,,,
1,523,rival,2,274.26398988485766,231.80959823053865,61.90000000000032,0.0,271.9498077390661,384.4674911347923,-42.82534633418186,,,,,,,,,
1,524,propio,1,521.9030702145783,525.9016546226346,61.70000000000032,0.0,272.7264209033392,,,,,,,,,,,
1,525,propio,1,521.9030702145783,525.9016546226346,61.60000000000032,0.0,272.7264209033392,,,,,,,,,,,
1,526,propio,1,521.9030702145783,525.9016546226346,61.50000000000032,0.0,272.7264209033392,,,,,,,,,,,
1,527,propio,1,521.9030702145783,525.9016546226346,61.40000000000032,0.0,272.7264209033392,,,,,,,,,,,
1,528,propio,1,521.9030702145783,525.9016546226346,61.30000000000032,0.0,272.7264209033392,,,,,,,,,,,
1,529,propio,1,521.9030702145783,525.9016546226346,61.200000000000315,0.0,272.7264209033392,,,,,,,,,,,
1,530,propio,1,521.9030702145783,525.9016546226346,61.100000000000314,0.0,272.7264209033392,,,,,,,,,,,
1,530,rival,2,274.26398988485766,231.80959823053865,60.20000000000031,0.0,271.9498077390661,384.4674911347923,-42.82534633418186,,,,,,,,,
1,531,propio,1,521.9030702145783,525.9016546226346,60.00000000000031,0.0,272.7264209033392,,,,,,,,,,,
1,531,disparo,1,521.9030702145783,525.9016546226346,60.00000000000031,,272.7264209033392,,,,1.0,,,,,,,
1,531,rival,2,274.26398988485766,231.80959823053865,60.10000000000031,0.0,271.9498077390661,384.4674911347923,-42.82534633418186,,,,,,,,,
1,532,propio,1,521.9030702145783,525.9016546226346,59.90000000000031,0.0,272.7264209033392,,,,,,,,,,,
1,533,propio,1,521.9030702145783,525.9016546226346,59.80000000000031,0.0,272.7264209033392,,,,,,,,,,,
1,534,propio,1,521.9030702145783,525.9016546226346,59.70000000000031,0.0,272.7264209033392,,,,,,,,,,,
1,535,propio,1,521.9030702145783,525.9016546226346,59.60000000000031,0.0,272.7264209033392,,,,,,,,,,,
1,536,propio,1,521.9030702145783,525.9016546226346,59.500000000000306,0.0,272.7264209033392,,,,,,,,,,,
1,537,propio,1,521.9030702145783,525.9016546226346,59.400000000000304,0.0,272.7264209033392,,,,,,,,,,,
1,538,propio,1,521.9030702145783,525.9016546226346,59.3000000000003,0.0,272.7264209033392,,,,,,,,,,,
1,538,rival,2,274.26398988485766,231.80959823053865,59.4000000000003,0.0,271.9498077390661,384.4674911347923,-42.82534633418186,,,,,,,,,
1,539,propio,1,521.9030702145783,525.9016546226346,59.2000000000003,0.0,272.7264209033392,,,,,,,,,,,
1,539,rival,2,274.26398988485766,231.80959823053865,59.300000000000296,0.0,271.9498077390661,384.4674911347923,-42.82534633418186,,,,,,,,,
1,540,propio,1,521.9030702145783,525.9016546226346,59.1000000000003,0.0,272.7264209033392,,,,,,,,,,,
1,541,propio,1,521.9030702145783,525.9016546226346,59.0000000000003,0.0,272.7264209033392,,,,,,,,,,,
1,542,propio,1,521.9030702145783,525.9016546226346,58.9000000000003,0.0,272.7264209033392,,,,,,,,,,,
1,543,propio,1,521.9030702145783,525.9016546226346,58.800000000000296,0.0,272.7264209033392,,,,,,,,,,,
1,544,propio,1,521.9030702145783,525.9016546226346,58.700000000000294,0.0,272.7264209033392,,,,,,,,,,,
1,545,propio,1,521.9030702145783,525.9016546226346,58.60000000000029,0.0,272.7264209033392,,,,,,,,,,,
1,546,propio,1,521.9030702145783,525.9016546226346,58.50000000000029,0.0,272.7264209033392,,,,,,,,,,,
1,546,rival,2,274.26398988485766,231.80959823053865,57.600000000000286,0.0,271.9498077390661,384.4674911347923,-42.82534633418186,,,,,,,,,
1,547,propio,1,521.9030702145783,525.9016546226346,57.40000000000029,0.0,272.7264209033392,,,,,,,,,,,
1,547,disparo,1,521.9030702145783,525.9016546226346,57.40000000000029,,272.7264209033392,,,,1.0,,,,,,,
1,547,rival,2,274.26398988485766,231.80959823053865,57.500000000000284,0.0,271.9498077390661,384.4674911347923,-42.82534633418186,,,,,,,,,
1,548,propio,1,521.9030702145783,525.9016546226346,57.30000000000029,0.0,272.7264209033392,,,,,,,,,,,
1,549,propio,1,521.9030702145783,525.9016546226346,57.20000000000029,0.0,272.7264209033392,,,,,,,,,,,
1,550,propio,1,521.9030702145783,525.9016546226346,57.100000000000286,0.0,272.7264209033392,,,,,,,,,,,
1,551,propio,1,521.9030702145783,525.9016546226346,57.000000000000284,0.0,272.7264209033392,,,,,,,,,,,
1,552,propio,1,521.9030702145783,525.9016546226346,56.90000000000028,0.0,272.7264209033392,,,,,,,,,,,
1,553,propio,1,521.9030702145783,525.9016546226346,56.80000000000028,0.0,272.7264209033392,,,,,,,,,,,
1,554,propio,1,521.9030702145783,525.9016546226346,56.70000000000028,0.0,272.7264209033392,,,,,,,,,,,
1,554,rival,2,274.26398988485766,231.80959823053865,56.800000000000274,0.0,271.9498077390661,384.4674911347923,-42.82534633418186,,,,,,,,,
1,555,propio,1,521.9030702145783,525.9016546226346,56.60000000000028,0.0,272.7264209033392,,,,,,,,,,,
1,555,rival,2,274.26398988485766,231.80959823053865,56.70000000000027,0.0,271.9498077390661,384.4674911347923,-42.82534633418186,,,,,,,,,
1,556,propio,1,521.9030702145783,525.9016546226346,56.50000000000028,0.0,272.7264209033392,,,,,,,,,,,
1,557,propio,1,521.9030702145783,525.9016546226346,56.400000000000276,0.0,272.7264209033392,,,,,,,,,,,
1,558,propio,1,521.9030702145783,525.9016546226346,56.300000000000274,0.0,272.7264209033392,,,,,,,,,,,
1,559,propio,1,521.9030702145783,525.9016546226346,56.20000000000027,0.0,272.7264209033392,,,,,,,,,,,
1,560,propio,1,521.9030702145783,525.9016546226346,56.10000000000027,0.0,272.7264209033392,,,,,,,,,,,
1,561,propio,1,521.9030702145783,525.9016546226346,56.00000000000027,0.0,272.7264209033392,,,,,,,,,,,
1,562,propio,1,521.9030702145783,525.9016546226346,55.90000000000027,0.0,272.7264209033392,,,,,,,,,,,
1,562,rival,2,274.26398988485766,231.80959823053865,55.00000000000026,0.0,271.9498077390661,384.4674911347923,-42.82534633418186,,,,,,,,,
1,563,propio,1,521.9030702145783,525.9016546226346,54.80000000000027,0.0,272.7264209033392,,,,,,,,,,,
1,563,disparo,1,521.9030702145783,525.9016546226346,54.80000000000027,,272.7264209033392,,,,1.0,,,,,,,
1,563,rival,2,274.26398988485766,231.80959823053865,54.90000000000026,0.0,271.9498077390661,384.4674911347923,-42.82534633418186,,,,,,,,,
1,564,propio,1,521.9030702145783,525.9016546226346,54.700000000000266,0.0,272.7264209033392,,,,,,,,,,,
1,565,propio,1,521.9030702145783,525.9016546226346,54.600000000000264,0.0,272.7264209033392,,,,,,,,,,,
1,566,propio,1,521.9030702145783,525.9016546226346,54.50000000000026,0.0,272.7264209033392,,,,,,,,,,,
1,567,propio,1,521.9030702145783,525.9016546226346,54.40000000000026,0.0,272.7264209033392,,,,,,,,,,,
1,568,propio,1,521.9030702145783,525.9016546226346,54.30000000000026,0.0,272.7264209033392,,,,,,,,,,,
1,569,propio,1,521.9030702145783,525.9016546226346,54.20000000000026,0.0,272.7264209033392,,,,,,,,,,,
1,570,propio,1,521.9030702145783,525.9016546226346,54.10000000000026,0.0,272.7264209033392,,,,,,,,,,,
1,570,rival,2,274.26398988485766,231.80959823053865,54.20000000000025,0.0,271.9498077390661,384.4674911347923,-42.82534633418186,,,,,,,,,
1,571,propio,1,521.9030702145783,525.9016546226346,54.000000000000256,0.0,272.7264209033392,,,,,,,,,,,
1,571,rival,2,274.26398988485766,231.80959823053865,54.10000000000025,0.0,271.9498077390661,384.4674911347923,-42.82534633418186,,,,,,,,,
1,572,propio,1,521.9030702145783,525.9016546226346,53.900000000000254,0.0,272.7264209033392,,,,,,,,,,,
1,573,propio,1,521.9030702145783,525.9016546226346,53.80000000000025,0.0,272.7264209033392,,,,,,,,,,,
1,574,propio,1,521.9030702145783,525.9016546226346,53.70000000000025,0.0,272.7264209033392,,,,,,,,,,,
1,575,propio,1,521.9030702145783,525.9016546226346,53.60000000000025,0.0,272.7264209033392,,,,,,,,,,,
1,576,propio,1,521.9030702145783,525.9016546226346,53.50000000000025,0.0,272.7264209033392,,,,,,,,,,,
1,577,propio,1,521.9030702145783,525.9016546226346,53.40000000000025,0.0,272.7264209033392,,,,,,,,,,,
1,578,propio,1,521.9030702145783,525.9016546226346,53.300000000000246,0.0,272.7264209033392,,,,,,,,,,,
1,578,rival,2,274.26398988485766,231.80959823053865,52.40000000000024,0.0,271.9498077390661,384.4674911347923,-42.82534633418186,,,,,,,,,
1,579,propio,1,521.9030702145783,525.9016546226346,52.200000000000244,0.0,272.7264209033392,,,,,,,,,,,
1,579,disparo,1,521.9030702145783,525.9016546226346,52.200000000000244,,272.7264209033392,,,,1.0,,,,,,,
1,579,rival,2,274.26398988485766,231.80959823053865,52.30000000000024,0.0,271.9498077390661,384.4674911347923,-42.82534633418186,,,,,,,,,
1,580,propio,1,521.9030702145783,525.9016546226346,52.10000000000024,0.0,272.7264209033392,,,,,,,,,,,
1,581,propio,1,521.9030702145783,525.9016546226346,52.00000000000024,0.0,272.7264209033392,,,,,,,,,,,
1,582,propio,1,521.9030702145783,525.9016546226346,51.90000000000024,0.0,272.7264209033392,,,,,,,,,,,
1,583,propio,1,521.9030702145783,525.9016546226346,51.80000000000024,0.0,272.7264209033392,,,,,,,,,,,
1,584,propio,1,521.9030702145783,525.9016546226346,51.70000000000024,0.0,272.7264209033392,,,,,,,,,,,
1,585,propio,1,521.9030702145783,525.9016546226346,51.600000000000236,0.0,272.7264209033392,,,,,,,,,,,
1,586,propio,1,521.9030702145783,525.9016546226346,51.500000000000234,0.0,272.7264209033392,,,,,,,,,,,
1,586,rival,2,274.26398988485766,231.80959823053865,51.60000000000023,0.0,271.9498077390661,384.4674911347923,-42.82534633418186,,,,,,,,,
1,587,propio,1,521.9030702145783,525.9016546226346,51.40000000000023,0.0,272.7264209033392,,,,,,,,,,,
1,587,rival,2,274.26398988485766,231.80959823053865,51.50000000000023,0.0,271.9498077390661,384.4674911347923,-42.82534633418186,,,,,,,,,
1,588,propio,1,521.9030702145783,525.9016546226346,51.30000000000023,0.0,272.7264209033392,,,,,,,,,,,
1,589,propio,1,521.9030702145783,525.9016546226346,51.20000000000023,0.0,272.7264209033392,,,,,,,,,,,
1,590,propio,1,521.9030702145783,525.9016546226346,51.10000000000023,0.0,272.7264209033392,,,,,,,,,,,
1,591,propio,1,521.9030702145783,525.9016546226346,51.00000000000023,0.0,272.7264209033392,,,,,,,,,,,
1,592,propio,1,521.9030702145783,525.9016546226346,50.900000000000226,0.0,272.7264209033392,,,,,,,,,,,
1,593,propio,1,521.9030702145783,525.9016546226346,50.800000000000225,0.0,272.7264209033392,,,,,,,,,,,
1,594,propio,1,521.9030702145783,525.9016546226346,50.70000000000022,0.0,272.7264209033392,,,,,,,,,,,
1,594,rival,2,274.26398988485766,231.80959823053865,49.80000000000022,0.0,271.9498077390661,384.4674911347923,-42.82534633418186,,,,,,,,,
1,595,propio,1,521.9030702145783,525.9016546226346,49.60000000000022,0.0,272.7264209033392,,,,,,,,,,,
1,595,disparo,1,521.9030702145783,525.9016546226346,49.60000000000022,,272.7264209033392,,,,1.0,,,,,,,
1,595,rival,2,274.26398988485766,231.80959823053865,49.700000000000216,0.0,271.9498077390661,384.4674911347923,-42.82534633418186,,,,,,,,,
1,596,propio,1,521.9030702145783,525.9016546226346,49.50000000000022,0.0,272.7264209033392,,,,,,,,,,,
1,597,propio,1,521.9030702145783,525.9016546226346,49.40000000000022,0.0,272.7264209033392,,,,,,,,,,,
1,598,propio,1,521.9030702145783,525.9016546226346,49.30000000000022,0.0,272.7264209033392,,,,,,,,,,,
1,599,propio,1,521.9030702145783,525.9016546226346,49.200000000000216,0.0,272.7264209033392,,,,,,,,,,,
1,600,propio,1,521.9030702145783,525.9016546226346,49.100000000000215,0.0,272.7264209033392,,,,,,,,,,,
1,601,propio,1,521.9030702145783,525.9016546226346,49.00000000000021,0.0,272.7264209033392,,,,,,,,,,,
1,602,propio,1,521.9030702145783,525.9016546226346,48.90000000000021,0.0,272.7264209033392,,,,,,,,,,,
1,602,rival,2,274.26398988485766,231.80959823053865,49.000000000000206,0.0,271.9498077390661,384.4674911347923,-42.82534633418186,,,,,,,,,
1,603,propio,1,521.9030702145783,525.9016546226346,48.80000000000021,0.0,272.7264209033392,,,,,,,,,,,
1,603,rival,2,274.26398988485766,231.80959823053865,48.900000000000205,0.0,271.9498077390661,384.4674911347923,-42.82534633418186,,,,,,,,,
1,604,propio,1,521.9030702145783,525.9016546226346,48.70000000000021,0.0,272.7264209033392,,,,,,,,,,,
1,605,propio,1,521.9030702145783,525.9016546226346,48.60000000000021,0.0,272.7264209033392,,,,,,,,,,,
1,606,propio,1,521.9030702145783,525.9016546226346,48.500000000000206,0.0,272.7264209033392,,,,,,,,,,,
1,607,propio,1,521.9030702145783,525.9016546226346,48.400000000000205,0.0,272.7264209033392,,,,,,,,,,,
1,608,propio,1,521.9030702145783,525.9016546226346,48.3000000000002,0.0,272.7264209033392,,,,,,,,,,,
1,609,propio,1,521.9030702145783,525.9016546226346,48.2000000000002,0.0,272.7264209033392,,,,,,,,,,,
1,610,propio,1,521.9030702145783,525.9016546226346,48.1000000000002,0.0,272.7264209033392,,,,,,,,,,,
1,610,rival,2,274.26398988485766,231.80959823053865,47.200000000000195,0.0,271.9498077390661,384.4674911347923,-42.82534633418186,,,,,,,,,
1,611,propio,1,521.9030702145783,525.9016546226346,47.0000000000002,0.0,272.7264209033392,,,,,,,,,,,
1,611,disparo,1,521.9030702145783,525.9016546226346,47.0000000000002,,272.7264209033392,,,,1.0,,,,,,,
1,611,rival,2,274.26398988485766,231.80959823053865,47.10000000000019,0.0,271.9498077390661,384.4674911347923,-42.82534633418186,,,,,,,,,
1,612,propio,1,521.9030702145783,525.9016546226346,46.9000000000002,0.0,272.7264209033392,,,,,,,,,,,
1,613,propio,1,521.9030702145783,525.9016546226346,46.800000000000196,0.0,272.7264209033392,,,,,,,,,,,
1,614,propio,1,521.9030702145783,525.9016546226346,46.700000000000195,0.0,272.7264209033392,,,,,,,,,,,
1,615,propio,1,521.9030702145783,525.9016546226346,46.60000000000019,0.0,272.7264209033392,,,,,,,,,,,
1,616,propio,1,521.9030702145783,525.9016546226346,46.50000000000019,0.0,272.7264209033392,,,,,,,,,,,
1,617,propio,1,521.9030702145783,525.9016546226346,46.40000000000019,0.0,272.7264209033392,,,,,,,,,,,
1,618,propio,1,521.9030702145783,525.9016546226346,46.30000000000019,0.0,272.7264209033392,,,,,,,,,,,
1,618,rival,2,274.26398988485766,231.80959823053865,46.40000000000018,0.0,271.9498077390661,384.4674911347923,-42.82534633418186,,,,,,,,,
1,619,propio,1,521.9030702145783,525.9016546226346,46.20000000000019,0.0,272.7264209033392,,,,,,,,,,,
1,619,rival,2,274.26398988485766,231.80959823053865,46.30000000000018,0.0,271.9498077390661,384.4674911347923,-42.82534633418186,,,,,,,,,
1,620,propio,1,521.9030702145783,525.9016546226346,46.100000000000186,0.0,272.7264209033392,,,,,,,,,,,
1,621,propio,1,521.9030702145783,525.9016546226346,46.000000000000185,0.0,272.7264209033392,,,,,,,,,,,
1,622,propio,1,521.9030702145783,525.9016546226346,45.90000000000018,0.0,272.7264209033392,,,,,,,,,,,
1,623,propio,1,521.9030702145783,525.9016546226346,45.80000000000018,0.0,272.7264209033392,,,,,,,,,,,
1,624,propio,1,521.9030702145783,525.9016546226346,45.70000000000018,0.0,272.7264209033392,,,,,,,,,,,
1,625,propio,1,521.9030702145783,525.9016546226346,45.60000000000018,0.0,272.7264209033392,,,,,,,,,,,
1,626,propio,1,521.9030702145783,525.9016546226346,45.50000000000018,0.0,272.7264209033392,,,,,,,,,,,
1,626,rival,2,274.26398988485766,231.80959823053865,44.60000000000017,0.0,271.9498077390661,384.4674911347923,-42.82534633418186,,,,,,,,,
1,627,propio,1,521.9030702145783,525.9016546226346,44.400000000000176,0.0,272.7264209033392,,,,,,,,,,,
1,627,disparo,1,521.9030702145783,525.9016546226346,44.400000000000176,,272.7264209033392,,,,1.0,,,,,,,
1,627,rival,2,274.26398988485766,231.80959823053865,44.50000000000017,0.0,271.9498077390661,384.4674911347923,-42.82534633418186,,,,,,,,,
1,628,propio,1,521.9030702145783,525.9016546226346,44.300000000000175,0.0,272.7264209033392,,,,,,,,,,,
1,629,propio,1,521.9030702145783,525.9016546226346,44.20000000000017,0.0,272.7264209033392,,,,,,,,,,,
1,630,propio,1,521.9030702145783,525.9016546226346,44.10000000000017,0.0,272.7264209033392,,,,,,,,,,,
1,631,propio,1,521.9030702145783,525.9016546226346,44.00000000000017,0.0,272.7264209033392,,,,,,,,,,,
1,632,propio,1,521.9030702145783,525.9016546226346,43.90000000000017,0.0,272.7264209033392,,,,,,,,,,,
1,633,propio,1,521.9030702145783,525.9016546226346,43.80000000000017,0.0,272.7264209033392,,,,,,,,,,,
1,634,propio,1,521.9030702145783,525.9016546226346,43.700000000000166,0.0,272.7264209033392,,,,,,,,,,,
1,634,rival,2,274.26398988485766,231.80959823053865,43.80000000000016,0.0,271.9498077390661,384.4674911347923,-42.82534633418186,,,,,,,,,
1,635,propio,1,521.9030702145783,525.9016546226346,43.600000000000165,0.0,272.7264209033392,,,,,,,,,,,
1,635,rival,2,274.26398988485766,231.80959823053865,43.70000000000016,0.0,271.9498077390661,384.4674911347923,-42.82534633418186,,,,,,,,,
1,636,propio,1,521.9030702145783,525.9016546226346,43.50000000000016,0.0,272.7264209033392,,,,,,,,,,,
1,637,propio,1,521.9030702145783,525.9016546226346,43.40000000000016,0.0,272.7264209033392,,,,,,,,,,,
1,638,propio,1,521.9030702145783,525.9016546226346,43.30000000000016,0.0,272.7264209033392,,,,,,,,,,,
1,639,propio,1,521.9030702145783,525.9016546226346,43.20000000000016,0.0,272.7264209033392,,,,,,,,,,,
1,640,propio,1,521.9030702145783,525.9016546226346,43.10000000000016,0.0,272.7264209033392,,,,,,,,,,,
1,641,propio,1,521.9030702145783,525.9016546226346,43.000000000000156,0.0,272.7264209033392,,,,,,,,,,,
1,642,propio,1,521.9030702145783,525.9016546226346,42.900000000000155,0.0,272.7264209033392,,,,,,,,,,,
1,642,rival,2,274.26398988485766,231.80959823053865,42.00000000000015,0.0,271.9498077390661,384.4674911347923,-42.82534633418186,,,,,,,,,
1,643,propio,1,521.9030702145783,525.9016546226346,41.80000000000015,0.0,272.7264209033392,,,,,,,,,,,
1,643,disparo,1,521.9030702145783,525.9016546226346,41.80000000000015,,272.7264209033392,,,,1.0,,,,,,,
1,643,rival,2,274.26398988485766,231.80959823053865,41.90000000000015,0.0,271.9498077390661,384.4674911347923,-42.82534633418186,,,,,,,,,
1,644,propio,1,521.9030702145783,525.9016546226346,41.70000000000015,0.0,272.7264209033392,,,,,,,,,,,
1,645,propio,1,521.9030702145783,525.9016546226346,41.60000000000015,0.0,272.7264209033392,,,,,,,,,,,
1,646,propio,1,521.9030702145783,525.9016546226346,41.50000000000015,0.0,272.7264209033392,,,,,,,,,,,
1,647,propio,1,521.9030702145783,525.9016546226346,41.40000000000015,0.0,272.7264209033392,,,,,,,,,,,
1,648,propio,1,521.9030702145783,525.9016546226346,41.300000000000146,0.0,272.7264209033392,,,,,,,,,,,
1,649,propio,1,521.9030702145783,525.9016546226346,41.200000000000145,0.0,272.7264209033392,,,,,,,,,,,
1,650,propio,1,521.9030702145783,525.9016546226346,41.10000000000014,0.0,272.7264209033392,,,,,,,,,,,
1,650,rival,2,274.26398988485766,231.80959823053865,41.20000000000014,0.0,271.9498077390661,384.4674911347923,-42.82534633418186,,,,,,,,,
1,651,propio,1,521.9030702145783,525.9016546226346,41.00000000000014,0.0,272.7264209033392,,,,,,,,,,,
1,651,rival,2,274.26398988485766,231.80959823053865,41.100000000000136,0.0,271.9498077390661,384.4674911347923,-42.82534633418186,,,,,,,,,
1,652,propio,1,521.9030702145783,525.9016546226346,40.90000000000014,0.0,272.7264209033392,,,,,,,,,,,
1,653,propio,1,521.9030702145783,525.9016546226346,40.80000000000014,0.0,272.7264209033392,,,,,,,,,,,
1,654,propio,1,521.9030702145783,525.9016546226346,40.70000000000014,0.0,272.7264209033392,,,,,,,,,,,
1,655,propio,1,521.9030702145783,525.9016546226346,40.600000000000136,0.0,272.7264209033392,,,,,,,,,,,
1,656,propio,1,521.9030702145783,525.9016546226346,40.500000000000135,0.0,272.7264209033392,,,,,,,,,,,
1,657,propio,1,521.9030702145783,525.9016546226346,40.400000000000134,0.0,272.7264209033392,,,,,,,,,,,
1,658,propio,1,521.9030702145783,525.9016546226346,40.30000000000013,0.0,272.7264209033392,,,,,,,,,,,
1,658,rival,2,274.26398988485766,231.80959823053865,39.40000000000013,0.0,271.9498077390661,384.4674911347923,-42.82534633418186,,,,,,,,,
1,659,propio,1,521.9030702145783,525.9016546226346,39.20000000000013,0.0,272.7264209033392,,,,,,,,,,,
1,659,disparo,1,521.9030702145783,525.9016546226346,39.20000000000013,,272.7264209033392,,,,1.0,,,,,,,
1,659,rival,2,274.26398988485766,231.80959823053865,39.300000000000125,0.0,271.9498077390661,384.4674911347923,-42.82534633418186,,,,,,,,,
1,660,propio,1,521.9030702145783,525.9016546226346,39.10000000000013,0.0,272.7264209033392,,,,,,,,,,,
1,661,propio,1,521.9030702145783,525.9016546226346,39.00000000000013,0.0,272.7264209033392,,,,,,,,,,,
1,662,propio,1,521.9030702145783,525.9016546226346,38.90000000000013,0.0,272.7264209033392,,,,,,,,,,,
1,663,propio,1,521.9030702145783,525.9016546226346,38.800000000000125,0.0,272.7264209033392,,,,,,,,,,,
1,664,propio,1,521.9030702145783,525.9016546226346,38.700000000000124,0.0,272.7264209033392,,,,,,,,,,,
1,665,propio,1,521.9030702145783,525.9016546226346,38.60000000000012,0.0,272.7264209033392,,,,,,,,,,,
1,666,propio,1,521.9030702145783,525.9016546226346,38.50000000000012,0.0,272.7264209033392,,,,,,,,,,,
1,666,rival,2,274.26398988485766,231.80959823053865,38.600000000000115,0.0,271.9498077390661,384.4674911347923,-42.82534633418186,,,,,,,,,
1,667,propio,1,521.9030702145783,525.9016546226346,38.40000000000012,0.0,272.7264209033392,,,,,,,,,,,
1,667,rival,2,274.26398988485766,231.80959823053865,38.500000000000114,0.0,271.9498077390661,384.4674911347923,-42.82534633418186,,,,,,,,,
1,668,propio,1,521.9030702145783,525.9016546226346,38.30000000000012,0.0,272.7264209033392,,,,,,,,,,,
1,669,propio,1,521.9030702145783,525.9016546226346,38.20000000000012,0.0,272.7264209033392,,,,,,,,,,,
1,670,propio,1,521.9030702145783,525.9016546226346,38.100000000000115,0.0,272.7264209033392,,,,,,,,,,,
1,671,propio,1,521.9030702145783,525.9016546226346,38.000000000000114,0.0,272.7264209033392,,,,,,,,,,,
1,672,propio,1,521.9030702145783,525.9016546226346,37.90000000000011,0.0,272.7264209033392,,,,,,,,,,,
1,673,propio,1,521.9030702145783,525.9016546226346,37.80000000000011,0.0,272.7264209033392,,,,,,,,,,,
1,674,propio,1,521.9030702145783,525.9016546226346,37.70000000000011,0.0,272.7264209033392,,,,,,,,,,,
1,674,rival,2,274.26398988485766,231.80959823053865,36.800000000000104,0.0,271.9498077390661,384.4674911347923,-42.82534633418186,,,,,,,,,
1,675,propio,1,521.9030702145783,525.9016546226346,36.60000000000011,0.0,272.7264209033392,,,,,,,,,,,
1,675,disparo,1,521.9030702145783,525.9016546226346,36.60000000000011,,272.7264209033392,,,,1.0,,,,,,,
1,675,rival,2,274.26398988485766,231.80959823053865,36.7000000000001,0.0,271.9498077390661,384.4674911347923,-42.82534633418186,,,,,,,,,
1,676,propio,1,521.9030702145783,525.9016546226346,36.50000000000011,0.0,272.7264209033392,,,,,,,,,,,
1,677,propio,1,521.9030702145783,525.9016546226346,36.400000000000105,0.0,272.7264209033392,,,,,,,,,,,
1,678,propio,1,521.9030702145783,525.9016546226346,36.300000000000104,0.0,272.7264209033392,,,,,,,,,,,
1,679,propio,1,521.9030702145783,525.9016546226346,36.2000000000001,0.0,272.7264209033392,,,,,,,,,,,
1,680,propio,1,521.9030702145783,525.9016546226346,36.1000000000001,0.0,272.7264209033392,,,,,,,,,,,
1,681,propio,1,521.9030702145783,525.9016546226346,36.0000000000001,0.0,272.7264209033392,,,,,,,,,,,
1,682,propio,1,521.9030702145783,525.9016546226346,35.9000000000001,0.0,272.7264209033392,,,,,,,,,,,
1,682,rival,2,274.26398988485766,231.80959823053865,36.00000000000009,0.0,271.9498077390661,384.4674911347923,-42.82534633418186,,,,,,,,,
1,683,propio,1,521.9030702145783,525.9016546226346,35.8000000000001,0.0,272.7264209033392,,,,,,,,,,,
1,683,rival,2,274.26398988485766,231.80959823053865,35.90000000000009,0.0,271.9498077390661,384.4674911347923,-42.82534633418186,,,,,,,,,
1,684,propio,1,521.9030702145783,525.9016546226346,35.700000000000095,0.0,272.7264209033392,,,,,,,,,,,
1,685,propio,1,521.9030702145783,525.9016546226346,35.600000000000094,0.0,272.7264209033392,,,,,,,,,,,
1,686,propio,1,521.9030702145783,525.9016546226346,35.50000000000009,0.0,272.7264209033392,,,,,,,,,,,
1,687,propio,1,521.9030702145783,525.9016546226346,35.40000000000009,0.0,272.7264209033392,,,,,,,,,,,
1,688,propio,1,521.9030702145783,525.9016546226346,35.30000000000009,0.0,272.7264209033392,,,,,,,,,,,
1,689,propio,1,521.9030702145783,525.9016546226346,35.20000000000009,0.0,272.7264209033392,,,,,,,,,,,
1,690,propio,1,521.9030702145783,525.9016546226346,35.10000000000009,0.0,272.7264209033392,,,,,,,,,,,
1,690,rival,2,274.26398988485766,231.80959823053865,34.20000000000008,0.0,271.9498077390661,384.4674911347923,-42.82534633418186,,,,,,,,,
1,691,propio,1,521.9030702145783,525.9016546226346,34.000000000000085,0.0,272.7264209033392,,,,,,,,,,,
1,691,disparo,1,521.9030702145783,525.9016546226346,34.000000000000085,,272.7264209033392,,,,1.0,,,,,,,
1,691,rival,2,274.26398988485766,231.80959823053865,34.10000000000008,0.0,271.9498077390661,384.4674911347923,-42.82534633418186,,,,,,,,,
1,692,propio,1,521.9030702145783,525.9016546226346,33.900000000000084,0.0,272.7264209033392,,,,,,,,,,,
1,693,propio,1,521.9030702145783,525.9016546226346,33.80000000000008,0.0,272.7264209033392,,,,,,,,,,,
1,694,propio,1,521.9030702145783,525.9016546226346,33.70000000000008,0.0,272.7264209033392,,,,,,,,,,,
1,695,propio,1,521.9030702145783,525.9016546226346,33.60000000000008,0.0,272.7264209033392,,,,,,,,,,,
1,696,propio,1,521.9030702145783,525.9016546226346,33.50000000000008,0.0,272.7264209033392,,,,,,,,,,,
1,697,propio,1,521.9030702145783,525.9016546226346,33.40000000000008,0.0,272.7264209033392,,,,,,,,,,,
1,698,propio,1,521.9030702145783,525.9016546226346,33.300000000000075,0.0,272.7264209033392,,,,,,,,,,,
1,698,rival,2,274.26398988485766,231.80959823053865,33.40000000000007,0.0,271.9498077390661,384.4674911347923,-42.82534633418186,,,,,,,,,
1,699,propio,1,521.9030702145783,525.9016546226346,33.200000000000074,0.0,272.7264209033392,,,,,,,,,,,
1,699,rival,2,274.26398988485766,231.80959823053865,33.30000000000007,0.0,271.9498077390661,384.4674911347923,-42.82534633418186,,,,,,,,,
1,700,propio,1,521.9030702145783,525.9016546226346,33.10000000000007,0.0,272.7264209033392,,,,,,,,,,,
1,701,propio,1,521.9030702145783,525.9016546226346,33.00000000000007,0.0,272.7264209033392,,,,,,,,,,,
1,702,propio,1,521.9030702145783,525.9016546226346,32.90000000000007,0.0,272.7264209033392,,,,,,,,,,,
1,703,propio,1,521.9030702145783,525.9016546226346,32.80000000000007,0.0,272.7264209033392,,,,,,,,,,,
1,704,propio,1,521.9030702145783,525.9016546226346,32.70000000000007,0.0,272.7264209033392,,,,,,,,,,,
1,705,propio,1,521.9030702145783,525.9016546226346,32.600000000000065,0.0,272.7264209033392,,,,,,,,,,,
1,706,propio,1,521.9030702145783,525.9016546226346,32.500000000000064,0.0,272.7264209033392,,,,,,,,,,,
1,706,rival,2,274.26398988485766,231.80959823053865,31.60000000000006,0.0,271.9498077390661,384.4674911347923,-42.82534633418186,,,,,,,,,
1,707,propio,1,521.9030702145783,525.9016546226346,31.400000000000063,0.0,272.7264209033392,,,,,,,,,,,
1,707,disparo,1,521.9030702145783,525.9016546226346,31.400000000000063,,272.7264209033392,,,,1.0,,,,,,,
1,707,rival,2,274.26398988485766,231.80959823053865,31.500000000000057,0.0,271.9498077390661,384.4674911347923,-42.82534633418186,,,,,,,,,
1,708,propio,1,521.9030702145783,525.9016546226346,31.30000000000006,0.0,272.7264209033392,,,,,,,,,,,
1,709,propio,1,521.9030702145783,525.9016546226346,31.20000000000006,0.0,272.7264209033392,,,,,,,,,,,
1,710,propio,1,521.9030702145783,525.9016546226346,31.10000000000006,0.0,272.7264209033392,,,,,,,,,,,
1,711,propio,1,521.9030702145783,525.9016546226346,31.000000000000057,0.0,272.7264209033392,,,,,,,,,,,
1,712,propio,1,521.9030702145783,525.9016546226346,30.900000000000055,0.0,272.7264209033392,,,,,,,,,,,
1,713,propio,1,521.9030702145783,525.9016546226346,30.800000000000054,0.0,272.7264209033392,,,,,,,,,,,
1,714,propio,1,521.9030702145783,525.9016546226346,30.700000000000053,0.0,272.7264209033392,,,,,,,,,,,
1,714,rival,2,274.26398988485766,231.80959823053865,30.800000000000047,0.0,271.9498077390661,384.4674911347923,-42.82534633418186,,,,,,,,,
1,715,propio,1,521.9030702145783,525.9016546226346,30.60000000000005,0.0,272.7264209033392,,,,,,,,,,,
1,715,rival,2,274.26398988485766,231.80959823053865,30.700000000000045,0.0,271.9498077390661,384.4674911347923,-42.82534633418186,,,,,,,,,
1,716,propio,1,521.9030702145783,525.9016546226346,30.50000000000005,0.0,272.7264209033392,,,,,,,,,,,
1,717,propio,1,521.9030702145783,525.9016546226346,30.40000000000005,0.0,272.7264209033392,,,,,,,,,,,
1,718,propio,1,521.9030702145783,525.9016546226346,30.300000000000047,0.0,272.7264209033392,,,,,,,,,,,
1,719,propio,1,521.9030702145783,525.9016546226346,30.200000000000045,0.0,272.7264209033392,,,,,,,,,,,
1,720,propio,1,521.9030702145783,525.9016546226346,30.100000000000044,0.0,272.7264209033392,,,,,,,,,,,
1,721,propio,1,521.9030702145783,525.9016546226346,30.000000000000043,0.0,272.7264209033392,,,,,,,,,,,
1,722,propio,1,521.9030702145783,525.9016546226346,29.90000000000004,0.0,272.7264209033392,,,,,,,,,,,
1,722,rival,2,274.26398988485766,231.80959823053865,29.000000000000036,0.0,271.9498077390661,384.4674911347923,-42.82534633418186,,,,,,,,,
1,723,propio,1,521.9030702145783,525.9016546226346,28.80000000000004,0.0,272.7264209033392,,,,,,,,,,,
1,723,disparo,1,521.9030702145783,525.9016546226346,28.80000000000004,,272.7264209033392,,,,1.0,,,,,,,
1,723,rival,2,274.26398988485766,231.80959823053865,28.900000000000034,0.0,271.9498077390661,384.4674911347923,-42.82534633418186,,,,,,,,,
1,724,propio,1,521.9030702145783,525.9016546226346,28.70000000000004,0.0,272.7264209033392,,,,,,,,,,,
1,725,propio,1,521.9030702145783,525.9016546226346,28.600000000000037,0.0,272.7264209033392,,,,,,,,,,,
1,726,propio,1,521.9030702145783,525.9016546226346,28.500000000000036,0.0,272.7264209033392,,,,,,,,,,,
1,727,propio,1,521.9030702145783,525.9016546226346,28.400000000000034,0.0,272.7264209033392,,,,,,,,,,,
1,728,propio,1,521.9030702145783,525.9016546226346,28.300000000000033,0.0,272.7264209033392,,,,,,,,,,,
1,729,propio,1,521.9030702145783,525.9016546226346,28.20000000000003,0.0,272.7264209033392,,,,,,,,,,,
1,730,propio,1,521.9030702145783,525.9016546226346,28.10000000000003,0.0,272.7264209033392,,,,,,,,,,,
1,730,rival,2,274.26398988485766,231.80959823053865,28.200000000000024,0.0,271.9498077390661,384.4674911347923,-42.82534633418186,,,,,,,,,
1,731,propio,1,521.9030702145783,525.9016546226346,28.00000000000003,0.0,272.7264209033392,,,,,,,,,,,
1,731,rival,2,274.26398988485766,231.80959823053865,28.100000000000023,0.0,271.9498077390661,384.4674911347923,-42.82534633418186,,,,,,,,,
1,732,propio,1,521.9030702145783,525.9016546226346,27.900000000000027,0.0,272.7264209033392,,,,,,,,,,,
1,733,propio,1,521.9030702145783,525.9016546226346,27.800000000000026,0.0,272.7264209033392,,,,,,,,,,,
1,734,propio,1,521.9030702145783,525.9016546226346,27.700000000000024,0.0,272.7264209033392,,,,,,,,,,,
1,735,propio,1,521.9030702145783,525.9016546226346,27.600000000000023,0.0,272.7264209033392,,,,,,,,,,,
1,736,propio,1,521.9030702145783,525.9016546226346,27.50000000000002,0.0,272.7264209033392,,,,,,,,,,,
1,737,propio,1,521.9030702145783,525.9016546226346,27.40000000000002,0.0,272.7264209033392,,,,,,,,,,,
1,738,propio,1,521.9030702145783,525.9016546226346,27.30000000000002,0.0,272.7264209033392,,,,,,,,,,,
1,738,rival,2,274.26398988485766,231.80959823053865,26.400000000000013,0.0,271.9498077390661,384.4674911347923,-42.82534633418186,,,,,,,,,
1,739,propio,1,521.9030702145783,525.9016546226346,26.200000000000017,0.0,272.7264209033392,,,,,,,,,,,
1,739,disparo,1,521.9030702145783,525.9016546226346,26.200000000000017,,272.7264209033392,,,,1.0,,,,,,,
1,739,rival,2,274.26398988485766,231.80959823053865,26.30000000000001,0.0,271.9498077390661,384.4674911347923,-42.82534633418186,,,,,,,,,
1,740,propio,1,521.9030702145783,525.9016546226346,26.100000000000016,0.0,272.7264209033392,,,,,,,,,,,
1,741,propio,1,521.9030702145783,525.9016546226346,26.000000000000014,0.0,272.7264209033392,,,,,,,,,,,
1,742,propio,1,521.9030702145783,525.9016546226346,25.900000000000013,0.0,272.7264209033392,,,,,,,,,,,
1,743,propio,1,521.9030702145783,525.9016546226346,25.80000000000001,0.0,272.7264209033392,,,,,,,,,,,
1,744,propio,1,521.9030702145783,525.9016546226346,25.70000000000001,0.0,272.7264209033392,,,,,,,,,,,
1,745,propio,1,521.9030702145783,525.9016546226346,25.60000000000001,0.0,272.7264209033392,,,,,,,,,,,
1,746,propio,1,521.9030702145783,525.9016546226346,25.500000000000007,0.0,272.7264209033392,,,,,,,,,,,
1,746,rival,2,274.26398988485766,231.80959823053865,25.6,0.0,271.9498077390661,384.4674911347923,-42.82534633418186,,,,,,,,,
1,747,propio,1,521.9030702145783,525.9016546226346,25.400000000000006,0.0,272.7264209033392,,,,,,,,,,,
1,747,rival,2,274.26398988485766,231.80959823053865,25.5,0.0,271.9498077390661,384.4674911347923,-42.82534633418186,,,,,,,,,
1,748,propio,1,521.9030702145783,525.9016546226346,25.300000000000004,0.0,272.7264209033392,,,,,,,,,,,
1,749,propio,1,521.9030702145783,525.9016546226346,25.200000000000003,0.0,272.7264209033392,,,,,,,,,,,
1,750,propio,1,521.9030702145783,525.9016546226346,25.1,0.0,272.7264209033392,,,,,,,,,,,
1,751,propio,1,521.9030702145783,525.9016546226346,25.0,0.0,272.7264209033392,,,,,,,,,,,
1,752,propio,1,521.9030702145783,525.9016546226346,24.9,0.0,272.7264209033392,,,,,,,,,,,
1,753,propio,1,521.9030702145783,525.9016546226346,24.799999999999997,0.0,272.7264209033392,,,,,,,,,,,
1,754,propio,1,521.9030702145783,525.9016546226346,24.699999999999996,0.0,272.7264209033392,,,,,,,,,,,
1,754,rival,2,274.26398988485766,231.80959823053865,23.79999999999999,0.0,271.9498077390661,384.4674911347923,-42.82534633418186,,,,,,,,,
1,755,propio,1,521.9030702145783,525.9016546226346,23.599999999999994,0.0,272.7264209033392,,,,,,,,,,,
1,755,disparo,1,521.9030702145783,525.9016546226346,23.599999999999994,,272.7264209033392,,,,1.0,,,,,,,
1,755,rival,2,274.26398988485766,231.80959823053865,23.69999999999999,0.0,271.9498077390661,384.4674911347923,-42.82534633418186,,,,,,,,,
1,756,propio,1,521.9030702145783,525.9016546226346,23.499999999999993,0.0,272.7264209033392,,,,,,,,,,,
1,757,propio,1,521.9030702145783,525.9016546226346,23.39999999999999,0.0,272.7264209033392,,,,,,,,,,,
1,758,propio,1,521.9030702145783,525.9016546226346,23.29999999999999,0.0,272.7264209033392,,,,,,,,,,,
1,759,propio,1,521.9030702145783,525.9016546226346,23.19999999999999,0.0,272.7264209033392,,,,,,,,,,,
1,760,propio,1,521.9030702145783,525.9016546226346,23.099999999999987,0.0,272.7264209033392,,,,,,,,,,,
1,761,propio,1,521.9030702145783,525.9016546226346,22.999999999999986,0.0,272.7264209033392,,,,,,,,,,,
1,762,propio,1,521.9030702145783,525.9016546226346,22.899999999999984,0.0,272.7264209033392,,,,,,,,,,,
1,762,rival,2,274.26398988485766,231.80959823053865,22.99999999999998,0.0,271.9498077390661,384.4674911347923,-42.82534633418186,,,,,,,,,
1,763,propio,1,521.9030702145783,525.9016546226346,22.799999999999983,0.0,272.7264209033392,,,,,,,,,,,
1,763,rival,2,274.26398988485766,231.80959823053865,22.899999999999977,0.0,271.9498077390661,384.4674911347923,-42.82534633418186,,,,,,,,,
1,764,propio,1,521.9030702145783,525.9016546226346,22.69999999999998,0.0,272.7264209033392,,,,,,,,,,,
1,765,propio,1,521.9030702145783,525.9016546226346,22.59999999999998,0.0,272.7264209033392,,,,,,,,,,,
1,766,propio,1,521.9030702145783,525.9016546226346,22.49999999999998,0.0,272.7264209033392,,,,,,,,,,,
1,767,propio,1,521.9030702145783,525.9016546226346,22.399999999999977,0.0,272.7264209033392,,,,,,,,,,,
1,768,propio,1,521.9030702145783,525.9016546226346,22.299999999999976,0.0,272.7264209033392,,,,,,,,,,,
1,769,propio,1,521.9030702145783,525.9016546226346,22.199999999999974,0.0,272.7264209033392,,,,,,,,,,,
1,770,propio,1,521.9030702145783,525.9016546226346,22.099999999999973,0.0,272.7264209033392,,,,,,,,,,,
1,770,rival,2,274.26398988485766,231.80959823053865,21.199999999999967,0.0,271.9498077390661,384.4674911347923,-42.82534633418186,,,,,,,,,
1,771,propio,1,521.9030702145783,525.9016546226346,20.99999999999997,0.0,272.7264209033392,,,,,,,,,,,
1,771,disparo,1,521.9030702145783,525.9016546226346,20.99999999999997,,272.7264209033392,,,,1.0,,,,,,,
1,771,rival,2,274.26398988485766,231.80959823053865,21.099999999999966,0.0,271.9498077390661,384.4674911347923,-42.82534633418186,,,,,,,,,
1,772,propio,1,521.9030702145783,525.9016546226346,20.89999999999997,0.0,272.7264209033392,,,,,,,,,,,
1,773,propio,1,521.9030702145783,525.9016546226346,20.79999999999997,0.0,272.7264209033392,,,,,,,,,,,
1,774,propio,1,521.9030702145783,525.9016546226346,20.699999999999967,0.0,272.7264209033392,,,,,,,,,,,
1,775,propio,1,521.9030702145783,525.9016546226346,20.599999999999966,0.0,272.7264209033392,,,,,,,,,,,
1,776,propio,1,521.9030702145783,525.9016546226346,20.499999999999964,0.0,272.7264209033392,,,,,,,,,,,
1,777,propio,1,521.9030702145783,525.9016546226346,20.399999999999963,0.0,272.7264209033392,,,,,,,,,,,
1,778,propio,1,521.9030702145783,525.9016546226346,20.29999999999996,0.0,272.7264209033392,,,,,,,,,,,
1,778,rival,2,274.26398988485766,231.80959823053865,20.399999999999956,0.0,271.9498077390661,384.4674911347923,-42.82534633418186,,,,,,,,,
1,779,propio,1,521.9030702145783,525.9016546226346,20.19999999999996,0.0,272.7264209033392,,,,,,,,,,,
1,779,rival,2,274.26398988485766,231.80959823053865,20.299999999999955,0.0,271.9498077390661,384.4674911347923,-42.82534633418186,,,,,,,,,
1,780,propio,1,521.9030702145783,525.9016546226346,20.09999999999996,0.0,272.7264209033392,,,,,,,,,,,
1,781,propio,1,521.9030702145783,525.9016546226346,19.999999999999957,0.0,272.7264209033392,,,,,,,,,,,
1,782,propio,1,521.9030702145783,525.9016546226346,19.899999999999956,0.0,272.7264209033392,,,,,,,,,,,
1,783,propio,1,521.9030702145783,525.9016546226346,19.799999999999955,0.0,272.7264209033392,,,,,,,,,,,
1,784,propio,1,521.9030702145783,525.9016546226346,19.699999999999953,0.0,272.7264209033392,,,,,,,,,,,
1,785,propio,1,521.9030702145783,525.9016546226346,19.59999999999995,0.0,272.7264209033392,,,,,,,,,,,
1,786,propio,1,521.9030702145783,525.9016546226346,19.49999999999995,0.0,272.7264209033392,,,,,,,,,,,
1,786,rival,2,274.26398988485766,231.80959823053865,18.599999999999945,0.0,271.9498077390661,384.4674911347923,-42.82534633418186,,,,,,,,,
1,787,propio,1,521.9030702145783,525.9016546226346,18.39999999999995,0.0,272.7264209033392,,,,,,,,,,,
1,787,disparo,1,521.9030702145783,525.9016546226346,18.39999999999995,,272.7264209033392,,,,1.0,,,,,,,
1,787,rival,2,274.26398988485766,231.80959823053865,18.499999999999943,0.0,271.9498077390661,384.4674911347923,-42.82534633418186,,,,,,,,,
1,788,propio,1,521.9030702145783,525.9016546226346,18.299999999999947,0.0,272.7264209033392,,,,,,,,,,,
1,789,propio,1,521.9030702145783,525.9016546226346,18.199999999999946,0.0,272.7264209033392,,,,,,,,,,,
1,790,propio,1,521.9030702145783,525.9016546226346,18.099999999999945,0.0,272.7264209033392,,,,,,,,,,,
1,791,propio,1,521.9030702145783,525.9016546226346,17.999999999999943,0.0,272.7264209033392,,,,,,,,,,,
1,792,propio,1,521.9030702145783,525.9016546226346,17.89999999999994,0.0,272.7264209033392,,,,,,,,,,,
1,793,propio,1,521.9030702145783,525.9016546226346,17.79999999999994,0.0,272.7264209033392,,,,,,,,,,,
1,794,propio,1,521.9030702145783,525.9016546226346,17.69999999999994,0.0,272.7264209033392,,,,,,,,,,,
1,794,rival,2,274.26398988485766,231.80959823053865,17.799999999999933,0.0,271.9498077390661,384.4674911347923,-42.82534633418186,,,,,,,,,
1,795,propio,1,521.9030702145783,525.9016546226346,17.599999999999937,0.0,272.7264209033392,,,,,,,,,,,
1,795,rival,2,274.26398988485766,231.80959823053865,17.699999999999932,0.0,271.9498077390661,384.4674911347923,-42.82534633418186,,,,,,,,,
1,796,propio,1,521.9030702145783,525.9016546226346,17.499999999999936,0.0,272.7264209033392,,,,,,,,,,,
1,797,propio,1,521.9030702145783,525.9016546226346,17.399999999999935,0.0,272.7264209033392,,,,,,,,,,,
1,798,propio,1,521.9030702145783,525.9016546226346,17.299999999999933,0.0,272.7264209033392,,,,,,,,,,,
1,799,propio,1,521.9030702145783,525.9016546226346,17.199999999999932,0.0,272.7264209033392,,,,,,,,,,,
1,800,propio,1,521.9030702145783,525.9016546226346,17.09999999999993,0.0,272.7264209033392,,,,,,,,,,,
1,801,propio,1,521.9030702145783,525.9016546226346,16.99999999999993,0.0,272.7264209033392,,,,,,,,,,,
1,802,propio,1,521.9030702145783,525.9016546226346,16.899999999999928,0.0,272.7264209033392,,,,,,,,,,,
1,802,rival,2,274.26398988485766,231.80959823053865,15.999999999999924,0.0,271.9498077390661,384.4674911347923,-42.82534633418186,,,,,,,,,
1,803,propio,1,521.9030702145783,525.9016546226346,15.799999999999928,0.0,272.7264209033392,,,,,,,,,,,
1,803,disparo,1,521.9030702145783,525.9016546226346,15.799999999999928,,272.7264209033392,,,,1.0,,,,,,,
1,803,rival,2,274.26398988485766,231.80959823053865,15.899999999999924,0.0,271.9498077390661,384.4674911347923,-42.82534633418186,,,,,,,,,
1,804,propio,1,521.9030702145783,525.9016546226346,15.699999999999928,0.0,272.7264209033392,,,,,,,,,,,
1,805,propio,1,521.9030702145783,525.9016546226346,15.599999999999929,0.0,272.7264209033392,,,,,,,,,,,
1,806,propio,1,521.9030702145783,525.9016546226346,15.499999999999929,0.0,272.7264209033392,,,,,,,,,,,
1,807,propio,1,521.9030702145783,525.9016546226346,15.39999999999993,0.0,272.7264209033392,,,,,,,,,,,
1,808,propio,1,521.9030702145783,525.9016546226346,15.29999999999993,0.0,272.7264209033392,,,,,,,,,,,
1,809,propio,1,521.9030702145783,525.9016546226346,15.19999999999993,0.0,272.7264209033392,,,,,,,,,,,
1,810,propio,1,521.9030702145783,525.9016546226346,15.09999999999993,0.0,272.7264209033392,,,,,,,,,,,
1,810,rival,2,274.26398988485766,231.80959823053865,15.199999999999926,0.0,271.9498077390661,384.4674911347923,-42.82534633418186,,,,,,,,,
1,811,propio,1,521.9030702145783,525.9016546226346,14.99999999999993,0.0,272.7264209033392,,,,,,,,,,,
1,811,rival,2,274.26398988485766,231.80959823053865,15.099999999999927,0.0,271.9498077390661,384.4674911347923,-42.82534633418186,,,,,,,,,
1,812,propio,1,521.9030702145783,525.9016546226346,14.899999999999931,0.0,272.7264209033392,,,,,,,,,,,
1,813,propio,1,521.9030702145783,525.9016546226346,14.799999999999931,0.0,272.7264209033392,,,,,,,,,,,
1,814,propio,1,521.9030702145783,525.9016546226346,14.699999999999932,0.0,272.7264209033392,,,,,,,,,,,
1,815,propio,1,521.9030702145783,525.9016546226346,14.599999999999932,0.0,272.7264209033392,,,,,,,,,,,
1,816,propio,1,521.9030702145783,525.9016546226346,14.499999999999932,0.0,272.7264209033392,,,,,,,,,,,
1,817,propio,1,521.9030702145783,525.9016546226346,14.399999999999933,0.0,272.7264209033392,,,,,,,,,,,
1,818,propio,1,521.9030702145783,525.9016546226346,14.299999999999933,0.0,272.7264209033392,,,,,,,,,,,
1,818,rival,2,274.26398988485766,231.80959823053865,13.39999999999993,0.0,271.9498077390661,384.4674911347923,-42.82534633418186,,,,,,,,,
1,819,propio,1,521.9030702145783,525.9016546226346,13.199999999999934,0.0,272.7264209033392,,,,,,,,,,,
1,819,disparo,1,521.9030702145783,525.9016546226346,13.199999999999934,,272.7264209033392,,,,1.0,,,,,,,
1,819,rival,2,274.26398988485766,231.80959823053865,13.29999999999993,0.0,271.9498077390661,384.4674911347923,-42.82534633418186,,,,,,,,,
1,820,propio,1,521.9030702145783,525.9016546226346,13.099999999999934,0.0,272.7264209033392,,,,,,,,,,,
1,821,propio,1,521.9030702145783,525.9016546226346,12.999999999999934,0.0,272.7264209033392,,,,,,,,,,,
1,822,propio,1,521.9030702145783,525.9016546226346,12.899999999999935,0.0,272.7264209033392,,,,,,,,,,,
1,823,propio,1,521.9030702145783,525.9016546226346,12.799999999999935,0.0,272.7264209033392,,,,,,,,,,,
1,824,propio,1,521.9030702145783,525.9016546226346,12.699999999999935,0.0,272.7264209033392,,,,,,,,,,,
1,825,propio,1,521.9030702145783,525.9016546226346,12.599999999999936,0.0,272.7264209033392,,,,,,,,,,,
1,826,propio,1,521.9030702145783,525.9016546226346,12.499999999999936,0.0,272.7264209033392,,,,,,,,,,,
1,826,rival,2,274.26398988485766,231.80959823053865,12.599999999999932,0.0,271.9498077390661,384.4674911347923,-42.82534633418186,,,,,,,,,
1,827,propio,1,521.9030702145783,525.9016546226346,12.399999999999936,0.0,272.7264209033392,,,,,,,,,,,
1,827,rival,2,274.26398988485766,231.80959823053865,12.499999999999932,0.0,271.9498077390661,384.4674911347923,-42.82534633418186,,,,,,,,,
1,828,propio,1,521.9030702145783,525.9016546226346,12.299999999999937,0.0,272.7264209033392,,,,,,,,,,,
1,829,propio,1,521.9030702145783,525.9016546226346,12.199999999999937,0.0,272.7264209033392,,,,,,,,,,,
1,830,propio,1,521.9030702145783,525.9016546226346,12.099999999999937,0.0,272.7264209033392,,,,,,,,,,,
1,831,propio,1,521.9030702145783,525.9016546226346,11.999999999999938,0.0,272.7264209033392,,,,,,,,,,,
1,832,propio,1,521.9030702145783,525.9016546226346,11.899999999999938,0.0,272.7264209033392,,,,,,,,,,,
1,833,propio,1,521.9030702145783,525.9016546226346,11.799999999999939,0.0,272.7264209033392,,,,,,,,,,,
1,834,propio,1,521.9030702145783,525.9016546226346,11.699999999999939,0.0,272.7264209033392,,,,,,,,,,,
1,834,rival,2,274.26398988485766,231.80959823053865,10.799999999999935,0.0,271.9498077390661,384.4674911347923,-42.82534633418186,,,,,,,,,
1,835,propio,1,521.9030702145783,525.9016546226346,10.59999999999994,0.0,272.7264209033392,,,,,,,,,,,
1,835,disparo,1,521.9030702145783,525.9016546226346,10.59999999999994,,272.7264209033392,,,,1.0,,,,,,,
1,835,rival,2,274.26398988485766,231.80959823053865,10.699999999999935,0.0,271.9498077390661,384.4674911347923,-42.82534633418186,,,,,,,,,
1,836,propio,1,521.9030702145783,525.9016546226346,10.49999999999994,0.0,272.7264209033392,,,,,,,,,,,
1,837,propio,1,521.9030702145783,525.9016546226346,10.39999999999994,0.0,272.7264209033392,,,,,,,,,,,
1,838,propio,1,521.9030702145783,525.9016546226346,10.29999999999994,0.0,272.7264209033392,,,,,,,,,,,
1,839,propio,1,521.9030702145783,525.9016546226346,10.19999999999994,0.0,272.7264209033392,,,,,,,,,,,
1,840,propio,1,521.9030702145783,525.9016546226346,10.099999999999941,0.0,272.7264209033392,,,,,,,,,,,
1,841,propio,1,521.9030702145783,525.9016546226346,9.999999999999941,0.0,272.7264209033392,,,,,,,,,,,
1,842,propio,1,521.9030702145783,525.9016546226346,9.899999999999942,0.0,272.7264209033392,,,,,,,,,,,
1,842,rival,2,274.26398988485766,231.80959823053865,9.999999999999938,0.0,271.9498077390661,384.4674911347923,-42.82534633418186,,,,,,,,,
1,843,propio,1,521.9030702145783,525.9016546226346,9.799999999999942,0.0,272.7264209033392,,,,,,,,,,,
1,843,rival,2,274.26398988485766,231.80959823053865,9.899999999999938,0.0,271.9498077390661,384.4674911347923,-42.82534633418186,,,,,,,,,
1,844,propio,1,521.9030702145783,525.9016546226346,9.699999999999942,0.0,272.7264209033392,,,,,,,,,,,
1,845,propio,1,521.9030702145783,525.9016546226346,9.599999999999943,0.0,272.7264209033392,,,,,,,,,,,
1,846,propio,1,521.9030702145783,525.9016546226346,9.499999999999943,0.0,272.7264209033392,,,,,,,,,,,
1,847,propio,1,521.9030702145783,525.9016546226346,9.399999999999944,0.0,272.7264209033392,,,,,,,,,,,
1,848,propio,1,521.9030702145783,525.9016546226346,9.299999999999944,0.0,272.7264209033392,,,,,,,,,,,
1,849,propio,1,521.9030702145783,525.9016546226346,9.199999999999944,0.0,272.7264209033392,,,,,,,,,,,
1,850,propio,1,521.9030702145783,525.9016546226346,9.099999999999945,0.0,272.7264209033392,,,,,,,,,,,
1,850,rival,2,274.26398988485766,231.80959823053865,8.19999999999994,0.0,271.9498077390661,384.4674911347923,-42.82534633418186,,,,,,,,,
1,851,propio,1,521.9030702145783,525.9016546226346,7.999999999999945,0.0,272.7264209033392,,,,,,,,,,,
1,851,disparo,1,521.9030702145783,525.9016546226346,7.999999999999945,,272.7264209033392,,,,1.0,,,,,,,
1,851,rival,2,274.26398988485766,231.80959823053865,8.099999999999941,0.0,271.9498077390661,384.4674911347923,-42.82534633418186,,,,,,,,,
1,852,propio,1,521.9030702145783,525.9016546226346,7.899999999999945,0.0,272.7264209033392,,,,,,,,,,,
1,853,propio,1,521.9030702145783,525.9016546226346,7.799999999999946,0.0,272.7264209033392,,,,,,,,,,,
1,854,propio,1,521.9030702145783,525.9016546226346,7.699999999999946,0.0,272.7264209033392,,,,,,,,,,,
1,855,propio,1,521.9030702145783,525.9016546226346,7.599999999999946,0.0,272.7264209033392,,,,,,,,,,,
1,856,propio,1,521.9030702145783,525.9016546226346,7.499999999999947,0.0,272.7264209033392,,,,,,,,,,,
1,857,propio,1,521.9030702145783,525.9016546226346,7.399999999999947,0.0,272.7264209033392,,,,,,,,,,,
1,858,propio,1,521.9030702145783,525.9016546226346,7.299999999999947,0.0,272.7264209033392,,,,,,,,,,,
1,858,rival,2,274.26398988485766,231.80959823053865,7.3999999999999435,0.0,271.9498077390661,384.4674911347923,-42.82534633418186,,,,,,,,,
1,859,propio,1,521.9030702145783,525.9016546226346,7.199999999999948,0.0,272.7264209033392,,,,,,,,,,,
1,859,rival,2,274.26398988485766,231.80959823053865,7.299999999999944,0.0,271.9498077390661,384.4674911347923,-42.82534633418186,,,,,,,,,
1,860,propio,1,521.9030702145783,525.9016546226346,7.099999999999948,0.0,272.7264209033392,,,,,,,,,,,
1,861,propio,1,521.9030702145783,525.9016546226346,6.9999999999999485,0.0,272.7264209033392,,,,,,,,,,,
1,862,propio,1,521.9030702145783,525.9016546226346,6.899999999999949,0.0,272.7264209033392,,,,,,,,,,,
1,863,propio,1,521.9030702145783,525.9016546226346,6.799999999999949,0.0,272.7264209033392,,,,,,,,,,,
1,864,propio,1,521.9030702145783,525.9016546226346,6.6999999999999496,0.0,272.7264209033392,,,,,,,,,,,
1,865,propio,1,521.9030702145783,525.9016546226346,6.59999999999995,0.0,272.7264209033392,,,,,,,,,,,
1,866,propio,1,521.9030702145783,525.9016546226346,6.49999999999995,0.0,272.7264209033392,,,,,,,,,,,
1,866,rival,2,274.26398988485766,231.80959823053865,5.599999999999946,0.0,271.9498077390661,384.4674911347923,-42.82534633418186,,,,,,,,,
1,867,propio,1,521.9030702145783,525.9016546226346,5.399999999999951,0.0,272.7264209033392,,,,,,,,,,,
1,867,disparo,1,521.9030702145783,525.9016546226346,5.399999999999951,,272.7264209033392,,,,1.0,,,,,,,
1,867,rival,2,274.26398988485766,231.80959823053865,5.499999999999947,0.0,271.9498077390661,384.4674911347923,-42.82534633418186,,,,,,,,,
1,868,propio,1,521.9030702145783,525.9016546226346,5.299999999999951,0.0,272.7264209033392,,,,,,,,,,,
1,869,propio,1,521.9030702145783,525.9016546226346,5.199999999999951,0.0,272.7264209033392,,,,,,,,,,,
1,870,propio,1,521.9030702145783,525.9016546226346,5.099999999999952,0.0,272.7264209033392,,,,,,,,,,,
1,871,propio,1,521.9030702145783,525.9016546226346,4.999999999999952,0.0,272.7264209033392,,,,,,,,,,,
1,872,propio,1,521.9030702145783,525.9016546226346,4.899999999999952,0.0,272.7264209033392,,,,,,,,,,,
1,873,propio,1,521.9030702145783,525.9016546226346,4.799999999999953,0.0,272.7264209033392,,,,,,,,,,,
1,874,propio,1,521.9030702145783,525.9016546226346,4.699999999999953,0.0,272.7264209033392,,,,,,,,,,,
1,874,rival,2,274.26398988485766,231.80959823053865,4.799999999999949,0.0,271.9498077390661,384.4674911347923,-42.82534633418186,,,,,,,,,
1,875,propio,1,521.9030702145783,525.9016546226346,4.5999999999999535,0.0,272.7264209033392,,,,,,,,,,,
1,875,rival,2,274.26398988485766,231.80959823053865,4.6999999999999496,0.0,271.9498077390661,384.4674911347923,-42.82534633418186,,,,,,,,,
1,876,propio,1,521.9030702145783,525.9016546226346,4.499999999999954,0.0,272.7264209033392,,,,,,,,,,,
1,877,propio,1,521.9030702145783,525.9016546226346,4.399999999999954,0.0,272.7264209033392,,,,,,,,,,,
1,878,propio,1,521.9030702145783,525.9016546226346,4.2999999999999545,0.0,272.7264209033392,,,,,,,,,,,
1,879,propio,1,521.9030702145783,525.9016546226346,4.199999999999955,0.0,272.7264209033392,,,,,,,,,,,
1,880,propio,1,521.9030702145783,525.9016546226346,4.099999999999955,0.0,272.7264209033392,,,,,,,,,,,
1,881,propio,1,521.9030702145783,525.9016546226346,3.999999999999955,0.0,272.7264209033392,,,,,,,,,,,
1,882,propio,1,521.9030702145783,525.9016546226346,3.899999999999955,0.0,272.7264209033392,,,,,,,,,,,
1,882,rival,2,274.26398988485766,231.80959823053865,2.9999999999999507,0.0,271.9498077390661,384.4674911347923,-42.82534633418186,,,,,,,,,
1,883,propio,1,521.9030702145783,525.9016546226346,2.799999999999955,0.0,272.7264209033392,,,,,,,,,,,
1,883,disparo,1,521.9030702145783,525.9016546226346,2.799999999999955,,272.7264209033392,,,,1.0,,,,,,,
1,883,rival,2,274.26398988485766,231.80959823053865,2.8999999999999506,0.0,271.9498077390661,384.4674911347923,-42.82534633418186,,,,,,,,,
1,884,propio,1,521.9030702145783,525.9016546226346,2.699999999999955,0.0,272.7264209033392,,,,,,,,,,,
1,885,propio,1,521.9030702145783,525.9016546226346,2.599999999999955,0.0,272.7264209033392,,,,,,,,,,,
1,886,propio,1,521.9030702145783,525.9016546226346,2.4999999999999547,0.0,272.7264209033392,,,,,,,,,,,
1,887,propio,1,521.9030702145783,525.9016546226346,2.3999999999999546,0.0,272.7264209033392,,,,,,,,,,,
1,888,propio,1,521.9030702145783,525.9016546226346,2.2999999999999545,0.0,272.7264209033392,,,,,,,,,,,
1,889,propio,1,521.9030702145783,525.9016546226346,2.1999999999999544,0.0,272.7264209033392,,,,,,,,,,,
1,890,propio,1,521.9030702145783,525.9016546226346,2.0999999999999543,0.0,272.7264209033392,,,,,,,,,,,
1,890,rival,2,274.26398988485766,231.80959823053865,2.19999999999995,0.0,271.9498077390661,384.4674911347923,-42.82534633418186,,,,,,,,,
1,891,propio,1,521.9030702145783,525.9016546226346,1.9999999999999543,0.0,272.7264209033392,,,,,,,,,,,
1,891,rival,2,274.26398988485766,231.80959823053865,2.09999999999995,0.0,271.9498077390661,384.4674911347923,-42.82534633418186,,,,,,,,,
1,892,propio,1,521.9030702145783,525.9016546226346,1.8999999999999542,0.0,272.7264209033392,,,,,,,,,,,
1,893,propio,1,521.9030702145783,525.9016546226346,1.799999999999954,0.0,272.7264209033392,,,,,,,,,,,
1,894,propio,1,521.9030702145783,525.9016546226346,1.699999999999954,0.0,272.7264209033392,,,,,,,,,,,
1,895,propio,1,521.9030702145783,525.9016546226346,1.599999999999954,0.0,272.7264209033392,,,,,,,,,,,
1,896,propio,1,521.9030702145783,525.9016546226346,1.4999999999999538,0.0,272.7264209033392,,,,,,,,,,,
1,897,propio,1,521.9030702145783,525.9016546226346,1.3999999999999537,0.0,272.7264209033392,,,,,,,,,,,
1,898,propio,1,521.9030702145783,525.9016546226346,1.2999999999999536,0.0,272.7264209033392,,,,,,,,,,,
1,898,rival,2,274.26398988485766,231.80959823053865,0.3999999999999496,0.0,271.9498077390661,384.4674911347923,-42.82534633418186,,,,,,,,,
1,899,propio,1,521.9030702145783,525.9016546226346,0.19999999999995363,0.0,272.7264209033392,,,,,,,,,,,
1,899,disparo,1,521.9030702145783,525.9016546226346,0.19999999999995363,,272.7264209033392,,,,1.0,,,,,,,
1,899,rival,2,274.26398988485766,231.80959823053865,0.29999999999994964,0.0,271.9498077390661,384.4674911347923,-42.82534633418186,,,,,,,,,
1,900,propio,1,521.9030702145783,525.9016546226346,0.09999999999995363,0.0,272.7264209033392,,,,,,,,,,,
1,901,propio,1,521.9030702145783,525.9016546226346,-4.6379566853715914e-14,0.0,272.7264209033392,,,,,,,,,,,
1,901,fin_ronda,1,,,,,,,,,,,0,1,0.0,0.0,0.0,20.0
2,1,propio,1,277.94263273196157,475.63971472941404,100.0,0.0,136.92155453355255,,,,,,,,,,,
2,2,propio,1,277.94263273196157,475.63971472941404,100.0,0.0,136.92155453355255,,,,,,,,,,,
2,3,propio,1,277.94263273196157,475.63971472941404,100.0,0.0,136.92155453355255,,,,,,,,,,,
2,4,propio,1,277.94263273196157,475.63971472941404,100.0,0.0,136.92155453355255,,,,,,,,,,,
2,5,propio,1,277.94263273196157,475.63971472941404,100.0,0.0,136.92155453355255,,,,,,,,,,,
2,6,propio,1,277.94263273196157,475.63971472941404,100.0,0.0,136.92155453355255,,,,,,,,,,,
2,6,rival,2,329.2855288387328,180.44037706767782,100.0,0.0,255.34952420948235,299.63100963778504,142.94498353780014,,,,,,,,,
2,7,propio,1,277.94263273196157,475.63971472941404,100.0,0.0,136.92155453355255,,,,,,,,,,,
2,8,propio,1,277.94263273196157,475.63971472941404,100.0,0.0,136.92155453355255,,,,,,,,,,,
2,9,propio,1,277.94263273196157,475.63971472941404,100.0,0.0,136.92155453355255,,,,,,,,,,,
2,10,propio,1,277.94263273196157,475.63971472941404,100.0,0.0,136.92155453355255,,,,,,,,,,,
2,11,propio,1,277.94263273196157,475.63971472941404,100.0,0.0,136.92155453355255,,,,,,,,,,,
2,12,propio,1,277.94263273196157,475.63971472941404,100.0,0.0,136.92155453355255,,,,,,,,,,,
2,13,propio,1,277.94263273196157,475.63971472941404,100.0,0.0,136.92155453355255,,,,,,,,,,,
2,14,propio,1,277.94263273196157,475.63971472941404,100.0,0.0,136.92155453355255,,,,,,,,,,,
2,14,rival,2,329.2855288387328,180.44037706767782,100.0,0.0,255.34952420948235,299.63100963778504,142.94498353780014,,,,,,,,,
2,15,propio,1,277.94263273196157,475.63971472941404,100.0,0.0,136.92155453355255,,,,,,,,,,,
2,16,propio,1,277.94263273196157,475.63971472941404,100.0,0.0,136.92155453355255,,,,,,,,,,,
2,17,propio,1,277.94263273196157,475.63971472941404,100.0,0.0,136.92155453355255,,,,,,,,,,,
2,18,propio,1,277.94263273196157,475.63971472941404,100.0,0.0,136.92155453355255,,,,,,,,,,,
2,19,propio,1,277.94263273196157,475.63971472941404,100.0,0.0,136.92155453355255,,,,,,,,,,,
2,20,propio,1,277.94263273196157,475.63971472941404,100.0,0.0,136.92155453355255,,,,,,,,,,,
2,21,propio,1,277.94263273196157,475.63971472941404,100.0,0.0,136.92155453355255,,,,,,,,,,,
2,22,propio,1,277.94263273196157,475.63971472941404,100.0,0.0,136.92155453355255,,,,,,,,,,,
2,22,rival,2,329.2855288387328,180.44037706767782,100.0,0.0,255.34952420948235,299.63100963778504,142.94498353780014,,,,,,,,,
2,23,propio,1,277.94263273196157,475.63971472941404,100.0,0.0,136.92155453355255,,,,,,,,,,,
2,24,propio,1,277.94263273196157,475.63971472941404,100.0,0.0,136.92155453355255,,,,,,,,,,,
2,25,propio,1,277.94263273196157,475.63971472941404,100.0,0.0,136.92155453355255,,,,,,,,,,,
2,26,propio,1,277.94263273196157,475.63971472941404,100.0,0.0,136.92155453355255,,,,,,,,,,,
2,27,propio,1,277.94263273196157,475.63971472941404,100.0,0.0,136.92155453355255,,,,,,,,,,,
2,28,propio,1,277.94263273196157,475.63971472941404,100.0,0.0,136.92155453355255,,,,,,,,,,,
2,29,propio,1,277.94263273196157,475.63971472941404,100.0,0.0,136.92155453355255,,,,,,,,,,,
2,30,propio,1,277.94263273196157,475.63971472941404,100.0,0.0,136.92155453355255,,,,,,,,,,,
2,30,rival,2,329.2855288387328,180.44037706767782,100.0,0.0,255.34952420948235,299.63100963778504,142.94498353780014,,,,,,,,,
2,31,propio,1,277.94263273196157,475.63971472941404,99.0,0.0,136.92155453355255,,,,,,,,,,,
2,31,disparo,1,277.94263273196157,475.63971472941404,99.0,,136.92155453355255,,,,1.0,,,,,,,
2,32,propio,1,277.94263273196157,475.63971472941404,99.0,0.0,136.92155453355255,,,,,,,,,,,
2,33,propio,1,277.94263273196157,475.63971472941404,99.0,0.0,136.92155453355255,,,,,,,,,,,
2,34,propio,1,277.94263273196157,475.63971472941404,99.0,0.0,136.92155453355255,,,,,,,,,,,
2,35,propio,1,277.94263273196157,475.63971472941404,99.0,0.0,136.92155453355255,,,,,,,,,,,
2,36,propio,1,277.94263273196157,475.63971472941404,99.0,0.0,136.92155453355255,,,,,,,,,,,
2,37,propio,1,277.94263273196157,475.63971472941404,99.0,0.0,136.92155453355255,,,,,,,,,,,
2,38,propio,1,277.94263273196157,475.63971472941404,99.0,0.0,136.92155453355255,,,,,,,,,,,
2,38,rival,2,329.2855288387328,180.44037706767782,99.0,0.0,255.34952420948235,299.63100963778504,142.94498353780014,,,,,,,,,
2,39,propio,1,277.94263273196157,475.63971472941404,99.0,0.0,136.92155453355255,,,,,,,,,,,
2,40,propio,1,277.94263273196157,475.63971472941404,99.0,0.0,136.92155453355255,,,,,,,,,,,
2,41,propio,1,277.94263273196157,475.63971472941404,99.0,0.0,136.92155453355255,,,,,,,,,,,
2,42,propio,1,277.94263273196157,475.63971472941404,99.0,0.0,136.92155453355255,,,,,,,,,,,
2,43,propio,1,277.94263273196157,475.63971472941404,99.0,0.0,136.92155453355255,,,,,,,,,,,
2,44,propio,1,277.94263273196157,475.63971472941404,99.0,0.0,136.92155453355255,,,,,,,,,,,
2,45,propio,1,277.94263273196157,475.63971472941404,99.0,0.0,136.92155453355255,,,,,,,,,,,
2,46,propio,1,277.94263273196157,475.63971472941404,99.0,0.0,136.92155453355255,,,,,,,,,,,
2,46,rival,2,329.2855288387328,180.44037706767782,99.0,0.0,255.34952420948235,299.63100963778504,142.94498353780014,,,,,,,,,
2,47,propio,1,277.94263273196157,475.63971472941404,98.0,0.0,136.92155453355255,,,,,,,,,,,
2,47,disparo,1,277.94263273196157,475.63971472941404,98.0,,136.92155453355255,,,,1.0,,,,,,,
2,48,propio,1,277.94263273196157,475.63971472941404,98.0,0.0,136.92155453355255,,,,,,,,,,,
2,49,propio,1,277.94263273196157,475.63971472941404,98.0,0.0,136.92155453355255,,,,,,,,,,,
2,50,propio,1,277.94263273196157,475.63971472941404,98.0,0.0,136.92155453355255,,,,,,,,,,,
2,51,propio,1,277.94263273196157,475.63971472941404,98.0,0.0,136.92155453355255,,,,,,,,,,,
2,52,propio,1,277.94263273196157,475.63971472941404,98.0,0.0,136.92155453355255,,,,,,,,,,,
2,53,propio,1,277.94263273196157,475.63971472941404,98.0,0.0,136.92155453355255,,,,,,,,,,,
2,54,propio,1,277.94263273196157,475.63971472941404,98.0,0.0,136.92155453355255,,,,,,,,,,,
2,54,rival,2,329.2855288387328,180.44037706767782,98.0,0.0,255.34952420948235,299.63100963778504,142.94498353780014,,,,,,,,,
2,55,propio,1,277.94263273196157,475.63971472941404,98.0,0.0,136.92155453355255,,,,,,,,,,,
2,56,propio,1,277.94263273196157,475.63971472941404,98.0,0.0,136.92155453355255,,,,,,,,,,,
2,57,propio,1,277.94263273196157,475.63971472941404,98.0,0.0,136.92155453355255,,,,,,,,,,,
2,58,propio,1,277.94263273196157,475.63971472941404,98.0,0.0,136.92155453355255,,,,,,,,,,,
2,59,propio,1,277.94263273196157,475.63971472941404,98.0,0.0,136.92155453355255,,,,,,,,,,,
2,60,propio,1,277.94263273196157,475.63971472941404,98.0,0.0,136.92155453355255,,,,,,,,,,,
2,61,propio,1,277.94263273196157,475.63971472941404,98.0,0.0,136.92155453355255,,,,,,,,,,,
2,62,propio,1,277.94263273196157,475.63971472941404,98.0,0.0,136.92155453355255,,,,,,,,,,,
2,62,rival,2,329.2855288387328,180.44037706767782,98.0,0.0,255.34952420948235,299.63100963778504,142.94498353780014,,,,,,,,,
2,63,propio,1,277.94263273196157,475.63971472941404,97.0,0.0,136.92155453355255,,,,,,,,,,,
2,63,disparo,1,277.94263273196157,475.63971472941404,97.0,,136.92155453355255,,,,1.0,,,,,,,
2,64,propio,1,277.94263273196157,475.63971472941404,97.0,0.0,136.92155453355255,,,,,,,,,,,
2,65,propio,1,277.94263273196157,475.63971472941404,97.0,0.0,136.92155453355255,,,,,,,,,,,
2,66,propio,1,277.94263273196157,475.63971472941404,97.0,0.0,136.92155453355255,,,,,,,,,,,
2,67,propio,1,277.94263273196157,475.63971472941404,97.0,0.0,136.92155453355255,,,,,,,,,,,
2,68,propio,1,277.94263273196157,475.63971472941404,97.0,0.0,136.92155453355255,,,,,,,,,,,
2,69,propio,1,277.94263273196157,475.63971472941404,97.0,0.0,136.92155453355255,,,,,,,,,,,
2,70,propio,1,277.94263273196157,475.63971472941404,97.0,0.0,136.92155453355255,,,,,,,,,,,
2,70,rival,2,329.2855288387328,180.44037706767782,97.0,0.0,255.34952420948235,299.63100963778504,142.94498353780014,,,,,,,,,
2,71,propio,1,277.94263273196157,475.63971472941404,97.0,0.0,136.92155453355255,,,,,,,,,,,
2,72,propio,1,277.94263273196157,475.63971472941404,97.0,0.0,136.92155453355255,,,,,,,,,,,
2,73,propio,1,277.94263273196157,475.63971472941404,97.0,0.0,136.92155453355255,,,,,,,,,,,
2,74,propio,1,277.94263273196157,475.63971472941404,97.0,0.0,136.92155453355255,,,,,,,,,,,
2,75,propio,1,277.94263273196157,475.63971472941404,97.0,0.0,136.92155453355255,,,,,,,,,,,
2,76,propio,1,277.94263273196157,475.63971472941404,97.0,0.0,136.92155453355255,,,,,,,,,,,
2,77,propio,1,277.94263273196157,475.63971472941404,97.0,0.0,136.92155453355255,,,,,,,,,,,
2,78,propio,1,277.94263273196157,475.63971472941404,97.0,0.0,136.92155453355255,,,,,,,,,,,
2,78,rival,2,329.2855288387328,180.44037706767782,97.0,0.0,255.34952420948235,299.63100963778504,142.94498353780014,,,,,,,,,
2,79,propio,1,277.94263273196157,475.63971472941404,96.0,0.0,136.92155453355255,,,,,,,,,,,
2,79,disparo,1,277.94263273196157,475.63971472941404,96.0,,136.92155453355255,,,,1.0,,,,,,,
2,80,propio,1,277.94263273196157,475.63971472941404,96.0,0.0,136.92155453355255,,,,,,,,,,,
2,81,propio,1,277.94263273196157,475.63971472941404,96.0,0.0,136.92155453355255,,,,,,,,,,,
2,82,propio,1,277.94263273196157,475.63971472941404,96.0,0.0,136.92155453355255,,,,,,,,,,,
2,83,propio,1,277.94263273196157,475.63971472941404,96.0,0.0,136.92155453355255,,,,,,,,,,,
2,84,propio,1,277.94263273196157,475.63971472941404,96.0,0.0,136.92155453355255,,,,,,,,,,,
2,85,propio,1,277.94263273196157,475.63971472941404,96.0,0.0,136.92155453355255,,,,,,,,,,,
2,86,propio,1,277.94263273196157,475.63971472941404,96.0,0.0,136.92155453355255,,,,,,,,,,,
2,86,rival,2,329.2855288387328,180.44037706767782,96.0,0.0,255.34952420948235,299.63100963778504,142.94498353780014,,,,,,,,,
2,87,propio,1,277.94263273196157,475.63971472941404,96.0,0.0,136.92155453355255,,,,,,,,,,,
2,88,propio,1,277.94263273196157,475.63971472941404,96.0,0.0,136.92155453355255,,,,,,,,,,,
2,89,propio,1,277.94263273196157,475.63971472941404,96.0,0.0,136.92155453355255,,,,,,,,,,,
2,90,propio,1,277.94263273196157,475.63971472941404,96.0,0.0,136.92155453355255,,,,,,,,,,,
2,91,propio,1,277.94263273196157,475.63971472941404,96.0,0.0,136.92155453355255,,,,,,,,,,,
2,92,propio,1,277.94263273196157,475.63971472941404,96.0,0.0,136.92155453355255,,,,,,,,,,,
2,93,propio,1,277.94263273196157,475.63971472941404,96.0,0.0,136.92155453355255,,,,,,,,,,,
2,94,propio,1,277.94263273196157,475.63971472941404,96.0,0.0,136.92155453355255,,,,,,,,,,,
2,94,rival,2,329.2855288387328,180.44037706767782,96.0,0.0,255.34952420948235,299.63100963778504,142.94498353780014,,,,,,,,,
2,95,propio,1,277.94263273196157,475.63971472941404,95.0,0.0,136.92155453355255,,,,,,,,,,,
2,95,disparo,1,277.94263273196157,475.63971472941404,95.0,,136.92155453355255,,,,1.0,,,,,,,
2,96,propio,1,277.94263273196157,475.63971472941404,95.0,0.0,136.92155453355255,,,,,,,,,,,
2,97,propio,1,277.94263273196157,475.63971472941404,95.0,0.0,136.92155453355255,,,,,,,,,,,
2,98,propio,1,277.94263273196157,475.63971472941404,95.0,0.0,136.92155453355255,,,,,,,,,,,
2,99,propio,1,277.94263273196157,475.63971472941404,95.0,0.0,136.92155453355255,,,,,,,,,,,
2,100,propio,1,277.94263273196157,475.63971472941404,95.0,0.0,136.92155453355255,,,,,,,,,,,
2,101,propio,1,277.94263273196157,475.63971472941404,95.0,0.0,136.92155453355255,,,,,,,,,,,
2,102,propio,1,277.94263273196157,475.63971472941404,95.0,0.0,136.92155453355255,,,,,,,,,,,
2,102,rival,2,329.2855288387328,180.44037706767782,95.0,0.0,255.34952420948235,299.63100963778504,142.94498353780014,,,,,,,,,
2,103,propio,1,277.94263273196157,475.63971472941404,95.0,0.0,136.92155453355255,,,,,,,,,,,
2,104,propio,1,277.94263273196157,475.63971472941404,95.0,0.0,136.92155453355255,,,,,,,,,,,
2,105,propio,1,277.94263273196157,475.63971472941404,95.0,0.0,136.92155453355255,,,,,,,,,,,
2,106,propio,1,277.94263273196157,475.63971472941404,95.0,0.0,136.92155453355255,,,,,,,,,,,
2,107,propio,1,277.94263273196157,475.63971472941404,95.0,0.0,136.92155453355255,,,,,,,,,,,
2,108,propio,1,277.94263273196157,475.63971472941404,95.0,0.0,136.92155453355255,,,,,,,,,,,
2,109,propio,1,277.94263273196157,475.63971472941404,95.0,0.0,136.92155453355255,,,,,,,,,,,
2,110,propio,1,277.94263273196157,475.63971472941404,95.0,0.0,136.92155453355255,,,,,,,,,,,
2,110,rival,2,329.2855288387328,180.44037706767782,95.0,0.0,255.34952420948235,299.63100963778504,142.94498353780014,,,,,,,,,
2,111,propio,1,277.94263273196157,475.63971472941404,94.0,0.0,136.92155453355255,,,,,,,,,,,
2,111,disparo,1,277.94263273196157,475.63971472941404,94.0,,136.92155453355255,,,,1.0,,,,,,,
2,112,propio,1,277.94263273196157,475.63971472941404,94.0,0.0,136.92155453355255,,,,,,,,,,,
2,113,propio,1,277.94263273196157,475.63971472941404,94.0,0.0,136.92155453355255,,,,,,,,,,,
2,114,propio,1,277.94263273196157,475.63971472941404,94.0,0.0,136.92155453355255,,,,,,,,,,,
2,115,propio,1,277.94263273196157,475.63971472941404,94.0,0.0,136.92155453355255,,,,,,,,,,,
2,116,propio,1,277.94263273196157,475.63971472941404,94.0,0.0,136.92155453355255,,,,,,,,,,,
2,117,propio,1,277.94263273196157,475.63971472941404,94.0,0.0,136.92155453355255,,,,,,,,,,,
2,118,propio,1,277.94263273196157,475.63971472941404,94.0,0.0,136.92155453355255,,,,,,,,,,,
2,118,rival,2,329.2855288387328,180.44037706767782,94.0,0.0,255.34952420948235,299.63100963778504,142.94498353780014,,,,,,,,,
2,119,propio,1,277.94263273196157,475.63971472941404,94.0,0.0,136.92155453355255,,,,,,,,,,,
2,120,propio,1,277.94263273196157,475.63971472941404,94.0,0.0,136.92155453355255,,,,,,,,,,,
2,121,propio,1,277.94263273196157,475.63971472941404,94.0,0.0,136.92155453355255,,,,,,,,,,,
2,122,propio,1,277.94263273196157,475.63971472941404,94.0,0.0,136.92155453355255,,,,,,,,,,,
2,123,propio,1,277.94263273196157,475.63971472941404,94.0,0.0,136.92155453355255,,,,,,,,,,,
2,124,propio,1,277.94263273196157,475.63971472941404,94.0,0.0,136.92155453355255,,,,,,,,,,,
2,125,propio,1,277.94263273196157,475.63971472941404,94.0,0.0,136.92155453355255,,,,,,,,,,,
2,126,propio,1,277.94263273196157,475.63971472941404,94.0,0.0,136.92155453355255,,,,,,,,,,,
2,126,rival,2,329.2855288387328,180.44037706767782,94.0,0.0,255.34952420948235,299.63100963778504,142.94498353780014,,,,,,,,,
2,127,propio,1,277.94263273196157,475.63971472941404,93.0,0.0,136.92155453355255,,,,,,,,,,,
2,127,disparo,1,277.94263273196157,475.63971472941404,93.0,,136.92155453355255,,,,1.0,,,,,,,
2,128,propio,1,277.94263273196157,475.63971472941404,93.0,0.0,136.92155453355255,,,,,,,,,,,
2,129,propio,1,277.94263273196157,475.63971472941404,93.0,0.0,136.92155453355255,,,,,,,,,,,
2,130,propio,1,277.94263273196157,475.63971472941404,93.0,0.0,136.92155453355255,,,,,,,,,,,
2,131,propio,1,277.94263273196157,475.63971472941404,93.0,0.0,136.92155453355255,,,,,,,,,,,
2,132,propio,1,277.94263273196157,475.63971472941404,93.0,0.0,136.92155453355255,,,,,,,,,,,
2,133,propio,1,277.94263273196157,475.63971472941404,93.0,0.0,136.92155453355255,,,,,,,,,,,
2,134,propio,1,277.94263273196157,475.63971472941404,93.0,0.0,136.92155453355255,,,,,,,,,,,
2,134,rival,2,329.2855288387328,180.44037706767782,93.0,0.0,255.34952420948235,299.63100963778504,142.94498353780014,,,,,,,,,
2,135,propio,1,277.94263273196157,475.63971472941404,93.0,0.0,136.92155453355255,,,,,,,,,,,
2,136,propio,1,277.94263273196157,475.63971472941404,93.0,0.0,136.92155453355255,,,,,,,,,,,
2,137,propio,1,277.94263273196157,475.63971472941404,93.0,0.0,136.92155453355255,,,,,,,,,,,
2,138,propio,1,277.94263273196157,475.63971472941404,93.0,0.0,136.92155453355255,,,,,,,,,,,
2,139,propio,1,277.94263273196157,475.63971472941404,93.0,0.0,136.92155453355255,,,,,,,,,,,
2,140,propio,1,277.94263273196157,475.63971472941404,93.0,0.0,136.92155453355255,,,,,,,,,,,
2,141,propio,1,277.94263273196157,475.63971472941404,93.0,0.0,136.92155453355255,,,,,,,,,,,
2,142,propio,1,277.94263273196157,475.63971472941404,93.0,0.0,136.92155453355255,,,,,,,,,,,
2,142,rival,2,329.2855288387328,180.44037706767782,93.0,0.0,255.34952420948235,299.63100963778504,142.94498353780014,,,,,,,,,
2,143,propio,1,277.94263273196157,475.63971472941404,92.0,0.0,136.92155453355255,,,,,,,,,,,
2,143,disparo,1,277.94263273196157,475.63971472941404,92.0,,136.92155453355255,,,,1.0,,,,,,,
2,144,propio,1,277.94263273196157,475.63971472941404,92.0,0.0,136.92155453355255,,,,,,,,,,,
2,145,propio,1,277.94263273196157,475.63971472941404,92.0,0.0,136.92155453355255,,,,,,,,,,,
2,146,propio,1,277.94263273196157,475.63971472941404,92.0,0.0,136.92155453355255,,,,,,,,,,,
2,147,propio,1,277.94263273196157,475.63971472941404,92.0,0.0,136.92155453355255,,,,,,,,,,,
2,148,propio,1,277.94263273196157,475.63971472941404,92.0,0.0,136.92155453355255,,,,,,,,,,,
2,149,propio,1,277.94263273196157,475.63971472941404,92.0,0.0,136.92155453355255,,,,,,,,,,,
2,150,propio,1,277.94263273196157,475.63971472941404,92.0,0.0,136.92155453355255,,,,,,,,,,,
2,150,rival,2,329.2855288387328,180.44037706767782,92.0,0.0,255.34952420948235,299.63100963778504,142.94498353780014,,,,,,,,,
2,151,propio,1,277.94263273196157,475.63971472941404,92.0,0.0,136.92155453355255,,,,,,,,,,,
2,152,propio,1,277.94263273196157,475.63971472941404,92.0,0.0,136.92155453355255,,,,,,,,,,,
2,153,propio,1,277.94263273196157,475.63971472941404,92.0,0.0,136.92155453355255,,,,,,,,,,,
2,154,propio,1,277.94263273196157,475.63971472941404,92.0,0.0,136.92155453355255,,,,,,,,,,,
2,155,propio,1,277.94263273196157,475.63971472941404,92.0,0.0,136.92155453355255,,,,,,,,,,,
2,156,propio,1,277.94263273196157,475.63971472941404,92.0,0.0,136.92155453355255,,,,,,,,,,,
2,157,propio,1,277.94263273196157,475.63971472941404,92.0,0.0,136.92155453355255,,,,,,,,,,,
2,158,propio,1,277.94263273196157,475.63971472941404,92.0,0.0,136.92155453355255,,,,,,,,,,,
2,158,rival,2,329.2855288387328,180.44037706767782,92.0,0.0,255.34952420948235,299.63100963778504,142.94498353780014,,,,,,,,,
2,159,propio,1,277.94263273196157,475.63971472941404,91.0,0.0,136.92155453355255,,,,,,,,,,,
2,159,disparo,1,277.94263273196157,475.63971472941404,91.0,,136.92155453355255,,,,1.0,,,,,,,
2,160,propio,1,277.94263273196157,475.63971472941404,91.0,0.0,136.92155453355255,,,,,,,,,,,
2,161,propio,1,277.94263273196157,475.63971472941404,91.0,0.0,136.92155453355255,,,,,,,,,,,
2,162,propio,1,277.94263273196157,475.63971472941404,91.0,0.0,136.92155453355255,,,,,,,,,,,
2,163,propio,1,277.94263273196157,475.63971472941404,91.0,0.0,136.92155453355255,,,,,,,,,,,
2,164,propio,1,277.94263273196157,475.63971472941404,91.0,0.0,136.92155453355255,,,,,,,,,,,
2,165,propio,1,277.94263273196157,475.63971472941404,91.0,0.0,136.92155453355255,,,,,,,,,,,
2,166,propio,1,277.94263273196157,475.63971472941404,91.0,0.0,136.92155453355255,,,,,,,,,,,
2,166,rival,2,329.2855288387328,180.44037706767782,91.0,0.0,255.34952420948235,299.63100963778504,142.94498353780014,,,,,,,,,
2,167,propio,1,277.94263273196157,475.63971472941404,91.0,0.0,136.92155453355255,,,,,,,,,,,
2,168,propio,1,277.94263273196157,475.63971472941404,91.0,0.0,136.92155453355255,,,,,,,,,,,
2,169,propio,1,277.94263273196157,475.63971472941404,91.0,0.0,136.92155453355255,,,,,,,,,,,
2,170,propio,1,277.94263273196157,475.63971472941404,91.0,0.0,136.92155453355255,,,,,,,,,,,
2,171,propio,1,277.94263273196157,475.63971472941404,91.0,0.0,136.92155453355255,,,,,,,,,,,
2,172,propio,1,277.94263273196157,475.63971472941404,91.0,0.0,136.92155453355255,,,,,,,,,,,
2,173,propio,1,277.94263273196157,475.63971472941404,91.0,0.0,136.92155453355255,,,,,,,,,,,
2,174,propio,1,277.94263273196157,475.63971472941404,91.0,0.0,136.92155453355255,,,,,,,,,,,
2,174,rival,2,329.2855288387328,180.44037706767782,91.0,0.0,255.34952420948235,299.63100963778504,142.94498353780014,,,,,,,,,
2,175,propio,1,277.94263273196157,475.63971472941404,90.0,0.0,136.92155453355255,,,,,,,,,,,
2,175,disparo,1,277.94263273196157,475.63971472941404,90.0,,136.92155453355255,,,,1.0,,,,,,,
2,176,propio,1,277.94263273196157,475.63971472941404,90.0,0.0,136.92155453355255,,,,,,,,,,,
2,177,propio,1,277.94263273196157,475.63971472941404,90.0,0.0,136.92155453355255,,,,,,,,,,,
2,178,propio,1,277.94263273196157,475.63971472941404,90.0,0.0,136.92155453355255,,,,,,,,,,,
2,179,propio,1,277.94263273196157,475.63971472941404,90.0,0.0,136.92155453355255,,,,,,,,,,,
2,180,propio,1,277.94263273196157,475.63971472941404,90.0,0.0,136.92155453355255,,,,,,,,,,,
2,181,propio,1,277.94263273196157,475.63971472941404,90.0,0.0,136.92155453355255,,,,,,,,,,,
2,182,propio,1,277.94263273196157,475.63971472941404,90.0,0.0,136.92155453355255,,,,,,,,,,,
2,182,rival,2,329.2855288387328,180.44037706767782,90.0,0.0,255.34952420948235,299.63100963778504,142.94498353780014,,,,,,,,,
2,183,propio,1,277.94263273196157,475.63971472941404,90.0,0.0,136.92155453355255,,,,,,,,,,,
2,184,propio,1,277.94263273196157,475.63971472941404,90.0,0.0,136.92155453355255,,,,,,,,,,,
2,185,propio,1,277.94263273196157,475.63971472941404,90.0,0.0,136.92155453355255,,,,,,,,,,,
2,186,propio,1,277.94263273196157,475.63971472941404,90.0,0.0,136.92155453355255,,,,,,,,,,,
2,187,propio,1,277.94263273196157,475.63971472941404,90.0,0.0,136.92155453355255,,,,,,,,,,,
2,188,propio,1,277.94263273196157,475.63971472941404,90.0,0.0,136.92155453355255,,,,,,,,,,,
2,189,propio,1,277.94263273196157,475.63971472941404,90.0,0.0,136.92155453355255,,,,,,,,,,,
2,190,propio,1,277.94263273196157,475.63971472941404,90.0,0.0,136.92155453355255,,,,,,,,,,,
2,190,rival,2,329.2855288387328,180.44037706767782,90.0,0.0,255.34952420948235,299.63100963778504,142.94498353780014,,,,,,,,,
2,191,propio,1,277.94263273196157,475.63971472941404,89.0,0.0,136.92155453355255,,,,,,,,,,,
2,191,disparo,1,277.94263273196157,475.63971472941404,89.0,,136.92155453355255,,,,1.0,,,,,,,
2,192,propio,1,277.94263273196157,475.63971472941404,89.0,0.0,136.92155453355255,,,,,,,,,,,
2,193,propio,1,277.94263273196157,475.63971472941404,89.0,0.0,136.92155453355255,,,,,,,,,,,
2,194,propio,1,277.94263273196157,475.63971472941404,89.0,0.0,136.92155453355255,,,,,,,,,,,
2,195,propio,1,277.94263273196157,475.63971472941404,89.0,0.0,136.92155453355255,,,,,,,,,,,
2,196,propio,1,277.94263273196157,475.63971472941404,89.0,0.0,136.92155453355255,,,,,,,,,,,
2,197,propio,1,277.94263273196157,475.63971472941404,89.0,0.0,136.92155453355255,,,,,,,,,,,
2,198,propio,1,277.94263273196157,475.63971472941404,89.0,0.0,136.92155453355255,,,,,,,,,,,
2,198,rival,2,329.2855288387328,180.44037706767782,89.0,0.0,255.34952420948235,299.63100963778504,142.94498353780014,,,,,,,,,
2,199,propio,1,277.94263273196157,475.63971472941404,89.0,0.0,136.92155453355255,,,,,,,,,,,
2,200,propio,1,277.94263273196157,475.63971472941404,89.0,0.0,136.92155453355255,,,,,,,,,,,
2,201,propio,1,277.94263273196157,475.63971472941404,89.0,0.0,136.92155453355255,,,,,,,,,,,
2,202,propio,1,277.94263273196157,475.63971472941404,89.0,0.0,136.92155453355255,,,,,,,,,,,
2,203,propio,1,277.94263273196157,475.63971472941404,89.0,0.0,136.92155453355255,,,,,,,,,,,
2,204,propio,1,277.94263273196157,475.63971472941404,89.0,0.0,136.92155453355255,,,,,,,,,,,
2,205,propio,1,277.94263273196157,475.63971472941404,89.0,0.0,136.92155453355255,,,,,,,,,,,
2,206,propio,1,277.94263273196157,475.63971472941404,89.0,0.0,136.92155453355255,,,,,,,,,,,
2,206,rival,2,329.2855288387328,180.44037706767782,89.0,0.0,255.34952420948235,299.63100963778504,142.94498353780014,,,,,,,,,
2,207,propio,1,277.94263273196157,475.63971472941404,88.0,0.0,136.92155453355255,,,,,,,,,,,
2,207,disparo,1,277.94263273196157,475.63971472941404,88.0,,136.92155453355255,,,,1.0,,,,,,,
2,208,propio,1,277.94263273196157,475.63971472941404,88.0,0.0,136.92155453355255,,,,,,,,,,,
2,209,propio,1,277.94263273196157,475.63971472941404,88.0,0.0,136.92155453355255,,,,,,,,,,,
2,210,propio,1,277.94263273196157,475.63971472941404,88.0,0.0,136.92155453355255,,,,,,,,,,,
2,211,propio,1,277.94263273196157,475.63971472941404,88.0,0.0,136.92155453355255,,,,,,,,,,,
2,212,propio,1,277.94263273196157,475.63971472941404,88.0,0.0,136.92155453355255,,,,,,,,,,,
2,213,propio,1,277.94263273196157,475.63971472941404,88.0,0.0,136.92155453355255,,,,,,,,,,,
2,214,propio,1,277.94263273196157,475.63971472941404,88.0,0.0,136.92155453355255,,,,,,,,,,,
2,214,rival,2,329.2855288387328,180.44037706767782,88.0,0.0,255.34952420948235,299.63100963778504,142.94498353780014,,,,,,,,,
2,215,propio,1,277.94263273196157,475.63971472941404,88.0,0.0,136.92155453355255,,,,,,,,,,,
2,216,propio,1,277.94263273196157,475.63971472941404,88.0,0.0,136.92155453355255,,,,,,,,,,,
2,217,propio,1,277.94263273196157,475.63971472941404,88.0,0.0,136.92155453355255,,,,,,,,,,,
2,218,propio,1,277.94263273196157,475.63971472941404,88.0,0.0,136.92155453355255,,,,,,,,,,,
2,219,propio,1,277.94263273196157,475.63971472941404,88.0,0.0,136.92155453355255,,,,,,,,,,,
2,220,propio,1,277.94263273196157,475.63971472941404,88.0,0.0,136.92155453355255,,,,,,,,,,,
2,221,propio,1,277.94263273196157,475.63971472941404,88.0,0.0,136.92155453355255,,,,,,,,,,,
2,222,propio,1,277.94263273196157,475.63971472941404,88.0,0.0,136.92155453355255,,,,,,,,,,,
2,222,rival,2,329.2855288387328,180.44037706767782,88.0,0.0,255.34952420948235,299.63100963778504,142.94498353780014,,,,,,,,,
2,223,propio,1,277.94263273196157,475.63971472941404,87.0,0.0,136.92155453355255,,,,,,,,,,,
2,223,disparo,1,277.94263273196157,475.63971472941404,87.0,,136.92155453355255,,,,1.0,,,,,,,
2,224,propio,1,277.94263273196157,475.63971472941404,87.0,0.0,136.92155453355255,,,,,,,,,,,
2,225,propio,1,277.94263273196157,475.63971472941404,87.0,0.0,136.92155453355255,,,,,,,,,,,
2,226,propio,1,277.94263273196157,475.63971472941404,87.0,0.0,136.92155453355255,,,,,,,,,,,
2,227,propio,1,277.94263273196157,475.63971472941404,87.0,0.0,136.92155453355255,,,,,,,,,,,
2,228,propio,1,277.94263273196157,475.63971472941404,87.0,0.0,136.92155453355255,,,,,,,,,,,
2,229,propio,1,277.94263273196157,475.63971472941404,87.0,0.0,136.92155453355255,,,,,,,,,,,
2,230,propio,1,277.94263273196157,475.63971472941404,87.0,0.0,136.92155453355255,,,,,,,,,,,
2,230,rival,2,329.2855288387328,180.44037706767782,87.0,0.0,255.34952420948235,299.63100963778504,142.94498353780014,,,,,,,,,
2,231,propio,1,277.94263273196157,475.63971472941404,87.0,0.0,136.92155453355255,,,,,,,,,,,
2,232,propio,1,277.94263273196157,475.63971472941404,87.0,0.0,136.92155453355255,,,,,,,,,,,
2,233,propio,1,277.94263273196157,475.63971472941404,87.0,0.0,136.92155453355255,,,,,,,,,,,
2,234,propio,1,277.94263273196157,475.63971472941404,87.0,0.0,136.92155453355255,,,,,,,,,,,
2,235,propio,1,277.94263273196157,475.63971472941404,87.0,0.0,136.92155453355255,,,,,,,,,,,
2,236,propio,1,277.94263273196157,475.63971472941404,87.0,0.0,136.92155453355255,,,,,,,,,,,
2,237,propio,1,277.94263273196157,475.63971472941404,87.0,0.0,136.92155453355255,,,,,,,,,,,
2,238,propio,1,277.94263273196157,475.63971472941404,87.0,0.0,136.92155453355255,,,,,,,,,,,
2,238,rival,2,329.2855288387328,180.44037706767782,87.0,0.0,255.34952420948235,299.63100963778504,142.94498353780014,,,,,,,,,
2,239,propio,1,277.94263273196157,475.63971472941404,86.0,0.0,136.92155453355255,,,,,,,,,,,
2,239,disparo,1,277.94263273196157,475.63971472941404,86.0,,136.92155453355255,,,,1.0,,,,,,,
2,240,propio,1,277.94263273196157,475.63971472941404,86.0,0.0,136.92155453355255,,,,,,,,,,,
2,241,propio,1,277.94263273196157,475.63971472941404,86.0,0.0,136.92155453355255,,,,,,,,,,,
2,242,propio,1,277.94263273196157,475.63971472941404,86.0,0.0,136.92155453355255,,,,,,,,,,,
2,243,propio,1,277.94263273196157,475.63971472941404,86.0,0.0,136.92155453355255,,,,,,,,,,,
2,244,propio,1,277.94263273196157,475.63971472941404,86.0,0.0,136.92155453355255,,,,,,,,,,,
2,245,propio,1,277.94263273196157,475.63971472941404,86.0,0.0,136.92155453355255,,,,,,,,,,,
2,246,propio,1,277.94263273196157,475.63971472941404,86.0,0.0,136.92155453355255,,,,,,,,,,,
2,246,rival,2,329.2855288387328,180.44037706767782,86.0,0.0,255.34952420948235,299.63100963778504,142.94498353780014,,,,,,,,,
2,247,propio,1,277.94263273196157,475.63971472941404,86.0,0.0,136.92155453355255,,,,,,,,,,,
2,248,propio,1,277.94263273196157,475.63971472941404,86.0,0.0,136.92155453355255,,,,,,,,,,,
2,249,propio,1,277.94263273196157,475.63971472941404,86.0,0.0,136.92155453355255,,,,,,,,,,,
2,250,propio,1,277.94263273196157,475.63971472941404,86.0,0.0,136.92155453355255,,,,,,,,,,,
2,251,propio,1,277.94263273196157,475.63971472941404,86.0,0.0,136.92155453355255,,,,,,,,,,,
2,252,propio,1,277.94263273196157,475.63971472941404,86.0,0.0,136.92155453355255,,,,,,,,,,,
2,253,propio,1,277.94263273196157,475.63971472941404,86.0,0.0,136.92155453355255,,,,,,,,,,,
2,254,propio,1,277.94263273196157,475.63971472941404,86.0,0.0,136.92155453355255,,,,,,,,,,,
2,254,rival,2,329.2855288387328,180.44037706767782,86.0,0.0,255.34952420948235,299.63100963778504,142.94498353780014,,,,,,,,,
2,255,propio,1,277.94263273196157,475.63971472941404,85.0,0.0,136.92155453355255,,,,,,,,,,,
2,255,disparo,1,277.94263273196157,475.63971472941404,85.0,,136.92155453355255,,,,1.0,,,,,,,
2,256,propio,1,277.94263273196157,475.63971472941404,85.0,0.0,136.92155453355255,,,,,,,,,,,
2,257,propio,1,277.94263273196157,475.63971472941404,85.0,0.0,136.92155453355255,,,,,,,,,,,
2,258,propio,1,277.94263273196157,475.63971472941404,85.0,0.0,136.92155453355255,,,,,,,,,,,
2,259,propio,1,277.94263273196157,475.63971472941404,85.0,0.0,136.92155453355255,,,,,,,,,,,
2,260,propio,1,277.94263273196157,475.63971472941404,85.0,0.0,136.92155453355255,,,,,,,,,,,
2,261,propio,1,277.94263273196157,475.63971472941404,85.0,0.0,136.92155453355255,,,,,,,,,,,
2,262,propio,1,277.94263273196157,475.63971472941404,85.0,0.0,136.92155453355255,,,,,,,,,,,
2,262,rival,2,329.2855288387328,180.44037706767782,85.0,0.0,255.34952420948235,299.63100963778504,142.94498353780014,,,,,,,,,
2,263,propio,1,277.94263273196157,475.63971472941404,85.0,0.0,136.92155453355255,,,,,,,,,,,
2,264,propio,1,277.94263273196157,475.63971472941404,85.0,0.0,136.92155453355255,,,,,,,,,,,
2,265,propio,1,277.94263273196157,475.63971472941404,85.0,0.0,136.92155453355255,,,,,,,,,,,
2,266,propio,1,277.94263273196157,475.63971472941404,85.0,0.0,136.92155453355255,,,,,,,,,,,
2,267,propio,1,277.94263273196157,475.63971472941404,85.0,0.0,136.92155453355255,,,,,,,,,,,
2,268,propio,1,277.94263273196157,475.63971472941404,85.0,0.0,136.92155453355255,,,,,,,,,,,
2,269,propio,1,277.94263273196157,475.63971472941404,85.0,0.0,136.92155453355255,,,,,,,,,,,
2,270,propio,1,277.94263273196157,475.63971472941404,85.0,0.0,136.92155453355255,,,,,,,,,,,
2,270,rival,2,329.2855288387328,180.44037706767782,85.0,0.0,255.34952420948235,299.63100963778504,142.94498353780014,,,,,,,,,
2,271,propio,1,277.94263273196157,475.63971472941404,84.0,0.0,136.92155453355255,,,,,,,,,,,
2,271,disparo,1,277.94263273196157,475.63971472941404,84.0,,136.92155453355255,,,,1.0,,,,,,,
2,272,propio,1,277.94263273196157,475.63971472941404,84.0,0.0,136.92155453355255,,,,,,,,,,,
2,273,propio,1,277.94263273196157,475.63971472941404,84.0,0.0,136.92155453355255,,,,,,,,,,,
2,274,propio,1,277.94263273196157,475.63971472941404,84.0,0.0,136.92155453355255,,,,,,,,,,,
2,275,propio,1,277.94263273196157,475.63971472941404,84.0,0.0,136.92155453355255,,,,,,,,,,,
2,276,propio,1,277.94263273196157,475.63971472941404,84.0,0.0,136.92155453355255,,,,,,,,,,,
2,277,propio,1,277.94263273196157,475.63971472941404,84.0,0.0,136.92155453355255,,,,,,,,,,,
2,278,propio,1,277.94263273196157,475.63971472941404,84.0,0.0,136.92155453355255,,,,,,,,,,,
2,278,rival,2,329.2855288387328,180.44037706767782,84.0,0.0,255.34952420948235,299.63100963778504,142.94498353780014,,,,,,,,,
2,279,propio,1,277.94263273196157,475.63971472941404,84.0,0.0,136.92155453355255,,,,,,,,,,,
2,280,propio,1,277.94263273196157,475.63971472941404,84.0,0.0,136.92155453355255,,,,,,,,,,,
2,281,propio,1,277.94263273196157,475.63971472941404,84.0,0.0,136.92155453355255,,,,,,,,,,,
2,282,propio,1,277.94263273196157,475.63971472941404,84.0,0.0,136.92155453355255,,,,,,,,,,,
2,283,propio,1,277.94263273196157,475.63971472941404,84.0,0.0,136.92155453355255,,,,,,,,,,,
2,284,propio,1,277.94263273196157,475.63971472941404,84.0,0.0,136.92155453355255,,,,,,,,,,,
2,285,propio,1,277.94263273196157,475.63971472941404,84.0,0.0,136.92155453355255,,,,,,,,,,,
2,286,propio,1,277.94263273196157,475.63971472941404,84.0,0.0,136.92155453355255,,,,,,,,,,,
2,286,rival,2,329.2855288387328,180.44037706767782,84.0,0.0,255.34952420948235,299.63100963778504,142.94498353780014,,,,,,,,,
2,287,propio,1,277.94263273196157,475.63971472941404,83.0,0.0,136.92155453355255,,,,,,,,,,,
2,287,disparo,1,277.94263273196157,475.63971472941404,83.0,,136.92155453355255,,,,1.0,,,,,,,
2,288,propio,1,277.94263273196157,475.63971472941404,83.0,0.0,136.92155453355255,,,,,,,,,,,
2,289,propio,1,277.94263273196157,475.63971472941404,83.0,0.0,136.92155453355255,,,,,,,,,,,
2,290,propio,1,277.94263273196157,475.63971472941404,83.0,0.0,136.92155453355255,,,,,,,,,,,
2,291,propio,1,277.94263273196157,475.63971472941404,83.0,0.0,136.92155453355255,,,,,,,,,,,
2,292,propio,1,277.94263273196157,475.63971472941404,83.0,0.0,136.92155453355255,,,,,,,,,,,
2,293,propio,1,277.94263273196157,475.63971472941404,83.0,0.0,136.92155453355255,,,,,,,,,,,
2,294,propio,1,277.94263273196157,475.63971472941404,83.0,0.0,136.92155453355255,,,,,,,,,,,
2,294,rival,2,329.2855288387328,180.44037706767782,83.0,0.0,255.34952420948235,299.63100963778504,142.94498353780014,,,,,,,,,
2,295,propio,1,277.94263273196157,475.63971472941404,83.0,0.0,136.92155453355255,,,,,,,,,,,
2,296,propio,1,277.94263273196157,475.63971472941404,83.0,0.0,136.92155453355255,,,,,,,,,,,
2,297,propio,1,277.94263273196157,475.63971472941404,83.0,0.0,136.92155453355255,,,,,,,,,,,
2,298,propio,1,277.94263273196157,475.63971472941404,83.0,0.0,136.92155453355255,,,,,,,,,,,
2,299,propio,1,277.94263273196157,475.63971472941404,83.0,0.0,136.92155453355255,,,,,,,,,,,
2,300,propio,1,277.94263273196157,475.63971472941404,83.0,0.0,136.92155453355255,,,,,,,,,,,
2,301,propio,1,277.94263273196157,475.63971472941404,83.0,0.0,136.92155453355255,,,,,,,,,,,
2,302,propio,1,277.94263273196157,475.63971472941404,83.0,0.0,136.92155453355255,,,,,,,,,,,
2,302,rival,2,329.2855288387328,180.44037706767782,83.0,0.0,255.34952420948235,299.63100963778504,142.94498353780014,,,,,,,,,
2,303,propio,1,277.94263273196157,475.63971472941404,82.0,0.0,136.92155453355255,,,,,,,,,,,
2,303,disparo,1,277.94263273196157,475.63971472941404,82.0,,136.92155453355255,,,,1.0,,,,,,,
2,304,propio,1,277.94263273196157,475.63971472941404,82.0,0.0,136.92155453355255,,,,,,,,,,,
2,305,propio,1,277.94263273196157,475.63971472941404,82.0,0.0,136.92155453355255,,,,,,,,,,,
2,306,propio,1,277.94263273196157,475.63971472941404,82.0,0.0,136.92155453355255,,,,,,,,,,,
2,307,propio,1,277.94263273196157,475.63971472941404,82.0,0.0,136.92155453355255,,,,,,,,,,,
2,308,propio,1,277.94263273196157,475.63971472941404,82.0,0.0,136.92155453355255,,,,,,,,,,,
2,309,propio,1,277.94263273196157,475.63971472941404,82.0,0.0,136.92155453355255,,,,,,,,,,,
2,310,propio,1,277.94263273196157,475.63971472941404,82.0,0.0,136.92155453355255,,,,,,,,,,,
2,310,rival,2,329.2855288387328,180.44037706767782,82.0,0.0,255.34952420948235,299.63100963778504,142.94498353780014,,,,,,,,,
2,311,propio,1,277.94263273196157,475.63971472941404,82.0,0.0,136.92155453355255,,,,,,,,,,,
2,312,propio,1,277.94263273196157,475.63971472941404,82.0,0.0,136.92155453355255,,,,,,,,,,,
2,313,propio,1,277.94263273196157,475.63971472941404,82.0,0.0,136.92155453355255,,,,,,,,,,,
2,314,propio,1,277.94263273196157,475.63971472941404,82.0,0.0,136.92155453355255,,,,,,,,,,,
2,315,propio,1,277.94263273196157,475.63971472941404,82.0,0.0,136.92155453355255,,,,,,,,,,,
2,316,propio,1,277.94263273196157,475.63971472941404,82.0,0.0,136.92155453355255,,,,,,,,,,,
2,317,propio,1,277.94263273196157,475.63971472941404,82.0,0.0,136.92155453355255,,,,,,,,,,,
2,318,propio,1,277.94263273196157,475.63971472941404,82.0,0.0,136.92155453355255,,,,,,,,,,,
2,318,rival,2,329.2855288387328,180.44037706767782,82.0,0.0,255.34952420948235,299.63100963778504,142.94498353780014,,,,,,,,,
2,319,propio,1,277.94263273196157,475.63971472941404,81.0,0.0,136.92155453355255,,,,,,,,,,,
2,319,disparo,1,277.94263273196157,475.63971472941404,81.0,,136.92155453355255,,,,1.0,,,,,,,
2,320,propio,1,277.94263273196157,475.63971472941404,81.0,0.0,136.92155453355255,,,,,,,,,,,
2,321,propio,1,277.94263273196157,475.63971472941404,81.0,0.0,136.92155453355255,,,,,,,,,,,
2,322,propio,1,277.94263273196157,475.63971472941404,81.0,0.0,136.92155453355255,,,,,,,,,,,
2,323,propio,1,277.94263273196157,475.63971472941404,81.0,0.0,136.92155453355255,,,,,,,,,,,
2,324,propio,1,277.94263273196157,475.63971472941404,81.0,0.0,136.92155453355255,,,,,,,,,,,
2,325,propio,1,277.94263273196157,475.63971472941404,81.0,0.0,136.92155453355255,,,,,,,,,,,
2,326,propio,1,277.94263273196157,475.63971472941404,81.0,0.0,136.92155453355255,,,,,,,,,,,
2,326,rival,2,329.2855288387328,180.44037706767782,81.0,0.0,255.34952420948235,299.63100963778504,142.94498353780014,,,,,,,,,
2,327,propio,1,277.94263273196157,475.63971472941404,81.0,0.0,136.92155453355255,,,,,,,,,,,
2,328,propio,1,277.94263273196157,475.63971472941404,81.0,0.0,136.92155453355255,,,,,,,,,,,
2,329,propio,1,277.94263273196157,475.63971472941404,81.0,0.0,136.92155453355255,,,,,,,,,,,
2,330,propio,1,277.94263273196157,475.63971472941404,81.0,0.0,136.92155453355255,,,,,,,,,,,
2,331,propio,1,277.94263273196157,475.63971472941404,81.0,0.0,136.92155453355255,,,,,,,,,,,
2,332,propio,1,277.94263273196157,475.63971472941404,81.0,0.0,136.92155453355255,,,,,,,,,,,
2,333,propio,1,277.94263273196157,475.63971472941404,81.0,0.0,136.92155453355255,,,,,,,,,,,
2,334,propio,1,277.94263273196157,475.63971472941404,81.0,0.0,136.92155453355255,,,,,,,,,,,
2,334,rival,2,329.2855288387328,180.44037706767782,81.0,0.0,255.34952420948235,299.63100963778504,142.94498353780014,,,,,,,,,
2,335,propio,1,277.94263273196157,475.63971472941404,80.0,0.0,136.92155453355255,,,,,,,,,,,
2,335,disparo,1,277.94263273196157,475.63971472941404,80.0,,136.92155453355255,,,,1.0,,,,,,,
2,336,propio,1,277.94263273196157,475.63971472941404,80.0,0.0,136.92155453355255,,,,,,,,,,,
2,337,propio,1,277.94263273196157,475.63971472941404,80.0,0.0,136.92155453355255,,,,,,,,,,,
2,338,propio,1,277.94263273196157,475.63971472941404,80.0,0.0,136.92155453355255,,,,,,,,,,,
2,339,propio,1,277.94263273196157,475.63971472941404,80.0,0.0,136.92155453355255,,,,,,,,,,,
2,340,propio,1,277.94263273196157,475.63971472941404,80.0,0.0,136.92155453355255,,,,,,,,,,,
2,341,propio,1,277.94263273196157,475.63971472941404,80.0,0.0,136.92155453355255,,,,,,,,,,,
2,342,propio,1,277.94263273196157,475.63971472941404,80.0,0.0,136.92155453355255,,,,,,,,,,,
2,342,rival,2,329.2855288387328,180.44037706767782,80.0,0.0,255.34952420948235,299.63100963778504,142.94498353780014,,,,,,,,,
2,343,propio,1,277.94263273196157,475.63971472941404,80.0,0.0,136.92155453355255,,,,,,,,,,,
2,344,propio,1,277.94263273196157,475.63971472941404,80.0,0.0,136.92155453355255,,,,,,,,,,,
2,345,propio,1,277.94263273196157,475.63971472941404,80.0,0.0,136.92155453355255,,,,,,,,,,,
2,346,propio,1,277.94263273196157,475.63971472941404,80.0,0.0,136.92155453355255,,,,,,,,,,,
2,347,propio,1,277.94263273196157,475.63971472941404,80.0,0.0,136.92155453355255,,,,,,,,,,,
2,348,propio,1,277.94263273196157,475.63971472941404,80.0,0.0,136.92155453355255,,,,,,,,,,,
2,349,propio,1,277.94263273196157,475.63971472941404,80.0,0.0,136.92155453355255,,,,,,,,,,,
2,350,propio,1,277.94263273196157,475.63971472941404,80.0,0.0,136.92155453355255,,,,,,,,,,,
2,350,rival,2,329.2855288387328,180.44037706767782,80.0,0.0,255.34952420948235,299.63100963778504,142.94498353780014,,,,,,,,,
2,351,propio,1,277.94263273196157,475.63971472941404,79.0,0.0,136.92155453355255,,,,,,,,,,,
2,351,disparo,1,277.94263273196157,475.63971472941404,79.0,,136.92155453355255,,,,1.0,,,,,,,
2,352,propio,1,277.94263273196157,475.63971472941404,79.0,0.0,136.92155453355255,,,,,,,,,,,
2,353,propio,1,277.94263273196157,475.63971472941404,79.0,0.0,136.92155453355255,,,,,,,,,,,
2,354,propio,1,277.94263273196157,475.63971472941404,79.0,0.0,136.92155453355255,,,,,,,,,,,
2,355,propio,1,277.94263273196157,475.63971472941404,79.0,0.0,136.92155453355255,,,,,,,,,,,
2,356,propio,1,277.94263273196157,475.63971472941404,79.0,0.0,136.92155453355255,,,,,,,,,,,
2,357,propio,1,277.94263273196157,475.63971472941404,79.0,0.0,136.92155453355255,,,,,,,,,,,
2,358,propio,1,277.94263273196157,475.63971472941404,79.0,0.0,136.92155453355255,,,,,,,,,,,
2,358,rival,2,329.2855288387328,180.44037706767782,79.0,0.0,255.34952420948235,299.63100963778504,142.94498353780014,,,,,,,,,
2,359,propio,1,277.94263273196157,475.63971472941404,79.0,0.0,136.92155453355255,,,,,,,,,,,
2,360,propio,1,277.94263273196157,475.63971472941404,79.0,0.0,136.92155453355255,,,,,,,,,,,
2,361,propio,1,277.94263273196157,475.63971472941404,79.0,0.0,136.92155453355255,,,,,,,,,,,
2,362,propio,1,277.94263273196157,475.63971472941404,79.0,0.0,136.92155453355255,,,,,,,,,,,
2,363,propio,1,277.94263273196157,475.63971472941404,79.0,0.0,136.92155453355255,,,,,,,,,,,
2,364,propio,1,277.94263273196157,475.63971472941404,79.0,0.0,136.92155453355255,,,,,,,,,,,
2,365,propio,1,277.94263273196157,475.63971472941404,79.0,0.0,136.92155453355255,,,,,,,,,,,
2,366,propio,1,277.94263273196157,475.63971472941404,79.0,0.0,136.92155453355255,,,,,,,,,,,
2,366,rival,2,329.2855288387328,180.44037706767782,79.0,0.0,255.34952420948235,299.63100963778504,142.94498353780014,,,,,,,,,
2,367,propio,1,277.94263273196157,475.63971472941404,78.0,0.0,136.92155453355255,,,,,,,,,,,
2,367,disparo,1,277.94263273196157,475.63971472941404,78.0,,136.92155453355255,,,,1.0,,,,,,,
2,368,propio,1,277.94263273196157,475.63971472941404,78.0,0.0,136.92155453355255,,,,,,,,,,,
2,369,propio,1,277.94263273196157,475.63971472941404,78.0,0.0,136.92155453355255,,,,,,,,,,,
2,370,propio,1,277.94263273196157,475.63971472941404,78.0,0.0,136.92155453355255,,,,,,,,,,,
2,371,propio,1,277.94263273196157,475.63971472941404,78.0,0.0,136.92155453355255,,,,,,,,,,,
2,372,propio,1,277.94263273196157,475.63971472941404,78.0,0.0,136.92155453355255,,,,,,,,,,,
2,373,propio,1,277.94263273196157,475.63971472941404,78.0,0.0,136.92155453355255,,,,,,,,,,,
2,374,propio,1,277.94263273196157,475.63971472941404,78.0,0.0,136.92155453355255,,,,,,,,,,,
2,374,rival,2,329.2855288387328,180.44037706767782,78.0,0.0,255.34952420948235,299.63100963778504,142.94498353780014,,,,,,,,,
2,375,propio,1,277.94263273196157,475.63971472941404,78.0,0.0,136.92155453355255,,,,,,,,,,,
2,376,propio,1,277.94263273196157,475.63971472941404,78.0,0.0,136.92155453355255,,,,,,,,,,,
2,377,propio,1,277.94263273196157,475.63971472941404,78.0,0.0,136.92155453355255,,,,,,,,,,,
2,378,propio,1,277.94263273196157,475.63971472941404,78.0,0.0,136.92155453355255,,,,,,,,,,,
2,379,propio,1,277.94263273196157,475.63971472941404,78.0,0.0,136.92155453355255,,,,,,,,,,,
2,380,propio,1,277.94263273196157,475.63971472941404,78.0,0.0,136.92155453355255,,,,,,,,,,,
2,381,propio,1,277.94263273196157,475.63971472941404,78.0,0.0,136.92155453355255,,,,,,,,,,,
2,382,propio,1,277.94263273196157,475.63971472941404,78.0,0.0,136.92155453355255,,,,,,,,,,,
2,382,rival,2,329.2855288387328,180.44037706767782,78.0,0.0,255.34952420948235,299.63100963778504,142.94498353780014,,,,,,,,,
2,383,propio,1,277.94263273196157,475.63971472941404,77.0,0.0,136.92155453355255,,,,,,,,,,,
2,383,disparo,1,277.94263273196157,475.63971472941404,77.0,,136.92155453355255,,,,1.0,,,,,,,
2,384,propio,1,277.94263273196157,475.63971472941404,77.0,0.0,136.92155453355255,,,,,,,,,,,
2,385,propio,1,277.94263273196157,475.63971472941404,77.0,0.0,136.92155453355255,,,,,,,,,,,
2,386,propio,1,277.94263273196157,475.63971472941404,77.0,0.0,136.92155453355255,,,,,,,,,,,
2,387,propio,1,277.94263273196157,475.63971472941404,77.0,0.0,136.92155453355255,,,,,,,,,,,
2,388,propio,1,277.94263273196157,475.63971472941404,77.0,0.0,136.92155453355255,,,,,,,,,,,
2,389,propio,1,277.94263273196157,475.63971472941404,77.0,0.0,136.92155453355255,,,,,,,,,,,
2,390,propio,1,277.94263273196157,475.63971472941404,77.0,0.0,136.92155453355255,,,,,,,,,,,
2,390,rival,2,329.2855288387328,180.44037706767782,77.0,0.0,255.34952420948235,299.63100963778504,142.94498353780014,,,,,,,,,
2,391,propio,1,277.94263273196157,475.63971472941404,77.0,0.0,136.92155453355255,,,,,,,,,,,
2,392,propio,1,277.94263273196157,475.63971472941404,77.0,0.0,136.92155453355255,,,,,,,,,,,
2,393,propio,1,277.94263273196157,475.63971472941404,77.0,0.0,136.92155453355255,,,,,,,,,,,
2,394,propio,1,277.94263273196157,475.63971472941404,77.0,0.0,136.92155453355255,,,,,,,,,,,
2,395,propio,1,277.94263273196157,475.63971472941404,77.0,0.0,136.92155453355255,,,,,,,,,,,
2,396,propio,1,277.94263273196157,475.63971472941404,77.0,0.0,136.92155453355255,,,,,,,,,,,
2,397,propio,1,277.94263273196157,475.63971472941404,77.0,0.0,136.92155453355255,,,,,,,,,,,
2,398,propio,1,277.94263273196157,475.63971472941404,77.0,0.0,136.92155453355255,,,,,,,,,,,
2,398,rival,2,329.2855288387328,180.44037706767782,77.0,0.0,255.34952420948235,299.63100963778504,142.94498353780014,,,,,,,,,
2,399,propio,1,277.94263273196157,475.63971472941404,76.0,0.0,136.92155453355255,,,,,,,,,,,
2,399,disparo,1,277.94263273196157,475.63971472941404,76.0,,136.92155453355255,,,,1.0,,,,,,,
2,400,propio,1,277.94263273196157,475.63971472941404,76.0,0.0,136.92155453355255,,,,,,,,,,,
2,401,propio,1,277.94263273196157,475.63971472941404,76.0,0.0,136.92155453355255,,,,,,,,,,,
2,402,propio,1,277.94263273196157,475.63971472941404,76.0,0.0,136.92155453355255,,,,,,,,,,,
2,403,propio,1,277.94263273196157,475.63971472941404,76.0,0.0,136.92155453355255,,,,,,,,,,,
2,404,propio,1,277.94263273196157,475.63971472941404,76.0,0.0,136.92155453355255,,,,,,,,,,,
2,405,propio,1,277.94263273196157,475.63971472941404,76.0,0.0,136.92155453355255,,,,,,,,,,,
2,406,propio,1,277.94263273196157,475.63971472941404,76.0,0.0,136.92155453355255,,,,,,,,,,,
2,406,rival,2,329.2855288387328,180.44037706767782,76.0,0.0,255.34952420948235,299.63100963778504,142.94498353780014,,,,,,,,,
2,407,propio,1,277.94263273196157,475.63971472941404,76.0,0.0,136.92155453355255,,,,,,,,,,,
2,408,propio,1,277.94263273196157,475.63971472941404,76.0,0.0,136.92155453355255,,,,,,,,,,,
2,409,propio,1,277.94263273196157,475.63971472941404,76.0,0.0,136.92155453355255,,,,,,,,,,,
2,410,propio,1,277.94263273196157,475.63971472941404,76.0,0.0,136.92155453355255,,,,,,,,,,,
2,411,propio,1,277.94263273196157,475.63971472941404,76.0,0.0,136.92155453355255,,,,,,,,,,,
2,412,propio,1,277.94263273196157,475.63971472941404,76.0,0.0,136.92155453355255,,,,,,,,,,,
2,413,propio,1,277.94263273196157,475.63971472941404,76.0,0.0,136.92155453355255,,,,,,,,,,,
2,414,propio,1,277.94263273196157,475.63971472941404,76.0,0.0,136.92155453355255,,,,,,,,,,,
2,414,rival,2,329.2855288387328,180.44037706767782,76.0,0.0,255.34952420948235,299.63100963778504,142.94498353780014,,,,,,,,,
2,415,propio,1,277.94263273196157,475.63971472941404,75.0,0.0,136.92155453355255,,,,,,,,,,,
2,415,disparo,1,277.94263273196157,475.63971472941404,75.0,,136.92155453355255,,,,1.0,,,,,,,
2,416,propio,1,277.94263273196157,475.63971472941404,75.0,0.0,136.92155453355255,,,,,,,,,,,
2,417,propio,1,277.94263273196157,475.63971472941404,75.0,0.0,136.92155453355255,,,,,,,,,,,
2,418,propio,1,277.94263273196157,475.63971472941404,75.0,0.0,136.92155453355255,,,,,,,,,,,
2,419,propio,1,277.94263273196157,475.63971472941404,75.0,0.0,136.92155453355255,,,,,,,,,,,
2,420,propio,1,277.94263273196157,475.63971472941404,75.0,0.0,136.92155453355255,,,,,,,,,,,
2,421,propio,1,277.94263273196157,475.63971472941404,75.0,0.0,136.92155453355255,,,,,,,,,,,
2,422,propio,1,277.94263273196157,475.63971472941404,75.0,0.0,136.92155453355255,,,,,,,,,,,
2,422,rival,2,329.2855288387328,180.44037706767782,75.0,0.0,255.34952420948235,299.63100963778504,142.94498353780014,,,,,,,,,
2,423,propio,1,277.94263273196157,475.63971472941404,75.0,0.0,136.92155453355255,,,,,,,,,,,
2,424,propio,1,277.94263273196157,475.63971472941404,75.0,0.0,136.92155453355255,,,,,,,,,,,
2,425,propio,1,277.94263273196157,475.63971472941404,75.0,0.0,136.92155453355255,,,,,,,,,,,
2,426,propio,1,277.94263273196157,475.63971472941404,75.0,0.0,136.92155453355255,,,,,,,,,,,
2,427,propio,1,277.94263273196157,475.63971472941404,75.0,0.0,136.92155453355255,,,,,,,,,,,
2,428,propio,1,277.94263273196157,475.63971472941404,75.0,0.0,136.92155453355255,,,,,,,,,,,
2,429,propio,1,277.94263273196157,475.63971472941404,75.0,0.0,136.92155453355255,,,,,,,,,,,
2,430,propio,1,277.94263273196157,475.63971472941404,75.0,0.0,136.92155453355255,,,,,,,,,,,
2,430,rival,2,329.2855288387328,180.44037706767782,75.0,0.0,255.34952420948235,299.63100963778504,142.94498353780014,,,,,,,,,
2,431,propio,1,277.94263273196157,475.63971472941404,74.0,0.0,136.92155453355255,,,,,,,,,,,
2,431,disparo,1,277.94263273196157,475.63971472941404,74.0,,136.92155453355255,,,,1.0,,,,,,,
2,432,propio,1,277.94263273196157,475.63971472941404,74.0,0.0,136.92155453355255,,,,,,,,,,,
2,433,propio,1,277.94263273196157,475.63971472941404,74.0,0.0,136.92155453355255,,,,,,,,,,,
2,434,propio,1,277.94263273196157,475.63971472941404,74.0,0.0,136.92155453355255,,,,,,,,,,,
2,435,propio,1,277.94263273196157,475.63971472941404,74.0,0.0,136.92155453355255,,,,,,,,,,,
2,436,propio,1,277.94263273196157,475.63971472941404,74.0,0.0,136.92155453355255,,,,,,,,,,,
2,437,propio,1,277.94263273196157,475.63971472941404,74.0,0.0,136.92155453355255,,,,,,,,,,,
2,438,propio,1,277.94263273196157,475.63971472941404,74.0,0.0,136.92155453355255,,,,,,,,,,,
2,438,rival,2,329.2855288387328,180.44037706767782,74.0,0.0,255.34952420948235,299.63100963778504,142.94498353780014,,,,,,,,,
2,439,propio,1,277.94263273196157,475.63971472941404,74.0,0.0,136.92155453355255,,,,,,,,,,,
2,440,propio,1,277.94263273196157,475.63971472941404,74.0,0.0,136.92155453355255,,,,,,,,,,,
2,441,propio,1,277.94263273196157,475.63971472941404,74.0,0.0,136.92155453355255,,,,,,,,,,,
2,442,propio,1,277.94263273196157,475.63971472941404,74.0,0.0,136.92155453355255,,,,,,,,,,,
2,443,propio,1,277.94263273196157,475.63971472941404,74.0,0.0,136.92155453355255,,,,,,,,,,,
2,444,propio,1,277.94263273196157,475.63971472941404,74.0,0.0,136.92155453355255,,,,,,,,,,,
2,445,propio,1,277.94263273196157,475.63971472941404,74.0,0.0,136.92155453355255,,,,,,,,,,,
2,446,propio,1,277.94263273196157,475.63971472941404,74.0,0.0,136.92155453355255,,,,,,,,,,,
2,446,rival,2,329.2855288387328,180.44037706767782,74.0,0.0,255.34952420948235,299.63100963778504,142.94498353780014,,,,,,,,,
2,447,propio,1,277.94263273196157,475.63971472941404,73.0,0.0,136.92155453355255,,,,,,,,,,,
2,447,disparo,1,277.94263273196157,475.63971472941404,73.0,,136.92155453355255,,,,1.0,,,,,,,
2,448,propio,1,277.94263273196157,475.63971472941404,73.0,0.0,136.92155453355255,,,,,,,,,,,
2,449,propio,1,277.94263273196157,475.63971472941404,73.0,0.0,136.92155453355255,,,,,,,,,,,
2,450,propio,1,277.94263273196157,475.63971472941404,73.0,0.0,136.92155453355255,,,,,,,,,,,
2,451,propio,1,277.94263273196157,475.63971472941404,73.0,0.0,136.92155453355255,,,,,,,,,,,
2,452,propio,1,277.94263273196157,475.63971472941404,72.9,0.0,136.92155453355255,,,,,,,,,,,
2,453,propio,1,277.94263273196157,475.63971472941404,72.80000000000001,0.0,136.92155453355255,,,,,,,,,,,
2,454,propio,1,277.94263273196157,475.63971472941404,72.70000000000002,0.0,136.92155453355255,,,,,,,,,,,
2,454,rival,2,329.2855288387328,180.44037706767782,72.80000000000001,0.0,255.34952420948235,299.63100963778504,142.94498353780014,,,,,,,,,
2,455,propio,1,277.94263273196157,475.63971472941404,72.60000000000002,0.0,136.92155453355255,,,,,,,,,,,
2,456,propio,1,277.94263273196157,475.63971472941404,72.50000000000003,0.0,136.92155453355255,,,,,,,,,,,
2,457,propio,1,277.94263273196157,475.63971472941404,72.40000000000003,0.0,136.92155453355255,,,,,,,,,,,
2,458,propio,1,277.94263273196157,475.63971472941404,72.30000000000004,0.0,136.92155453355255,,,,,,,,,,,
2,459,propio,1,277.94263273196157,475.63971472941404,72.20000000000005,0.0,136.92155453355255,,,,,,,,,,,
2,460,propio,1,277.94263273196157,475.63971472941404,72.10000000000005,0.0,136.92155453355255,,,,,,,,,,,
2,461,propio,1,277.94263273196157,475.63971472941404,72.00000000000006,0.0,136.92155453355255,,,,,,,,,,,
2,462,propio,1,277.94263273196157,475.63971472941404,71.90000000000006,0.0,136.92155453355255,,,,,,,,,,,
2,462,rival,2,329.2855288387328,180.44037706767782,72.00000000000006,0.0,255.34952420948235,299.63100963778504,142.94498353780014,,,,,,,,,
2,463,propio,1,277.94263273196157,475.63971472941404,70.80000000000007,0.0,136.92155453355255,,,,,,,,,,,
2,463,disparo,1,277.94263273196157,475.63971472941404,70.80000000000007,,136.92155453355255,,,,1.0,,,,,,,
2,464,propio,1,277.94263273196157,475.63971472941404,70.70000000000007,0.0,136.92155453355255,,,,,,,,,,,
2,465,propio,1,277.94263273196157,475.63971472941404,70.60000000000008,0.0,136.92155453355255,,,,,,,,,,,
2,466,propio,1,277.94263273196157,475.63971472941404,70.50000000000009,0.0,136.92155453355255,,,,,,,,,,,
2,467,propio,1,277.94263273196157,475.63971472941404,70.40000000000009,0.0,136.92155453355255,,,,,,,,,,,
2,468,propio,1,277.94263273196157,475.63971472941404,70.3000000000001,0.0,136.92155453355255,,,,,,,,,,,
2,469,propio,1,277.94263273196157,475.63971472941404,70.2000000000001,0.0,136.92155453355255,,,,,,,,,,,
2,470,propio,1,277.94263273196157,475.63971472941404,70.10000000000011,0.0,136.92155453355255,,,,,,,,,,,
2,470,rival,2,329.2855288387328,180.44037706767782,70.2000000000001,0.0,255.34952420948235,299.63100963778504,142.94498353780014,,,,,,,,,
2,471,propio,1,277.94263273196157,475.63971472941404,70.00000000000011,0.0,136.92155453355255,,,,,,,,,,,
2,472,propio,1,277.94263273196157,475.63971472941404,69.90000000000012,0.0,136.92155453355255,,,,,,,,,,,
2,473,propio,1,277.94263273196157,475.63971472941404,69.80000000000013,0.0,136.92155453355255,,,,,,,,,,,
2,474,propio,1,277.94263273196157,475.63971472941404,69.70000000000013,0.0,136.92155453355255,,,,,,,,,,,
2,475,propio,1,277.94263273196157,475.63971472941404,69.60000000000014,0.0,136.92155453355255,,,,,,,,,,,
2,476,propio,1,277.94263273196157,475.63971472941404,69.50000000000014,0.0,136.92155453355255,,,,,,,,,,,
2,477,propio,1,277.94263273196157,475.63971472941404,69.40000000000015,0.0,136.92155453355255,,,,,,,,,,,
2,478,propio,1,277.94263273196157,475.63971472941404,69.30000000000015,0.0,136.92155453355255,,,,,,,,,,,
2,478,rival,2,329.2855288387328,180.44037706767782,69.40000000000015,0.0,255.34952420948235,299.63100963778504,142.94498353780014,,,,,,,,,
2,479,propio,1,277.94263273196157,475.63971472941404,68.20000000000016,0.0,136.92155453355255,,,,,,,,,,,
2,479,disparo,1,277.94263273196157,475.63971472941404,68.20000000000016,,136.92155453355255,,,,1.0,,,,,,,
2,480,propio,1,277.94263273196157,475.63971472941404,68.10000000000016,0.0,136.92155453355255,,,,,,,,,,,
2,481,propio,1,277.94263273196157,475.63971472941404,68.00000000000017,0.0,136.92155453355255,,,,,,,,,,,
2,482,propio,1,277.94263273196157,475.63971472941404,67.90000000000018,0.0,136.92155453355255,,,,,,,,,,,
2,483,propio,1,277.94263273196157,475.63971472941404,67.80000000000018,0.0,136.92155453355255,,,,,,,,,,,
2,484,propio,1,277.94263273196157,475.63971472941404,67.70000000000019,0.0,136.92155453355255,,,,,,,,,,,
2,485,propio,1,277.94263273196157,475.63971472941404,67.6000000000002,0.0,136.92155453355255,,,,,,,,,,,
2,486,propio,1,277.94263273196157,475.63971472941404,67.5000000000002,0.0,136.92155453355255,,,,,,,,,,,
2,486,rival,2,329.2855288387328,180.44037706767782,67.6000000000002,0.0,255.34952420948235,299.63100963778504,142.94498353780014,,,,,,,,,
2,487,propio,1,277.94263273196157,475.63971472941404,67.4000000000002,0.0,136.92155453355255,,,,,,,,,,,
2,488,propio,1,277.94263273196157,475.63971472941404,67.30000000000021,0.0,136.92155453355255,,,,,,,,,,,
2,489,propio,1,277.94263273196157,475.63971472941404,67.20000000000022,0.0,136.92155453355255,,,,,,,,,,,
2,490,propio,1,277.94263273196157,475.63971472941404,67.10000000000022,0.0,136.92155453355255,,,,,,,,,,,
2,491,propio,1,277.94263273196157,475.63971472941404,67.00000000000023,0.0,136.92155453355255,,,,,,,,,,,
2,492,propio,1,277.94263273196157,475.63971472941404,66.90000000000023,0.0,136.92155453355255,,,,,,,,,,,
2,493,propio,1,277.94263273196157,475.63971472941404,66.80000000000024,0.0,136.92155453355255,,,,,,,,,,,
2,494,propio,1,277.94263273196157,475.63971472941404,66.70000000000024,0.0,136.92155453355255,,,,,,,,,,,
2,494,rival,2,329.2855288387328,180.44037706767782,66.80000000000024,0.0,255.34952420948235,299.63100963778504,142.94498353780014,,,,,,,,,
2,495,propio,1,277.94263273196157,475.63971472941404,65.60000000000025,0.0,136.92155453355255,,,,,,,,,,,
2,495,disparo,1,277.94263273196157,475.63971472941404,65.60000000000025,,136.92155453355255,,,,1.0,,,,,,,
2,496,propio,1,277.94263273196157,475.63971472941404,65.50000000000026,0.0,136.92155453355255,,,,,,,,,,,
2,497,propio,1,277.94263273196157,475.63971472941404,65.40000000000026,0.0,136.92155453355255,,,,,,,,,,,
2,498,propio,1,277.94263273196157,475.63971472941404,65.30000000000027,0.0,136.92155453355255,,,,,,,,,,,
2,499,propio,1,277.94263273196157,475.63971472941404,65.20000000000027,0.0,136.92155453355255,,,,,,,,,,,
2,500,propio,1,277.94263273196157,475.63971472941404,65.10000000000028,0.0,136.92155453355255,,,,,,,,,,,
2,501,propio,1,277.94263273196157,475.63971472941404,65.00000000000028,0.0,136.92155453355255,,,,,,,,,,,
2,502,propio,1,277.94263273196157,475.63971472941404,64.90000000000029,0.0,136.92155453355255,,,,,,,,,,,
2,502,rival,2,329.2855288387328,180.44037706767782,65.00000000000028,0.0,255.34952420948235,299.63100963778504,142.94498353780014,,,,,,,,,
2,503,propio,1,277.94263273196157,475.63971472941404,64.8000000000003,0.0,136.92155453355255,,,,,,,,,,,
2,504,propio,1,277.94263273196157,475.63971472941404,64.7000000000003,0.0,136.92155453355255,,,,,,,,,,,
2,505,propio,1,277.94263273196157,475.63971472941404,64.6000000000003,0.0,136.92155453355255,,,,,,,,,,,
2,506,propio,1,277.94263273196157,475.63971472941404,64.50000000000031,0.0,136.92155453355255,,,,,,,,,,,
2,507,propio,1,277.94263273196157,475.63971472941404,64.40000000000032,0.0,136.92155453355255,,,,,,,,,,,
2,508,propio,1,277.94263273196157,475.63971472941404,64.30000000000032,0.0,136.92155453355255,,,,,,,,,,,
2,509,propio,1,277.94263273196157,475.63971472941404,64.20000000000033,0.0,136.92155453355255,,,,,,,,,,,
2,510,propio,1,277.94263273196157,475.63971472941404,64.10000000000034,0.0,136.92155453355255,,,,,,,,,,,
2,510,rival,2,329.2855288387328,180.44037706767782,64.20000000000033,0.0,255.34952420948235,299.63100963778504,142.94498353780014,,,,,,,,,
2,511,propio,1,277.94263273196157,475.63971472941404,63.000000000000334,0.0,136.92155453355255,,,,,,,,,,,
2,511,disparo,1,277.94263273196157,475.63971472941404,63.000000000000334,,136.92155453355255,,,,1.0,,,,,,,
2,512,propio,1,277.94263273196157,475.63971472941404,62.90000000000033,0.0,136.92155453355255,,,,,,,,,,,
2,513,propio,1,277.94263273196157,475.63971472941404,62.80000000000033,0.0,136.92155453355255,,,,,,,,,,,
2,514,propio,1,277.94263273196157,475.63971472941404,62.70000000000033,0.0,136.92155453355255,,,,,,,,,,,
2,515,propio,1,277.94263273196157,475.63971472941404,62.60000000000033,0.0,136.92155453355255,,,,,,,,,,,
2,516,propio,1,277.94263273196157,475.63971472941404,62.50000000000033,0.0,136.92155453355255,,,,,,,,,,,
2,517,propio,1,277.94263273196157,475.63971472941404,62.400000000000325,0.0,136.92155453355255,,,,,,,,,,,
2,518,propio,1,277.94263273196157,475.63971472941404,62.300000000000324,0.0,136.92155453355255,,,,,,,,,,,
2,518,rival,2,329.2855288387328,180.44037706767782,62.40000000000033,0.0,255.34952420948235,299.63100963778504,142.94498353780014,,,,,,,,,
2,519,propio,1,277.94263273196157,475.63971472941404,62.20000000000032,0.0,136.92155453355255,,,,,,,,,,,
2,520,propio,1,277.94263273196157,475.63971472941404,62.10000000000032,0.0,136.92155453355255,,,,,,,,,,,
2,521,propio,1,277.94263273196157,475.63971472941404,62.00000000000032,0.0,136.92155453355255,,,,,,,,,,,
2,522,propio,1,277.94263273196157,475.63971472941404,61.90000000000032,0.0,136.92155453355255,,,,,,,,,,,
2,523,propio,1,277.94263273196157,475.63971472941404,61.80000000000032,0.0,136.92155453355255,,,,,,,,,,,
2,524,propio,1,277.94263273196157,475.63971472941404,61.700000000000315,0.0,136.92155453355255,,,,,,,,,,,
2,525,propio,1,277.94263273196157,475.63971472941404,61.600000000000314,0.0,136.92155453355255,,,,,,,,,,,
2,526,propio,1,277.94263273196157,475.63971472941404,61.50000000000031,0.0,136.92155453355255,,,,,,,,,,,
2,526,rival,2,329.2855288387328,180.44037706767782,61.60000000000032,0.0,255.34952420948235,299.63100963778504,142.94498353780014,,,,,,,,,
2,527,propio,1,277.94263273196157,475.63971472941404,60.40000000000031,0.0,136.92155453355255,,,,,,,,,,,
2,527,disparo,1,277.94263273196157,475.63971472941404,60.40000000000031,,136.92155453355255,,,,1.0,,,,,,,
2,528,propio,1,277.94263273196157,475.63971472941404,60.30000000000031,0.0,136.92155453355255,,,,,,,,,,,
2,529,propio,1,277.94263273196157,475.63971472941404,60.20000000000031,0.0,136.92155453355255,,,,,,,,,,,
2,530,propio,1,277.94263273196157,475.63971472941404,60.10000000000031,0.0,136.92155453355255,,,,,,,,,,,
2,531,propio,1,277.94263273196157,475.63971472941404,60.000000000000306,0.0,136.92155453355255,,,,,,,,,,,
2,532,propio,1,277.94263273196157,475.63971472941404,59.900000000000304,0.0,136.92155453355255,,,,,,,,,,,
2,533,propio,1,277.94263273196157,475.63971472941404,59.8000000000003,0.0,136.92155453355255,,,,,,,,,,,
2,534,propio,1,277.94263273196157,475.63971472941404,59.7000000000003,0.0,136.92155453355255,,,,,,,,,,,
2,534,rival,2,329.2855288387328,180.44037706767782,59.80000000000031,0.0,255.34952420948235,299.63100963778504,142.94498353780014,,,,,,,,,
2,535,propio,1,277.94263273196157,475.63971472941404,59.6000000000003,0.0,136.92155453355255,,,,,,,,,,,
2,536,propio,1,277.94263273196157,475.63971472941404,59.5000000000003,0.0,136.92155453355255,,,,,,,,,,,
2,537,propio,1,277.94263273196157,475.63971472941404,59.4000000000003,0.0,136.92155453355255,,,,,,,,,,,
2,538,propio,1,277.94263273196157,475.63971472941404,59.300000000000296,0.0,136.92155453355255,,,,,,,,,,,
2,539,propio,1,277.94263273196157,475.63971472941404,59.200000000000294,0.0,136.92155453355255,,,,,,,,,,,
2,540,propio,1,277.94263273196157,475.63971472941404,59.10000000000029,0.0,136.92155453355255,,,,,,,,,,,
2,541,propio,1,277.94263273196157,475.63971472941404,59.00000000000029,0.0,136.92155453355255,,,,,,,,,,,
2,542,propio,1,277.94263273196157,475.63971472941404,58.90000000000029,0.0,136.92155453355255,,,,,,,,,,,
2,542,rival,2,329.2855288387328,180.44037706767782,59.0000000000003,0.0,255.34952420948235,299.63100963778504,142.94498353780014,,,,,,,,,
2,543,propio,1,277.94263273196157,475.63971472941404,57.80000000000029,0.0,136.92155453355255,,,,,,,,,,,
2,543,disparo,1,277.94263273196157,475.63971472941404,57.80000000000029,,136.92155453355255,,,,1.0,,,,,,,
2,544,propio,1,277.94263273196157,475.63971472941404,57.70000000000029,0.0,136.92155453355255,,,,,,,,,,,
2,545,propio,1,277.94263273196157,475.63971472941404,57.600000000000286,0.0,136.92155453355255,,,,,,,,,,,
2,546,propio,1,277.94263273196157,475.63971472941404,57.500000000000284,0.0,136.92155453355255,,,,,,,,,,,
2,547,propio,1,277.94263273196157,475.63971472941404,57.40000000000028,0.0,136.92155453355255,,,,,,,,,,,
2,548,propio,1,277.94263273196157,475.63971472941404,57.30000000000028,0.0,136.92155453355255,,,,,,,,,,,
2,549,propio,1,277.94263273196157,475.63971472941404,57.20000000000028,0.0,136.92155453355255,,,,,,,,,,,
2,550,propio,1,277.94263273196157,475.63971472941404,57.10000000000028,0.0,136.92155453355255,,,,,,,,,,,
2,550,rival,2,329.2855288387328,180.44037706767782,57.20000000000029,0.0,255.34952420948235,299.63100963778504,142.94498353780014,,,,,,,,,
2,551,propio,1,277.94263273196157,475.63971472941404,57.00000000000028,0.0,136.92155453355255,,,,,,,,,,,
2,552,propio,1,277.94263273196157,475.63971472941404,56.900000000000276,0.0,136.92155453355255,,,,,,,,,,,
2,553,propio,1,277.94263273196157,475.63971472941404,56.800000000000274,0.0,136.92155453355255,,,,,,,,,,,
2,554,propio,1,277.94263273196157,475.63971472941404,56.70000000000027,0.0,136.92155453355255,,,,,,,,,,,
2,555,propio,1,277.94263273196157,475.63971472941404,56.60000000000027,0.0,136.92155453355255,,,,,,,,,,,
2,556,propio,1,277.94263273196157,475.63971472941404,56.50000000000027,0.0,136.92155453355255,,,,,,,,,,,
2,557,propio,1,277.94263273196157,475.63971472941404,56.40000000000027,0.0,136.92155453355255,,,,,,,,,,,
2,558,propio,1,277.94263273196157,475.63971472941404,56.30000000000027,0.0,136.92155453355255,,,,,,,,,,,
2,558,rival,2,329.2855288387328,180.44037706767782,56.400000000000276,0.0,255.34952420948235,299.63100963778504,142.94498353780014,,,,,,,,,
2,559,propio,1,277.94263273196157,475.63971472941404,55.200000000000266,0.0,136.92155453355255,,,,,,,,,,,
2,559,disparo,1,277.94263273196157,475.63971472941404,55.200000000000266,,136.92155453355255,,,,1.0,,,,,,,
2,560,propio,1,277.94263273196157,475.63971472941404,55.100000000000264,0.0,136.92155453355255,,,,,,,,,,,
2,561,propio,1,277.94263273196157,475.63971472941404,55.00000000000026,0.0,136.92155453355255,,,,,,,,,,,
2,562,propio,1,277.94263273196157,475.63971472941404,54.90000000000026,0.0,136.92155453355255,,,,,,,,,,,
2,563,propio,1,277.94263273196157,475.63971472941404,54.80000000000026,0.0,136.92155453355255,,,,,,,,,,,
2,564,propio,1,277.94263273196157,475.63971472941404,54.70000000000026,0.0,136.92155453355255,,,,,,,,,,,
2,565,propio,1,277.94263273196157,475.63971472941404,54.60000000000026,0.0,136.92155453355255,,,,,,,,,,,
2,566,propio,1,277.94263273196157,475.63971472941404,54.500000000000256,0.0,136.92155453355255,,,,,,,,,,,
2,566,rival,2,329.2855288387328,180.44037706767782,54.600000000000264,0.0,255.34952420948235,299.63100963778504,142.94498353780014,,,,,,,,,
2,567,propio,1,277.94263273196157,475.63971472941404,54.400000000000254,0.0,136.92155453355255,,,,,,,,,,,
2,568,propio,1,277.94263273196157,475.63971472941404,54.30000000000025,0.0,136.92155453355255,,,,,,,,,,,
2,569,propio,1,277.94263273196157,475.63971472941404,54.20000000000025,0.0,136.92155453355255,,,,,,,,,,,
2,570,propio,1,277.94263273196157,475.63971472941404,54.10000000000025,0.0,136.92155453355255,,,,,,,,,,,
2,571,propio,1,277.94263273196157,475.63971472941404,54.00000000000025,0.0,136.92155453355255,,,,,,,,,,,
2,572,propio,1,277.94263273196157,475.63971472941404,53.90000000000025,0.0,136.92155453355255,,,,,,,,,,,
2,573,propio,1,277.94263273196157,475.63971472941404,53.800000000000246,0.0,136.92155453355255,,,,,,,,,,,
2,574,propio,1,277.94263273196157,475.63971472941404,53.700000000000244,0.0,136.92155453355255,,,,,,,,,,,
2,574,rival,2,329.2855288387328,180.44037706767782,53.80000000000025,0.0,255.34952420948235,299.63100963778504,142.94498353780014,,,,,,,,,
2,575,propio,1,277.94263273196157,475.63971472941404,52.60000000000024,0.0,136.92155453355255,,,,,,,,,,,
2,575,disparo,1,277.94263273196157,475.63971472941404,52.60000000000024,,136.92155453355255,,,,1.0,,,,,,,
2,576,propio,1,277.94263273196157,475.63971472941404,52.50000000000024,0.0,136.92155453355255,,,,,,,,,,,
2,577,propio,1,277.94263273196157,475.63971472941404,52.40000000000024,0.0,136.92155453355255,,,,,,,,,,,
2,578,propio,1,277.94263273196157,475.63971472941404,52.30000000000024,0.0,136.92155453355255,,,,,,,,,,,
2,579,propio,1,277.94263273196157,475.63971472941404,52.20000000000024,0.0,136.92155453355255,,,,,,,,,,,
2,580,propio,1,277.94263273196157,475.63971472941404,52.100000000000236,0.0,136.92155453355255,,,,,,,,,,,
2,581,propio,1,277.94263273196157,475.63971472941404,52.000000000000234,0.0,136.92155453355255,,,,,,,,,,,
2,582,propio,1,277.94263273196157,475.63971472941404,51.90000000000023,0.0,136.92155453355255,,,,,,,,,,,
2,582,rival,2,329.2855288387328,180.44037706767782,52.00000000000024,0.0,255.34952420948235,299.63100963778504,142.94498353780014,,,,,,,,,
2,583,propio,1,277.94263273196157,475.63971472941404,51.80000000000023,0.0,136.92155453355255,,,,,,,,,,,
2,584,propio,1,277.94263273196157,475.63971472941404,51.70000000000023,0.0,136.92155453355255,,,,,,,,,,,
2,585,propio,1,277.94263273196157,475.63971472941404,51.60000000000023,0.0,136.92155453355255,,,,,,,,,,,
2,586,propio,1,277.94263273196157,475.63971472941404,51.50000000000023,0.0,136.92155453355255,,,,,,,,,,,
2,587,propio,1,277.94263273196157,475.63971472941404,51.400000000000226,0.0,136.92155453355255,,,,,,,,,,,
2,588,propio,1,277.94263273196157,475.63971472941404,51.300000000000225,0.0,136.92155453355255,,,,,,,,,,,
2,589,propio,1,277.94263273196157,475.63971472941404,51.20000000000022,0.0,136.92155453355255,,,,,,,,,,,
2,590,propio,1,277.94263273196157,475.63971472941404,51.10000000000022,0.0,136.92155453355255,,,,,,,,,,,
2,590,rival,2,329.2855288387328,180.44037706767782,51.20000000000023,0.0,255.34952420948235,299.63100963778504,142.94498353780014,,,,,,,,,
2,591,propio,1,277.94263273196157,475.63971472941404,50.00000000000022,0.0,136.92155453355255,,,,,,,,,,,
2,591,disparo,1,277.94263273196157,475.63971472941404,50.00000000000022,,136.92155453355255,,,,1.0,,,,,,,
2,592,propio,1,277.94263273196157,475.63971472941404,49.90000000000022,0.0,136.92155453355255,,,,,,,,,,,
2,593,propio,1,277.94263273196157,475.63971472941404,49.80000000000022,0.0,136.92155453355255,,,,,,,,,,,
2,594,propio,1,277.94263273196157,475.63971472941404,49.700000000000216,0.0,136.92155453355255,,,,,,,,,,,
2,595,propio,1,277.94263273196157,475.63971472941404,49.600000000000215,0.0,136.92155453355255,,,,,,,,,,,
2,596,propio,1,277.94263273196157,475.63971472941404,49.50000000000021,0.0,136.92155453355255,,,,,,,,,,,
2,597,propio,1,277.94263273196157,475.63971472941404,49.40000000000021,0.0,136.92155453355255,,,,,,,,,,,
2,598,propio,1,277.94263273196157,475.63971472941404,49.30000000000021,0.0,136.92155453355255,,,,,,,,,,,
2,598,rival,2,329.2855288387328,180.44037706767782,49.40000000000022,0.0,255.34952420948235,299.63100963778504,142.94498353780014,,,,,,,,,
2,599,propio,1,277.94263273196157,475.63971472941404,49.20000000000021,0.0,136.92155453355255,,,,,,,,,,,
2,600,propio,1,277.94263273196157,475.63971472941404,49.10000000000021,0.0,136.92155453355255,,,,,,,,,,,
2,601,propio,1,277.94263273196157,475.63971472941404,49.000000000000206,0.0,136.92155453355255,,,,,,,,,,,
2,602,propio,1,277.94263273196157,475.63971472941404,48.900000000000205,0.0,136.92155453355255,,,,,,,,,,,
2,603,propio,1,277.94263273196157,475.63971472941404,48.8000000000002,0.0,136.92155453355255,,,,,,,,,,,
2,604,propio,1,277.94263273196157,475.63971472941404,48.7000000000002,0.0,136.92155453355255,,,,,,,,,,,
2,605,propio,1,277.94263273196157,475.63971472941404,48.6000000000002,0.0,136.92155453355255,,,,,,,,,,,
2,606,propio,1,277.94263273196157,475.63971472941404,48.5000000000002,0.0,136.92155453355255,,,,,,,,,,,
2,606,rival,2,329.2855288387328,180.44037706767782,48.60000000000021,0.0,255.34952420948235,299.63100963778504,142.94498353780014,,,,,,,,,
2,607,propio,1,277.94263273196157,475.63971472941404,47.4000000000002,0.0,136.92155453355255,,,,,,,,,,,
2,607,disparo,1,277.94263273196157,475.63971472941404,47.4000000000002,,136.92155453355255,,,,1.0,,,,,,,
2,608,propio,1,277.94263273196157,475.63971472941404,47.300000000000196,0.0,136.92155453355255,,,,,,,,,,,
2,609,propio,1,277.94263273196157,475.63971472941404,47.200000000000195,0.0,136.92155453355255,,,,,,,,,,,
2,610,propio,1,277.94263273196157,475.63971472941404,47.10000000000019,0.0,136.92155453355255,,,,,,,,,,,
2,611,propio,1,277.94263273196157,475.63971472941404,47.00000000000019,0.0,136.92155453355255,,,,,,,,,,,
2,612,propio,1,277.94263273196157,475.63971472941404,46.90000000000019,0.0,136.92155453355255,,,,,,,,,,,
2,613,propio,1,277.94263273196157,475.63971472941404,46.80000000000019,0.0,136.92155453355255,,,,,,,,,,,
2,614,propio,1,277.94263273196157,475.63971472941404,46.70000000000019,0.0,136.92155453355255,,,,,,,,,,,
2,614,rival,2,329.2855288387328,180.44037706767782,46.800000000000196,0.0,255.34952420948235,299.63100963778504,142.94498353780014,,,,,,,,,
2,615,propio,1,277.94263273196157,475.63971472941404,46.600000000000186,0.0,136.92155453355255,,,,,,,,,,,
2,616,propio,1,277.94263273196157,475.63971472941404,46.500000000000185,0.0,136.92155453355255,,,,,,,,,,,
2,617,propio,1,277.94263273196157,475.63971472941404,46.40000000000018,0.0,136.92155453355255,,,,,,,,,,,
2,618,propio,1,277.94263273196157,475.63971472941404,46.30000000000018,0.0,136.92155453355255,,,,,,,,,,,
2,619,propio,1,277.94263273196157,475.63971472941404,46.20000000000018,0.0,136.92155453355255,,,,,,,,,,,
2,620,propio,1,277.94263273196157,475.63971472941404,46.10000000000018,0.0,136.92155453355255,,,,,,,,,,,
2,621,propio,1,277.94263273196157,475.63971472941404,46.00000000000018,0.0,136.92155453355255,,,,,,,,,,,
2,622,propio,1,277.94263273196157,475.63971472941404,45.900000000000176,0.0,136.92155453355255,,,,,,,,,,,
2,622,rival,2,329.2855288387328,180.44037706767782,46.000000000000185,0.0,255.34952420948235,299.63100963778504,142.94498353780014,,,,,,,,,
2,623,propio,1,277.94263273196157,475.63971472941404,44.800000000000175,0.0,136.92155453355255,,,,,,,,,,,
2,623,disparo,1,277.94263273196157,475.63971472941404,44.800000000000175,,136.92155453355255,,,,1.0,,,,,,,
2,624,propio,1,277.94263273196157,475.63971472941404,44.70000000000017,0.0,136.92155453355255,,,,,,,,,,,
2,625,propio,1,277.94263273196157,475.63971472941404,44.60000000000017,0.0,136.92155453355255,,,,,,,,,,,
2,626,propio,1,277.94263273196157,475.63971472941404,44.50000000000017,0.0,136.92155453355255,,,,,,,,,,,
2,627,propio,1,277.94263273196157,475.63971472941404,44.40000000000017,0.0,136.92155453355255,,,,,,,,,,,
2,628,propio,1,277.94263273196157,475.63971472941404,44.30000000000017,0.0,136.92155453355255,,,,,,,,,,,
2,629,propio,1,277.94263273196157,475.63971472941404,44.200000000000166,0.0,136.92155453355255,,,,,,,,,,,
2,630,propio,1,277.94263273196157,475.63971472941404,44.100000000000165,0.0,136.92155453355255,,,,,,,,,,,
2,630,rival,2,329.2855288387328,180.44037706767782,44.20000000000017,0.0,255.34952420948235,299.63100963778504,142.94498353780014,,,,,,,,,
2,631,propio,1,277.94263273196157,475.63971472941404,44.00000000000016,0.0,136.92155453355255,,,,,,,,,,,
2,632,propio,1,277.94263273196157,475.63971472941404,43.90000000000016,0.0,136.92155453355255,,,,,,,,,,,
2,633,propio,1,277.94263273196157,475.63971472941404,43.80000000000016,0.0,136.92155453355255,,,,,,,,,,,
2,634,propio,1,277.94263273196157,475.63971472941404,43.70000000000016,0.0,136.92155453355255,,,,,,,,,,,
2,635,propio,1,277.94263273196157,475.63971472941404,43.60000000000016,0.0,136.92155453355255,,,,,,,,,,,
2,636,propio,1,277.94263273196157,475.63971472941404,43.500000000000156,0.0,136.92155453355255,,,,,,,,,,,
2,637,propio,1,277.94263273196157,475.63971472941404,43.400000000000155,0.0,136.92155453355255,,,,,,,,,,,
2,638,propio,1,277.94263273196157,475.63971472941404,43.30000000000015,0.0,136.92155453355255,,,,,,,,,,,
2,638,rival,2,329.2855288387328,180.44037706767782,43.40000000000016,0.0,255.34952420948235,299.63100963778504,142.94498353780014,,,,,,,,,
2,639,propio,1,277.94263273196157,475.63971472941404,42.20000000000015,0.0,136.92155453355255,,,,,,,,,,,
2,639,disparo,1,277.94263273196157,475.63971472941404,42.20000000000015,,136.92155453355255,,,,1.0,,,,,,,
2,640,propio,1,277.94263273196157,475.63971472941404,42.10000000000015,0.0,136.92155453355255,,,,,,,,,,,
2,641,propio,1,277.94263273196157,475.63971472941404,42.00000000000015,0.0,136.92155453355255,,,,,,,,,,,
2,642,propio,1,277.94263273196157,475.63971472941404,41.90000000000015,0.0,136.92155453355255,,,,,,,,,,,
2,643,propio,1,277.94263273196157,475.63971472941404,41.800000000000146,0.0,136.92155453355255,,,,,,,,,,,
2,644,propio,1,277.94263273196157,475.63971472941404,41.700000000000145,0.0,136.92155453355255,,,,,,,,,,,
2,645,propio,1,277.94263273196157,475.63971472941404,41.60000000000014,0.0,136.92155453355255,,,,,,,,,,,
2,646,propio,1,277.94263273196157,475.63971472941404,41.50000000000014,0.0,136.92155453355255,,,,,,,,,,,
2,646,rival,2,329.2855288387328,180.44037706767782,41.60000000000015,0.0,255.34952420948235,299.63100963778504,142.94498353780014,,,,,,,,,
2,647,propio,1,277.94263273196157,475.63971472941404,41.40000000000014,0.0,136.92155453355255,,,,,,,,,,,
2,648,propio,1,277.94263273196157,475.63971472941404,41.30000000000014,0.0,136.92155453355255,,,,,,,,,,,
2,649,propio,1,277.94263273196157,475.63971472941404,41.20000000000014,0.0,136.92155453355255,,,,,,,,,,,
2,650,propio,1,277.94263273196157,475.63971472941404,41.100000000000136,0.0,136.92155453355255,,,,,,,,,,,
2,651,propio,1,277.94263273196157,475.63971472941404,41.000000000000135,0.0,136.92155453355255,,,,,,,,,,,
2,652,propio,1,277.94263273196157,475.63971472941404,40.900000000000134,0.0,136.92155453355255,,,,,,,,,,,
2,653,propio,1,277.94263273196157,475.63971472941404,40.80000000000013,0.0,136.92155453355255,,,,,,,,,,,
2,654,propio,1,277.94263273196157,475.63971472941404,40.70000000000013,0.0,136.92155453355255,,,,,,,,,,,
2,654,rival,2,329.2855288387328,180.44037706767782,40.80000000000014,0.0,255.34952420948235,299.63100963778504,142.94498353780014,,,,,,,,,
2,655,propio,1,277.94263273196157,475.63971472941404,39.60000000000013,0.0,136.92155453355255,,,,,,,,,,,
2,655,disparo,1,277.94263273196157,475.63971472941404,39.60000000000013,,136.92155453355255,,,,1.0,,,,,,,
2,656,propio,1,277.94263273196157,475.63971472941404,39.50000000000013,0.0,136.92155453355255,,,,,,,,,,,
2,657,propio,1,277.94263273196157,475.63971472941404,39.40000000000013,0.0,136.92155453355255,,,,,,,,,,,
2,658,propio,1,277.94263273196157,475.63971472941404,39.300000000000125,0.0,136.92155453355255,,,,,,,,,,,
2,659,propio,1,277.94263273196157,475.63971472941404,39.200000000000124,0.0,136.92155453355255,,,,,,,,,,,
2,660,propio,1,277.94263273196157,475.63971472941404,39.10000000000012,0.0,136.92155453355255,,,,,,,,,,,
2,661,propio,1,277.94263273196157,475.63971472941404,39.00000000000012,0.0,136.92155453355255,,,,,,,,,,,
2,662,propio,1,277.94263273196157,475.63971472941404,38.90000000000012,0.0,136.92155453355255,,,,,,,,,,,
2,662,rival,2,329.2855288387328,180.44037706767782,39.00000000000013,0.0,255.34952420948235,299.63100963778504,142.94498353780014,,,,,,,,,
2,663,propio,1,277.94263273196157,475.63971472941404,38.80000000000012,0.0,136.92155453355255,,,,,,,,,,,
2,664,propio,1,277.94263273196157,475.63971472941404,38.70000000000012,0.0,136.92155453355255,,,,,,,,,,,
2,665,propio,1,277.94263273196157,475.63971472941404,38.600000000000115,0.0,136.92155453355255,,,,,,,,,,,
2,666,propio,1,277.94263273196157,475.63971472941404,38.500000000000114,0.0,136.92155453355255,,,,,,,,,,,
2,667,propio,1,277.94263273196157,475.63971472941404,38.40000000000011,0.0,136.92155453355255,,,,,,,,,,,
2,668,propio,1,277.94263273196157,475.63971472941404,38.30000000000011,0.0,136.92155453355255,,,,,,,,,,,
2,669,propio,1,277.94263273196157,475.63971472941404,38.20000000000011,0.0,136.92155453355255,,,,,,,,,,,
2,670,propio,1,277.94263273196157,475.63971472941404,38.10000000000011,0.0,136.92155453355255,,,,,,,,,,,
2,670,rival,2,329.2855288387328,180.44037706767782,38.20000000000012,0.0,255.34952420948235,299.63100963778504,142.94498353780014,,,,,,,,,
2,671,propio,1,277.94263273196157,475.63971472941404,37.00000000000011,0.0,136.92155453355255,,,,,,,,,,,
2,671,disparo,1,277.94263273196157,475.63971472941404,37.00000000000011,,136.92155453355255,,,,1.0,,,,,,,
2,672,propio,1,277.94263273196157,475.63971472941404,36.900000000000105,0.0,136.92155453355255,,,,,,,,,,,
2,673,propio,1,277.94263273196157,475.63971472941404,36.800000000000104,0.0,136.92155453355255,,,,,,,,,,,
2,674,propio,1,277.94263273196157,475.63971472941404,36.7000000000001,0.0,136.92155453355255,,,,,,,,,,,
2,675,propio,1,277.94263273196157,475.63971472941404,36.6000000000001,0.0,136.92155453355255,,,,,,,,,,,
2,676,propio,1,277.94263273196157,475.63971472941404,36.5000000000001,0.0,136.92155453355255,,,,,,,,,,,
2,677,propio,1,277.94263273196157,475.63971472941404,36.4000000000001,0.0,136.92155453355255,,,,,,,,,,,
2,678,propio,1,277.94263273196157,475.63971472941404,36.3000000000001,0.0,136.92155453355255,,,,,,,,,,,
2,678,rival,2,329.2855288387328,180.44037706767782,36.400000000000105,0.0,255.34952420948235,299.63100963778504,142.94498353780014,,,,,,,,,
2,679,propio,1,277.94263273196157,475.63971472941404,36.200000000000095,0.0,136.92155453355255,,,,,,,,,,,
2,680,propio,1,277.94263273196157,475.63971472941404,36.100000000000094,0.0,136.92155453355255,,,,,,,,,,,
2,681,propio,1,277.94263273196157,475.63971472941404,36.00000000000009,0.0,136.92155453355255,,,,,,,,,,,
2,682,propio,1,277.94263273196157,475.63971472941404,35.90000000000009,0.0,136.92155453355255,,,,,,,,,,,
2,683,propio,1,277.94263273196157,475.63971472941404,35.80000000000009,0.0,136.92155453355255,,,,,,,,,,,
2,684,propio,1,277.94263273196157,475.63971472941404,35.70000000000009,0.0,136.92155453355255,,,,,,,,,,,
2,685,propio,1,277.94263273196157,475.63971472941404,35.60000000000009,0.0,136.92155453355255,,,,,,,,,,,
2,686,propio,1,277.94263273196157,475.63971472941404,35.500000000000085,0.0,136.92155453355255,,,,,,,,,,,
2,686,rival,2,329.2855288387328,180.44037706767782,35.600000000000094,0.0,255.34952420948235,299.63100963778504,142.94498353780014,,,,,,,,,
2,687,propio,1,277.94263273196157,475.63971472941404,34.400000000000084,0.0,136.92155453355255,,,,,,,,,,,
2,687,disparo,1,277.94263273196157,475.63971472941404,34.400000000000084,,136.92155453355255,,,,1.0,,,,,,,
2,688,propio,1,277.94263273196157,475.63971472941404,34.30000000000008,0.0,136.92155453355255,,,,,,,,,,,
2,689,propio,1,277.94263273196157,475.63971472941404,34.20000000000008,0.0,136.92155453355255,,,,,,,,,,,
2,690,propio,1,277.94263273196157,475.63971472941404,34.10000000000008,0.0,136.92155453355255,,,,,,,,,,,
2,691,propio,1,277.94263273196157,475.63971472941404,34.00000000000008,0.0,136.92155453355255,,,,,,,,,,,
2,692,propio,1,277.94263273196157,475.63971472941404,33.90000000000008,0.0,136.92155453355255,,,,,,,,,,,
2,693,propio,1,277.94263273196157,475.63971472941404,33.800000000000075,0.0,136.92155453355255,,,,,,,,,,,
2,694,propio,1,277.94263273196157,475.63971472941404,33.700000000000074,0.0,136.92155453355255,,,,,,,,,,,
2,694,rival,2,329.2855288387328,180.44037706767782,33.80000000000008,0.0,255.34952420948235,299.63100963778504,142.94498353780014,,,,,,,,,
2,695,propio,1,277.94263273196157,475.63971472941404,33.60000000000007,0.0,136.92155453355255,,,,,,,,,,,
2,696,propio,1,277.94263273196157,475.63971472941404,33.50000000000007,0.0,136.92155453355255,,,,,,,,,,,
2,697,propio,1,277.94263273196157,475.63971472941404,33.40000000000007,0.0,136.92155453355255,,,,,,,,,,,
2,698,propio,1,277.94263273196157,475.63971472941404,33.30000000000007,0.0,136.92155453355255,,,,,,,,,,,
2,699,propio,1,277.94263273196157,475.63971472941404,33.20000000000007,0.0,136.92155453355255,,,,,,,,,,,
2,700,propio,1,277.94263273196157,475.63971472941404,33.100000000000065,0.0,136.92155453355255,,,,,,,,,,,
2,701,propio,1,277.94263273196157,475.63971472941404,33.000000000000064,0.0,136.92155453355255,,,,,,,,,,,
2,702,propio,1,277.94263273196157,475.63971472941404,32.90000000000006,0.0,136.92155453355255,,,,,,,,,,,
2,702,rival,2,329.2855288387328,180.44037706767782,33.00000000000007,0.0,255.34952420948235,299.63100963778504,142.94498353780014,,,,,,,,,
2,703,propio,1,277.94263273196157,475.63971472941404,31.80000000000006,0.0,136.92155453355255,,,,,,,,,,,
2,703,disparo,1,277.94263273196157,475.63971472941404,31.80000000000006,,136.92155453355255,,,,1.0,,,,,,,
2,704,propio,1,277.94263273196157,475.63971472941404,31.70000000000006,0.0,136.92155453355255,,,,,,,,,,,
2,705,propio,1,277.94263273196157,475.63971472941404,31.60000000000006,0.0,136.92155453355255,,,,,,,,,,,
2,706,propio,1,277.94263273196157,475.63971472941404,31.500000000000057,0.0,136.92155453355255,,,,,,,,,,,
2,707,propio,1,277.94263273196157,475.63971472941404,31.400000000000055,0.0,136.92155453355255,,,,,,,,,,,
2,708,propio,1,277.94263273196157,475.63971472941404,31.300000000000054,0.0,136.92155453355255,,,,,,,,,,,
2,709,propio,1,277.94263273196157,475.63971472941404,31.200000000000053,0.0,136.92155453355255,,,,,,,,,,,
2,710,propio,1,277.94263273196157,475.63971472941404,31.10000000000005,0.0,136.92155453355255,,,,,,,,,,,
2,710,rival,2,329.2855288387328,180.44037706767782,31.20000000000006,0.0,255.34952420948235,299.63100963778504,142.94498353780014,,,,,,,,,
2,711,propio,1,277.94263273196157,475.63971472941404,31.00000000000005,0.0,136.92155453355255,,,,,,,,,,,
2,712,propio,1,277.94263273196157,475.63971472941404,30.90000000000005,0.0,136.92155453355255,,,,,,,,,,,
2,713,propio,1,277.94263273196157,475.63971472941404,30.800000000000047,0.0,136.92155453355255,,,,,,,,,,,
2,714,propio,1,277.94263273196157,475.63971472941404,30.700000000000045,0.0,136.92155453355255,,,,,,,,,,,
2,715,propio,1,277.94263273196157,475.63971472941404,30.600000000000044,0.0,136.92155453355255,,,,,,,,,,,
2,716,propio,1,277.94263273196157,475.63971472941404,30.500000000000043,0.0,136.92155453355255,,,,,,,,,,,
2,717,propio,1,277.94263273196157,475.63971472941404,30.40000000000004,0.0,136.92155453355255,,,,,,,,,,,
2,718,propio,1,277.94263273196157,475.63971472941404,30.30000000000004,0.0,136.92155453355255,,,,,,,,,,,
2,718,rival,2,329.2855288387328,180.44037706767782,30.40000000000005,0.0,255.34952420948235,299.63100963778504,142.94498353780014,,,,,,,,,
2,719,propio,1,277.94263273196157,475.63971472941404,29.20000000000004,0.0,136.92155453355255,,,,,,,,,,,
2,719,disparo,1,277.94263273196157,475.63971472941404,29.20000000000004,,136.92155453355255,,,,1.0,,,,,,,
2,720,propio,1,277.94263273196157,475.63971472941404,29.100000000000037,0.0,136.92155453355255,,,,,,,,,,,
2,721,propio,1,277.94263273196157,475.63971472941404,29.000000000000036,0.0,136.92155453355255,,,,,,,,,,,
2,722,propio,1,277.94263273196157,475.63971472941404,28.900000000000034,0.0,136.92155453355255,,,,,,,,,,,
2,723,propio,1,277.94263273196157,475.63971472941404,28.800000000000033,0.0,136.92155453355255,,,,,,,,,,,
2,724,propio,1,277.94263273196157,475.63971472941404,28.70000000000003,0.0,136.92155453355255,,,,,,,,,,,
2,725,propio,1,277.94263273196157,475.63971472941404,28.60000000000003,0.0,136.92155453355255,,,,,,,,,,,
2,726,propio,1,277.94263273196157,475.63971472941404,28.50000000000003,0.0,136.92155453355255,,,,,,,,,,,
2,726,rival,2,329.2855288387328,180.44037706767782,28.600000000000037,0.0,255.34952420948235,299.63100963778504,142.94498353780014,,,,,,,,,
2,727,propio,1,277.94263273196157,475.63971472941404,28.400000000000027,0.0,136.92155453355255,,,,,,,,,,,
2,728,propio,1,277.94263273196157,475.63971472941404,28.300000000000026,0.0,136.92155453355255,,,,,,,,,,,
2,729,propio,1,277.94263273196157,475.63971472941404,28.200000000000024,0.0,136.92155453355255,,,,,,,,,,,
2,730,propio,1,277.94263273196157,475.63971472941404,28.100000000000023,0.0,136.92155453355255,,,,,,,,,,,
2,731,propio,1,277.94263273196157,475.63971472941404,28.00000000000002,0.0,136.92155453355255,,,,,,,,,,,
2,732,propio,1,277.94263273196157,475.63971472941404,27.90000000000002,0.0,136.92155453355255,,,,,,,,,,,
2,733,propio,1,277.94263273196157,475.63971472941404,27.80000000000002,0.0,136.92155453355255,,,,,,,,,,,
2,734,propio,1,277.94263273196157,475.63971472941404,27.700000000000017,0.0,136.92155453355255,,,,,,,,,,,
2,734,rival,2,329.2855288387328,180.44037706767782,27.800000000000026,0.0,255.34952420948235,299.63100963778504,142.94498353780014,,,,,,,,,
2,735,propio,1,277.94263273196157,475.63971472941404,26.600000000000016,0.0,136.92155453355255,,,,,,,,,,,
2,735,disparo,1,277.94263273196157,475.63971472941404,26.600000000000016,,136.92155453355255,,,,1.0,,,,,,,
2,736,propio,1,277.94263273196157,475.63971472941404,26.500000000000014,0.0,136.92155453355255,,,,,,,,,,,
2,737,propio,1,277.94263273196157,475.63971472941404,26.400000000000013,0.0,136.92155453355255,,,,,,,,,,,
2,738,propio,1,277.94263273196157,475.63971472941404,26.30000000000001,0.0,136.92155453355255,,,,,,,,,,,
2,739,propio,1,277.94263273196157,475.63971472941404,26.20000000000001,0.0,136.92155453355255,,,,,,,,,,,
2,740,propio,1,277.94263273196157,475.63971472941404,26.10000000000001,0.0,136.92155453355255,,,,,,,,,,,
2,741,propio,1,277.94263273196157,475.63971472941404,26.000000000000007,0.0,136.92155453355255,,,,,,,,,,,
2,742,propio,1,277.94263273196157,475.63971472941404,25.900000000000006,0.0,136.92155453355255,,,,,,,,,,,
2,742,rival,2,329.2855288387328,180.44037706767782,26.000000000000014,0.0,255.34952420948235,299.63100963778504,142.94498353780014,,,,,,,,,
2,743,propio,1,277.94263273196157,475.63971472941404,25.800000000000004,0.0,136.92155453355255,,,,,,,,,,,
2,744,propio,1,277.94263273196157,475.63971472941404,25.700000000000003,0.0,136.92155453355255,,,,,,,,,,,
2,745,propio,1,277.94263273196157,475.63971472941404,25.6,0.0,136.92155453355255,,,,,,,,,,,
2,746,propio,1,277.94263273196157,475.63971472941404,25.5,0.0,136.92155453355255,,,,,,,,,,,
2,747,propio,1,277.94263273196157,475.63971472941404,25.4,0.0,136.92155453355255,,,,,,,,,,,
2,748,propio,1,277.94263273196157,475.63971472941404,25.299999999999997,0.0,136.92155453355255,,,,,,,,,,,
2,749,propio,1,277.94263273196157,475.63971472941404,25.199999999999996,0.0,136.92155453355255,,,,,,,,,,,
2,750,propio,1,277.94263273196157,475.63971472941404,25.099999999999994,0.0,136.92155453355255,,,,,,,,,,,
2,750,rival,2,329.2855288387328,180.44037706767782,25.200000000000003,0.0,255.34952420948235,299.63100963778504,142.94498353780014,,,,,,,,,
2,751,propio,1,277.94263273196157,475.63971472941404,23.999999999999993,0.0,136.92155453355255,,,,,,,,,,,
2,751,disparo,1,277.94263273196157,475.63971472941404,23.999999999999993,,136.92155453355255,,,,1.0,,,,,,,
2,752,propio,1,277.94263273196157,475.63971472941404,23.89999999999999,0.0,136.92155453355255,,,,,,,,,,,
2,753,propio,1,277.94263273196157,475.63971472941404,23.79999999999999,0.0,136.92155453355255,,,,,,,,,,,
2,754,propio,1,277.94263273196157,475.63971472941404,23.69999999999999,0.0,136.92155453355255,,,,,,,,,,,
2,755,propio,1,277.94263273196157,475.63971472941404,23.599999999999987,0.0,136.92155453355255,,,,,,,,,,,
2,756,propio,1,277.94263273196157,475.63971472941404,23.499999999999986,0.0,136.92155453355255,,,,,,,,,,,
2,757,propio,1,277.94263273196157,475.63971472941404,23.399999999999984,0.0,136.92155453355255,,,,,,,,,,,
2,758,propio,1,277.94263273196157,475.63971472941404,23.299999999999983,0.0,136.92155453355255,,,,,,,,,,,
2,758,rival,2,329.2855288387328,180.44037706767782,23.39999999999999,0.0,255.34952420948235,299.63100963778504,142.94498353780014,,,,,,,,,
2,759,propio,1,277.94263273196157,475.63971472941404,23.19999999999998,0.0,136.92155453355255,,,,,,,,,,,
2,760,propio,1,277.94263273196157,475.63971472941404,23.09999999999998,0.0,136.92155453355255,,,,,,,,,,,
2,761,propio,1,277.94263273196157,475.63971472941404,22.99999999999998,0.0,136.92155453355255,,,,,,,,,,,
2,762,propio,1,277.94263273196157,475.63971472941404,22.899999999999977,0.0,136.92155453355255,,,,,,,,,,,
2,763,propio,1,277.94263273196157,475.63971472941404,22.799999999999976,0.0,136.92155453355255,,,,,,,,,,,
2,764,propio,1,277.94263273196157,475.63971472941404,22.699999999999974,0.0,136.92155453355255,,,,,,,,,,,
2,765,propio,1,277.94263273196157,475.63971472941404,22.599999999999973,0.0,136.92155453355255,,,,,,,,,,,
2,766,propio,1,277.94263273196157,475.63971472941404,22.49999999999997,0.0,136.92155453355255,,,,,,,,,,,
2,766,rival,2,329.2855288387328,180.44037706767782,22.59999999999998,0.0,255.34952420948235,299.63100963778504,142.94498353780014,,,,,,,,,
2,767,propio,1,277.94263273196157,475.63971472941404,21.39999999999997,0.0,136.92155453355255,,,,,,,,,,,
2,767,disparo,1,277.94263273196157,475.63971472941404,21.39999999999997,,136.92155453355255,,,,1.0,,,,,,,
2,768,propio,1,277.94263273196157,475.63971472941404,21.29999999999997,0.0,136.92155453355255,,,,,,,,,,,
2,769,propio,1,277.94263273196157,475.63971472941404,21.199999999999967,0.0,136.92155453355255,,,,,,,,,,,
2,770,propio,1,277.94263273196157,475.63971472941404,21.099999999999966,0.0,136.92155453355255,,,,,,,,,,,
2,771,propio,1,277.94263273196157,475.63971472941404,20.999999999999964,0.0,136.92155453355255,,,,,,,,,,,
2,772,propio,1,277.94263273196157,475.63971472941404,20.899999999999963,0.0,136.92155453355255,,,,,,,,,,,
2,773,propio,1,277.94263273196157,475.63971472941404,20.79999999999996,0.0,136.92155453355255,,,,,,,,,,,
2,774,propio,1,277.94263273196157,475.63971472941404,20.69999999999996,0.0,136.92155453355255,,,,,,,,,,,
2,774,rival,2,329.2855288387328,180.44037706767782,20.79999999999997,0.0,255.34952420948235,299.63100963778504,142.94498353780014,,,,,,,,,
2,775,propio,1,277.94263273196157,475.63971472941404,20.59999999999996,0.0,136.92155453355255,,,,,,,,,,,
2,776,propio,1,277.94263273196157,475.63971472941404,20.499999999999957,0.0,136.92155453355255,,,,,,,,,,,
2,777,propio,1,277.94263273196157,475.63971472941404,20.399999999999956,0.0,136.92155453355255,,,,,,,,,,,
2,778,propio,1,277.94263273196157,475.63971472941404,20.299999999999955,0.0,136.92155453355255,,,,,,,,,,,
2,779,propio,1,277.94263273196157,475.63971472941404,20.199999999999953,0.0,136.92155453355255,,,,,,,,,,,
2,780,propio,1,277.94263273196157,475.63971472941404,20.09999999999995,0.0,136.92155453355255,,,,,,,,,,,
2,781,propio,1,277.94263273196157,475.63971472941404,19.99999999999995,0.0,136.92155453355255,,,,,,,,,,,
2,782,propio,1,277.94263273196157,475.63971472941404,19.89999999999995,0.0,136.92155453355255,,,,,,,,,,,
2,782,rival,2,329.2855288387328,180.44037706767782,19.999999999999957,0.0,255.34952420948235,299.63100963778504,142.94498353780014,,,,,,,,,
2,783,propio,1,277.94263273196157,475.63971472941404,18.799999999999947,0.0,136.92155453355255,,,,,,,,,,,
2,783,disparo,1,277.94263273196157,475.63971472941404,18.799999999999947,,136.92155453355255,,,,1.0,,,,,,,
2,784,propio,1,277.94263273196157,475.63971472941404,18.699999999999946,0.0,136.92155453355255,,,,,,,,,,,
2,785,propio,1,277.94263273196157,475.63971472941404,18.599999999999945,0.0,136.92155453355255,,,,,,,,,,,
2,786,propio,1,277.94263273196157,475.63971472941404,18.499999999999943,0.0,136.92155453355255,,,,,,,,,,,
2,787,propio,1,277.94263273196157,475.63971472941404,18.39999999999994,0.0,136.92155453355255,,,,,,,,,,,
2,788,propio,1,277.94263273196157,475.63971472941404,18.29999999999994,0.0,136.92155453355255,,,,,,,,,,,
2,789,propio,1,277.94263273196157,475.63971472941404,18.19999999999994,0.0,136.92155453355255,,,,,,,,,,,
2,790,propio,1,277.94263273196157,475.63971472941404,18.099999999999937,0.0,136.92155453355255,,,,,,,,,,,
2,790,rival,2,329.2855288387328,180.44037706767782,18.199999999999946,0.0,255.34952420948235,299.63100963778504,142.94498353780014,,,,,,,,,
2,791,propio,1,277.94263273196157,475.63971472941404,17.999999999999936,0.0,136.92155453355255,,,,,,,,,,,
2,792,propio,1,277.94263273196157,475.63971472941404,17.899999999999935,0.0,136.92155453355255,,,,,,,,,,,
2,793,propio,1,277.94263273196157,475.63971472941404,17.799999999999933,0.0,136.92155453355255,,,,,,,,,,,
2,794,propio,1,277.94263273196157,475.63971472941404,17.699999999999932,0.0,136.92155453355255,,,,,,,,,,,
2,795,propio,1,277.94263273196157,475.63971472941404,17.59999999999993,0.0,136.92155453355255,,,,,,,,,,,
2,796,propio,1,277.94263273196157,475.63971472941404,17.49999999999993,0.0,136.92155453355255,,,,,,,,,,,
2,797,propio,1,277.94263273196157,475.63971472941404,17.399999999999928,0.0,136.92155453355255,,,,,,,,,,,
2,798,propio,1,277.94263273196157,475.63971472941404,17.299999999999926,0.0,136.92155453355255,,,,,,,,,,,
2,798,rival,2,329.2855288387328,180.44037706767782,17.399999999999935,0.0,255.34952420948235,299.63100963778504,142.94498353780014,,,,,,,,,
2,799,propio,1,277.94263273196157,475.63971472941404,16.199999999999925,0.0,136.92155453355255,,,,,,,,,,,
2,799,disparo,1,277.94263273196157,475.63971472941404,16.199999999999925,,136.92155453355255,,,,1.0,,,,,,,
2,800,propio,1,277.94263273196157,475.63971472941404,16.099999999999923,0.0,136.92155453355255,,,,,,,,,,,
2,801,propio,1,277.94263273196157,475.63971472941404,15.999999999999924,0.0,136.92155453355255,,,,,,,,,,,
2,802,propio,1,277.94263273196157,475.63971472941404,15.899999999999924,0.0,136.92155453355255,,,,,,,,,,,
2,803,propio,1,277.94263273196157,475.63971472941404,15.799999999999924,0.0,136.92155453355255,,,,,,,,,,,
2,804,propio,1,277.94263273196157,475.63971472941404,15.699999999999925,0.0,136.92155453355255,,,,,,,,,,,
2,805,propio,1,277.94263273196157,475.63971472941404,15.599999999999925,0.0,136.92155453355255,,,,,,,,,,,
2,806,propio,1,277.94263273196157,475.63971472941404,15.499999999999925,0.0,136.92155453355255,,,,,,,,,,,
2,806,rival,2,329.2855288387328,180.44037706767782,15.599999999999923,0.0,255.34952420948235,299.63100963778504,142.94498353780014,,,,,,,,,
2,807,propio,1,277.94263273196157,475.63971472941404,15.399999999999926,0.0,136.92155453355255,,,,,,,,,,,
2,808,propio,1,277.94263273196157,475.63971472941404,15.299999999999926,0.0,136.92155453355255,,,,,,,,,,,
2,809,propio,1,277.94263273196157,475.63971472941404,15.199999999999926,0.0,136.92155453355255,,,,,,,,,,,
2,810,propio,1,277.94263273196157,475.63971472941404,15.099999999999927,0.0,136.92155453355255,,,,,,,,,,,
2,811,propio,1,277.94263273196157,475.63971472941404,14.999999999999927,0.0,136.92155453355255,,,,,,,,,,,
2,812,propio,1,277.94263273196157,475.63971472941404,14.899999999999928,0.0,136.92155453355255,,,,,,,,,,,
2,813,propio,1,277.94263273196157,475.63971472941404,14.799999999999928,0.0,136.92155453355255,,,,,,,,,,,
2,814,propio,1,277.94263273196157,475.63971472941404,14.699999999999928,0.0,136.92155453355255,,,,,,,,,,,
2,814,rival,2,329.2855288387328,180.44037706767782,14.799999999999926,0.0,255.34952420948235,299.63100963778504,142.94498353780014,,,,,,,,,
2,815,propio,1,277.94263273196157,475.63971472941404,13.599999999999929,0.0,136.92155453355255,,,,,,,,,,,
2,815,disparo,1,277.94263273196157,475.63971472941404,13.599999999999929,,136.92155453355255,,,,1.0,,,,,,,
2,816,propio,1,277.94263273196157,475.63971472941404,13.499999999999929,0.0,136.92155453355255,,,,,,,,,,,
2,817,propio,1,277.94263273196157,475.63971472941404,13.39999999999993,0.0,136.92155453355255,,,,,,,,,,,
2,818,propio,1,277.94263273196157,475.63971472941404,13.29999999999993,0.0,136.92155453355255,,,,,,,,,,,
2,819,propio,1,277.94263273196157,475.63971472941404,13.19999999999993,0.0,136.92155453355255,,,,,,,,,,,
2,820,propio,1,277.94263273196157,475.63971472941404,13.09999999999993,0.0,136.92155453355255,,,,,,,,,,,
2,821,propio,1,277.94263273196157,475.63971472941404,12.99999999999993,0.0,136.92155453355255,,,,,,,,,,,
2,822,propio,1,277.94263273196157,475.63971472941404,12.899999999999931,0.0,136.92155453355255,,,,,,,,,,,
2,822,rival,2,329.2855288387328,180.44037706767782,12.999999999999929,0.0,255.34952420948235,299.63100963778504,142.94498353780014,,,,,,,,,
2,823,propio,1,277.94263273196157,475.63971472941404,12.799999999999931,0.0,136.92155453355255,,,,,,,,,,,
2,824,propio,1,277.94263273196157,475.63971472941404,12.699999999999932,0.0,136.92155453355255,,,,,,,,,,,
2,825,propio,1,277.94263273196157,475.63971472941404,12.599999999999932,0.0,136.92155453355255,,,,,,,,,,,
2,826,propio,1,277.94263273196157,475.63971472941404,12.499999999999932,0.0,136.92155453355255,,,,,,,,,,,
2,827,propio,1,277.94263273196157,475.63971472941404,12.399999999999933,0.0,136.92155453355255,,,,,,,,,,,
2,828,propio,1,277.94263273196157,475.63971472941404,12.299999999999933,0.0,136.92155453355255,,,,,,,,,,,
2,829,propio,1,277.94263273196157,475.63971472941404,12.199999999999934,0.0,136.92155453355255,,,,,,,,,,,
2,830,propio,1,277.94263273196157,475.63971472941404,12.099999999999934,0.0,136.92155453355255,,,,,,,,,,,
2,830,rival,2,329.2855288387328,180.44037706767782,12.199999999999932,0.0,255.34952420948235,299.63100963778504,142.94498353780014,,,,,,,,,
2,831,propio,1,277.94263273196157,475.63971472941404,10.999999999999934,0.0,136.92155453355255,,,,,,,,,,,
2,831,disparo,1,277.94263273196157,475.63971472941404,10.999999999999934,,136.92155453355255,,,,1.0,,,,,,,
2,832,propio,1,277.94263273196157,475.63971472941404,10.899999999999935,0.0,136.92155453355255,,,,,,,,,,,
2,833,propio,1,277.94263273196157,475.63971472941404,10.799999999999935,0.0,136.92155453355255,,,,,,,,,,,
2,834,propio,1,277.94263273196157,475.63971472941404,10.699999999999935,0.0,136.92155453355255,,,,,,,,,,,
2,835,propio,1,277.94263273196157,475.63971472941404,10.599999999999936,0.0,136.92155453355255,,,,,,,,,,,
2,836,propio,1,277.94263273196157,475.63971472941404,10.499999999999936,0.0,136.92155453355255,,,,,,,,,,,
2,837,propio,1,277.94263273196157,475.63971472941404,10.399999999999936,0.0,136.92155453355255,,,,,,,,,,,
2,838,propio,1,277.94263273196157,475.63971472941404,10.299999999999937,0.0,136.92155453355255,,,,,,,,,,,
2,838,rival,2,329.2855288387328,180.44037706767782,10.399999999999935,0.0,255.34952420948235,299.63100963778504,142.94498353780014,,,,,,,,,
2,839,propio,1,277.94263273196157,475.63971472941404,10.199999999999937,0.0,136.92155453355255,,,,,,,,,,,
2,840,propio,1,277.94263273196157,475.63971472941404,10.099999999999937,0.0,136.92155453355255,,,,,,,,,,,
2,841,propio,1,277.94263273196157,475.63971472941404,9.999999999999938,0.0,136.92155453355255,,,,,,,,,,,
2,842,propio,1,277.94263273196157,475.63971472941404,9.899999999999938,0.0,136.92155453355255,,,,,,,,,,,
2,843,propio,1,277.94263273196157,475.63971472941404,9.799999999999939,0.0,136.92155453355255,,,,,,,,,,,
2,844,propio,1,277.94263273196157,475.63971472941404,9.699999999999939,0.0,136.92155453355255,,,,,,,,,,,
2,845,propio,1,277.94263273196157,475.63971472941404,9.59999999999994,0.0,136.92155453355255,,,,,,,,,,,
2,846,propio,1,277.94263273196157,475.63971472941404,9.49999999999994,0.0,136.92155453355255,,,,,,,,,,,
2,846,rival,2,329.2855288387328,180.44037706767782,9.599999999999937,0.0,255.34952420948235,299.63100963778504,142.94498353780014,,,,,,,,,
2,847,propio,1,277.94263273196157,475.63971472941404,8.39999999999994,0.0,136.92155453355255,,,,,,,,,,,
2,847,disparo,1,277.94263273196157,475.63971472941404,8.39999999999994,,136.92155453355255,,,,1.0,,,,,,,
2,848,propio,1,277.94263273196157,475.63971472941404,8.29999999999994,0.0,136.92155453355255,,,,,,,,,,,
2,849,propio,1,277.94263273196157,475.63971472941404,8.19999999999994,0.0,136.92155453355255,,,,,,,,,,,
2,850,propio,1,277.94263273196157,475.63971472941404,8.099999999999941,0.0,136.92155453355255,,,,,,,,,,,
2,851,propio,1,277.94263273196157,475.63971472941404,7.999999999999941,0.0,136.92155453355255,,,,,,,,,,,
2,852,propio,1,277.94263273196157,475.63971472941404,7.899999999999942,0.0,136.92155453355255,,,,,,,,,,,
2,853,propio,1,277.94263273196157,475.63971472941404,7.799999999999942,0.0,136.92155453355255,,,,,,,,,,,
2,854,propio,1,277.94263273196157,475.63971472941404,7.6999999999999424,0.0,136.92155453355255,,,,,,,,,,,
2,854,rival,2,329.2855288387328,180.44037706767782,7.79999999999994,0.0,255.34952420948235,299.63100963778504,142.94498353780014,,,,,,,,,
2,855,propio,1,277.94263273196157,475.63971472941404,7.599999999999943,0.0,136.92155453355255,,,,,,,,,,,
2,856,propio,1,277.94263273196157,475.63971472941404,7.499999999999943,0.0,136.92155453355255,,,,,,,,,,,
2,857,propio,1,277.94263273196157,475.63971472941404,7.3999999999999435,0.0,136.92155453355255,,,,,,,,,,,
2,858,propio,1,277.94263273196157,475.63971472941404,7.299999999999944,0.0,136.92155453355255,,,,,,,,,,,
2,859,propio,1,277.94263273196157,475.63971472941404,7.199999999999944,0.0,136.92155453355255,,,,,,,,,,,
2,860,propio,1,277.94263273196157,475.63971472941404,7.099999999999945,0.0,136.92155453355255,,,,,,,,,,,
2,861,propio,1,277.94263273196157,475.63971472941404,6.999999999999945,0.0,136.92155453355255,,,,,,,,,,,
2,862,propio,1,277.94263273196157,475.63971472941404,6.899999999999945,0.0,136.92155453355255,,,,,,,,,,,
2,862,rival,2,329.2855288387328,180.44037706767782,6.999999999999943,0.0,255.34952420948235,299.63100963778504,142.94498353780014,,,,,,,,,
2,863,propio,1,277.94263273196157,475.63971472941404,5.799999999999946,0.0,136.92155453355255,,,,,,,,,,,
2,863,disparo,1,277.94263273196157,475.63971472941404,5.799999999999946,,136.92155453355255,,,,1.0,,,,,,,
2,864,propio,1,277.94263273196157,475.63971472941404,5.699999999999946,0.0,136.92155453355255,,,,,,,,,,,
2,865,propio,1,277.94263273196157,475.63971472941404,5.599999999999946,0.0,136.92155453355255,,,,,,,,,,,
2,866,propio,1,277.94263273196157,475.63971472941404,5.499999999999947,0.0,136.92155453355255,,,,,,,,,,,
2,867,propio,1,277.94263273196157,475.63971472941404,5.399999999999947,0.0,136.92155453355255,,,,,,,,,,,
2,868,propio,1,277.94263273196157,475.63971472941404,5.299999999999947,0.0,136.92155453355255,,,,,,,,,,,
2,869,propio,1,277.94263273196157,475.63971472941404,5.199999999999948,0.0,136.92155453355255,,,,,,,,,,,
2,870,propio,1,277.94263273196157,475.63971472941404,5.099999999999948,0.0,136.92155453355255,,,,,,,,,,,
2,870,rival,2,329.2855288387328,180.44037706767782,5.199999999999946,0.0,255.34952420948235,299.63100963778504,142.94498353780014,,,,,,,,,
2,871,propio,1,277.94263273196157,475.63971472941404,4.9999999999999485,0.0,136.92155453355255,,,,,,,,,,,
2,872,propio,1,277.94263273196157,475.63971472941404,4.899999999999949,0.0,136.92155453355255,,,,,,,,,,,
2,873,propio,1,277.94263273196157,475.63971472941404,4.799999999999949,0.0,136.92155453355255,,,,,,,,,,,
2,874,propio,1,277.94263273196157,475.63971472941404,4.6999999999999496,0.0,136.92155453355255,,,,,,,,,,,
2,875,propio,1,277.94263273196157,475.63971472941404,4.59999999999995,0.0,136.92155453355255,,,,,,,,,,,
2,876,propio,1,277.94263273196157,475.63971472941404,4.49999999999995,0.0,136.92155453355255,,,,,,,,,,,
2,877,propio,1,277.94263273196157,475.63971472941404,4.399999999999951,0.0,136.92155453355255,,,,,,,,,,,
2,878,propio,1,277.94263273196157,475.63971472941404,4.299999999999951,0.0,136.92155453355255,,,,,,,,,,,
2,878,rival,2,329.2855288387328,180.44037706767782,4.399999999999949,0.0,255.34952420948235,299.63100963778504,142.94498353780014,,,,,,,,,
2,879,propio,1,277.94263273196157,475.63971472941404,3.199999999999951,0.0,136.92155453355255,,,,,,,,,,,
2,879,disparo,1,277.94263273196157,475.63971472941404,3.199999999999951,,136.92155453355255,,,,1.0,,,,,,,
2,880,propio,1,277.94263273196157,475.63971472941404,3.099999999999951,0.0,136.92155453355255,,,,,,,,,,,
2,881,propio,1,277.94263273196157,475.63971472941404,2.9999999999999507,0.0,136.92155453355255,,,,,,,,,,,
2,882,propio,1,277.94263273196157,475.63971472941404,2.8999999999999506,0.0,136.92155453355255,,,,,,,,,,,
2,883,propio,1,277.94263273196157,475.63971472941404,2.7999999999999505,0.0,136.92155453355255,,,,,,,,,,,
2,884,propio,1,277.94263273196157,475.63971472941404,2.6999999999999504,0.0,136.92155453355255,,,,,,,,,,,
2,885,propio,1,277.94263273196157,475.63971472941404,2.5999999999999504,0.0,136.92155453355255,,,,,,,,,,,
2,886,propio,1,277.94263273196157,475.63971472941404,2.4999999999999503,0.0,136.92155453355255,,,,,,,,,,,
2,886,rival,2,329.2855288387328,180.44037706767782,2.5999999999999495,0.0,255.34952420948235,299.63100963778504,142.94498353780014,,,,,,,,,
2,887,propio,1,277.94263273196157,475.63971472941404,2.39999999999995,0.0,136.92155453355255,,,,,,,,,,,
2,888,propio,1,277.94263273196157,475.63971472941404,2.29999999999995,0.0,136.92155453355255,,,,,,,,,,,
2,889,propio,1,277.94263273196157,475.63971472941404,2.19999999999995,0.0,136.92155453355255,,,,,,,,,,,
2,890,propio,1,277.94263273196157,475.63971472941404,2.09999999999995,0.0,136.92155453355255,,,,,,,,,,,
2,891,propio,1,277.94263273196157,475.63971472941404,1.9999999999999498,0.0,136.92155453355255,,,,,,,,,,,
2,892,propio,1,277.94263273196157,475.63971472941404,1.8999999999999497,0.0,136.92155453355255,,,,,,,,,,,
2,893,propio,1,277.94263273196157,475.63971472941404,1.7999999999999496,0.0,136.92155453355255,,,,,,,,,,,
2,894,propio,1,277.94263273196157,475.63971472941404,1.6999999999999496,0.0,136.92155453355255,,,,,,,,,,,
2,894,rival,2,329.2855288387328,180.44037706767782,1.7999999999999488,0.0,255.34952420948235,299.63100963778504,142.94498353780014,,,,,,,,,
2,895,propio,1,277.94263273196157,475.63971472941404,0.5999999999999496,0.0,136.92155453355255,,,,,,,,,,,
2,895,disparo,1,277.94263273196157,475.63971472941404,0.5999999999999496,,136.92155453355255,,,,1.0,,,,,,,
2,896,propio,1,277.94263273196157,475.63971472941404,0.4999999999999496,0.0,136.92155453355255,,,,,,,,,,,
2,897,propio,1,277.94263273196157,475.63971472941404,0.3999999999999496,0.0,136.92155453355255,,,,,,,,,,,
2,898,propio,1,277.94263273196157,475.63971472941404,0.29999999999994964,0.0,136.92155453355255,,,,,,,,,,,
2,899,propio,1,277.94263273196157,475.63971472941404,0.19999999999994963,0.0,136.92155453355255,,,,,,,,,,,
2,900,propio,1,277.94263273196157,475.63971472941404,0.09999999999994963,0.0,136.92155453355255,,,,,,,,,,,
2,901,propio,1,277.94263273196157,475.63971472941404,-5.037636974236648e-14,0.0,136.92155453355255,,,,,,,,,,,
2,901,fin_ronda,1,,,,,,,,,,,0,1,0.0,0.0,0.0,0.0
3,1,propio,1,523.8016451018632,121.63632488490148,100.0,0.0,84.37891458311074,,,,,,,,,,,
3,2,propio,1,523.8016451018632,121.63632488490148,100.0,0.0,84.37891458311074,,,,,,,,,,,
3,3,propio,1,523.8016451018632,121.63632488490148,100.0,0.0,84.37891458311074,,,,,,,,,,,
3,4,propio,1,523.8016451018632,121.63632488490148,100.0,0.0,84.37891458311074,,,,,,,,,,,
3,5,propio,1,523.8016451018632,121.63632488490148,100.0,0.0,84.37891458311074,,,,,,,,,,,
3,6,propio,1,523.8016451018632,121.63632488490148,100.0,0.0,84.37891458311074,,,,,,,,,,,
3,7,propio,1,523.8016451018632,121.63632488490148,100.0,0.0,84.37891458311074,,,,,,,,,,,
3,7,rival,2,68.76912223102273,176.371778688985,100.0,0.0,338.53593012412944,458.3127390476299,88.76198334826222,,,,,,,,,
3,8,propio,1,523.8016451018632,121.63632488490148,100.0,0.0,84.37891458311074,,,,,,,,,,,
3,8,rival,2,68.76912223102273,176.371778688985,100.0,0.0,338.53593012412944,458.3127390476299,88.76198334826222,,,,,,,,,
3,9,propio,1,523.8016451018632,121.63632488490148,100.0,0.0,84.37891458311074,,,,,,,,,,,
3,10,propio,1,523.8016451018632,121.63632488490148,100.0,0.0,84.37891458311074,,,,,,,,,,,
3,11,propio,1,523.8016451018632,121.63632488490148,100.0,0.0,84.37891458311074,,,,,,,,,,,
3,12,propio,1,523.8016451018632,121.63632488490148,100.0,0.0,84.37891458311074,,,,,,,,,,,
3,13,propio,1,523.8016451018632,121.63632488490148,100.0,0.0,84.37891458311074,,,,,,,,,,,
3,14,propio,1,523.8016451018632,121.63632488490148,100.0,0.0,84.37891458311074,,,,,,,,,,,
3,15,propio,1,523.8016451018632,121.63632488490148,100.0,0.0,84.37891458311074,,,,,,,,,,,
3,15,rival,2,68.76912223102273,176.371778688985,100.0,0.0,338.53593012412944,458.3127390476299,88.76198334826222,,,,,,,,,
3,16,propio,1,523.8016451018632,121.63632488490148,100.0,0.0,84.37891458311074,,,,,,,,,,,
3,16,rival,2,68.76912223102273,176.371778688985,100.0,0.0,338.53593012412944,458.3127390476299,88.76198334826222,,,,,,,,,
3,17,propio,1,523.8016451018632,121.63632488490148,100.0,0.0,84.37891458311074,,,,,,,,,,,
3,18,propio,1,523.8016451018632,121.63632488490148,100.0,0.0,84.37891458311074,,,,,,,,,,,
3,19,propio,1,523.8016451018632,121.63632488490148,100.0,0.0,84.37891458311074,,,,,,,,,,,
3,20,propio,1,523.8016451018632,121.63632488490148,100.0,0.0,84.37891458311074,,,,,,,,,,,
3,21,propio,1,523.8016451018632,121.63632488490148,100.0,0.0,84.37891458311074,,,,,,,,,,,
3,22,propio,1,523.8016451018632,121.63632488490148,100.0,0.0,84.37891458311074,,,,,,,,,,,
3,23,propio,1,523.8016451018632,121.63632488490148,100.0,0.0,84.37891458311074,,,,,,,,,,,
3,23,rival,2,68.76912223102273,176.371778688985,100.0,0.0,338.53593012412944,458.3127390476299,88.76198334826222,,,,,,,,,
3,24,propio,1,523.8016451018632,121.63632488490148,100.0,0.0,84.37891458311074,,,,,,,,,,,
3,24,rival,2,68.76912223102273,176.371778688985,100.0,0.0,338.53593012412944,458.3127390476299,88.76198334826222,,,,,,,,,
3,25,propio,1,523.8016451018632,121.63632488490148,100.0,0.0,84.37891458311074,,,,,,,,,,,
3,26,propio,1,523.8016451018632,121.63632488490148,100.0,0.0,84.37891458311074,,,,,,,,,,,
3,27,propio,1,523.8016451018632,121.63632488490148,100.0,0.0,84.37891458311074,,,,,,,,,,,
3,28,propio,1,523.8016451018632,121.63632488490148,100.0,0.0,84.37891458311074,,,,,,,,,,,
3,29,propio,1,523.8016451018632,121.63632488490148,100.0,0.0,84.37891458311074,,,,,,,,,,,
3,30,propio,1,523.8016451018632,121.63632488490148,100.0,0.0,84.37891458311074,,,,,,,,,,,
3,31,propio,1,523.8016451018632,121.63632488490148,100.0,0.0,84.37891458311074,,,,,,,,,,,
3,31,rival,2,68.76912223102273,176.371778688985,100.0,0.0,338.53593012412944,458.3127390476299,88.76198334826222,,,,,,,,,
3,32,propio,1,523.8016451018632,121.63632488490148,99.0,0.0,84.37891458311074,,,,,,,,,,,
3,32,disparo,1,523.8016451018632,121.63632488490148,99.0,,84.37891458311074,,,,1.0,,,,,,,
3,32,rival,2,68.76912223102273,176.371778688985,100.0,0.0,338.53593012412944,458.3127390476299,88.76198334826222,,,,,,,,,
3,33,propio,1,523.8016451018632,121.63632488490148,99.0,0.0,84.37891458311074,,,,,,,,,,,
3,34,propio,1,523.8016451018632,121.63632488490148,99.0,0.0,84.37891458311074,,,,,,,,,,,
3,35,propio,1,523.8016451018632,121.63632488490148,99.0,0.0,84.37891458311074,,,,,,,,,,,
3,36,propio,1,523.8016451018632,121.63632488490148,99.0,0.0,84.37891458311074,,,,,,,,,,,
3,37,propio,1,523.8016451018632,121.63632488490148,99.0,0.0,84.37891458311074,,,,,,,,,,,
3,38,propio,1,523.8016451018632,121.63632488490148,99.0,0.0,84.37891458311074,,,,,,,,,,,
3,39,propio,1,523.8016451018632,121.63632488490148,99.0,0.0,84.37891458311074,,,,,,,,,,,
3,39,rival,2,68.76912223102273,176.371778688985,99.0,0.0,338.53593012412944,458.3127390476299,88.76198334826222,,,,,,,,,
3,40,propio,1,523.8016451018632,121.63632488490148,99.0,0.0,84.37891458311074,,,,,,,,,,,
3,40,rival,2,68.76912223102273,176.371778688985,99.0,0.0,338.53593012412944,458.3127390476299,88.76198334826222,,,,,,,,,
3,41,propio,1,523.8016451018632,121.63632488490148,99.0,0.0,84.37891458311074,,,,,,,,,,,
3,42,propio,1,523.8016451018632,121.63632488490148,99.0,0.0,84.37891458311074,,,,,,,,,,,
3,43,propio,1,523.8016451018632,121.63632488490148,99.0,0.0,84.37891458311074,,,,,,,,,,,
3,44,propio,1,523.8016451018632,121.63632488490148,99.0,0.0,84.37891458311074,,,,,,,,,,,
3,45,propio,1,523.8016451018632,121.63632488490148,99.0,0.0,84.37891458311074,,,,,,,,,,,
3,46,propio,1,523.8016451018632,121.63632488490148,99.0,0.0,84.37891458311074,,,,,,,,,,,
3,47,propio,1,523.8016451018632,121.63632488490148,99.0,0.0,84.37891458311074,,,,,,,,,,,
3,47,rival,2,68.76912223102273,176.371778688985,99.0,0.0,338.53593012412944,458.3127390476299,88.76198334826222,,,,,,,,,
3,48,propio,1,523.8016451018632,121.63632488490148,98.0,0.0,84.37891458311074,,,,,,,,,,,
3,48,disparo,1,523.8016451018632,121.63632488490148,98.0,,84.37891458311074,,,,1.0,,,,,,,
3,48,rival,2,68.76912223102273,176.371778688985,99.0,0.0,338.53593012412944,458.3127390476299,88.76198334826222,,,,,,,,,
3,49,propio,1,523.8016451018632,121.63632488490148,98.0,0.0,84.37891458311074,,,,,,,,,,,
3,50,propio,1,523.8016451018632,121.63632488490148,98.0,0.0,84.37891458311074,,,,,,,,,,,
3,51,propio,1,523.8016451018632,121.63632488490148,98.0,0.0,84.37891458311074,,,,,,,,,,,
3,52,propio,1,523.8016451018632,121.63632488490148,98.0,0.0,84.37891458311074,,,,,,,,,,,
3,53,propio,1,523.8016451018632,121.63632488490148,98.0,0.0,84.37891458311074,,,,,,,,,,,
3,54,propio,1,523.8016451018632,121.63632488490148,98.0,0.0,84.37891458311074,,,,,,,,,,,
3,55,propio,1,523.8016451018632,121.63632488490148,98.0,0.0,84.37891458311074,,,,,,,,,,,
3,55,rival,2,68.76912223102273,176.371778688985,98.0,0.0,338.53593012412944,458.3127390476299,88.76198334826222,,,,,,,,,
3,56,propio,1,523.8016451018632,121.63632488490148,98.0,0.0,84.37891458311074,,,,,,,,,,,
3,56,rival,2,68.76912223102273,176.371778688985,98.0,0.0,338.53593012412944,458.3127390476299,88.76198334826222,,,,,,,,,
3,57,propio,1,523.8016451018632,121.63632488490148,98.0,0.0,84.37891458311074,,,,,,,,,,,
3,58,propio,1,523.8016451018632,121.63632488490148,94.0,0.0,84.37891458311074,,,,,,,,,,,
3,58,impacto_recibido,1,,,94.0,,,,,2,1.0,4.0,,,,,,
3,59,propio,1,523.8016451018632,121.63632488490148,94.0,0.0,84.37891458311074,,,,,,,,,,,
3,60,propio,1,523.8016451018632,121.63632488490148,94.0,0.0,84.37891458311074,,,,,,,,,,,
3,61,propio,1,523.8016451018632,121.63632488490148,94.0,0.0,84.37891458311074,,,,,,,,,,,
3,62,propio,1,523.8016451018632,121.63632488490148,94.0,0.0,84.37891458311074,,,,,,,,,,,
3,63,propio,1,523.8016451018632,121.63632488490148,94.0,0.0,84.37891458311074,,,,,,,,,,,
3,63,rival,2,68.76912223102273,176.371778688985,101.0,0.0,338.53593012412944,458.3127390476299,88.76198334826222,,,,,,,,,
3,64,propio,1,523.8016451018632,121.63632488490148,93.0,0.0,84.37891458311074,,,,,,,,,,,
3,64,disparo,1,523.8016451018632,121.63632488490148,93.0,,84.37891458311074,,,,1.0,,,,,,,
3,64,rival,2,68.76912223102273,176.371778688985,101.0,0.0,338.53593012412944,458.3127390476299,88.76198334826222,,,,,,,,,
3,65,propio,1,523.8016451018632,121.63632488490148,93.0,0.0,84.37891458311074,,,,,,,,,,,
3,66,propio,1,523.8016451018632,121.63632488490148,93.0,0.0,84.37891458311074,,,,,,,,,,,
3,67,propio,1,523.8016451018632,121.63632488490148,93.0,0.0,84.37891458311074,,,,,,,,,,,
3,68,propio,1,523.8016451018632,121.63632488490148,93.0,0.0,84.37891458311074,,,,,,,,,,,
3,69,propio,1,523.8016451018632,121.63632488490148,93.0,0.0,84.37891458311074,,,,,,,,,,,
3,70,propio,1,523.8016451018632,121.63632488490148,93.0,0.0,84.37891458311074,,,,,,,,,,,
3,71,propio,1,523.8016451018632,121.63632488490148,93.0,0.0,84.37891458311074,,,,,,,,,,,
3,71,rival,2,68.76912223102273,176.371778688985,100.0,0.0,338.53593012412944,458.3127390476299,88.76198334826222,,,,,,,,,
3,72,propio,1,523.8016451018632,121.63632488490148,93.0,0.0,84.37891458311074,,,,,,,,,,,
3,72,rival,2,68.76912223102273,176.371778688985,100.0,0.0,338.53593012412944,458.3127390476299,88.76198334826222,,,,,,,,,
3,73,propio,1,523.8016451018632,121.63632488490148,93.0,0.0,84.37891458311074,,,,,,,,,,,
3,74,propio,1,523.8016451018632,121.63632488490148,89.0,0.0,84.37891458311074,,,,,,,,,,,
3,74,impacto_recibido,1,,,89.0,,,,,2,1.0,4.0,,,,,,
3,75,propio,1,523.8016451018632,121.63632488490148,89.0,0.0,84.37891458311074,,,,,,,,,,,
3,76,propio,1,523.8016451018632,121.63632488490148,89.0,0.0,84.37891458311074,,,,,,,,,,,
3,77,propio,1,523.8016451018632,121.63632488490148,89.0,0.0,84.37891458311074,,,,,,,,,,,
3,78,propio,1,523.8016451018632,121.63632488490148,89.0,0.0,84.37891458311074,,,,,,,,,,,
3,79,propio,1,523.8016451018632,121.63632488490148,89.0,0.0,84.37891458311074,,,,,,,,,,,
3,79,rival,2,68.76912223102273,176.371778688985,103.0,0.0,338.53593012412944,458.3127390476299,88.76198334826222,,,,,,,,,
3,80,propio,1,523.8016451018632,121.63632488490148,88.0,0.0,84.37891458311074,,,,,,,,,,,
3,80,disparo,1,523.8016451018632,121.63632488490148,88.0,,84.37891458311074,,,,1.0,,,,,,,
3,80,rival,2,68.76912223102273,176.371778688985,103.0,0.0,338.53593012412944,458.3127390476299,88.76198334826222,,,,,,,,,
3,81,propio,1,523.8016451018632,121.63632488490148,88.0,0.0,84.37891458311074,,,,,,,,,,,
3,82,propio,1,523.8016451018632,121.63632488490148,88.0,0.0,84.37891458311074,,,,,,,,,,,
3,83,propio,1,523.8016451018632,121.63632488490148,88.0,0.0,84.37891458311074,,,,,,,,,,,
3,84,propio,1,523.8016451018632,121.63632488490148,88.0,0.0,84.37891458311074,,,,,,,,,,,
3,85,propio,1,523.8016451018632,121.63632488490148,88.0,0.0,84.37891458311074,,,,,,,,,,,
3,86,propio,1,523.8016451018632,121.63632488490148,88.0,0.0,84.37891458311074,,,,,,,,,,,
3,87,propio,1,523.8016451018632,121.63632488490148,88.0,0.0,84.37891458311074,,,,,,,,,,,
3,87,rival,2,68.76912223102273,176.371778688985,102.0,0.0,338.53593012412944,458.3127390476299,88.76198334826222,,,,,,,,,
3,88,propio,1,523.8016451018632,121.63632488490148,88.0,0.0,84.37891458311074,,,,,,,,,,,
3,88,rival,2,68.76912223102273,176.371778688985,102.0,0.0,338.53593012412944,458.3127390476299,88.76198334826222,,,,,,,,,
3,89,propio,1,523.8016451018632,121.63632488490148,88.0,0.0,84.37891458311074,,,,,,,,,,,
3,90,propio,1,523.8016451018632,121.63632488490148,84.0,0.0,84.37891458311074,,,,,,,,,,,
3,90,impacto_recibido,1,,,84.0,,,,,2,1.0,4.0,,,,,,
3,91,propio,1,523.8016451018632,121.63632488490148,84.0,0.0,84.37891458311074,,,,,,,,,,,
3,92,propio,1,523.8016451018632,121.63632488490148,84.0,0.0,84.37891458311074,,,,,,,,,,,
3,93,propio,1,523.8016451018632,121.63632488490148,84.0,0.0,84.37891458311074,,,,,,,,,,,
3,94,propio,1,523.8016451018632,121.63632488490148,84.0,0.0,84.37891458311074,,,,,,,,,,,
3,95,propio,1,523.8016451018632,121.63632488490148,84.0,0.0,84.37891458311074,,,,,,,,,,,
3,95,rival,2,68.76912223102273,176.371778688985,105.0,0.0,338.53593012412944,458.3127390476299,88.76198334826222,,,,,,,,,
3,96,propio,1,523.8016451018632,121.63632488490148,83.0,0.0,84.37891458311074,,,,,,,,,,,
3,96,disparo,1,523.8016451018632,121.63632488490148,83.0,,84.37891458311074,,,,1.0,,,,,,,
3,96,rival,2,68.76912223102273,176.371778688985,105.0,0.0,338.53593012412944,458.3127390476299,88.76198334826222,,,,,,,,,
3,97,propio,1,523.8016451018632,121.63632488490148,83.0,0.0,84.37891458311074,,,,,,,,,,,
3,98,propio,1,523.8016451018632,121.63632488490148,83.0,0.0,84.37891458311074,,,,,,,,,,,
3,99,propio,1,523.8016451018632,121.63632488490148,83.0,0.0,84.37891458311074,,,,,,,,,,,
3,100,propio,1,523.8016451018632,121.63632488490148,83.0,0.0,84.37891458311074,,,,,,,,,,,
3,101,propio,1,523.8016451018632,121.63632488490148,83.0,0.0,84.37891458311074,,,,,,,,,,,
3,102,propio,1,523.8016451018632,121.63632488490148,83.0,0.0,84.37891458311074,,,,,,,,,,,
3,103,propio,1,523.8016451018632,121.63632488490148,83.0,0.0,84.37891458311074,,,,,,,,,,,
3,103,rival,2,68.76912223102273,176.371778688985,104.0,0.0,338.53593012412944,458.3127390476299,88.76198334826222,,,,,,,,,
3,104,propio,1,523.8016451018632,121.63632488490148,83.0,0.0,84.37891458311074,,,,,,,,,,,
3,104,rival,2,68.76912223102273,176.371778688985,104.0,0.0,338.53593012412944,458.3127390476299,88.76198334826222,,,,,,,,,
3,105,propio,1,523.8016451018632,121.63632488490148,83.0,0.0,84.37891458311074,,,,,,,,,,,
3,106,propio,1,523.8016451018632,121.63632488490148,79.0,0.0,84.37891458311074,,,,,,,,,,,
3,106,impacto_recibido,1,,,79.0,,,,,2,1.0,4.0,,,,,,
3,107,propio,1,523.8016451018632,121.63632488490148,79.0,0.0,84.37891458311074,,,,,,,,,,,
3,108,propio,1,523.8016451018632,121.63632488490148,79.0,0.0,84.37891458311074,,,,,,,,,,,
3,109,propio,1,523.8016451018632,121.63632488490148,79.0,0.0,84.37891458311074,,,,,,,,,,,
3,110,propio,1,523.8016451018632,121.63632488490148,79.0,0.0,84.37891458311074,,,,,,,,,,,
3,111,propio,1,523.8016451018632,121.63632488490148,79.0,0.0,84.37891458311074,,,,,,,,,,,
3,111,rival,2,68.76912223102273,176.371778688985,107.0,0.0,338.53593012412944,458.3127390476299,88.76198334826222,,,,,,,,,
3,112,propio,1,523.8016451018632,121.63632488490148,78.0,0.0,84.37891458311074,,,,,,,,,,,
3,112,disparo,1,523.8016451018632,121.63632488490148,78.0,,84.37891458311074,,,,1.0,,,,,,,
3,112,rival,2,68.76912223102273,176.371778688985,107.0,0.0,338.53593012412944,458.3127390476299,88.76198334826222,,,,,,,,,
3,113,propio,1,523.8016451018632,121.63632488490148,78.0,0.0,84.37891458311074,,,,,,,,,,,
3,114,propio,1,523.8016451018632,121.63632488490148,78.0,0.0,84.37891458311074,,,,,,,,,,,
3,115,propio,1,523.8016451018632,121.63632488490148,78.0,0.0,84.37891458311074,,,,,,,,,,,
3,116,propio,1,523.8016451018632,121.63632488490148,78.0,0.0,84.37891458311074,,,,,,,,,,,
3,117,propio,1,523.8016451018632,121.63632488490148,78.0,0.0,84.37891458311074,,,,,,,,,,,
3,118,propio,1,523.8016451018632,121.63632488490148,78.0,0.0,84.37891458311074,,,,,,,,,,,
3,119,propio,1,523.8016451018632,121.63632488490148,78.0,0.0,84.37891458311074,,,,,,,,,,,
3,119,rival,2,68.76912223102273,176.371778688985,106.0,0.0,338.53593012412944,458.3127390476299,88.76198334826222,,,,,,,,,
3,120,propio,1,523.8016451018632,121.63632488490148,78.0,0.0,84.37891458311074,,,,,,,,,,,
3,120,rival,2,68.76912223102273,176.371778688985,106.0,0.0,338.53593012412944,458.3127390476299,88.76198334826222,,,,,,,,,
3,121,propio,1,523.8016451018632,121.63632488490148,78.0,0.0,84.37891458311074,,,,,,,,,,,
3,122,propio,1,523.8016451018632,121.63632488490148,74.0,0.0,84.37891458311074,,,,,,,,,,,
3,122,impacto_recibido,1,,,74.0,,,,,2,1.0,4.0,,,,,,
3,123,propio,1,523.8016451018632,121.63632488490148,74.0,0.0,84.37891458311074,,,,,,,,,,,
3,124,propio,1,523.8016451018632,121.63632488490148,74.0,0.0,84.37891458311074,,,,,,,,,,,
3,125,propio,1,523.8016451018632,121.63632488490148,74.0,0.0,84.37891458311074,,,,,,,,,,,
3,126,propio,1,523.8016451018632,121.63632488490148,74.0,0.0,84.37891458311074,,,,,,,,,,,
3,127,propio,1,523.8016451018632,121.63632488490148,74.0,0.0,84.37891458311074,,,,,,,,,,,
3,127,rival,2,68.76912223102273,176.371778688985,109.0,0.0,338.53593012412944,458.3127390476299,88.76198334826222,,,,,,,,,
3,128,propio,1,523.8016451018632,121.63632488490148,73.0,0.0,84.37891458311074,,,,,,,,,,,
3,128,disparo,1,523.8016451018632,121.63632488490148,73.0,,84.37891458311074,,,,1.0,,,,,,,
3,128,rival,2,68.76912223102273,176.371778688985,109.0,0.0,338.53593012412944,458.3127390476299,88.76198334826222,,,,,,,,,
3,129,propio,1,523.8016451018632,121.63632488490148,73.0,0.0,84.37891458311074,,,,,,,,,,,
3,130,propio,1,523.8016451018632,121.63632488490148,73.0,0.0,84.37891458311074,,,,,,,,,,,
3,131,propio,1,523.8016451018632,121.63632488490148,73.0,0.0,84.37891458311074,,,,,,,,,,,
3,132,propio,1,523.8016451018632,121.63632488490148,73.0,0.0,84.37891458311074,,,,,,,,,,,
3,133,propio,1,523.8016451018632,121.63632488490148,73.0,0.0,84.37891458311074,,,,,,,,,,,
3,134,propio,1,523.8016451018632,121.63632488490148,73.0,0.0,84.37891458311074,,,,,,,,,,,
3,135,propio,1,523.8016451018632,121.63632488490148,73.0,0.0,84.37891458311074,,,,,,,,,,,
3,135,rival,2,68.76912223102273,176.371778688985,108.0,0.0,338.53593012412944,458.3127390476299,88.76198334826222,,,,,,,,,
3,136,propio,1,523.8016451018632,121.63632488490148,73.0,0.0,84.37891458311074,,,,,,,,,,,
3,136,rival,2,68.76912223102273,176.371778688985,108.0,0.0,338.53593012412944,458.3127390476299,88.76198334826222,,,,,,,,,
3,137,propio,1,523.8016451018632,121.63632488490148,73.0,0.0,84.37891458311074,,,,,,,,,,,
3,138,propio,1,523.8016451018632,121.63632488490148,69.0,0.0,84.37891458311074,,,,,,,,,,,
3,138,impacto_recibido,1,,,69.0,,,,,2,1.0,4.0,,,,,,
3,139,propio,1,523.8016451018632,121.63632488490148,69.0,0.0,84.37891458311074,,,,,,,,,,,
3,140,propio,1,523.8016451018632,121.63632488490148,69.0,0.0,84.37891458311074,,,,,,,,,,,
3,141,propio,1,523.8016451018632,121.63632488490148,69.0,0.0,84.37891458311074,,,,,,,,,,,
3,142,propio,1,523.8016451018632,121.63632488490148,69.0,0.0,84.37891458311074,,,,,,,,,,,
3,143,propio,1,523.8016451018632,121.63632488490148,69.0,0.0,84.37891458311074,,,,,,,,,,,
3,143,rival,2,68.76912223102273,176.371778688985,111.0,0.0,338.53593012412944,458.3127390476299,88.76198334826222,,,,,,,,,
3,144,propio,1,523.8016451018632,121.63632488490148,68.0,0.0,84.37891458311074,,,,,,,,,,,
3,144,disparo,1,523.8016451018632,121.63632488490148,68.0,,84.37891458311074,,,,1.0,,,,,,,
3,144,rival,2,68.76912223102273,176.371778688985,111.0,0.0,338.53593012412944,458.3127390476299,88.76198334826222,,,,,,,,,
3,145,propio,1,523.8016451018632,121.63632488490148,68.0,0.0,84.37891458311074,,,,,,,,,,,
3,146,propio,1,523.8016451018632,121.63632488490148,68.0,0.0,84.37891458311074,,,,,,,,,,,
3,147,propio,1,523.8016451018632,121.63632488490148,68.0,0.0,84.37891458311074,,,,,,,,,,,
3,148,propio,1,523.8016451018632,121.63632488490148,68.0,0.0,84.37891458311074,,,,,,,,,,,
3,149,propio,1,523.8016451018632,121.63632488490148,68.0,0.0,84.37891458311074,,,,,,,,,,,
3,150,propio,1,523.8016451018632,121.63632488490148,68.0,0.0,84.37891458311074,,,,,,,,,,,
3,151,propio,1,523.8016451018632,121.63632488490148,68.0,0.0,84.37891458311074,,,,,,,,,,,
3,151,rival,2,68.76912223102273,176.371778688985,110.0,0.0,338.53593012412944,458.3127390476299,88.76198334826222,,,,,,,,,
3,152,propio,1,523.8016451018632,121.63632488490148,68.0,0.0,84.37891458311074,,,,,,,,,,,
3,152,rival,2,68.76912223102273,176.371778688985,110.0,0.0,338.53593012412944,458.3127390476299,88.76198334826222,,,,,,,,,
3,153,propio,1,523.8016451018632,121.63632488490148,68.0,0.0,84.37891458311074,,,,,,,,,,,
3,154,propio,1,523.8016451018632,121.63632488490148,64.0,0.0,84.37891458311074,,,,,,,,,,,
3,154,impacto_recibido,1,,,64.0,,,,,2,1.0,4.0,,,,,,
3,155,propio,1,523.8016451018632,121.63632488490148,64.0,0.0,84.37891458311074,,,,,,,,,,,
3,156,propio,1,523.8016451018632,121.63632488490148,64.0,0.0,84.37891458311074,,,,,,,,,,,
3,157,propio,1,523.8016451018632,121.63632488490148,64.0,0.0,84.37891458311074,,,,,,,,,,,
3,158,propio,1,523.8016451018632,121.63632488490148,64.0,0.0,84.37891458311074,,,,,,,,,,,
3,159,propio,1,523.8016451018632,121.63632488490148,64.0,0.0,84.37891458311074,,,,,,,,,,,
3,159,rival,2,68.76912223102273,176.371778688985,113.0,0.0,338.53593012412944,458.3127390476299,88.76198334826222,,,,,,,,,
3,160,propio,1,523.8016451018632,121.63632488490148,63.0,0.0,84.37891458311074,,,,,,,,,,,
3,160,disparo,1,523.8016451018632,121.63632488490148,63.0,,84.37891458311074,,,,1.0,,,,,,,
3,160,rival,2,68.76912223102273,176.371778688985,113.0,0.0,338.53593012412944,458.3127390476299,88.76198334826222,,,,,,,,,
3,161,propio,1,523.8016451018632,121.63632488490148,63.0,0.0,84.37891458311074,,,,,,,,,,,
3,162,propio,1,523.8016451018632,121.63632488490148,63.0,0.0,84.37891458311074,,,,,,,,,,,
3,163,propio,1,523.8016451018632,121.63632488490148,63.0,0.0,84.37891458311074,,,,,,,,,,,
3,164,propio,1,523.8016451018632,121.63632488490148,63.0,0.0,84.37891458311074,,,,,,,,,,,
3,165,propio,1,523.8016451018632,121.63632488490148,63.0,0.0,84.37891458311074,,,,,,,,,,,
3,166,propio,1,523.8016451018632,121.63632488490148,63.0,0.0,84.37891458311074,,,,,,,,,,,
3,167,propio,1,523.8016451018632,121.63632488490148,63.0,0.0,84.37891458311074,,,,,,,,,,,
3,167,rival,2,68.76912223102273,176.371778688985,112.0,0.0,338.53593012412944,458.3127390476299,88.76198334826222,,,,,,,,,
3,168,propio,1,523.8016451018632,121.63632488490148,63.0,0.0,84.37891458311074,,,,,,,,,,,
3,168,rival,2,68.76912223102273,176.371778688985,112.0,0.0,338.53593012412944,458.3127390476299,88.76198334826222,,,,,,,,,
3,169,propio,1,523.8016451018632,121.63632488490148,63.0,0.0,84.37891458311074,,,,,,,,,,,
3,170,propio,1,523.8016451018632,121.63632488490148,59.0,0.0,84.37891458311074,,,,,,,,,,,
3,170,impacto_recibido,1,,,59.0,,,,,2,1.0,4.0,,,,,,
3,171,propio,1,523.8016451018632,121.63632488490148,59.0,0.0,84.37891458311074,,,,,,,,,,,
3,172,propio,1,523.8016451018632,121.63632488490148,59.0,0.0,84.37891458311074,,,,,,,,,,,
3,173,propio,1,523.8016451018632,121.63632488490148,59.0,0.0,84.37891458311074,,,,,,,,,,,
3,174,propio,1,523.8016451018632,121.63632488490148,59.0,0.0,84.37891458311074,,,,,,,,,,,
3,175,propio,1,523.8016451018632,121.63632488490148,59.0,0.0,84.37891458311074,,,,,,,,,,,
3,175,rival,2,68.76912223102273,176.371778688985,115.0,0.0,338.53593012412944,458.3127390476299,88.76198334826222,,,,,,,,,
3,176,propio,1,523.8016451018632,121.63632488490148,58.0,0.0,84.37891458311074,,,,,,,,,,,
3,176,disparo,1,523.8016451018632,121.63632488490148,58.0,,84.37891458311074,,,,1.0,,,,,,,
3,176,rival,2,68.76912223102273,176.371778688985,115.0,0.0,338.53593012412944,458.3127390476299,88.76198334826222,,,,,,,,,
3,177,propio,1,523.8016451018632,121.63632488490148,58.0,0.0,84.37891458311074,,,,,,,,,,,
3,178,propio,1,523.8016451018632,121.63632488490148,58.0,0.0,84.37891458311074,,,,,,,,,,,
3,179,propio,1,523.8016451018632,121.63632488490148,58.0,0.0,84.37891458311074,,,,,,,,,,,
3,180,propio,1,523.8016451018632,121.63632488490148,58.0,0.0,84.37891458311074,,,,,,,,,,,
3,181,propio,1,523.8016451018632,121.63632488490148,58.0,0.0,84.37891458311074,,,,,,,,,,,
3,182,propio,1,523.8016451018632,121.63632488490148,58.0,0.0,84.37891458311074,,,,,,,,,,,
3,183,propio,1,523.8016451018632,121.63632488490148,58.0,0.0,84.37891458311074,,,,,,,,,,,
3,183,rival,2,68.76912223102273,176.371778688985,114.0,0.0,338.53593012412944,458.3127390476299,88.76198334826222,,,,,,,,,
3,184,propio,1,523.8016451018632,121.63632488490148,58.0,0.0,84.37891458311074,,,,,,,,,,,
3,184,rival,2,68.76912223102273,176.371778688985,114.0,0.0,338.53593012412944,458.3127390476299,88.76198334826222,,,,,,,,,
3,185,propio,1,523.8016451018632,121.63632488490148,58.0,0.0,84.37891458311074,,,,,,,,,,,
3,186,propio,1,523.8016451018632,121.63632488490148,54.0,0.0,84.37891458311074,,,,,,,,,,,
3,186,impacto_recibido,1,,,54.0,,,,,2,1.0,4.0,,,,,,
3,187,propio,1,523.8016451018632,121.63632488490148,54.0,0.0,84.37891458311074,,,,,,,,,,,
3,188,propio,1,523.8016451018632,121.63632488490148,54.0,0.0,84.37891458311074,,,,,,,,,,,
3,189,propio,1,523.8016451018632,121.63632488490148,54.0,0.0,84.37891458311074,,,,,,,,,,,
3,190,propio,1,523.8016451018632,121.63632488490148,54.0,0.0,84.37891458311074,,,,,,,,,,,
3,191,propio,1,523.8016451018632,121.63632488490148,54.0,0.0,84.37891458311074,,,,,,,,,,,
3,191,rival,2,68.76912223102273,176.371778688985,117.0,0.0,338.53593012412944,458.3127390476299,88.76198334826222,,,,,,,,,
3,192,propio,1,523.8016451018632,121.63632488490148,53.0,0.0,84.37891458311074,,,,,,,,,,,
3,192,disparo,1,523.8016451018632,121.63632488490148,53.0,,84.37891458311074,,,,1.0,,,,,,,
3,192,rival,2,68.76912223102273,176.371778688985,117.0,0.0,338.53593012412944,458.3127390476299,88.76198334826222,,,,,,,,,
3,193,propio,1,523.8016451018632,121.63632488490148,53.0,0.0,84.37891458311074,,,,,,,,,,,
3,194,propio,1,523.8016451018632,121.63632488490148,53.0,0.0,84.37891458311074,,,,,,,,,,,
3,195,propio,1,523.8016451018632,121.63632488490148,53.0,0.0,84.37891458311074,,,,,,,,,,,
3,196,propio,1,523.8016451018632,121.63632488490148,53.0,0.0,84.37891458311074,,,,,,,,,,,
3,197,propio,1,523.8016451018632,121.63632488490148,53.0,0.0,84.37891458311074,,,,,,,,,,,
3,198,propio,1,523.8016451018632,121.63632488490148,53.0,0.0,84.37891458311074,,,,,,,,,,,
3,199,propio,1,523.8016451018632,121.63632488490148,53.0,0.0,84.37891458311074,,,,,,,,,,,
3,199,rival,2,68.76912223102273,176.371778688985,116.0,0.0,338.53593012412944,458.3127390476299,88.76198334826222,,,,,,,,,
3,200,propio,1,523.8016451018632,121.63632488490148,53.0,0.0,84.37891458311074,,,,,,,,,,,
3,200,rival,2,68.76912223102273,176.371778688985,116.0,0.0,338.53593012412944,458.3127390476299,88.76198334826222,,,,,,,,,
3,201,propio,1,523.8016451018632,121.63632488490148,53.0,0.0,84.37891458311074,,,,,,,,,,,
3,202,propio,1,523.8016451018632,121.63632488490148,49.0,0.0,84.37891458311074,,,,,,,,,,,
3,202,impacto_recibido,1,,,49.0,,,,,2,1.0,4.0,,,,,,
3,203,propio,1,523.8016451018632,121.63632488490148,49.0,0.0,84.37891458311074,,,,,,,,,,,
3,204,propio,1,523.8016451018632,121.63632488490148,49.0,0.0,84.37891458311074,,,,,,,,,,,
3,205,propio,1,523.8016451018632,121.63632488490148,49.0,0.0,84.37891458311074,,,,,,,,,,,
3,206,propio,1,523.8016451018632,121.63632488490148,49.0,0.0,84.37891458311074,,,,,,,,,,,
3,207,propio,1,523.8016451018632,121.63632488490148,49.0,0.0,84.37891458311074,,,,,,,,,,,
3,207,rival,2,68.76912223102273,176.371778688985,119.0,0.0,338.53593012412944,458.3127390476299,88.76198334826222,,,,,,,,,
3,208,propio,1,523.8016451018632,121.63632488490148,48.0,0.0,84.37891458311074,,,,,,,,,,,
3,208,disparo,1,523.8016451018632,121.63632488490148,48.0,,84.37891458311074,,,,1.0,,,,,,,
3,208,rival,2,68.76912223102273,176.371778688985,119.0,0.0,338.53593012412944,458.3127390476299,88.76198334826222,,,,,,,,,
3,209,propio,1,523.8016451018632,121.63632488490148,48.0,0.0,84.37891458311074,,,,,,,,,,,
3,210,propio,1,523.8016451018632,121.63632488490148,48.0,0.0,84.37891458311074,,,,,,,,,,,
3,211,propio,1,523.8016451018632,121.63632488490148,48.0,0.0,84.37891458311074,,,,,,,,,,,
3,212,propio,1,523.8016451018632,121.63632488490148,48.0,0.0,84.37891458311074,,,,,,,,,,,
3,213,propio,1,523.8016451018632,121.63632488490148,48.0,0.0,84.37891458311074,,,,,,,,,,,
3,214,propio,1,523.8016451018632,121.63632488490148,48.0,0.0,84.37891458311074,,,,,,,,,,,
3,215,propio,1,523.8016451018632,121.63632488490148,48.0,0.0,84.37891458311074,,,,,,,,,,,
3,215,rival,2,68.76912223102273,176.371778688985,118.0,0.0,338.53593012412944,458.3127390476299,88.76198334826222,,,,,,,,,
3,216,propio,1,523.8016451018632,121.63632488490148,48.0,0.0,84.37891458311074,,,,,,,,,,,
3,216,rival,2,68.76912223102273,176.371778688985,118.0,0.0,338.53593012412944,458.3127390476299,88.76198334826222,,,,,,,,,
3,217,propio,1,523.8016451018632,121.63632488490148,48.0,0.0,84.37891458311074,,,,,,,,,,,
3,218,propio,1,523.8016451018632,121.63632488490148,44.0,0.0,84.37891458311074,,,,,,,,,,,
3,218,impacto_recibido,1,,,44.0,,,,,2,1.0,4.0,,,,,,
3,219,propio,1,523.8016451018632,121.63632488490148,44.0,0.0,84.37891458311074,,,,,,,,,,,
3,220,propio,1,523.8016451018632,121.63632488490148,44.0,0.0,84.37891458311074,,,,,,,,,,,
3,221,propio,1,523.8016451018632,121.63632488490148,44.0,0.0,84.37891458311074,,,,,,,,,,,
3,222,propio,1,523.8016451018632,121.63632488490148,44.0,0.0,84.37891458311074,,,,,,,,,,,
3,223,propio,1,523.8016451018632,121.63632488490148,44.0,0.0,84.37891458311074,,,,,,,,,,,
3,223,rival,2,68.76912223102273,176.371778688985,121.0,0.0,338.53593012412944,458.3127390476299,88.76198334826222,,,,,,,,,
3,224,propio,1,523.8016451018632,121.63632488490148,43.0,0.0,84.37891458311074,,,,,,,,,,,
3,224,disparo,1,523.8016451018632,121.63632488490148,43.0,,84.37891458311074,,,,1.0,,,,,,,
3,224,rival,2,68.76912223102273,176.371778688985,121.0,0.0,338.53593012412944,458.3127390476299,88.76198334826222,,,,,,,,,
3,225,propio,1,523.8016451018632,121.63632488490148,43.0,0.0,84.37891458311074,,,,,,,,,,,
3,226,propio,1,523.8016451018632,121.63632488490148,43.0,0.0,84.37891458311074,,,,,,,,,,,
3,227,propio,1,523.8016451018632,121.63632488490148,43.0,0.0,84.37891458311074,,,,,,,,,,,
3,228,propio,1,523.8016451018632,121.63632488490148,43.0,0.0,84.37891458311074,,,,,,,,,,,
3,229,propio,1,523.8016451018632,121.63632488490148,43.0,0.0,84.37891458311074,,,,,,,,,,,
3,230,propio,1,523.8016451018632,121.63632488490148,43.0,0.0,84.37891458311074,,,,,,,,,,,
3,231,propio,1,523.8016451018632,121.63632488490148,43.0,0.0,84.37891458311074,,,,,,,,,,,
3,231,rival,2,68.76912223102273,176.371778688985,120.0,0.0,338.53593012412944,458.3127390476299,88.76198334826222,,,,,,,,,
3,232,propio,1,523.8016451018632,121.63632488490148,43.0,0.0,84.37891458311074,,,,,,,,,,,
3,232,rival,2,68.76912223102273,176.371778688985,120.0,0.0,338.53593012412944,458.3127390476299,88.76198334826222,,,,,,,,,
3,233,propio,1,523.8016451018632,121.63632488490148,43.0,0.0,84.37891458311074,,,,,,,,,,,
3,234,propio,1,523.8016451018632,121.63632488490148,39.0,0.0,84.37891458311074,,,,,,,,,,,
3,234,impacto_recibido,1,,,39.0,,,,,2,1.0,4.0,,,,,,
3,235,propio,1,523.8016451018632,121.63632488490148,39.0,0.0,84.37891458311074,,,,,,,,,,,
3,236,propio,1,523.8016451018632,121.63632488490148,39.0,0.0,84.37891458311074,,,,,,,,,,,
3,237,propio,1,523.8016451018632,121.63632488490148,39.0,0.0,84.37891458311074,,,,,,,,,,,
3,238,propio,1,523.8016451018632,121.63632488490148,39.0,0.0,84.37891458311074,,,,,,,,,,,
3,239,propio,1,523.8016451018632,121.63632488490148,39.0,0.0,84.37891458311074,,,,,,,,,,,
3,239,rival,2,68.76912223102273,176.371778688985,123.0,0.0,338.53593012412944,458.3127390476299,88.76198334826222,,,,,,,,,
3,240,propio,1,523.8016451018632,121.63632488490148,38.0,0.0,84.37891458311074,,,,,,,,,,,
3,240,disparo,1,523.8016451018632,121.63632488490148,38.0,,84.37891458311074,,,,1.0,,,,,,,
3,240,rival,2,68.76912223102273,176.371778688985,123.0,0.0,338.53593012412944,458.3127390476299,88.76198334826222,,,,,,,,,
3,241,propio,1,523.8016451018632,121.63632488490148,38.0,0.0,84.37891458311074,,,,,,,,,,,
3,242,propio,1,523.8016451018632,121.63632488490148,38.0,0.0,84.37891458311074,,,,,,,,,,,
3,243,propio,1,523.8016451018632,121.63632488490148,38.0,0.0,84.37891458311074,,,,,,,,,,,
3,244,propio,1,523.8016451018632,121.63632488490148,38.0,0.0,84.37891458311074,,,,,,,,,,,
3,245,propio,1,523.8016451018632,121.63632488490148,38.0,0.0,84.37891458311074,,,,,,,,,,,
3,246,propio,1,523.8016451018632,121.63632488490148,38.0,0.0,84.37891458311074,,,,,,,,,,,
3,247,propio,1,523.8016451018632,121.63632488490148,38.0,0.0,84.37891458311074,,,,,,,,,,,
3,247,rival,2,68.76912223102273,176.371778688985,122.0,0.0,338.53593012412944,458.3127390476299,88.76198334826222,,,,,,,,,
3,248,propio,1,523.8016451018632,121.63632488490148,38.0,0.0,84.37891458311074,,,,,,,,,,,
3,248,rival,2,68.76912223102273,176.371778688985,122.0,0.0,338.53593012412944,458.3127390476299,88.76198334826222,,,,,,,,,
3,249,propio,1,523.8016451018632,121.63632488490148,38.0,0.0,84.37891458311074,,,,,,,,,,,
3,250,propio,1,523.8016451018632,121.63632488490148,34.0,0.0,84.37891458311074,,,,,,,,,,,
3,250,impacto_recibido,1,,,34.0,,,,,2,1.0,4.0,,,,,,
3,251,propio,1,523.8016451018632,121.63632488490148,34.0,0.0,84.37891458311074,,,,,,,,,,,
3,252,propio,1,523.8016451018632,121.63632488490148,34.0,0.0,84.37891458311074,,,,,,,,,,,
3,253,propio,1,523.8016451018632,121.63632488490148,34.0,0.0,84.37891458311074,,,,,,,,,,,
3,254,propio,1,523.8016451018632,121.63632488490148,34.0,0.0,84.37891458311074,,,,,,,,,,,
3,255,propio,1,523.8016451018632,121.63632488490148,34.0,0.0,84.37891458311074,,,,,,,,,,,
3,255,rival,2,68.76912223102273,176.371778688985,125.0,0.0,338.53593012412944,458.3127390476299,88.76198334826222,,,,,,,,,
3,256,propio,1,523.8016451018632,121.63632488490148,33.0,0.0,84.37891458311074,,,,,,,,,,,
3,256,disparo,1,523.8016451018632,121.63632488490148,33.0,,84.37891458311074,,,,1.0,,,,,,,
3,256,rival,2,68.76912223102273,176.371778688985,125.0,0.0,338.53593012412944,458.3127390476299,88.76198334826222,,,,,,,,,
3,257,propio,1,523.8016451018632,121.63632488490148,33.0,0.0,84.37891458311074,,,,,,,,,,,
3,258,propio,1,523.8016451018632,121.63632488490148,33.0,0.0,84.37891458311074,,,,,,,,,,,
3,259,propio,1,523.8016451018632,121.63632488490148,33.0,0.0,84.37891458311074,,,,,,,,,,,
3,260,propio,1,523.8016451018632,121.63632488490148,33.0,0.0,84.37891458311074,,,,,,,,,,,
3,261,propio,1,523.8016451018632,121.63632488490148,33.0,0.0,84.37891458311074,,,,,,,,,,,
3,262,propio,1,523.8016451018632,121.63632488490148,33.0,0.0,84.37891458311074,,,,,,,,,,,
3,263,propio,1,523.8016451018632,121.63632488490148,33.0,0.0,84.37891458311074,,,,,,,,,,,
3,263,rival,2,68.76912223102273,176.371778688985,124.0,0.0,338.53593012412944,458.3127390476299,88.76198334826222,,,,,,,,,
3,264,propio,1,523.8016451018632,121.63632488490148,33.0,0.0,84.37891458311074,,,,,,,,,,,
3,264,rival,2,68.76912223102273,176.371778688985,124.0,0.0,338.53593012412944,458.3127390476299,88.76198334826222,,,,,,,,,
3,265,propio,1,523.8016451018632,121.63632488490148,33.0,0.0,84.37891458311074,,,,,,,,,,,
3,266,propio,1,523.8016451018632,121.63632488490148,29.0,0.0,84.37891458311074,,,,,,,,,,,
3,266,impacto_recibido,1,,,29.0,,,,,2,1.0,4.0,,,,,,
3,267,propio,1,523.8016451018632,121.63632488490148,29.0,0.0,84.37891458311074,,,,,,,,,,,
3,268,propio,1,523.8016451018632,121.63632488490148,29.0,0.0,84.37891458311074,,,,,,,,,,,
3,269,propio,1,523.8016451018632,121.63632488490148,29.0,0.0,84.37891458311074,,,,,,,,,,,
3,270,propio,1,523.8016451018632,121.63632488490148,29.0,0.0,84.37891458311074,,,,,,,,,,,
3,271,propio,1,523.8016451018632,121.63632488490148,29.0,0.0,84.37891458311074,,,,,,,,,,,
3,271,rival,2,68.76912223102273,176.371778688985,127.0,0.0,338.53593012412944,458.3127390476299,88.76198334826222,,,,,,,,,
3,272,propio,1,523.8016451018632,121.63632488490148,28.0,0.0,84.37891458311074,,,,,,,,,,,
3,272,disparo,1,523.8016451018632,121.63632488490148,28.0,,84.37891458311074,,,,1.0,,,,,,,
3,272,rival,2,68.76912223102273,176.371778688985,127.0,0.0,338.53593012412944,458.3127390476299,88.76198334826222,,,,,,,,,
3,273,propio,1,523.8016451018632,121.63632488490148,28.0,0.0,84.37891458311074,,,,,,,,,,,
3,274,propio,1,523.8016451018632,121.63632488490148,28.0,0.0,84.37891458311074,,,,,,,,,,,
3,275,propio,1,523.8016451018632,121.63632488490148,28.0,0.0,84.37891458311074,,,,,,,,,,,
3,276,propio,1,523.8016451018632,121.63632488490148,28.0,0.0,84.37891458311074,,,,,,,,,,,
3,277,propio,1,523.8016451018632,121.63632488490148,28.0,0.0,84.37891458311074,,,,,,,,,,,
3,278,propio,1,523.8016451018632,121.63632488490148,28.0,0.0,84.37891458311074,,,,,,,,,,,
3,279,propio,1,523.8016451018632,121.63632488490148,28.0,0.0,84.37891458311074,,,,,,,,,,,
3,279,rival,2,68.76912223102273,176.371778688985,126.0,0.0,338.53593012412944,458.3127390476299,88.76198334826222,,,,,,,,,
3,280,propio,1,523.8016451018632,121.63632488490148,28.0,0.0,84.37891458311074,,,,,,,,,,,
3,280,rival,2,68.76912223102273,176.371778688985,126.0,0.0,338.53593012412944,458.3127390476299,88.76198334826222,,,,,,,,,
3,281,propio,1,523.8016451018632,121.63632488490148,28.0,0.0,84.37891458311074,,,,,,,,,,,
3,282,propio,1,523.8016451018632,121.63632488490148,24.0,0.0,84.37891458311074,,,,,,,,,,,
3,282,impacto_recibido,1,,,24.0,,,,,2,1.0,4.0,,,,,,
3,283,propio,1,523.8016451018632,121.63632488490148,24.0,0.0,84.37891458311074,,,,,,,,,,,
3,284,propio,1,523.8016451018632,121.63632488490148,24.0,0.0,84.37891458311074,,,,,,,,,,,
3,285,propio,1,523.8016451018632,121.63632488490148,24.0,0.0,84.37891458311074,,,,,,,,,,,
3,286,propio,1,523.8016451018632,121.63632488490148,24.0,0.0,84.37891458311074,,,,,,,,,,,
3,287,propio,1,523.8016451018632,121.63632488490148,24.0,0.0,84.37891458311074,,,,,,,,,,,
3,287,rival,2,68.76912223102273,176.371778688985,129.0,0.0,338.53593012412944,458.3127390476299,88.76198334826222,,,,,,,,,
3,288,propio,1,523.8016451018632,121.63632488490148,23.0,0.0,84.37891458311074,,,,,,,,,,,
3,288,disparo,1,523.8016451018632,121.63632488490148,23.0,,84.37891458311074,,,,1.0,,,,,,,
3,288,rival,2,68.76912223102273,176.371778688985,129.0,0.0,338.53593012412944,458.3127390476299,88.76198334826222,,,,,,,,,
3,289,propio,1,523.8016451018632,121.63632488490148,23.0,0.0,84.37891458311074,,,,,,,,,,,
3,290,propio,1,523.8016451018632,121.63632488490148,23.0,0.0,84.37891458311074,,,,,,,,,,,
3,291,propio,1,523.8016451018632,121.63632488490148,23.0,0.0,84.37891458311074,,,,,,,,,,,
3,292,propio,1,523.8016451018632,121.63632488490148,23.0,0.0,84.37891458311074,,,,,,,,,,,
3,293,propio,1,523.8016451018632,121.63632488490148,23.0,0.0,84.37891458311074,,,,,,,,,,,
3,294,propio,1,523.8016451018632,121.63632488490148,23.0,0.0,84.37891458311074,,,,,,,,,,,
3,295,propio,1,523.8016451018632,121.63632488490148,23.0,0.0,84.37891458311074,,,,,,,,,,,
3,295,rival,2,68.76912223102273,176.371778688985,128.0,0.0,338.53593012412944,458.3127390476299,88.76198334826222,,,,,,,,,
3,296,propio,1,523.8016451018632,121.63632488490148,23.0,0.0,84.37891458311074,,,,,,,,,,,
3,296,rival,2,68.76912223102273,176.371778688985,128.0,0.0,338.53593012412944,458.3127390476299,88.76198334826222,,,,,,,,,
3,297,propio,1,523.8016451018632,121.63632488490148,23.0,0.0,84.37891458311074,,,,,,,,,,,
3,298,propio,1,523.8016451018632,121.63632488490148,19.0,0.0,84.37891458311074,,,,,,,,,,,
3,298,impacto_recibido,1,,,19.0,,,,,2,1.0,4.0,,,,,,
3,299,propio,1,523.8016451018632,121.63632488490148,19.0,0.0,84.37891458311074,,,,,,,,,,,
3,300,propio,1,523.8016451018632,121.63632488490148,19.0,0.0,84.37891458311074,,,,,,,,,,,
3,301,propio,1,523.8016451018632,121.63632488490148,19.0,0.0,84.37891458311074,,,,,,,,,,,
3,302,propio,1,523.8016451018632,121.63632488490148,19.0,0.0,84.37891458311074,,,,,,,,,,,
3,303,propio,1,523.8016451018632,121.63632488490148,19.0,0.0,84.37891458311074,,,,,,,,,,,
3,303,rival,2,68.76912223102273,176.371778688985,131.0,0.0,338.53593012412944,458.3127390476299,88.76198334826222,,,,,,,,,
3,304,propio,1,523.8016451018632,121.63632488490148,18.0,0.0,84.37891458311074,,,,,,,,,,,
3,304,disparo,1,523.8016451018632,121.63632488490148,18.0,,84.37891458311074,,,,1.0,,,,,,,
3,304,rival,2,68.76912223102273,176.371778688985,131.0,0.0,338.53593012412944,458.3127390476299,88.76198334826222,,,,,,,,,
3,305,propio,1,523.8016451018632,121.63632488490148,18.0,0.0,84.37891458311074,,,,,,,,,,,
3,306,propio,1,523.8016451018632,121.63632488490148,18.0,0.0,84.37891458311074,,,,,,,,,,,
3,307,propio,1,523.8016451018632,121.63632488490148,18.0,0.0,84.37891458311074,,,,,,,,,,,
3,308,propio,1,523.8016451018632,121.63632488490148,18.0,0.0,84.37891458311074,,,,,,,,,,,
3,309,propio,1,523.8016451018632,121.63632488490148,18.0,0.0,84.37891458311074,,,,,,,,,,,
3,310,propio,1,523.8016451018632,121.63632488490148,18.0,0.0,84.37891458311074,,,,,,,,,,,
3,311,propio,1,523.8016451018632,121.63632488490148,18.0,0.0,84.37891458311074,,,,,,,,,,,
3,311,rival,2,68.76912223102273,176.371778688985,130.0,0.0,338.53593012412944,458.3127390476299,88.76198334826222,,,,,,,,,
3,312,propio,1,523.8016451018632,121.63632488490148,18.0,0.0,84.37891458311074,,,,,,,,,,,
3,312,rival,2,68.76912223102273,176.371778688985,130.0,0.0,338.53593012412944,458.3127390476299,88.76198334826222,,,,,,,,,
3,313,propio,1,523.8016451018632,121.63632488490148,18.0,0.0,84.37891458311074,,,,,,,,,,,
3,314,propio,1,523.8016451018632,121.63632488490148,14.0,0.0,84.37891458311074,,,,,,,,,,,
3,314,impacto_recibido,1,,,14.0,,,,,2,1.0,4.0,,,,,,
3,315,propio,1,523.8016451018632,121.63632488490148,14.0,0.0,84.37891458311074,,,,,,,,,,,
3,316,propio,1,523.8016451018632,121.63632488490148,14.0,0.0,84.37891458311074,,,,,,,,,,,
3,317,propio,1,523.8016451018632,121.63632488490148,14.0,0.0,84.37891458311074,,,,,,,,,,,
3,318,propio,1,523.8016451018632,121.63632488490148,14.0,0.0,84.37891458311074,,,,,,,,,,,
3,319,propio,1,523.8016451018632,121.63632488490148,14.0,0.0,84.37891458311074,,,,,,,,,,,
3,319,rival,2,68.76912223102273,176.371778688985,133.0,0.0,338.53593012412944,458.3127390476299,88.76198334826222,,,,,,,,,
3,320,propio,1,523.8016451018632,121.63632488490148,13.0,0.0,84.37891458311074,,,,,,,,,,,
3,320,disparo,1,523.8016451018632,121.63632488490148,13.0,,84.37891458311074,,,,1.0,,,,,,,
3,320,rival,2,68.76912223102273,176.371778688985,133.0,0.0,338.53593012412944,458.3127390476299,88.76198334826222,,,,,,,,,
3,321,propio,1,523.8016451018632,121.63632488490148,13.0,0.0,84.37891458311074,,,,,,,,,,,
3,322,propio,1,523.8016451018632,121.63632488490148,13.0,0.0,84.37891458311074,,,,,,,,,,,
3,323,propio,1,523.8016451018632,121.63632488490148,13.0,0.0,84.37891458311074,,,,,,,,,,,
3,324,propio,1,523.8016451018632,121.63632488490148,13.0,0.0,84.37891458311074,,,,,,,,,,,
3,325,propio,1,523.8016451018632,121.63632488490148,13.0,0.0,84.37891458311074,,,,,,,,,,,
3,326,propio,1,523.8016451018632,121.63632488490148,13.0,0.0,84.37891458311074,,,,,,,,,,,
3,327,propio,1,523.8016451018632,121.63632488490148,13.0,0.0,84.37891458311074,,,,,,,,,,,
3,327,rival,2,68.76912223102273,176.371778688985,132.0,0.0,338.53593012412944,458.3127390476299,88.76198334826222,,,,,,,,,
3,328,propio,1,523.8016451018632,121.63632488490148,13.0,0.0,84.37891458311074,,,,,,,,,,,
3,328,rival,2,68.76912223102273,176.371778688985,132.0,0.0,338.53593012412944,458.3127390476299,88.76198334826222,,,,,,,,,
3,329,propio,1,523.8016451018632,121.63632488490148,13.0,0.0,84.37891458311074,,,,,,,,,,,
3,330,propio,1,523.8016451018632,121.63632488490148,9.0,0.0,84.37891458311074,,,,,,,,,,,
3,330,impacto_recibido,1,,,9.0,,,,,2,1.0,4.0,,,,,,
3,331,propio,1,523.8016451018632,121.63632488490148,9.0,0.0,84.37891458311074,,,,,,,,,,,
3,332,propio,1,523.8016451018632,121.63632488490148,9.0,0.0,84.37891458311074,,,,,,,,,,,
3,333,propio,1,523.8016451018632,121.63632488490148,9.0,0.0,84.37891458311074,,,,,,,,,,,
3,334,propio,1,523.8016451018632,121.63632488490148,9.0,0.0,84.37891458311074,,,,,,,,,,,
3,335,propio,1,523.8016451018632,121.63632488490148,9.0,0.0,84.37891458311074,,,,,,,,,,,
3,335,rival,2,68.76912223102273,176.371778688985,135.0,0.0,338.53593012412944,458.3127390476299,88.76198334826222,,,,,,,,,
3,336,propio,1,523.8016451018632,121.63632488490148,8.0,0.0,84.37891458311074,,,,,,,,,,,
3,336,disparo,1,523.8016451018632,121.63632488490148,8.0,,84.37891458311074,,,,1.0,,,,,,,
3,336,rival,2,68.76912223102273,176.371778688985,135.0,0.0,338.53593012412944,458.3127390476299,88.76198334826222,,,,,,,,,
3,337,propio,1,523.8016451018632,121.63632488490148,8.0,0.0,84.37891458311074,,,,,,,,,,,
3,338,propio,1,523.8016451018632,121.63632488490148,8.0,0.0,84.37891458311074,,,,,,,,,,,
3,339,propio,1,523.8016451018632,121.63632488490148,8.0,0.0,84.37891458311074,,,,,,,,,,,
3,340,propio,1,523.8016451018632,121.63632488490148,8.0,0.0,84.37891458311074,,,,,,,,,,,
3,341,propio,1,523.8016451018632,121.63632488490148,8.0,0.0,84.37891458311074,,,,,,,,,,,
3,342,propio,1,523.8016451018632,121.63632488490148,8.0,0.0,84.37891458311074,,,,,,,,,,,
3,343,propio,1,523.8016451018632,121.63632488490148,8.0,0.0,84.37891458311074,,,,,,,,,,,
3,343,rival,2,68.76912223102273,176.371778688985,134.0,0.0,338.53593012412944,458.3127390476299,88.76198334826222,,,,,,,,,
3,344,propio,1,523.8016451018632,121.63632488490148,8.0,0.0,84.37891458311074,,,,,,,,,,,
3,344,rival,2,68.76912223102273,176.371778688985,134.0,0.0,338.53593012412944,458.3127390476299,88.76198334826222,,,,,,,,,
3,345,propio,1,523.8016451018632,121.63632488490148,8.0,0.0,84.37891458311074,,,,,,,,,,,
3,346,propio,1,523.8016451018632,121.63632488490148,4.0,0.0,84.37891458311074,,,,,,,,,,,
3,346,impacto_recibido,1,,,4.0,,,,,2,1.0,4.0,,,,,,
3,347,propio,1,523.8016451018632,121.63632488490148,4.0,0.0,84.37891458311074,,,,,,,,,,,
3,348,propio,1,523.8016451018632,121.63632488490148,4.0,0.0,84.37891458311074,,,,,,,,,,,
3,349,propio,1,523.8016451018632,121.63632488490148,4.0,0.0,84.37891458311074,,,,,,,,,,,
3,350,propio,1,523.8016451018632,121.63632488490148,4.0,0.0,84.37891458311074,,,,,,,,,,,
3,351,propio,1,523.8016451018632,121.63632488490148,4.0,0.0,84.37891458311074,,,,,,,,,,,
3,351,rival,2,68.76912223102273,176.371778688985,137.0,0.0,338.53593012412944,458.3127390476299,88.76198334826222,,,,,,,,,
3,352,propio,1,523.8016451018632,121.63632488490148,3.0,0.0,84.37891458311074,,,,,,,,,,,
3,352,disparo,1,523.8016451018632,121.63632488490148,3.0,,84.37891458311074,,,,1.0,,,,,,,
3,352,rival,2,68.76912223102273,176.371778688985,137.0,0.0,338.53593012412944,458.3127390476299,88.76198334826222,,,,,,,,,
3,353,propio,1,523.8016451018632,121.63632488490148,3.0,0.0,84.37891458311074,,,,,,,,,,,
3,354,propio,1,523.8016451018632,121.63632488490148,3.0,0.0,84.37891458311074,,,,,,,,,,,
3,355,propio,1,523.8016451018632,121.63632488490148,3.0,0.0,84.37891458311074,,,,,,,,,,,
3,356,propio,1,523.8016451018632,121.63632488490148,3.0,0.0,84.37891458311074,,,,,,,,,,,
3,357,propio,1,523.8016451018632,121.63632488490148,3.0,0.0,84.37891458311074,,,,,,,,,,,
3,358,propio,1,523.8016451018632,121.63632488490148,3.0,0.0,84.37891458311074,,,,,,,,,,,
3,359,propio,1,523.8016451018632,121.63632488490148,3.0,0.0,84.37891458311074,,,,,,,,,,,
3,359,rival,2,68.76912223102273,176.371778688985,136.0,0.0,338.53593012412944,458.3127390476299,88.76198334826222,,,,,,,,,
3,360,propio,1,523.8016451018632,121.63632488490148,3.0,0.0,84.37891458311074,,,,,,,,,,,
3,360,rival,2,68.76912223102273,176.371778688985,136.0,0.0,338.53593012412944,458.3127390476299,88.76198334826222,,,,,,,,,
3,361,propio,1,523.8016451018632,121.63632488490148,3.0,0.0,84.37891458311074,,,,,,,,,,,
3,362,propio,1,523.8016451018632,121.63632488490148,-1.0,0.0,84.37891458311074,,,,,,,,,,,
3,362,impacto_recibido,1,,,-1.0,,,,,2,1.0,4.0,,,,,,
3,362,fin_ronda,1,,,,,,,,,,,0,1,0.0,0.0,0.0,0.0
4,1,propio,1,176.61978905019745,229.81732128884585,100.0,0.0,292.42608050808326,,,,,,,,,,,
4,2,propio,1,176.61978905019745,229.81732128884585,100.0,0.0,292.42608050808326,,,,,,,,,,,
4,3,propio,1,176.61978905019745,229.81732128884585,100.0,0.0,292.42608050808326,,,,,,,,,,,
4,4,propio,1,176.61978905019745,229.81732128884585,100.0,0.0,292.42608050808326,,,,,,,,,,,
4,5,propio,1,176.61978905019745,229.81732128884585,100.0,0.0,292.42608050808326,,,,,,,,,,,
4,6,propio,1,176.61978905019745,229.81732128884585,100.0,0.0,292.42608050808326,,,,,,,,,,,
4,7,propio,1,176.61978905019745,229.81732128884585,100.0,0.0,292.42608050808326,,,,,,,,,,,
4,8,propio,1,176.61978905019745,229.81732128884585,100.0,0.0,292.42608050808326,,,,,,,,,,,
4,8,rival,2,378.9171221010299,229.68455274390556,100.0,0.0,118.77411973188894,202.29737661909004,67.53631604915137,,,,,,,,,
4,9,propio,1,176.61978905019745,229.81732128884585,100.0,0.0,292.42608050808326,,,,,,,,,,,
4,10,propio,1,176.61978905019745,229.81732128884585,100.0,0.0,292.42608050808326,,,,,,,,,,,
4,11,propio,1,176.61978905019745,229.81732128884585,100.0,0.0,292.42608050808326,,,,,,,,,,,
4,12,propio,1,176.61978905019745,229.81732128884585,100.0,0.0,292.42608050808326,,,,,,,,,,,
4,13,propio,1,176.61978905019745,229.81732128884585,100.0,0.0,292.42608050808326,,,,,,,,,,,
4,14,propio,1,176.61978905019745,229.81732128884585,100.0,0.0,292.42608050808326,,,,,,,,,,,
4,15,propio,1,176.61978905019745,229.81732128884585,100.0,0.0,292.42608050808326,,,,,,,,,,,
4,16,propio,1,176.61978905019745,229.81732128884585,100.0,0.0,292.42608050808326,,,,,,,,,,,
4,16,rival,2,378.9171221010299,229.68455274390556,100.0,0.0,118.77411973188894,202.29737661909004,67.53631604915137,,,,,,,,,
4,17,propio,1,176.61978905019745,229.81732128884585,100.0,0.0,292.42608050808326,,,,,,,,,,,
4,18,propio,1,176.61978905019745,229.81732128884585,100.0,0.0,292.42608050808326,,,,,,,,,,,
4,19,propio,1,176.61978905019745,229.81732128884585,100.0,0.0,292.42608050808326,,,,,,,,,,,
4,20,propio,1,176.61978905019745,229.81732128884585,100.0,0.0,292.42608050808326,,,,,,,,,,,
4,21,propio,1,176.61978905019745,229.81732128884585,100.0,0.0,292.42608050808326,,,,,,,,,,,
4,22,propio,1,176.61978905019745,229.81732128884585,100.0,0.0,292.42608050808326,,,,,,,,,,,
4,23,propio,1,176.61978905019745,229.81732128884585,100.0,0.0,292.42608050808326,,,,,,,,,,,
4,24,propio,1,176.61978905019745,229.81732128884585,100.0,0.0,292.42608050808326,,,,,,,,,,,
4,24,rival,2,378.9171221010299,229.68455274390556,100.0,0.0,118.77411973188894,202.29737661909004,67.53631604915137,,,,,,,,,
4,25,propio,1,176.61978905019745,229.81732128884585,100.0,0.0,292.42608050808326,,,,,,,,,,,
4,26,propio,1,176.61978905019745,229.81732128884585,100.0,0.0,292.42608050808326,,,,,,,,,,,
4,27,propio,1,176.61978905019745,229.81732128884585,100.0,0.0,292.42608050808326,,,,,,,,,,,
4,28,propio,1,176.61978905019745,229.81732128884585,100.0,0.0,292.42608050808326,,,,,,,,,,,
4,29,propio,1,176.61978905019745,229.81732128884585,100.0,0.0,292.42608050808326,,,,,,,,,,,
4,30,propio,1,176.61978905019745,229.81732128884585,100.0,0.0,292.42608050808326,,,,,,,,,,,
4,31,propio,1,176.61978905019745,229.81732128884585,100.0,0.0,292.42608050808326,,,,,,,,,,,
4,32,propio,1,176.61978905019745,229.81732128884585,100.0,0.0,292.42608050808326,,,,,,,,,,,
4,32,rival,2,378.9171221010299,229.68455274390556,100.0,0.0,118.77411973188894,202.29737661909004,67.53631604915137,,,,,,,,,
4,33,propio,1,176.61978905019745,229.81732128884585,99.0,0.0,292.42608050808326,,,,,,,,,,,
4,33,disparo,1,176.61978905019745,229.81732128884585,99.0,,292.42608050808326,,,,1.0,,,,,,,
4,34,propio,1,176.61978905019745,229.81732128884585,99.0,0.0,292.42608050808326,,,,,,,,,,,
4,35,propio,1,176.61978905019745,229.81732128884585,99.0,0.0,292.42608050808326,,,,,,,,,,,
4,36,propio,1,176.61978905019745,229.81732128884585,99.0,0.0,292.42608050808326,,,,,,,,,,,
4,37,propio,1,176.61978905019745,229.81732128884585,99.0,0.0,292.42608050808326,,,,,,,,,,,
4,38,propio,1,176.61978905019745,229.81732128884585,99.0,0.0,292.42608050808326,,,,,,,,,,,
4,39,propio,1,176.61978905019745,229.81732128884585,99.0,0.0,292.42608050808326,,,,,,,,,,,
4,40,propio,1,176.61978905019745,229.81732128884585,99.0,0.0,292.42608050808326,,,,,,,,,,,
4,40,rival,2,378.9171221010299,229.68455274390556,99.0,0.0,118.77411973188894,202.29737661909004,67.53631604915137,,,,,,,,,
4,41,propio,1,176.61978905019745,229.81732128884585,99.0,0.0,292.42608050808326,,,,,,,,,,,
4,42,propio,1,176.61978905019745,229.81732128884585,99.0,0.0,292.42608050808326,,,,,,,,,,,
4,43,propio,1,176.61978905019745,229.81732128884585,99.0,0.0,292.42608050808326,,,,,,,,,,,
4,44,propio,1,176.61978905019745,229.81732128884585,99.0,0.0,292.42608050808326,,,,,,,,,,,
4,45,propio,1,176.61978905019745,229.81732128884585,99.0,0.0,292.42608050808326,,,,,,,,,,,
4,46,propio,1,176.61978905019745,229.81732128884585,99.0,0.0,292.42608050808326,,,,,,,,,,,
4,47,propio,1,176.61978905019745,229.81732128884585,99.0,0.0,292.42608050808326,,,,,,,,,,,
4,48,propio,1,176.61978905019745,229.81732128884585,99.0,0.0,292.42608050808326,,,,,,,,,,,
4,48,rival,2,378.9171221010299,229.68455274390556,99.0,0.0,118.77411973188894,202.29737661909004,67.53631604915137,,,,,,,,,
4,49,propio,1,176.61978905019745,229.81732128884585,98.0,0.0,292.42608050808326,,,,,,,,,,,
4,49,disparo,1,176.61978905019745,229.81732128884585,98.0,,292.42608050808326,,,,1.0,,,,,,,
4,50,propio,1,176.61978905019745,229.81732128884585,98.0,0.0,292.42608050808326,,,,,,,,,,,
4,51,propio,1,176.61978905019745,229.81732128884585,98.0,0.0,292.42608050808326,,,,,,,,,,,
4,52,propio,1,176.61978905019745,229.81732128884585,98.0,0.0,292.42608050808326,,,,,,,,,,,
4,53,propio,1,176.61978905019745,229.81732128884585,98.0,0.0,292.42608050808326,,,,,,,,,,,
4,54,propio,1,176.61978905019745,229.81732128884585,98.0,0.0,292.42608050808326,,,,,,,,,,,
4,55,propio,1,176.61978905019745,229.81732128884585,98.0,0.0,292.42608050808326,,,,,,,,,,,
4,56,propio,1,176.61978905019745,229.81732128884585,98.0,0.0,292.42608050808326,,,,,,,,,,,
4,56,rival,2,378.9171221010299,229.68455274390556,98.0,0.0,118.77411973188894,202.29737661909004,67.53631604915137,,,,,,,,,
4,57,propio,1,176.61978905019745,229.81732128884585,98.0,0.0,292.42608050808326,,,,,,,,,,,
4,58,propio,1,176.61978905019745,229.81732128884585,98.0,0.0,292.42608050808326,,,,,,,,,,,
4,59,propio,1,176.61978905019745,229.81732128884585,98.0,0.0,292.42608050808326,,,,,,,,,,,
4,60,propio,1,176.61978905019745,229.81732128884585,98.0,0.0,292.42608050808326,,,,,,,,,,,
4,61,propio,1,176.61978905019745,229.81732128884585,98.0,0.0,292.42608050808326,,,,,,,,,,,
4,62,propio,1,176.61978905019745,229.81732128884585,98.0,0.0,292.42608050808326,,,,,,,,,,,
4,63,propio,1,176.61978905019745,229.81732128884585,98.0,0.0,292.42608050808326,,,,,,,,,,,
4,64,propio,1,176.61978905019745,229.81732128884585,98.0,0.0,292.42608050808326,,,,,,,,,,,
4,64,rival,2,378.9171221010299,229.68455274390556,98.0,0.0,118.77411973188894,202.29737661909004,67.53631604915137,,,,,,,,,
4,65,propio,1,176.61978905019745,229.81732128884585,97.0,0.0,292.42608050808326,,,,,,,,,,,
4,65,disparo,1,176.61978905019745,229.81732128884585,97.0,,292.42608050808326,,,,1.0,,,,,,,
4,66,propio,1,176.61978905019745,229.81732128884585,97.0,0.0,292.42608050808326,,,,,,,,,,,
4,67,propio,1,176.61978905019745,229.81732128884585,97.0,0.0,292.42608050808326,,,,,,,,,,,
4,68,propio,1,176.61978905019745,229.81732128884585,97.0,0.0,292.42608050808326,,,,,,,,,,,
4,69,propio,1,176.61978905019745,229.81732128884585,97.0,0.0,292.42608050808326,,,,,,,,,,,
4,70,propio,1,176.61978905019745,229.81732128884585,97.0,0.0,292.42608050808326,,,,,,,,,,,
4,71,propio,1,176.61978905019745,229.81732128884585,97.0,0.0,292.42608050808326,,,,,,,,,,,
4,72,propio,1,176.61978905019745,229.81732128884585,97.0,0.0,292.42608050808326,,,,,,,,,,,
4,72,rival,2,378.9171221010299,229.68455274390556,97.0,0.0,118.77411973188894,202.29737661909004,67.53631604915137,,,,,,,,,
4,73,propio,1,176.61978905019745,229.81732128884585,97.0,0.0,292.42608050808326,,,,,,,,,,,
4,74,propio,1,176.61978905019745,229.81732128884585,97.0,0.0,292.42608050808326,,,,,,,,,,,
4,75,propio,1,176.61978905019745,229.81732128884585,97.0,0.0,292.42608050808326,,,,,,,,,,,
4,76,propio,1,176.61978905019745,229.81732128884585,97.0,0.0,292.42608050808326,,,,,,,,,,,
4,77,propio,1,176.61978905019745,229.81732128884585,97.0,0.0,292.42608050808326,,,,,,,,,,,
4,78,propio,1,176.61978905019745,229.81732128884585,97.0,0.0,292.42608050808326,,,,,,,,,,,
4,79,propio,1,176.61978905019745,229.81732128884585,97.0,0.0,292.42608050808326,,,,,,,,,,,
4,80,propio,1,176.61978905019745,229.81732128884585,97.0,0.0,292.42608050808326,,,,,,,,,,,
4,80,rival,2,378.9171221010299,229.68455274390556,97.0,0.0,118.77411973188894,202.29737661909004,67.53631604915137,,,,,,,,,
4,81,propio,1,176.61978905019745,229.81732128884585,96.0,0.0,292.42608050808326,,,,,,,,,,,
4,81,disparo,1,176.61978905019745,229.81732128884585,96.0,,292.42608050808326,,,,1.0,,,,,,,
4,82,propio,1,176.61978905019745,229.81732128884585,96.0,0.0,292.42608050808326,,,,,,,,,,,
4,83,propio,1,176.61978905019745,229.81732128884585,96.0,0.0,292.42608050808326,,,,,,,,,,,
4,84,propio,1,176.61978905019745,229.81732128884585,96.0,0.0,292.42608050808326,,,,,,,,,,,
4,85,propio,1,176.61978905019745,229.81732128884585,96.0,0.0,292.42608050808326,,,,,,,,,,,
4,86,propio,1,176.61978905019745,229.81732128884585,96.0,0.0,292.42608050808326,,,,,,,,,,,
4,87,propio,1,176.61978905019745,229.81732128884585,96.0,0.0,292.42608050808326,,,,,,,,,,,
4,88,propio,1,176.61978905019745,229.81732128884585,96.0,0.0,292.42608050808326,,,,,,,,,,,
4,88,rival,2,378.9171221010299,229.68455274390556,96.0,0.0,118.77411973188894,202.29737661909004,67.53631604915137,,,,,,,,,
4,89,propio,1,176.61978905019745,229.81732128884585,96.0,0.0,292.42608050808326,,,,,,,,,,,
4,90,propio,1,176.61978905019745,229.81732128884585,96.0,0.0,292.42608050808326,,,,,,,,,,,
4,91,propio,1,176.61978905019745,229.81732128884585,96.0,0.0,292.42608050808326,,,,,,,,,,,
4,92,propio,1,176.61978905019745,229.81732128884585,96.0,0.0,292.42608050808326,,,,,,,,,,,
4,93,propio,1,176.61978905019745,229.81732128884585,96.0,0.0,292.42608050808326,,,,,,,,,,,
4,94,propio,1,176.61978905019745,229.81732128884585,96.0,0.0,292.42608050808326,,,,,,,,,,,
4,95,propio,1,176.61978905019745,229.81732128884585,96.0,0.0,292.42608050808326,,,,,,,,,,,
4,96,propio,1,176.61978905019745,229.81732128884585,96.0,0.0,292.42608050808326,,,,,,,,,,,
4,96,rival,2,378.9171221010299,229.68455274390556,96.0,0.0,118.77411973188894,202.29737661909004,67.53631604915137,,,,,,,,,
4,97,propio,1,176.61978905019745,229.81732128884585,95.0,0.0,292.42608050808326,,,,,,,,,,,
4,97,disparo,1,176.61978905019745,229.81732128884585,95.0,,292.42608050808326,,,,1.0,,,,,,,
4,98,propio,1,176.61978905019745,229.81732128884585,95.0,0.0,292.42608050808326,,,,,,,,,,,
4,99,propio,1,176.61978905019745,229.81732128884585,95.0,0.0,292.42608050808326,,,,,,,,,,,
4,100,propio,1,176.61978905019745,229.81732128884585,95.0,0.0,292.42608050808326,,,,,,,,,,,
4,101,propio,1,176.61978905019745,229.81732128884585,95.0,0.0,292.42608050808326,,,,,,,,,,,
4,102,propio,1,176.61978905019745,229.81732128884585,95.0,0.0,292.42608050808326,,,,,,,,,,,
4,103,propio,1,176.61978905019745,229.81732128884585,95.0,0.0,292.42608050808326,,,,,,,,,,,
4,104,propio,1,176.61978905019745,229.81732128884585,95.0,0.0,292.42608050808326,,,,,,,,,,,
4,104,rival,2,378.9171221010299,229.68455274390556,95.0,0.0,118.77411973188894,202.29737661909004,67.53631604915137,,,,,,,,,
4,105,propio,1,176.61978905019745,229.81732128884585,95.0,0.0,292.42608050808326,,,,,,,,,,,
4,106,propio,1,176.61978905019745,229.81732128884585,95.0,0.0,292.42608050808326,,,,,,,,,,,
4,107,propio,1,176.61978905019745,229.81732128884585,95.0,0.0,292.42608050808326,,,,,,,,,,,
4,108,propio,1,176.61978905019745,229.81732128884585,95.0,0.0,292.42608050808326,,,,,,,,,,,
4,109,propio,1,176.61978905019745,229.81732128884585,95.0,0.0,292.42608050808326,,,,,,,,,,,
4,110,propio,1,176.61978905019745,229.81732128884585,95.0,0.0,292.42608050808326,,,,,,,,,,,
4,111,propio,1,176.61978905019745,229.81732128884585,95.0,0.0,292.42608050808326,,,,,,,,,,,
4,112,propio,1,176.61978905019745,229.81732128884585,95.0,0.0,292.42608050808326,,,,,,,,,,,
4,112,rival,2,378.9171221010299,229.68455274390556,95.0,0.0,118.77411973188894,202.29737661909004,67.53631604915137,,,,,,,,,
4,113,propio,1,176.61978905019745,229.81732128884585,94.0,0.0,292.42608050808326,,,,,,,,,,,
4,113,disparo,1,176.61978905019745,229.81732128884585,94.0,,292.42608050808326,,,,1.0,,,,,,,
4,114,propio,1,176.61978905019745,229.81732128884585,94.0,0.0,292.42608050808326,,,,,,,,,,,
4,115,propio,1,176.61978905019745,229.81732128884585,94.0,0.0,292.42608050808326,,,,,,,,,,,
4,116,propio,1,176.61978905019745,229.81732128884585,94.0,0.0,292.42608050808326,,,,,,,,,,,
4,117,propio,1,176.61978905019745,229.81732128884585,94.0,0.0,292.42608050808326,,,,,,,,,,,
4,118,propio,1,176.61978905019745,229.81732128884585,94.0,0.0,292.42608050808326,,,,,,,,,,,
4,119,propio,1,176.61978905019745,229.81732128884585,94.0,0.0,292.42608050808326,,,,,,,,,,,
4,120,propio,1,176.61978905019745,229.81732128884585,94.0,0.0,292.42608050808326,,,,,,,,,,,
4,120,rival,2,378.9171221010299,229.68455274390556,94.0,0.0,118.77411973188894,202.29737661909004,67.53631604915137,,,,,,,,,
4,121,propio,1,176.61978905019745,229.81732128884585,94.0,0.0,292.42608050808326,,,,,,,,,,,
4,122,propio,1,176.61978905019745,229.81732128884585,94.0,0.0,292.42608050808326,,,,,,,,,,,
4,123,propio,1,176.61978905019745,229.81732128884585,94.0,0.0,292.42608050808326,,,,,,,,,,,
4,124,propio,1,176.61978905019745,229.81732128884585,94.0,0.0,292.42608050808326,,,,,,,,,,,
4,125,propio,1,176.61978905019745,229.81732128884585,94.0,0.0,292.42608050808326,,,,,,,,,,,
4,126,propio,1,176.61978905019745,229.81732128884585,94.0,0.0,292.42608050808326,,,,,,,,,,,
4,127,propio,1,176.61978905019745,229.81732128884585,94.0,0.0,292.42608050808326,,,,,,,,,,,
4,128,propio,1,176.61978905019745,229.81732128884585,94.0,0.0,292.42608050808326,,,,,,,,,,,
4,128,rival,2,378.9171221010299,229.68455274390556,94.0,0.0,118.77411973188894,202.29737661909004,67.53631604915137,,,,,,,,,
4,129,propio,1,176.61978905019745,229.81732128884585,93.0,0.0,292.42608050808326,,,,,,,,,,,
4,129,disparo,1,176.61978905019745,229.81732128884585,93.0,,292.42608050808326,,,,1.0,,,,,,,
4,130,propio,1,176.61978905019745,229.81732128884585,93.0,0.0,292.42608050808326,,,,,,,,,,,
4,131,propio,1,176.61978905019745,229.81732128884585,93.0,0.0,292.42608050808326,,,,,,,,,,,
4,132,propio,1,176.61978905019745,229.81732128884585,93.0,0.0,292.42608050808326,,,,,,,,,,,
4,133,propio,1,176.61978905019745,229.81732128884585,93.0,0.0,292.42608050808326,,,,,,,,,,,
4,134,propio,1,176.61978905019745,229.81732128884585,93.0,0.0,292.42608050808326,,,,,,,,,,,
4,135,propio,1,176.61978905019745,229.81732128884585,93.0,0.0,292.42608050808326,,,,,,,,,,,
4,136,propio,1,176.61978905019745,229.81732128884585,93.0,0.0,292.42608050808326,,,,,,,,,,,
4,136,rival,2,378.9171221010299,229.68455274390556,93.0,0.0,118.77411973188894,202.29737661909004,67.53631604915137,,,,,,,,,
4,137,propio,1,176.61978905019745,229.81732128884585,93.0,0.0,292.42608050808326,,,,,,,,,,,
4,138,propio,1,176.61978905019745,229.81732128884585,93.0,0.0,292.42608050808326,,,,,,,,,,,
4,139,propio,1,176.61978905019745,229.81732128884585,93.0,0.0,292.42608050808326,,,,,,,,,,,
4,140,propio,1,176.61978905019745,229.81732128884585,93.0,0.0,292.42608050808326,,,,,,,,,,,
4,141,propio,1,176.61978905019745,229.81732128884585,93.0,0.0,292.42608050808326,,,,,,,,,,,
4,142,propio,1,176.61978905019745,229.81732128884585,93.0,0.0,292.42608050808326,,,,,,,,,,,
4,143,propio,1,176.61978905019745,229.81732128884585,93.0,0.0,292.42608050808326,,,,,,,,,,,
4,144,propio,1,176.61978905019745,229.81732128884585,93.0,0.0,292.42608050808326,,,,,,,,,,,
4,144,rival,2,378.9171221010299,229.68455274390556,93.0,0.0,118.77411973188894,202.29737661909004,67.53631604915137,,,,,,,,,
4,145,propio,1,176.61978905019745,229.81732128884585,92.0,0.0,292.42608050808326,,,,,,,,,,,
4,145,disparo,1,176.61978905019745,229.81732128884585,92.0,,292.42608050808326,,,,1.0,,,,,,,
4,146,propio,1,176.61978905019745,229.81732128884585,92.0,0.0,292.42608050808326,,,,,,,,,,,
4,147,propio,1,176.61978905019745,229.81732128884585,92.0,0.0,292.42608050808326,,,,,,,,,,,
4,148,propio,1,176.61978905019745,229.81732128884585,92.0,0.0,292.42608050808326,,,,,,,,,,,
4,149,propio,1,176.61978905019745,229.81732128884585,92.0,0.0,292.42608050808326,,,,,,,,,,,
4,150,propio,1,176.61978905019745,229.81732128884585,92.0,0.0,292.42608050808326,,,,,,,,,,,
4,151,propio,1,176.61978905019745,229.81732128884585,92.0,0.0,292.42608050808326,,,,,,,,,,,
4,152,propio,1,176.61978905019745,229.81732128884585,92.0,0.0,292.42608050808326,,,,,,,,,,,
4,152,rival,2,378.9171221010299,229.68455274390556,92.0,0.0,118.77411973188894,202.29737661909004,67.53631604915137,,,,,,,,,
4,153,propio,1,176.61978905019745,229.81732128884585,92.0,0.0,292.42608050808326,,,,,,,,,,,
4,154,propio,1,176.61978905019745,229.81732128884585,92.0,0.0,292.42608050808326,,,,,,,,,,,
4,155,propio,1,176.61978905019745,229.81732128884585,92.0,0.0,292.42608050808326,,,,,,,,,,,
4,156,propio,1,176.61978905019745,229.81732128884585,92.0,0.0,292.42608050808326,,,,,,,,,,,
4,157,propio,1,176.61978905019745,229.81732128884585,92.0,0.0,292.42608050808326,,,,,,,,,,,
4,158,propio,1,176.61978905019745,229.81732128884585,92.0,0.0,292.42608050808326,,,,,,,,,,,
4,159,propio,1,176.61978905019745,229.81732128884585,92.0,0.0,292.42608050808326,,,,,,,,,,,
4,160,propio,1,176.61978905019745,229.81732128884585,92.0,0.0,292.42608050808326,,,,,,,,,,,
4,160,rival,2,378.9171221010299,229.68455274390556,92.0,0.0,118.77411973188894,202.29737661909004,67.53631604915137,,,,,,,,,
4,161,propio,1,176.61978905019745,229.81732128884585,91.0,0.0,292.42608050808326,,,,,,,,,,,
4,161,disparo,1,176.61978905019745,229.81732128884585,91.0,,292.42608050808326,,,,1.0,,,,,,,
4,162,propio,1,176.61978905019745,229.81732128884585,91.0,0.0,292.42608050808326,,,,,,,,,,,
4,163,propio,1,176.61978905019745,229.81732128884585,91.0,0.0,292.42608050808326,,,,,,,,,,,
4,164,propio,1,176.61978905019745,229.81732128884585,91.0,0.0,292.42608050808326,,,,,,,,,,,
4,165,propio,1,176.61978905019745,229.81732128884585,91.0,0.0,292.42608050808326,,,,,,,,,,,
4,166,propio,1,176.61978905019745,229.81732128884585,91.0,0.0,292.42608050808326,,,,,,,,,,,
4,167,propio,1,176.61978905019745,229.81732128884585,91.0,0.0,292.42608050808326,,,,,,,,,,,
4,168,propio,1,176.61978905019745,229.81732128884585,91.0,0.0,292.42608050808326,,,,,,,,,,,
4,168,rival,2,378.9171221010299,229.68455274390556,91.0,0.0,118.77411973188894,202.29737661909004,67.53631604915137,,,,,,,,,
4,169,propio,1,176.61978905019745,229.81732128884585,91.0,0.0,292.42608050808326,,,,,,,,,,,
4,170,propio,1,176.61978905019745,229.81732128884585,91.0,0.0,292.42608050808326,,,,,,,,,,,
4,171,propio,1,176.61978905019745,229.81732128884585,91.0,0.0,292.42608050808326,,,,,,,,,,,
4,172,propio,1,176.61978905019745,229.81732128884585,91.0,0.0,292.42608050808326,,,,,,,,,,,
4,173,propio,1,176.61978905019745,229.81732128884585,91.0,0.0,292.42608050808326,,,,,,,,,,,
4,174,propio,1,176.61978905019745,229.81732128884585,91.0,0.0,292.42608050808326,,,,,,,,,,,
4,175,propio,1,176.61978905019745,229.81732128884585,91.0,0.0,292.42608050808326,,,,,,,,,,,
4,176,propio,1,176.61978905019745,229.81732128884585,91.0,0.0,292.42608050808326,,,,,,,,,,,
4,176,rival,2,378.9171221010299,229.68455274390556,91.0,0.0,118.77411973188894,202.29737661909004,67.53631604915137,,,,,,,,,
4,177,propio,1,176.61978905019745,229.81732128884585,90.0,0.0,292.42608050808326,,,,,,,,,,,
4,177,disparo,1,176.61978905019745,229.81732128884585,90.0,,292.42608050808326,,,,1.0,,,,,,,
4,178,propio,1,176.61978905019745,229.81732128884585,90.0,0.0,292.42608050808326,,,,,,,,,,,
4,179,propio,1,176.61978905019745,229.81732128884585,90.0,0.0,292.42608050808326,,,,,,,,,,,
4,180,propio,1,176.61978905019745,229.81732128884585,90.0,0.0,292.42608050808326,,,,,,,,,,,
4,181,propio,1,176.61978905019745,229.81732128884585,90.0,0.0,292.42608050808326,,,,,,,,,,,
4,182,propio,1,176.61978905019745,229.81732128884585,90.0,0.0,292.42608050808326,,,,,,,,,,,
4,183,propio,1,176.61978905019745,229.81732128884585,90.0,0.0,292.42608050808326,,,,,,,,,,,
4,184,propio,1,176.61978905019745,229.81732128884585,90.0,0.0,292.42608050808326,,,,,,,,,,,
4,184,rival,2,378.9171221010299,229.68455274390556,90.0,0.0,118.77411973188894,202.29737661909004,67.53631604915137,,,,,,,,,
4,185,propio,1,176.61978905019745,229.81732128884585,90.0,0.0,292.42608050808326,,,,,,,,,,,
4,186,propio,1,176.61978905019745,229.81732128884585,90.0,0.0,292.42608050808326,,,,,,,,,,,
4,187,propio,1,176.61978905019745,229.81732128884585,90.0,0.0,292.42608050808326,,,,,,,,,,,
4,188,propio,1,176.61978905019745,229.81732128884585,90.0,0.0,292.42608050808326,,,,,,,,,,,
4,189,propio,1,176.61978905019745,229.81732128884585,90.0,0.0,292.42608050808326,,,,,,,,,,,
4,190,propio,1,176.61978905019745,229.81732128884585,90.0,0.0,292.42608050808326,,,,,,,,,,,
4,191,propio,1,176.61978905019745,229.81732128884585,90.0,0.0,292.42608050808326,,,,,,,,,,,
4,192,propio,1,176.61978905019745,229.81732128884585,90.0,0.0,292.42608050808326,,,,,,,,,,,
4,192,rival,2,378.9171221010299,229.68455274390556,90.0,0.0,118.77411973188894,202.29737661909004,67.53631604915137,,,,,,,,,
4,193,propio,1,176.61978905019745,229.81732128884585,89.0,0.0,292.42608050808326,,,,,,,,,,,
4,193,disparo,1,176.61978905019745,229.81732128884585,89.0,,292.42608050808326,,,,1.0,,,,,,,
4,194,propio,1,176.61978905019745,229.81732128884585,89.0,0.0,292.42608050808326,,,,,,,,,,,
4,195,propio,1,176.61978905019745,229.81732128884585,89.0,0.0,292.42608050808326,,,,,,,,,,,
4,196,propio,1,176.61978905019745,229.81732128884585,89.0,0.0,292.42608050808326,,,,,,,,,,,
4,197,propio,1,176.61978905019745,229.81732128884585,89.0,0.0,292.42608050808326,,,,,,,,,,,
4,198,propio,1,176.61978905019745,229.81732128884585,89.0,0.0,292.42608050808326,,,,,,,,,,,
4,199,propio,1,176.61978905019745,229.81732128884585,89.0,0.0,292.42608050808326,,,,,,,,,,,
4,200,propio,1,176.61978905019745,229.81732128884585,89.0,0.0,292.42608050808326,,,,,,,,,,,
4,200,rival,2,378.9171221010299,229.68455274390556,89.0,0.0,118.77411973188894,202.29737661909004,67.53631604915137,,,,,,,,,
4,201,propio,1,176.61978905019745,229.81732128884585,89.0,0.0,292.42608050808326,,,,,,,,,,,
4,202,propio,1,176.61978905019745,229.81732128884585,89.0,0.0,292.42608050808326,,,,,,,,,,,
4,203,propio,1,176.61978905019745,229.81732128884585,89.0,0.0,292.42608050808326,,,,,,,,,,,
4,204,propio,1,176.61978905019745,229.81732128884585,89.0,0.0,292.42608050808326,,,,,,,,,,,
4,205,propio,1,176.61978905019745,229.81732128884585,89.0,0.0,292.42608050808326,,,,,,,,,,,
4,206,propio,1,176.61978905019745,229.81732128884585,89.0,0.0,292.42608050808326,,,,,,,,,,,
4,207,propio,1,176.61978905019745,229.81732128884585,89.0,0.0,292.42608050808326,,,,,,,,,,,
4,208,propio,1,176.61978905019745,229.81732128884585,89.0,0.0,292.42608050808326,,,,,,,,,,,
4,208,rival,2,378.9171221010299,229.68455274390556,89.0,0.0,118.77411973188894,202.29737661909004,67.53631604915137,,,,,,,,,
4,209,propio,1,176.61978905019745,229.81732128884585,88.0,0.0,292.42608050808326,,,,,,,,,,,
4,209,disparo,1,176.61978905019745,229.81732128884585,88.0,,292.42608050808326,,,,1.0,,,,,,,
4,210,propio,1,176.61978905019745,229.81732128884585,88.0,0.0,292.42608050808326,,,,,,,,,,,
4,211,propio,1,176.61978905019745,229.81732128884585,88.0,0.0,292.42608050808326,,,,,,,,,,,
4,212,propio,1,176.61978905019745,229.81732128884585,88.0,0.0,292.42608050808326,,,,,,,,,,,
4,213,propio,1,176.61978905019745,229.81732128884585,88.0,0.0,292.42608050808326,,,,,,,,,,,
4,214,propio,1,176.61978905019745,229.81732128884585,88.0,0.0,292.42608050808326,,,,,,,,,,,
4,215,propio,1,176.61978905019745,229.81732128884585,88.0,0.0,292.42608050808326,,,,,,,,,,,
4,216,propio,1,176.61978905019745,229.81732128884585,88.0,0.0,292.42608050808326,,,,,,,,,,,
4,216,rival,2,378.9171221010299,229.68455274390556,88.0,0.0,118.77411973188894,202.29737661909004,67.53631604915137,,,,,,,,,
4,217,propio,1,176.61978905019745,229.81732128884585,88.0,0.0,292.42608050808326,,,,,,,,,,,
4,218,propio,1,176.61978905019745,229.81732128884585,88.0,0.0,292.42608050808326,,,,,,,,,,,
4,219,propio,1,176.61978905019745,229.81732128884585,88.0,0.0,292.42608050808326,,,,,,,,,,,
4,220,propio,1,176.61978905019745,229.81732128884585,88.0,0.0,292.42608050808326,,,,,,,,,,,
4,221,propio,1,176.61978905019745,229.81732128884585,88.0,0.0,292.42608050808326,,,,,,,,,,,
4,222,propio,1,176.61978905019745,229.81732128884585,88.0,0.0,292.42608050808326,,,,,,,,,,,
4,223,propio,1,176.61978905019745,229.81732128884585,88.0,0.0,292.42608050808326,,,,,,,,,,,
4,224,propio,1,176.61978905019745,229.81732128884585,88.0,0.0,292.42608050808326,,,,,,,,,,,
4,224,rival,2,378.9171221010299,229.68455274390556,88.0,0.0,118.77411973188894,202.29737661909004,67.53631604915137,,,,,,,,,
4,225,propio,1,176.61978905019745,229.81732128884585,87.0,0.0,292.42608050808326,,,,,,,,,,,
4,225,disparo,1,176.61978905019745,229.81732128884585,87.0,,292.42608050808326,,,,1.0,,,,,,,
4,226,propio,1,176.61978905019745,229.81732128884585,87.0,0.0,292.42608050808326,,,,,,,,,,,
4,227,propio,1,176.61978905019745,229.81732128884585,87.0,0.0,292.42608050808326,,,,,,,,,,,
4,228,propio,1,176.61978905019745,229.81732128884585,87.0,0.0,292.42608050808326,,,,,,,,,,,
4,229,propio,1,176.61978905019745,229.81732128884585,87.0,0.0,292.42608050808326,,,,,,,,,,,
4,230,propio,1,176.61978905019745,229.81732128884585,87.0,0.0,292.42608050808326,,,,,,,,,,,
4,231,propio,1,176.61978905019745,229.81732128884585,87.0,0.0,292.42608050808326,,,,,,,,,,,
4,232,propio,1,176.61978905019745,229.81732128884585,87.0,0.0,292.42608050808326,,,,,,,,,,,
4,232,rival,2,378.9171221010299,229.68455274390556,87.0,0.0,118.77411973188894,202.29737661909004,67.53631604915137,,,,,,,,,
4,233,propio,1,176.61978905019745,229.81732128884585,87.0,0.0,292.42608050808326,,,,,,,,,,,
4,234,propio,1,176.61978905019745,229.81732128884585,87.0,0.0,292.42608050808326,,,,,,,,,,,
4,235,propio,1,176.61978905019745,229.81732128884585,87.0,0.0,292.42608050808326,,,,,,,,,,,
4,236,propio,1,176.61978905019745,229.81732128884585,87.0,0.0,292.42608050808326,,,,,,,,,,,
4,237,propio,1,176.61978905019745,229.81732128884585,87.0,0.0,292.42608050808326,,,,,,,,,,,
4,238,propio,1,176.61978905019745,229.81732128884585,87.0,0.0,292.42608050808326,,,,,,,,,,,
4,239,propio,1,176.61978905019745,229.81732128884585,87.0,0.0,292.42608050808326,,,,,,,,,,,
4,240,propio,1,176.61978905019745,229.81732128884585,87.0,0.0,292.42608050808326,,,,,,,,,,,
4,240,rival,2,378.9171221010299,229.68455274390556,87.0,0.0,118.77411973188894,202.29737661909004,67.53631604915137,,,,,,,,,
4,241,propio,1,176.61978905019745,229.81732128884585,86.0,0.0,292.42608050808326,,,,,,,,,,,
4,241,disparo,1,176.61978905019745,229.81732128884585,86.0,,292.42608050808326,,,,1.0,,,,,,,
4,242,propio,1,176.61978905019745,229.81732128884585,86.0,0.0,292.42608050808326,,,,,,,,,,,
4,243,propio,1,176.61978905019745,229.81732128884585,86.0,0.0,292.42608050808326,,,,,,,,,,,
4,244,propio,1,176.61978905019745,229.81732128884585,86.0,0.0,292.42608050808326,,,,,,,,,,,
4,245,propio,1,176.61978905019745,229.81732128884585,86.0,0.0,292.42608050808326,,,,,,,,,,,
4,246,propio,1,176.61978905019745,229.81732128884585,86.0,0.0,292.42608050808326,,,,,,,,,,,
4,247,propio,1,176.61978905019745,229.81732128884585,86.0,0.0,292.42608050808326,,,,,,,,,,,
4,248,propio,1,176.61978905019745,229.81732128884585,86.0,0.0,292.42608050808326,,,,,,,,,,,
4,248,rival,2,378.9171221010299,229.68455274390556,86.0,0.0,118.77411973188894,202.29737661909004,67.53631604915137,,,,,,,,,
4,249,propio,1,176.61978905019745,229.81732128884585,86.0,0.0,292.42608050808326,,,,,,,,,,,
4,250,propio,1,176.61978905019745,229.81732128884585,86.0,0.0,292.42608050808326,,,,,,,,,,,
4,251,propio,1,176.61978905019745,229.81732128884585,86.0,0.0,292.42608050808326,,,,,,,,,,,
4,252,propio,1,176.61978905019745,229.81732128884585,86.0,0.0,292.42608050808326,,,,,,,,,,,
4,253,propio,1,176.61978905019745,229.81732128884585,86.0,0.0,292.42608050808326,,,,,,,,,,,
4,254,propio,1,176.61978905019745,229.81732128884585,86.0,0.0,292.42608050808326,,,,,,,,,,,
4,255,propio,1,176.61978905019745,229.81732128884585,86.0,0.0,292.42608050808326,,,,,,,,,,,
4,256,propio,1,176.61978905019745,229.81732128884585,86.0,0.0,292.42608050808326,,,,,,,,,,,
4,256,rival,2,378.9171221010299,229.68455274390556,86.0,0.0,118.77411973188894,202.29737661909004,67.53631604915137,,,,,,,,,
4,257,propio,1,176.61978905019745,229.81732128884585,85.0,0.0,292.42608050808326,,,,,,,,,,,
4,257,disparo,1,176.61978905019745,229.81732128884585,85.0,,292.42608050808326,,,,1.0,,,,,,,
4,258,propio,1,176.61978905019745,229.81732128884585,85.0,0.0,292.42608050808326,,,,,,,,,,,
4,259,propio,1,176.61978905019745,229.81732128884585,85.0,0.0,292.42608050808326,,,,,,,,,,,
4,260,propio,1,176.61978905019745,229.81732128884585,85.0,0.0,292.42608050808326,,,,,,,,,,,
4,261,propio,1,176.61978905019745,229.81732128884585,85.0,0.0,292.42608050808326,,,,,,,,,,,
4,262,propio,1,176.61978905019745,229.81732128884585,85.0,0.0,292.42608050808326,,,,,,,,,,,
4,263,propio,1,176.61978905019745,229.81732128884585,85.0,0.0,292.42608050808326,,,,,,,,,,,
4,264,propio,1,176.61978905019745,229.81732128884585,85.0,0.0,292.42608050808326,,,,,,,,,,,
4,264,rival,2,378.9171221010299,229.68455274390556,85.0,0.0,118.77411973188894,202.29737661909004,67.53631604915137,,,,,,,,,
4,265,propio,1,176.61978905019745,229.81732128884585,85.0,0.0,292.42608050808326,,,,,,,,,,,
4,266,propio,1,176.61978905019745,229.81732128884585,85.0,0.0,292.42608050808326,,,,,,,,,,,
4,267,propio,1,176.61978905019745,229.81732128884585,85.0,0.0,292.42608050808326,,,,,,,,,,,
4,268,propio,1,176.61978905019745,229.81732128884585,85.0,0.0,292.42608050808326,,,,,,,,,,,
4,269,propio,1,176.61978905019745,229.81732128884585,85.0,0.0,292.42608050808326,,,,,,,,,,,
4,270,propio,1,176.61978905019745,229.81732128884585,85.0,0.0,292.42608050808326,,,,,,,,,,,
4,271,propio,1,176.61978905019745,229.81732128884585,85.0,0.0,292.42608050808326,,,,,,,,,,,
4,272,propio,1,176.61978905019745,229.81732128884585,85.0,0.0,292.42608050808326,,,,,,,,,,,
4,272,rival,2,378.9171221010299,229.68455274390556,85.0,0.0,118.77411973188894,202.29737661909004,67.53631604915137,,,,,,,,,
4,273,propio,1,176.61978905019745,229.81732128884585,84.0,0.0,292.42608050808326,,,,,,,,,,,
4,273,disparo,1,176.61978905019745,229.81732128884585,84.0,,292.42608050808326,,,,1.0,,,,,,,
4,274,propio,1,176.61978905019745,229.81732128884585,84.0,0.0,292.42608050808326,,,,,,,,,,,
4,275,propio,1,176.61978905019745,229.81732128884585,84.0,0.0,292.42608050808326,,,,,,,,,,,
4,276,propio,1,176.61978905019745,229.81732128884585,84.0,0.0,292.42608050808326,,,,,,,,,,,
4,277,propio,1,176.61978905019745,229.81732128884585,84.0,0.0,292.42608050808326,,,,,,,,,,,
4,278,propio,1,176.61978905019745,229.81732128884585,84.0,0.0,292.42608050808326,,,,,,,,,,,
4,279,propio,1,176.61978905019745,229.81732128884585,84.0,0.0,292.42608050808326,,,,,,,,,,,
4,280,propio,1,176.61978905019745,229.81732128884585,84.0,0.0,292.42608050808326,,,,,,,,,,,
4,280,rival,2,378.9171221010299,229.68455274390556,84.0,0.0,118.77411973188894,202.29737661909004,67.53631604915137,,,,,,,,,
4,281,propio,1,176.61978905019745,229.81732128884585,84.0,0.0,292.42608050808326,,,,,,,,,,,
4,282,propio,1,176.61978905019745,229.81732128884585,84.0,0.0,292.42608050808326,,,,,,,,,,,
4,283,propio,1,176.61978905019745,229.81732128884585,84.0,0.0,292.42608050808326,,,,,,,,,,,
4,284,propio,1,176.61978905019745,229.81732128884585,84.0,0.0,292.42608050808326,,,,,,,,,,,
4,285,propio,1,176.61978905019745,229.81732128884585,84.0,0.0,292.42608050808326,,,,,,,,,,,
4,286,propio,1,176.61978905019745,229.81732128884585,84.0,0.0,292.42608050808326,,,,,,,,,,,
4,287,propio,1,176.61978905019745,229.81732128884585,84.0,0.0,292.42608050808326,,,,,,,,,,,
4,288,propio,1,176.61978905019745,229.81732128884585,84.0,0.0,292.42608050808326,,,,,,,,,,,
4,288,rival,2,378.9171221010299,229.68455274390556,84.0,0.0,118.77411973188894,202.29737661909004,67.53631604915137,,,,,,,,,
4,289,propio,1,176.61978905019745,229.81732128884585,83.0,0.0,292.42608050808326,,,,,,,,,,,
4,289,disparo,1,176.61978905019745,229.81732128884585,83.0,,292.42608050808326,,,,1.0,,,,,,,
4,290,propio,1,176.61978905019745,229.81732128884585,83.0,0.0,292.42608050808326,,,,,,,,,,,
4,291,propio,1,176.61978905019745,229.81732128884585,83.0,0.0,292.42608050808326,,,,,,,,,,,
4,292,propio,1,176.61978905019745,229.81732128884585,83.0,0.0,292.42608050808326,,,,,,,,,,,
4,293,propio,1,176.61978905019745,229.81732128884585,83.0,0.0,292.42608050808326,,,,,,,,,,,
4,294,propio,1,176.61978905019745,229.81732128884585,83.0,0.0,292.42608050808326,,,,,,,,,,,
4,295,propio,1,176.61978905019745,229.81732128884585,83.0,0.0,292.42608050808326,,,,,,,,,,,
4,296,propio,1,176.61978905019745,229.81732128884585,83.0,0.0,292.42608050808326,,,,,,,,,,,
4,296,rival,2,378.9171221010299,229.68455274390556,83.0,0.0,118.77411973188894,202.29737661909004,67.53631604915137,,,,,,,,,
4,297,propio,1,176.61978905019745,229.81732128884585,83.0,0.0,292.42608050808326,,,,,,,,,,,
4,298,propio,1,176.61978905019745,229.81732128884585,83.0,0.0,292.42608050808326,,,,,,,,,,,
4,299,propio,1,176.61978905019745,229.81732128884585,83.0,0.0,292.42608050808326,,,,,,,,,,,
4,300,propio,1,176.61978905019745,229.81732128884585,83.0,0.0,292.42608050808326,,,,,,,,,,,
4,301,propio,1,176.61978905019745,229.81732128884585,83.0,0.0,292.42608050808326,,,,,,,,,,,
4,302,propio,1,176.61978905019745,229.81732128884585,83.0,0.0,292.42608050808326,,,,,,,,,,,
4,303,propio,1,176.61978905019745,229.81732128884585,83.0,0.0,292.42608050808326,,,,,,,,,,,
4,304,propio,1,176.61978905019745,229.81732128884585,83.0,0.0,292.42608050808326,,,,,,,,,,,
4,304,rival,2,378.9171221010299,229.68455274390556,83.0,0.0,118.77411973188894,202.29737661909004,67.53631604915137,,,,,,,,,
4,305,propio,1,176.61978905019745,229.81732128884585,82.0,0.0,292.42608050808326,,,,,,,,,,,
4,305,disparo,1,176.61978905019745,229.81732128884585,82.0,,292.42608050808326,,,,1.0,,,,,,,
4,306,propio,1,176.61978905019745,229.81732128884585,82.0,0.0,292.42608050808326,,,,,,,,,,,
4,307,propio,1,176.61978905019745,229.81732128884585,82.0,0.0,292.42608050808326,,,,,,,,,,,
4,308,propio,1,176.61978905019745,229.81732128884585,82.0,0.0,292.42608050808326,,,,,,,,,,,
4,309,propio,1,176.61978905019745,229.81732128884585,82.0,0.0,292.42608050808326,,,,,,,,,,,
4,310,propio,1,176.61978905019745,229.81732128884585,82.0,0.0,292.42608050808326,,,,,,,,,,,
4,311,propio,1,176.61978905019745,229.81732128884585,82.0,0.0,292.42608050808326,,,,,,,,,,,
4,312,propio,1,176.61978905019745,229.81732128884585,82.0,0.0,292.42608050808326,,,,,,,,,,,
4,312,rival,2,378.9171221010299,229.68455274390556,82.0,0.0,118.77411973188894,202.29737661909004,67.53631604915137,,,,,,,,,
4,313,propio,1,176.61978905019745,229.81732128884585,82.0,0.0,292.42608050808326,,,,,,,,,,,
4,314,propio,1,176.61978905019745,229.81732128884585,82.0,0.0,292.42608050808326,,,,,,,,,,,
4,315,propio,1,176.61978905019745,229.81732128884585,82.0,0.0,292.42608050808326,,,,,,,,,,,
4,316,propio,1,176.61978905019745,229.81732128884585,82.0,0.0,292.42608050808326,,,,,,,,,,,
4,317,propio,1,176.61978905019745,229.81732128884585,82.0,0.0,292.42608050808326,,,,,,,,,,,
4,318,propio,1,176.61978905019745,229.81732128884585,82.0,0.0,292.42608050808326,,,,,,,,,,,
4,319,propio,1,176.61978905019745,229.81732128884585,82.0,0.0,292.42608050808326,,,,,,,,,,,
4,320,propio,1,176.61978905019745,229.81732128884585,82.0,0.0,292.42608050808326,,,,,,,,,,,
4,320,rival,2,378.9171221010299,229.68455274390556,82.0,0.0,118.77411973188894,202.29737661909004,67.53631604915137,,,,,,,,,
4,321,propio,1,176.61978905019745,229.81732128884585,81.0,0.0,292.42608050808326,,,,,,,,,,,
4,321,disparo,1,176.61978905019745,229.81732128884585,81.0,,292.42608050808326,,,,1.0,,,,,,,
4,322,propio,1,176.61978905019745,229.81732128884585,81.0,0.0,292.42608050808326,,,,,,,,,,,
4,323,propio,1,176.61978905019745,229.81732128884585,81.0,0.0,292.42608050808326,,,,,,,,,,,
4,324,propio,1,176.61978905019745,229.81732128884585,81.0,0.0,292.42608050808326,,,,,,,,,,,
4,325,propio,1,176.61978905019745,229.81732128884585,81.0,0.0,292.42608050808326,,,,,,,,,,,
4,326,propio,1,176.61978905019745,229.81732128884585,81.0,0.0,292.42608050808326,,,,,,,,,,,
4,327,propio,1,176.61978905019745,229.81732128884585,81.0,0.0,292.42608050808326,,,,,,,,,,,
4,328,propio,1,176.61978905019745,229.81732128884585,81.0,0.0,292.42608050808326,,,,,,,,,,,
4,328,rival,2,378.9171221010299,229.68455274390556,81.0,0.0,118.77411973188894,202.29737661909004,67.53631604915137,,,,,,,,,
4,329,propio,1,176.61978905019745,229.81732128884585,81.0,0.0,292.42608050808326,,,,,,,,,,,
4,330,propio,1,176.61978905019745,229.81732128884585,81.0,0.0,292.42608050808326,,,,,,,,,,,
4,331,propio,1,176.61978905019745,229.81732128884585,81.0,0.0,292.42608050808326,,,,,,,,,,,
4,332,propio,1,176.61978905019745,229.81732128884585,81.0,0.0,292.42608050808326,,,,,,,,,,,
4,333,propio,1,176.61978905019745,229.81732128884585,81.0,0.0,292.42608050808326,,,,,,,,,,,
4,334,propio,1,176.61978905019745,229.81732128884585,81.0,0.0,292.42608050808326,,,,,,,,,,,
4,335,propio,1,176.61978905019745,229.81732128884585,81.0,0.0,292.42608050808326,,,,,,,,,,,
4,336,propio,1,176.61978905019745,229.81732128884585,81.0,0.0,292.42608050808326,,,,,,,,,,,
4,336,rival,2,378.9171221010299,229.68455274390556,81.0,0.0,118.77411973188894,202.29737661909004,67.53631604915137,,,,,,,,,
4,337,propio,1,176.61978905019745,229.81732128884585,80.0,0.0,292.42608050808326,,,,,,,,,,,
4,337,disparo,1,176.61978905019745,229.81732128884585,80.0,,292.42608050808326,,,,1.0,,,,,,,
4,338,propio,1,176.61978905019745,229.81732128884585,80.0,0.0,292.42608050808326,,,,,,,,,,,
4,339,propio,1,176.61978905019745,229.81732128884585,80.0,0.0,292.42608050808326,,,,,,,,,,,
4,340,propio,1,176.61978905019745,229.81732128884585,80.0,0.0,292.42608050808326,,,,,,,,,,,
4,341,propio,1,176.61978905019745,229.81732128884585,80.0,0.0,292.42608050808326,,,,,,,,,,,
4,342,propio,1,176.61978905019745,229.81732128884585,80.0,0.0,292.42608050808326,,,,,,,,,,,
4,343,propio,1,176.61978905019745,229.81732128884585,80.0,0.0,292.42608050808326,,,,,,,,,,,
4,344,propio,1,176.61978905019745,229.81732128884585,80.0,0.0,292.42608050808326,,,,,,,,,,,
4,344,rival,2,378.9171221010299,229.68455274390556,80.0,0.0,118.77411973188894,202.29737661909004,67.53631604915137,,,,,,,,,
4,345,propio,1,176.61978905019745,229.81732128884585,80.0,0.0,292.42608050808326,,,,,,,,,,,
4,346,propio,1,176.61978905019745,229.81732128884585,80.0,0.0,292.42608050808326,,,,,,,,,,,
4,347,propio,1,176.61978905019745,229.81732128884585,80.0,0.0,292.42608050808326,,,,,,,,,,,
4,348,propio,1,176.61978905019745,229.81732128884585,80.0,0.0,292.42608050808326,,,,,,,,,,,
4,349,propio,1,176.61978905019745,229.81732128884585,80.0,0.0,292.42608050808326,,,,,,,,,,,
4,350,propio,1,176.61978905019745,229.81732128884585,80.0,0.0,292.42608050808326,,,,,,,,,,,
4,351,propio,1,176.61978905019745,229.81732128884585,80.0,0.0,292.42608050808326,,,,,,,,,,,
4,352,propio,1,176.61978905019745,229.81732128884585,80.0,0.0,292.42608050808326,,,,,,,,,,,
4,352,rival,2,378.9171221010299,229.68455274390556,80.0,0.0,118.77411973188894,202.29737661909004,67.53631604915137,,,,,,,,,
4,353,propio,1,176.61978905019745,229.81732128884585,79.0,0.0,292.42608050808326,,,,,,,,,,,
4,353,disparo,1,176.61978905019745,229.81732128884585,79.0,,292.42608050808326,,,,1.0,,,,,,,
4,354,propio,1,176.61978905019745,229.81732128884585,79.0,0.0,292.42608050808326,,,,,,,,,,,
4,355,propio,1,176.61978905019745,229.81732128884585,79.0,0.0,292.42608050808326,,,,,,,,,,,
4,356,propio,1,176.61978905019745,229.81732128884585,79.0,0.0,292.42608050808326,,,,,,,,,,,
4,357,propio,1,176.61978905019745,229.81732128884585,79.0,0.0,292.42608050808326,,,,,,,,,,,
4,358,propio,1,176.61978905019745,229.81732128884585,79.0,0.0,292.42608050808326,,,,,,,,,,,
4,359,propio,1,176.61978905019745,229.81732128884585,79.0,0.0,292.42608050808326,,,,,,,,,,,
4,360,propio,1,176.61978905019745,229.81732128884585,79.0,0.0,292.42608050808326,,,,,,,,,,,
4,360,rival,2,378.9171221010299,229.68455274390556,79.0,0.0,118.77411973188894,202.29737661909004,67.53631604915137,,,,,,,,,
4,361,propio,1,176.61978905019745,229.81732128884585,79.0,0.0,292.42608050808326,,,,,,,,,,,
4,362,propio,1,176.61978905019745,229.81732128884585,79.0,0.0,292.42608050808326,,,,,,,,,,,
4,363,propio,1,176.61978905019745,229.81732128884585,79.0,0.0,292.42608050808326,,,,,,,,,,,
4,364,propio,1,176.61978905019745,229.81732128884585,79.0,0.0,292.42608050808326,,,,,,,,,,,
4,365,propio,1,176.61978905019745,229.81732128884585,79.0,0.0,292.42608050808326,,,,,,,,,,,
4,366,propio,1,176.61978905019745,229.81732128884585,79.0,0.0,292.42608050808326,,,,,,,,,,,
4,367,propio,1,176.61978905019745,229.81732128884585,79.0,0.0,292.42608050808326,,,,,,,,,,,
4,368,propio,1,176.61978905019745,229.81732128884585,79.0,0.0,292.42608050808326,,,,,,,,,,,
4,368,rival,2,378.9171221010299,229.68455274390556,79.0,0.0,118.77411973188894,202.29737661909004,67.53631604915137,,,,,,,,,
4,369,propio,1,176.61978905019745,229.81732128884585,78.0,0.0,292.42608050808326,,,,,,,,,,,
4,369,disparo,1,176.61978905019745,229.81732128884585,78.0,,292.42608050808326,,,,1.0,,,,,,,
4,370,propio,1,176.61978905019745,229.81732128884585,78.0,0.0,292.42608050808326,,,,,,,,,,,
4,371,propio,1,176.61978905019745,229.81732128884585,78.0,0.0,292.42608050808326,,,,,,,,,,,
4,372,propio,1,176.61978905019745,229.81732128884585,78.0,0.0,292.42608050808326,,,,,,,,,,,
4,373,propio,1,176.61978905019745,229.81732128884585,78.0,0.0,292.42608050808326,,,,,,,,,,,
4,374,propio,1,176.61978905019745,229.81732128884585,78.0,0.0,292.42608050808326,,,,,,,,,,,
4,375,propio,1,176.61978905019745,229.81732128884585,78.0,0.0,292.42608050808326,,,,,,,,,,,
4,376,propio,1,176.61978905019745,229.81732128884585,78.0,0.0,292.42608050808326,,,,,,,,,,,
4,376,rival,2,378.9171221010299,229.68455274390556,78.0,0.0,118.77411973188894,202.29737661909004,67.53631604915137,,,,,,,,,
4,377,propio,1,176.61978905019745,229.81732128884585,78.0,0.0,292.42608050808326,,,,,,,,,,,
4,378,propio,1,176.61978905019745,229.81732128884585,78.0,0.0,292.42608050808326,,,,,,,,,,,
4,379,propio,1,176.61978905019745,229.81732128884585,78.0,0.0,292.42608050808326,,,,,,,,,,,
4,380,propio,1,176.61978905019745,229.81732128884585,78.0,0.0,292.42608050808326,,,,,,,,,,,
4,381,propio,1,176.61978905019745,229.81732128884585,78.0,0.0,292.42608050808326,,,,,,,,,,,
4,382,propio,1,176.61978905019745,229.81732128884585,78.0,0.0,292.42608050808326,,,,,,,,,,,
4,383,propio,1,176.61978905019745,229.81732128884585,78.0,0.0,292.42608050808326,,,,,,,,,,,
4,384,propio,1,176.61978905019745,229.81732128884585,78.0,0.0,292.42608050808326,,,,,,,,,,,
4,384,rival,2,378.9171221010299,229.68455274390556,78.0,0.0,118.77411973188894,202.29737661909004,67.53631604915137,,,,,,,,,
4,385,propio,1,176.61978905019745,229.81732128884585,77.0,0.0,292.42608050808326,,,,,,,,,,,
4,385,disparo,1,176.61978905019745,229.81732128884585,77.0,,292.42608050808326,,,,1.0,,,,,,,
4,386,propio,1,176.61978905019745,229.81732128884585,77.0,0.0,292.42608050808326,,,,,,,,,,,
4,387,propio,1,176.61978905019745,229.81732128884585,77.0,0.0,292.42608050808326,,,,,,,,,,,
4,388,propio,1,176.61978905019745,229.81732128884585,77.0,0.0,292.42608050808326,,,,,,,,,,,
4,389,propio,1,176.61978905019745,229.81732128884585,77.0,0.0,292.42608050808326,,,,,,,,,,,
4,390,propio,1,176.61978905019745,229.81732128884585,77.0,0.0,292.42608050808326,,,,,,,,,,,
4,391,propio,1,176.61978905019745,229.81732128884585,77.0,0.0,292.42608050808326,,,,,,,,,,,
4,392,propio,1,176.61978905019745,229.81732128884585,77.0,0.0,292.42608050808326,,,,,,,,,,,
4,392,rival,2,378.9171221010299,229.68455274390556,77.0,0.0,118.77411973188894,202.29737661909004,67.53631604915137,,,,,,,,,
4,393,propio,1,176.61978905019745,229.81732128884585,77.0,0.0,292.42608050808326,,,,,,,,,,,
4,394,propio,1,176.61978905019745,229.81732128884585,77.0,0.0,292.42608050808326,,,,,,,,,,,
4,395,propio,1,176.61978905019745,229.81732128884585,77.0,0.0,292.42608050808326,,,,,,,,,,,
4,396,propio,1,176.61978905019745,229.81732128884585,77.0,0.0,292.42608050808326,,,,,,,,,,,
4,397,propio,1,176.61978905019745,229.81732128884585,77.0,0.0,292.42608050808326,,,,,,,,,,,
4,398,propio,1,176.61978905019745,229.81732128884585,77.0,0.0,292.42608050808326,,,,,,,,,,,
4,399,propio,1,176.61978905019745,229.81732128884585,77.0,0.0,292.42608050808326,,,,,,,,,,,
4,400,propio,1,176.61978905019745,229.81732128884585,77.0,0.0,292.42608050808326,,,,,,,,,,,
4,400,rival,2,378.9171221010299,229.68455274390556,77.0,0.0,118.77411973188894,202.29737661909004,67.53631604915137,,,,,,,,,
4,401,propio,1,176.61978905019745,229.81732128884585,76.0,0.0,292.42608050808326,,,,,,,,,,,
4,401,disparo,1,176.61978905019745,229.81732128884585,76.0,,292.42608050808326,,,,1.0,,,,,,,
4,402,propio,1,176.61978905019745,229.81732128884585,76.0,0.0,292.42608050808326,,,,,,,,,,,
4,403,propio,1,176.61978905019745,229.81732128884585,76.0,0.0,292.42608050808326,,,,,,,,,,,
4,404,propio,1,176.61978905019745,229.81732128884585,76.0,0.0,292.42608050808326,,,,,,,,,,,
4,405,propio,1,176.61978905019745,229.81732128884585,76.0,0.0,292.42608050808326,,,,,,,,,,,
4,406,propio,1,176.61978905019745,229.81732128884585,76.0,0.0,292.42608050808326,,,,,,,,,,,
4,407,propio,1,176.61978905019745,229.81732128884585,76.0,0.0,292.42608050808326,,,,,,,,,,,
4,408,propio,1,176.61978905019745,229.81732128884585,76.0,0.0,292.42608050808326,,,,,,,,,,,
4,408,rival,2,378.9171221010299,229.68455274390556,76.0,0.0,118.77411973188894,202.29737661909004,67.53631604915137,,,,,,,,,
4,409,propio,1,176.61978905019745,229.81732128884585,76.0,0.0,292.42608050808326,,,,,,,,,,,
4,410,propio,1,176.61978905019745,229.81732128884585,76.0,0.0,292.42608050808326,,,,,,,,,,,
4,411,propio,1,176.61978905019745,229.81732128884585,76.0,0.0,292.42608050808326,,,,,,,,,,,
4,412,propio,1,176.61978905019745,229.81732128884585,76.0,0.0,292.42608050808326,,,,,,,,,,,
4,413,propio,1,176.61978905019745,229.81732128884585,76.0,0.0,292.42608050808326,,,,,,,,,,,
4,414,propio,1,176.61978905019745,229.81732128884585,76.0,0.0,292.42608050808326,,,,,,,,,,,
4,415,propio,1,176.61978905019745,229.81732128884585,76.0,0.0,292.42608050808326,,,,,,,,,,,
4,416,propio,1,176.61978905019745,229.81732128884585,76.0,0.0,292.42608050808326,,,,,,,,,,,
4,416,rival,2,378.9171221010299,229.68455274390556,76.0,0.0,118.77411973188894,202.29737661909004,67.53631604915137,,,,,,,,,
4,417,propio,1,176.61978905019745,229.81732128884585,75.0,0.0,292.42608050808326,,,,,,,,,,,
4,417,disparo,1,176.61978905019745,229.81732128884585,75.0,,292.42608050808326,,,,1.0,,,,,,,
4,418,propio,1,176.61978905019745,229.81732128884585,75.0,0.0,292.42608050808326,,,,,,,,,,,
4,419,propio,1,176.61978905019745,229.81732128884585,75.0,0.0,292.42608050808326,,,,,,,,,,,
4,420,propio,1,176.61978905019745,229.81732128884585,75.0,0.0,292.42608050808326,,,,,,,,,,,
4,421,propio,1,176.61978905019745,229.81732128884585,75.0,0.0,292.42608050808326,,,,,,,,,,,
4,422,propio,1,176.61978905019745,229.81732128884585,75.0,0.0,292.42608050808326,,,,,,,,,,,
4,423,propio,1,176.61978905019745,229.81732128884585,75.0,0.0,292.42608050808326,,,,,,,,,,,
4,424,propio,1,176.61978905019745,229.81732128884585,75.0,0.0,292.42608050808326,,,,,,,,,,,
4,424,rival,2,378.9171221010299,229.68455274390556,75.0,0.0,118.77411973188894,202.29737661909004,67.53631604915137,,,,,,,,,
4,425,propio,1,176.61978905019745,229.81732128884585,75.0,0.0,292.42608050808326,,,,,,,,,,,
4,426,propio,1,176.61978905019745,229.81732128884585,75.0,0.0,292.42608050808326,,,,,,,,,,,
4,427,propio,1,176.61978905019745,229.81732128884585,75.0,0.0,292.42608050808326,,,,,,,,,,,
4,428,propio,1,176.61978905019745,229.81732128884585,75.0,0.0,292.42608050808326,,,,,,,,,,,
4,429,propio,1,176.61978905019745,229.81732128884585,75.0,0.0,292.42608050808326,,,,,,,,,,,
4,430,propio,1,176.61978905019745,229.81732128884585,75.0,0.0,292.42608050808326,,,,,,,,,,,
4,431,propio,1,176.61978905019745,229.81732128884585,75.0,0.0,292.42608050808326,,,,,,,,,,,
4,432,propio,1,176.61978905019745,229.81732128884585,75.0,0.0,292.42608050808326,,,,,,,,,,,
4,432,rival,2,378.9171221010299,229.68455274390556,75.0,0.0,118.77411973188894,202.29737661909004,67.53631604915137,,,,,,,,,
4,433,propio,1,176.61978905019745,229.81732128884585,74.0,0.0,292.42608050808326,,,,,,,,,,,
4,433,disparo,1,176.61978905019745,229.81732128884585,74.0,,292.42608050808326,,,,1.0,,,,,,,
4,434,propio,1,176.61978905019745,229.81732128884585,74.0,0.0,292.42608050808326,,,,,,,,,,,
4,435,propio,1,176.61978905019745,229.81732128884585,74.0,0.0,292.42608050808326,,,,,,,,,,,
4,436,propio,1,176.61978905019745,229.81732128884585,74.0,0.0,292.42608050808326,,,,,,,,,,,
4,437,propio,1,176.61978905019745,229.81732128884585,74.0,0.0,292.42608050808326,,,,,,,,,,,
4,438,propio,1,176.61978905019745,229.81732128884585,74.0,0.0,292.42608050808326,,,,,,,,,,,
4,439,propio,1,176.61978905019745,229.81732128884585,74.0,0.0,292.42608050808326,,,,,,,,,,,
4,440,propio,1,176.61978905019745,229.81732128884585,74.0,0.0,292.42608050808326,,,,,,,,,,,
4,440,rival,2,378.9171221010299,229.68455274390556,74.0,0.0,118.77411973188894,202.29737661909004,67.53631604915137,,,,,,,,,
4,441,propio,1,176.61978905019745,229.81732128884585,74.0,0.0,292.42608050808326,,,,,,,,,,,
4,442,propio,1,176.61978905019745,229.81732128884585,74.0,0.0,292.42608050808326,,,,,,,,,,,
4,443,propio,1,176.61978905019745,229.81732128884585,74.0,0.0,292.42608050808326,,,,,,,,,,,
4,444,propio,1,176.61978905019745,229.81732128884585,74.0,0.0,292.42608050808326,,,,,,,,,,,
4,445,propio,1,176.61978905019745,229.81732128884585,74.0,0.0,292.42608050808326,,,,,,,,,,,
4,446,propio,1,176.61978905019745,229.81732128884585,74.0,0.0,292.42608050808326,,,,,,,,,,,
4,447,propio,1,176.61978905019745,229.81732128884585,74.0,0.0,292.42608050808326,,,,,,,,,,,
4,448,propio,1,176.61978905019745,229.81732128884585,74.0,0.0,292.42608050808326,,,,,,,,,,,
4,448,rival,2,378.9171221010299,229.68455274390556,74.0,0.0,118.77411973188894,202.29737661909004,67.53631604915137,,,,,,,,,
4,449,propio,1,176.61978905019745,229.81732128884585,73.0,0.0,292.42608050808326,,,,,,,,,,,
4,449,disparo,1,176.61978905019745,229.81732128884585,73.0,,292.42608050808326,,,,1.0,,,,,,,
4,450,propio,1,176.61978905019745,229.81732128884585,73.0,0.0,292.42608050808326,,,,,,,,,,,
4,451,propio,1,176.61978905019745,229.81732128884585,73.0,0.0,292.42608050808326,,,,,,,,,,,
4,452,propio,1,176.61978905019745,229.81732128884585,72.9,0.0,292.42608050808326,,,,,,,,,,,
4,453,propio,1,176.61978905019745,229.81732128884585,72.80000000000001,0.0,292.42608050808326,,,,,,,,,,,
4,454,propio,1,176.61978905019745,229.81732128884585,72.70000000000002,0.0,292.42608050808326,,,,,,,,,,,
4,455,propio,1,176.61978905019745,229.81732128884585,72.60000000000002,0.0,292.42608050808326,,,,,,,,,,,
4,456,propio,1,176.61978905019745,229.81732128884585,72.50000000000003,0.0,292.42608050808326,,,,,,,,,,,
4,456,rival,2,378.9171221010299,229.68455274390556,72.60000000000002,0.0,118.77411973188894,202.29737661909004,67.53631604915137,,,,,,,,,
4,457,propio,1,176.61978905019745,229.81732128884585,72.40000000000003,0.0,292.42608050808326,,,,,,,,,,,
4,458,propio,1,176.61978905019745,229.81732128884585,72.30000000000004,0.0,292.42608050808326,,,,,,,,,,,
4,459,propio,1,176.61978905019745,229.81732128884585,72.20000000000005,0.0,292.42608050808326,,,,,,,,,,,
4,460,propio,1,176.61978905019745,229.81732128884585,72.10000000000005,0.0,292.42608050808326,,,,,,,,,,,
4,461,propio,1,176.61978905019745,229.81732128884585,72.00000000000006,0.0,292.42608050808326,,,,,,,,,,,
4,462,propio,1,176.61978905019745,229.81732128884585,71.90000000000006,0.0,292.42608050808326,,,,,,,,,,,
4,463,propio,1,176.61978905019745,229.81732128884585,71.80000000000007,0.0,292.42608050808326,,,,,,,,,,,
4,464,propio,1,176.61978905019745,229.81732128884585,71.70000000000007,0.0,292.42608050808326,,,,,,,,,,,
4,464,rival,2,378.9171221010299,229.68455274390556,71.80000000000007,0.0,118.77411973188894,202.29737661909004,67.53631604915137,,,,,,,,,
4,465,propio,1,176.61978905019745,229.81732128884585,70.60000000000008,0.0,292.42608050808326,,,,,,,,,,,
4,465,disparo,1,176.61978905019745,229.81732128884585,70.60000000000008,,292.42608050808326,,,,1.0,,,,,,,
4,466,propio,1,176.61978905019745,229.81732128884585,70.50000000000009,0.0,292.42608050808326,,,,,,,,,,,
4,467,propio,1,176.61978905019745,229.81732128884585,70.40000000000009,0.0,292.42608050808326,,,,,,,,,,,
4,468,propio,1,176.61978905019745,229.81732128884585,70.3000000000001,0.0,292.42608050808326,,,,,,,,,,,
4,469,propio,1,176.61978905019745,229.81732128884585,70.2000000000001,0.0,292.42608050808326,,,,,,,,,,,
4,470,propio,1,176.61978905019745,229.81732128884585,70.10000000000011,0.0,292.42608050808326,,,,,,,,,,,
4,471,propio,1,176.61978905019745,229.81732128884585,70.00000000000011,0.0,292.42608050808326,,,,,,,,,,,
4,472,propio,1,176.61978905019745,229.81732128884585,69.90000000000012,0.0,292.42608050808326,,,,,,,,,,,
4,472,rival,2,378.9171221010299,229.68455274390556,70.00000000000011,0.0,118.77411973188894,202.29737661909004,67.53631604915137,,,,,,,,,
4,473,propio,1,176.61978905019745,229.81732128884585,69.80000000000013,0.0,292.42608050808326,,,,,,,,,,,
4,474,propio,1,176.61978905019745,229.81732128884585,69.70000000000013,0.0,292.42608050808326,,,,,,,,,,,
4,475,propio,1,176.61978905019745,229.81732128884585,69.60000000000014,0.0,292.42608050808326,,,,,,,,,,,
4,476,propio,1,176.61978905019745,229.81732128884585,69.50000000000014,0.0,292.42608050808326,,,,,,,,,,,
4,477,propio,1,176.61978905019745,229.81732128884585,69.40000000000015,0.0,292.42608050808326,,,,,,,,,,,
4,478,propio,1,176.61978905019745,229.81732128884585,69.30000000000015,0.0,292.42608050808326,,,,,,,,,,,
4,479,propio,1,176.61978905019745,229.81732128884585,69.20000000000016,0.0,292.42608050808326,,,,,,,,,,,
4,480,propio,1,176.61978905019745,229.81732128884585,69.10000000000016,0.0,292.42608050808326,,,,,,,,,,,
4,480,rival,2,378.9171221010299,229.68455274390556,69.20000000000016,0.0,118.77411973188894,202.29737661909004,67.53631604915137,,,,,,,,,
4,481,propio,1,176.61978905019745,229.81732128884585,68.00000000000017,0.0,292.42608050808326,,,,,,,,,,,
4,481,disparo,1,176.61978905019745,229.81732128884585,68.00000000000017,,292.42608050808326,,,,1.0,,,,,,,
4,482,propio,1,176.61978905019745,229.81732128884585,67.90000000000018,0.0,292.42608050808326,,,,,,,,,,,
4,483,propio,1,176.61978905019745,229.81732128884585,67.80000000000018,0.0,292.42608050808326,,,,,,,,,,,
4,484,propio,1,176.61978905019745,229.81732128884585,67.70000000000019,0.0,292.42608050808326,,,,,,,,,,,
4,485,propio,1,176.61978905019745,229.81732128884585,67.6000000000002,0.0,292.42608050808326,,,,,,,,,,,
4,486,propio,1,176.61978905019745,229.81732128884585,67.5000000000002,0.0,292.42608050808326,,,,,,,,,,,
4,487,propio,1,176.61978905019745,229.81732128884585,67.4000000000002,0.0,292.42608050808326,,,,,,,,,,,
4,488,propio,1,176.61978905019745,229.81732128884585,67.30000000000021,0.0,292.42608050808326,,,,,,,,,,,
4,488,rival,2,378.9171221010299,229.68455274390556,67.4000000000002,0.0,118.77411973188894,202.29737661909004,67.53631604915137,,,,,,,,,
4,489,propio,1,176.61978905019745,229.81732128884585,67.20000000000022,0.0,292.42608050808326,,,,,,,,,,,
4,490,propio,1,176.61978905019745,229.81732128884585,67.10000000000022,0.0,292.42608050808326,,,,,,,,,,,
4,491,propio,1,176.61978905019745,229.81732128884585,67.00000000000023,0.0,292.42608050808326,,,,,,,,,,,
4,492,propio,1,176.61978905019745,229.81732128884585,66.90000000000023,0.0,292.42608050808326,,,,,,,,,,,
4,493,propio,1,176.61978905019745,229.81732128884585,66.80000000000024,0.0,292.42608050808326,,,,,,,,,,,
4,494,propio,1,176.61978905019745,229.81732128884585,66.70000000000024,0.0,292.42608050808326,,,,,,,,,,,
4,495,propio,1,176.61978905019745,229.81732128884585,66.60000000000025,0.0,292.42608050808326,,,,,,,,,,,
4,496,propio,1,176.61978905019745,229.81732128884585,66.50000000000026,0.0,292.42608050808326,,,,,,,,,,,
4,496,rival,2,378.9171221010299,229.68455274390556,66.60000000000025,0.0,118.77411973188894,202.29737661909004,67.53631604915137,,,,,,,,,
4,497,propio,1,176.61978905019745,229.81732128884585,65.40000000000026,0.0,292.42608050808326,,,,,,,,,,,
4,497,disparo,1,176.61978905019745,229.81732128884585,65.40000000000026,,292.42608050808326,,,,1.0,,,,,,,
4,498,propio,1,176.61978905019745,229.81732128884585,65.30000000000027,0.0,292.42608050808326,,,,,,,,,,,
4,499,propio,1,176.61978905019745,229.81732128884585,65.20000000000027,0.0,292.42608050808326,,,,,,,,,,,
4,500,propio,1,176.61978905019745,229.81732128884585,65.10000000000028,0.0,292.42608050808326,,,,,,,,,,,
4,501,propio,1,176.61978905019745,229.81732128884585,65.00000000000028,0.0,292.42608050808326,,,,,,,,,,,
4,502,propio,1,176.61978905019745,229.81732128884585,64.90000000000029,0.0,292.42608050808326,,,,,,,,,,,
4,503,propio,1,176.61978905019745,229.81732128884585,64.8000000000003,0.0,292.42608050808326,,,,,,,,,,,
4,504,propio,1,176.61978905019745,229.81732128884585,64.7000000000003,0.0,292.42608050808326,,,,,,,,,,,
4,504,rival,2,378.9171221010299,229.68455274390556,64.8000000000003,0.0,118.77411973188894,202.29737661909004,67.53631604915137,,,,,,,,,
4,505,propio,1,176.61978905019745,229.81732128884585,64.6000000000003,0.0,292.42608050808326,,,,,,,,,,,
4,506,propio,1,176.61978905019745,229.81732128884585,64.50000000000031,0.0,292.42608050808326,,,,,,,,,,,
4,507,propio,1,176.61978905019745,229.81732128884585,64.40000000000032,0.0,292.42608050808326,,,,,,,,,,,
4,508,propio,1,176.61978905019745,229.81732128884585,64.30000000000032,0.0,292.42608050808326,,,,,,,,,,,
4,509,propio,1,176.61978905019745,229.81732128884585,64.20000000000033,0.0,292.42608050808326,,,,,,,,,,,
4,510,propio,1,176.61978905019745,229.81732128884585,64.10000000000034,0.0,292.42608050808326,,,,,,,,,,,
4,511,propio,1,176.61978905019745,229.81732128884585,64.00000000000034,0.0,292.42608050808326,,,,,,,,,,,
4,512,propio,1,176.61978905019745,229.81732128884585,63.90000000000034,0.0,292.42608050808326,,,,,,,,,,,
4,512,rival,2,378.9171221010299,229.68455274390556,64.00000000000034,0.0,118.77411973188894,202.29737661909004,67.53631604915137,,,,,,,,,
4,513,propio,1,176.61978905019745,229.81732128884585,62.80000000000034,0.0,292.42608050808326,,,,,,,,,,,
4,513,disparo,1,176.61978905019745,229.81732128884585,62.80000000000034,,292.42608050808326,,,,1.0,,,,,,,
4,514,propio,1,176.61978905019745,229.81732128884585,62.70000000000034,0.0,292.42608050808326,,,,,,,,,,,
4,515,propio,1,176.61978905019745,229.81732128884585,62.600000000000335,0.0,292.42608050808326,,,,,,,,,,,
4,516,propio,1,176.61978905019745,229.81732128884585,62.500000000000334,0.0,292.42608050808326,,,,,,,,,,,
4,517,propio,1,176.61978905019745,229.81732128884585,62.40000000000033,0.0,292.42608050808326,,,,,,,,,,,
4,518,propio,1,176.61978905019745,229.81732128884585,62.30000000000033,0.0,292.42608050808326,,,,,,,,,,,
4,519,propio,1,176.61978905019745,229.81732128884585,62.20000000000033,0.0,292.42608050808326,,,,,,,,,,,
4,520,propio,1,176.61978905019745,229.81732128884585,62.10000000000033,0.0,292.42608050808326,,,,,,,,,,,
4,520,rival,2,378.9171221010299,229.68455274390556,62.20000000000033,0.0,118.77411973188894,202.29737661909004,67.53631604915137,,,,,,,,,
4,521,propio,1,176.61978905019745,229.81732128884585,62.00000000000033,0.0,292.42608050808326,,,,,,,,,,,
4,522,propio,1,176.61978905019745,229.81732128884585,61.900000000000325,0.0,292.42608050808326,,,,,,,,,,,
4,523,propio,1,176.61978905019745,229.81732128884585,61.800000000000324,0.0,292.42608050808326,,,,,,,,,,,
4,524,propio,1,176.61978905019745,229.81732128884585,61.70000000000032,0.0,292.42608050808326,,,,,,,,,,,
4,525,propio,1,176.61978905019745,229.81732128884585,61.60000000000032,0.0,292.42608050808326,,,,,,,,,,,
4,526,propio,1,176.61978905019745,229.81732128884585,61.50000000000032,0.0,292.42608050808326,,,,,,,,,,,
4,527,propio,1,176.61978905019745,229.81732128884585,61.40000000000032,0.0,292.42608050808326,,,,,,,,,,,
4,528,propio,1,176.61978905019745,229.81732128884585,61.30000000000032,0.0,292.42608050808326,,,,,,,,,,,
4,528,rival,2,378.9171221010299,229.68455274390556,61.40000000000032,0.0,118.77411973188894,202.29737661909004,67.53631604915137,,,,,,,,,
4,529,propio,1,176.61978905019745,229.81732128884585,60.200000000000315,0.0,292.42608050808326,,,,,,,,,,,
4,529,disparo,1,176.61978905019745,229.81732128884585,60.200000000000315,,292.42608050808326,,,,1.0,,,,,,,
4,530,propio,1,176.61978905019745,229.81732128884585,60.100000000000314,0.0,292.42608050808326,,,,,,,,,,,
4,531,propio,1,176.61978905019745,229.81732128884585,60.00000000000031,0.0,292.42608050808326,,,,,,,,,,,
4,532,propio,1,176.61978905019745,229.81732128884585,59.90000000000031,0.0,292.42608050808326,,,,,,,,,,,
4,533,propio,1,176.61978905019745,229.81732128884585,59.80000000000031,0.0,292.42608050808326,,,,,,,,,,,
4,534,propio,1,176.61978905019745,229.81732128884585,59.70000000000031,0.0,292.42608050808326,,,,,,,,,,,
4,535,propio,1,176.61978905019745,229.81732128884585,59.60000000000031,0.0,292.42608050808326,,,,,,,,,,,
4,536,propio,1,176.61978905019745,229.81732128884585,59.500000000000306,0.0,292.42608050808326,,,,,,,,,,,
4,536,rival,2,378.9171221010299,229.68455274390556,59.60000000000031,0.0,118.77411973188894,202.29737661909004,67.53631604915137,,,,,,,,,
4,537,propio,1,176.61978905019745,229.81732128884585,59.400000000000304,0.0,292.42608050808326,,,,,,,,,,,
4,538,propio,1,176.61978905019745,229.81732128884585,59.3000000000003,0.0,292.42608050808326,,,,,,,,,,,
4,539,propio,1,176.61978905019745,229.81732128884585,59.2000000000003,0.0,292.42608050808326,,,,,,,,,,,
4,540,propio,1,176.61978905019745,229.81732128884585,59.1000000000003,0.0,292.42608050808326,,,,,,,,,,,
4,541,propio,1,176.61978905019745,229.81732128884585,59.0000000000003,0.0,292.42608050808326,,,,,,,,,,,
4,542,propio,1,176.61978905019745,229.81732128884585,58.9000000000003,0.0,292.42608050808326,,,,,,,,,,,
4,543,propio,1,176.61978905019745,229.81732128884585,58.800000000000296,0.0,292.42608050808326,,,,,,,,,,,
4,544,propio,1,176.61978905019745,229.81732128884585,58.700000000000294,0.0,292.42608050808326,,,,,,,,,,,
4,544,rival,2,378.9171221010299,229.68455274390556,58.800000000000296,0.0,118.77411973188894,202.29737661909004,67.53631604915137,,,,,,,,,
4,545,propio,1,176.61978905019745,229.81732128884585,57.60000000000029,0.0,292.42608050808326,,,,,,,,,,,
4,545,disparo,1,176.61978905019745,229.81732128884585,57.60000000000029,,292.42608050808326,,,,1.0,,,,,,,
4,546,propio,1,176.61978905019745,229.81732128884585,57.50000000000029,0.0,292.42608050808326,,,,,,,,,,,
4,547,propio,1,176.61978905019745,229.81732128884585,57.40000000000029,0.0,292.42608050808326,,,,,,,,,,,
4,548,propio,1,176.61978905019745,229.81732128884585,57.30000000000029,0.0,292.42608050808326,,,,,,,,,,,
4,549,propio,1,176.61978905019745,229.81732128884585,57.20000000000029,0.0,292.42608050808326,,,,,,,,,,,
4,550,propio,1,176.61978905019745,229.81732128884585,57.100000000000286,0.0,292.42608050808326,,,,,,,,,,,
4,551,propio,1,176.61978905019745,229.81732128884585,57.000000000000284,0.0,292.42608050808326,,,,,,,,,,,
4,552,propio,1,176.61978905019745,229.81732128884585,56.90000000000028,0.0,292.42608050808326,,,,,,,,,,,
4,552,rival,2,378.9171221010299,229.68455274390556,57.000000000000284,0.0,118.77411973188894,202.29737661909004,67.53631604915137,,,,,,,,,
4,553,propio,1,176.61978905019745,229.81732128884585,56.80000000000028,0.0,292.42608050808326,,,,,,,,,,,
4,554,propio,1,176.61978905019745,229.81732128884585,56.70000000000028,0.0,292.42608050808326,,,,,,,,,,,
4,555,propio,1,176.61978905019745,229.81732128884585,56.60000000000028,0.0,292.42608050808326,,,,,,,,,,,
4,556,propio,1,176.61978905019745,229.81732128884585,56.50000000000028,0.0,292.42608050808326,,,,,,,,,,,
4,557,propio,1,176.61978905019745,229.81732128884585,56.400000000000276,0.0,292.42608050808326,,,,,,,,,,,
4,558,propio,1,176.61978905019745,229.81732128884585,56.300000000000274,0.0,292.42608050808326,,,,,,,,,,,
4,559,propio,1,176.61978905019745,229.81732128884585,56.20000000000027,0.0,292.42608050808326,,,,,,,,,,,
4,560,propio,1,176.61978905019745,229.81732128884585,56.10000000000027,0.0,292.42608050808326,,,,,,,,,,,
4,560,rival,2,378.9171221010299,229.68455274390556,56.20000000000027,0.0,118.77411973188894,202.29737661909004,67.53631604915137,,,,,,,,,
4,561,propio,1,176.61978905019745,229.81732128884585,55.00000000000027,0.0,292.42608050808326,,,,,,,,,,,
4,561,disparo,1,176.61978905019745,229.81732128884585,55.00000000000027,,292.42608050808326,,,,1.0,,,,,,,
4,562,propio,1,176.61978905019745,229.81732128884585,54.90000000000027,0.0,292.42608050808326,,,,,,,,,,,
4,563,propio,1,176.61978905019745,229.81732128884585,54.80000000000027,0.0,292.42608050808326,,,,,,,,,,,
4,564,propio,1,176.61978905019745,229.81732128884585,54.700000000000266,0.0,292.42608050808326,,,,,,,,,,,
4,565,propio,1,176.61978905019745,229.81732128884585,54.600000000000264,0.0,292.42608050808326,,,,,,,,,,,
4,566,propio,1,176.61978905019745,229.81732128884585,54.50000000000026,0.0,292.42608050808326,,,,,,,,,,,
4,567,propio,1,176.61978905019745,229.81732128884585,54.40000000000026,0.0,292.42608050808326,,,,,,,,,,,
4,568,propio,1,176.61978905019745,229.81732128884585,54.30000000000026,0.0,292.42608050808326,,,,,,,,,,,
4,568,rival,2,378.9171221010299,229.68455274390556,54.40000000000026,0.0,118.77411973188894,202.29737661909004,67.53631604915137,,,,,,,,,
4,569,propio,1,176.61978905019745,229.81732128884585,54.20000000000026,0.0,292.42608050808326,,,,,,,,,,,
4,570,propio,1,176.61978905019745,229.81732128884585,54.10000000000026,0.0,292.42608050808326,,,,,,,,,,,
4,571,propio,1,176.61978905019745,229.81732128884585,54.000000000000256,0.0,292.42608050808326,,,,,,,,,,,
4,572,propio,1,176.61978905019745,229.81732128884585,53.900000000000254,0.0,292.42608050808326,,,,,,,,,,,
4,573,propio,1,176.61978905019745,229.81732128884585,53.80000000000025,0.0,292.42608050808326,,,,,,,,,,,
4,574,propio,1,176.61978905019745,229.81732128884585,53.70000000000025,0.0,292.42608050808326,,,,,,,,,,,
4,575,propio,1,176.61978905019745,229.81732128884585,53.60000000000025,0.0,292.42608050808326,,,,,,,,,,,
4,576,propio,1,176.61978905019745,229.81732128884585,53.50000000000025,0.0,292.42608050808326,,,,,,,,,,,
4,576,rival,2,378.9171221010299,229.68455274390556,53.60000000000025,0.0,118.77411973188894,202.29737661909004,67.53631604915137,,,,,,,,,
4,577,propio,1,176.61978905019745,229.81732128884585,52.40000000000025,0.0,292.42608050808326,,,,,,,,,,,
4,577,disparo,1,176.61978905019745,229.81732128884585,52.40000000000025,,292.42608050808326,,,,1.0,,,,,,,
4,578,propio,1,176.61978905019745,229.81732128884585,52.300000000000246,0.0,292.42608050808326,,,,,,,,,,,
4,579,propio,1,176.61978905019745,229.81732128884585,52.200000000000244,0.0,292.42608050808326,,,,,,,,,,,
4,580,propio,1,176.61978905019745,229.81732128884585,52.10000000000024,0.0,292.42608050808326,,,,,,,,,,,
4,581,propio,1,176.61978905019745,229.81732128884585,52.00000000000024,0.0,292.42608050808326,,,,,,,,,,,
4,582,propio,1,176.61978905019745,229.81732128884585,51.90000000000024,0.0,292.42608050808326,,,,,,,,,,,
4,583,propio,1,176.61978905019745,229.81732128884585,51.80000000000024,0.0,292.42608050808326,,,,,,,,,,,
4,584,propio,1,176.61978905019745,229.81732128884585,51.70000000000024,0.0,292.42608050808326,,,,,,,,,,,
4,584,rival,2,378.9171221010299,229.68455274390556,51.80000000000024,0.0,118.77411973188894,202.29737661909004,67.53631604915137,,,,,,,,,
4,585,propio,1,176.61978905019745,229.81732128884585,51.600000000000236,0.0,292.42608050808326,,,,,,,,,,,
4,586,propio,1,176.61978905019745,229.81732128884585,51.500000000000234,0.0,292.42608050808326,,,,,,,,,,,
4,587,propio,1,176.61978905019745,229.81732128884585,51.40000000000023,0.0,292.42608050808326,,,,,,,,,,,
4,588,propio,1,176.61978905019745,229.81732128884585,51.30000000000023,0.0,292.42608050808326,,,,,,,,,,,
4,589,propio,1,176.61978905019745,229.81732128884585,51.20000000000023,0.0,292.42608050808326,,,,,,,,,,,
4,590,propio,1,176.61978905019745,229.81732128884585,51.10000000000023,0.0,292.42608050808326,,,,,,,,,,,
4,591,propio,1,176.61978905019745,229.81732128884585,51.00000000000023,0.0,292.42608050808326,,,,,,,,,,,
4,592,propio,1,176.61978905019745,229.81732128884585,50.900000000000226,0.0,292.42608050808326,,,,,,,,,,,
4,592,rival,2,378.9171221010299,229.68455274390556,51.00000000000023,0.0,118.77411973188894,202.29737661909004,67.53631604915137,,,,,,,,,
4,593,propio,1,176.61978905019745,229.81732128884585,49.800000000000225,0.0,292.42608050808326,,,,,,,,,,,
4,593,disparo,1,176.61978905019745,229.81732128884585,49.800000000000225,,292.42608050808326,,,,1.0,,,,,,,
4,594,propio,1,176.61978905019745,229.81732128884585,49.70000000000022,0.0,292.42608050808326,,,,,,,,,,,
4,595,propio,1,176.61978905019745,229.81732128884585,49.60000000000022,0.0,292.42608050808326,,,,,,,,,,,
4,596,propio,1,176.61978905019745,229.81732128884585,49.50000000000022,0.0,292.42608050808326,,,,,,,,,,,
4,597,propio,1,176.61978905019745,229.81732128884585,49.40000000000022,0.0,292.42608050808326,,,,,,,,,,,
4,598,propio,1,176.61978905019745,229.81732128884585,49.30000000000022,0.0,292.42608050808326,,,,,,,,,,,
4,599,propio,1,176.61978905019745,229.81732128884585,49.200000000000216,0.0,292.42608050808326,,,,,,,,,,,
4,600,propio,1,176.61978905019745,229.81732128884585,49.100000000000215,0.0,292.42608050808326,,,,,,,,,,,
4,600,rival,2,378.9171221010299,229.68455274390556,49.200000000000216,0.0,118.77411973188894,202.29737661909004,67.53631604915137,,,,,,,,,
4,601,propio,1,176.61978905019745,229.81732128884585,49.00000000000021,0.0,292.42608050808326,,,,,,,,,,,
4,602,propio,1,176.61978905019745,229.81732128884585,48.90000000000021,0.0,292.42608050808326,,,,,,,,,,,
4,603,propio,1,176.61978905019745,229.81732128884585,48.80000000000021,0.0,292.42608050808326,,,,,,,,,,,
4,604,propio,1,176.61978905019745,229.81732128884585,48.70000000000021,0.0,292.42608050808326,,,,,,,,,,,
4,605,propio,1,176.61978905019745,229.81732128884585,48.60000000000021,0.0,292.42608050808326,,,,,,,,,,,
4,606,propio,1,176.61978905019745,229.81732128884585,48.500000000000206,0.0,292.42608050808326,,,,,,,,,,,
4,607,propio,1,176.61978905019745,229.81732128884585,48.400000000000205,0.0,292.42608050808326,,,,,,,,,,,
4,608,propio,1,176.61978905019745,229.81732128884585,48.3000000000002,0.0,292.42608050808326,,,,,,,,,,,
4,608,rival,2,378.9171221010299,229.68455274390556,48.400000000000205,0.0,118.77411973188894,202.29737661909004,67.53631604915137,,,,,,,,,
4,609,propio,1,176.61978905019745,229.81732128884585,47.2000000000002,0.0,292.42608050808326,,,,,,,,,,,
4,609,disparo,1,176.61978905019745,229.81732128884585,47.2000000000002,,292.42608050808326,,,,1.0,,,,,,,
4,610,propio,1,176.61978905019745,229.81732128884585,47.1000000000002,0.0,292.42608050808326,,,,,,,,,,,
4,611,propio,1,176.61978905019745,229.81732128884585,47.0000000000002,0.0,292.42608050808326,,,,,,,,,,,
4,612,propio,1,176.61978905019745,229.81732128884585,46.9000000000002,0.0,292.42608050808326,,,,,,,,,,,
4,613,propio,1,176.61978905019745,229.81732128884585,46.800000000000196,0.0,292.42608050808326,,,,,,,,,,,
4,614,propio,1,176.61978905019745,229.81732128884585,46.700000000000195,0.0,292.42608050808326,,,,,,,,,,,
4,615,propio,1,176.61978905019745,229.81732128884585,46.60000000000019,0.0,292.42608050808326,,,,,,,,,,,
4,616,propio,1,176.61978905019745,229.81732128884585,46.50000000000019,0.0,292.42608050808326,,,,,,,,,,,
4,616,rival,2,378.9171221010299,229.68455274390556,46.60000000000019,0.0,118.77411973188894,202.29737661909004,67.53631604915137,,,,,,,,,
4,617,propio,1,176.61978905019745,229.81732128884585,46.40000000000019,0.0,292.42608050808326,,,,,,,,,,,
4,618,propio,1,176.61978905019745,229.81732128884585,46.30000000000019,0.0,292.42608050808326,,,,,,,,,,,
4,619,propio,1,176.61978905019745,229.81732128884585,46.20000000000019,0.0,292.42608050808326,,,,,,,,,,,
4,620,propio,1,176.61978905019745,229.81732128884585,46.100000000000186,0.0,292.42608050808326,,,,,,,,,,,
4,621,propio,1,176.61978905019745,229.81732128884585,46.000000000000185,0.0,292.42608050808326,,,,,,,,,,,
4,622,propio,1,176.61978905019745,229.81732128884585,45.90000000000018,0.0,292.42608050808326,,,,,,,,,,,
4,623,propio,1,176.61978905019745,229.81732128884585,45.80000000000018,0.0,292.42608050808326,,,,,,,,,,,
4,624,propio,1,176.61978905019745,229.81732128884585,45.70000000000018,0.0,292.42608050808326,,,,,,,,,,,
4,624,rival,2,378.9171221010299,229.68455274390556,45.80000000000018,0.0,118.77411973188894,202.29737661909004,67.53631604915137,,,,,,,,,
4,625,propio,1,176.61978905019745,229.81732128884585,44.60000000000018,0.0,292.42608050808326,,,,,,,,,,,
4,625,disparo,1,176.61978905019745,229.81732128884585,44.60000000000018,,292.42608050808326,,,,1.0,,,,,,,
4,626,propio,1,176.61978905019745,229.81732128884585,44.50000000000018,0.0,292.42608050808326,,,,,,,,,,,
4,627,propio,1,176.61978905019745,229.81732128884585,44.400000000000176,0.0,292.42608050808326,,,,,,,,,,,
4,628,propio,1,176.61978905019745,229.81732128884585,44.300000000000175,0.0,292.42608050808326,,,,,,,,,,,
4,629,propio,1,176.61978905019745,229.81732128884585,44.20000000000017,0.0,292.42608050808326,,,,,,,,,,,
4,630,propio,1,176.61978905019745,229.81732128884585,44.10000000000017,0.0,292.42608050808326,,,,,,,,,,,
4,631,propio,1,176.61978905019745,229.81732128884585,44.00000000000017,0.0,292.42608050808326,,,,,,,,,,,
4,632,propio,1,176.61978905019745,229.81732128884585,43.90000000000017,0.0,292.42608050808326,,,,,,,,,,,
4,632,rival,2,378.9171221010299,229.68455274390556,44.00000000000017,0.0,118.77411973188894,202.29737661909004,67.53631604915137,,,,,,,,,
4,633,propio,1,176.61978905019745,229.81732128884585,43.80000000000017,0.0,292.42608050808326,,,,,,,,,,,
4,634,propio,1,176.61978905019745,229.81732128884585,43.700000000000166,0.0,292.42608050808326,,,,,,,,,,,
4,635,propio,1,176.61978905019745,229.81732128884585,43.600000000000165,0.0,292.42608050808326,,,,,,,,,,,
4,636,propio,1,176.61978905019745,229.81732128884585,43.50000000000016,0.0,292.42608050808326,,,,,,,,,,,
4,637,propio,1,176.61978905019745,229.81732128884585,43.40000000000016,0.0,292.42608050808326,,,,,,,,,,,
4,638,propio,1,176.61978905019745,229.81732128884585,43.30000000000016,0.0,292.42608050808326,,,,,,,,,,,
4,639,propio,1,176.61978905019745,229.81732128884585,43.20000000000016,0.0,292.42608050808326,,,,,,,,,,,
4,640,propio,1,176.61978905019745,229.81732128884585,43.10000000000016,0.0,292.42608050808326,,,,,,,,,,,
4,640,rival,2,378.9171221010299,229.68455274390556,43.20000000000016,0.0,118.77411973188894,202.29737661909004,67.53631604915137,,,,,,,,,
4,641,propio,1,176.61978905019745,229.81732128884585,42.000000000000156,0.0,292.42608050808326,,,,,,,,,,,
4,641,disparo,1,176.61978905019745,229.81732128884585,42.000000000000156,,292.42608050808326,,,,1.0,,,,,,,
4,642,propio,1,176.61978905019745,229.81732128884585,41.900000000000155,0.0,292.42608050808326,,,,,,,,,,,
4,643,propio,1,176.61978905019745,229.81732128884585,41.80000000000015,0.0,292.42608050808326,,,,,,,,,,,
4,644,propio,1,176.61978905019745,229.81732128884585,41.70000000000015,0.0,292.42608050808326,,,,,,,,,,,
4,645,propio,1,176.61978905019745,229.81732128884585,41.60000000000015,0.0,292.42608050808326,,,,,,,,,,,
4,646,propio,1,176.61978905019745,229.81732128884585,41.50000000000015,0.0,292.42608050808326,,,,,,,,,,,
4,647,propio,1,176.61978905019745,229.81732128884585,41.40000000000015,0.0,292.42608050808326,,,,,,,,,,,
4,648,propio,1,176.61978905019745,229.81732128884585,41.300000000000146,0.0,292.42608050808326,,,,,,,,,,,
4,648,rival,2,378.9171221010299,229.68455274390556,41.40000000000015,0.0,118.77411973188894,202.29737661909004,67.53631604915137,,,,,,,,,
4,649,propio,1,176.61978905019745,229.81732128884585,41.200000000000145,0.0,292.42608050808326,,,,,,,,,,,
4,650,propio,1,176.61978905019745,229.81732128884585,41.10000000000014,0.0,292.42608050808326,,,,,,,,,,,
4,651,propio,1,176.61978905019745,229.81732128884585,41.00000000000014,0.0,292.42608050808326,,,,,,,,,,,
4,652,propio,1,176.61978905019745,229.81732128884585,40.90000000000014,0.0,292.42608050808326,,,,,,,,,,,
4,653,propio,1,176.61978905019745,229.81732128884585,40.80000000000014,0.0,292.42608050808326,,,,,,,,,,,
4,654,propio,1,176.61978905019745,229.81732128884585,40.70000000000014,0.0,292.42608050808326,,,,,,,,,,,
4,655,propio,1,176.61978905019745,229.81732128884585,40.600000000000136,0.0,292.42608050808326,,,,,,,,,,,
4,656,propio,1,176.61978905019745,229.81732128884585,40.500000000000135,0.0,292.42608050808326,,,,,,,,,,,
4,656,rival,2,378.9171221010299,229.68455274390556,40.600000000000136,0.0,118.77411973188894,202.29737661909004,67.53631604915137,,,,,,,,,
4,657,propio,1,176.61978905019745,229.81732128884585,39.400000000000134,0.0,292.42608050808326,,,,,,,,,,,
4,657,disparo,1,176.61978905019745,229.81732128884585,39.400000000000134,,292.42608050808326,,,,1.0,,,,,,,
4,658,propio,1,176.61978905019745,229.81732128884585,39.30000000000013,0.0,292.42608050808326,,,,,,,,,,,
4,659,propio,1,176.61978905019745,229.81732128884585,39.20000000000013,0.0,292.42608050808326,,,,,,,,,,,
4,660,propio,1,176.61978905019745,229.81732128884585,39.10000000000013,0.0,292.42608050808326,,,,,,,,,,,
4,661,propio,1,176.61978905019745,229.81732128884585,39.00000000000013,0.0,292.42608050808326,,,,,,,,,,,
4,662,propio,1,176.61978905019745,229.81732128884585,38.90000000000013,0.0,292.42608050808326,,,,,,,,,,,
4,663,propio,1,176.61978905019745,229.81732128884585,38.800000000000125,0.0,292.42608050808326,,,,,,,,,,,
4,664,propio,1,176.61978905019745,229.81732128884585,38.700000000000124,0.0,292.42608050808326,,,,,,,,,,,
4,664,rival,2,378.9171221010299,229.68455274390556,38.800000000000125,0.0,118.77411973188894,202.29737661909004,67.53631604915137,,,,,,,,,
4,665,propio,1,176.61978905019745,229.81732128884585,38.60000000000012,0.0,292.42608050808326,,,,,,,,,,,
4,666,propio,1,176.61978905019745,229.81732128884585,38.50000000000012,0.0,292.42608050808326,,,,,,,,,,,
4,667,propio,1,176.61978905019745,229.81732128884585,38.40000000000012,0.0,292.42608050808326,,,,,,,,,,,
4,668,propio,1,176.61978905019745,229.81732128884585,38.30000000000012,0.0,292.42608050808326,,,,,,,,,,,
4,669,propio,1,176.61978905019745,229.81732128884585,38.20000000000012,0.0,292.42608050808326,,,,,,,,,,,
4,670,propio,1,176.61978905019745,229.81732128884585,38.100000000000115,0.0,292.42608050808326,,,,,,,,,,,
4,671,propio,1,176.61978905019745,229.81732128884585,38.000000000000114,0.0,292.42608050808326,,,,,,,,,,,
4,672,propio,1,176.61978905019745,229.81732128884585,37.90000000000011,0.0,292.42608050808326,,,,,,,,,,,
4,672,rival,2,378.9171221010299,229.68455274390556,38.000000000000114,0.0,118.77411973188894,202.29737661909004,67.53631604915137,,,,,,,,,
4,673,propio,1,176.61978905019745,229.81732128884585,36.80000000000011,0.0,292.42608050808326,,,,,,,,,,,
4,673,disparo,1,176.61978905019745,229.81732128884585,36.80000000000011,,292.42608050808326,,,,1.0,,,,,,,
4,674,propio,1,176.61978905019745,229.81732128884585,36.70000000000011,0.0,292.42608050808326,,,,,,,,,,,
4,675,propio,1,176.61978905019745,229.81732128884585,36.60000000000011,0.0,292.42608050808326,,,,,,,,,,,
4,676,propio,1,176.61978905019745,229.81732128884585,36.50000000000011,0.0,292.42608050808326,,,,,,,,,,,
4,677,propio,1,176.61978905019745,229.81732128884585,36.400000000000105,0.0,292.42608050808326,,,,,,,,,,,
4,678,propio,1,176.61978905019745,229.81732128884585,36.300000000000104,0.0,292.42608050808326,,,,,,,,,,,
4,679,propio,1,176.61978905019745,229.81732128884585,36.2000000000001,0.0,292.42608050808326,,,,,,,,,,,
4,680,propio,1,176.61978905019745,229.81732128884585,36.1000000000001,0.0,292.42608050808326,,,,,,,,,,,
4,680,rival,2,378.9171221010299,229.68455274390556,36.2000000000001,0.0,118.77411973188894,202.29737661909004,67.53631604915137,,,,,,,,,
4,681,propio,1,176.61978905019745,229.81732128884585,36.0000000000001,0.0,292.42608050808326,,,,,,,,,,,
4,682,propio,1,176.61978905019745,229.81732128884585,35.9000000000001,0.0,292.42608050808326,,,,,,,,,,,
4,683,propio,1,176.61978905019745,229.81732128884585,35.8000000000001,0.0,292.42608050808326,,,,,,,,,,,
4,684,propio,1,176.61978905019745,229.81732128884585,35.700000000000095,0.0,292.42608050808326,,,,,,,,,,,
4,685,propio,1,176.61978905019745,229.81732128884585,35.600000000000094,0.0,292.42608050808326,,,,,,,,,,,
4,686,propio,1,176.61978905019745,229.81732128884585,35.50000000000009,0.0,292.42608050808326,,,,,,,,,,,
4,687,propio,1,176.61978905019745,229.81732128884585,35.40000000000009,0.0,292.42608050808326,,,,,,,,,,,
4,688,propio,1,176.61978905019745,229.81732128884585,35.30000000000009,0.0,292.42608050808326,,,,,,,,,,,
4,688,rival,2,378.9171221010299,229.68455274390556,35.40000000000009,0.0,118.77411973188894,202.29737661909004,67.53631604915137,,,,,,,,,
4,689,propio,1,176.61978905019745,229.81732128884585,34.20000000000009,0.0,292.42608050808326,,,,,,,,,,,
4,689,disparo,1,176.61978905019745,229.81732128884585,34.20000000000009,,292.42608050808326,,,,1.0,,,,,,,
4,690,propio,1,176.61978905019745,229.81732128884585,34.10000000000009,0.0,292.42608050808326,,,,,,,,,,,
4,691,propio,1,176.61978905019745,229.81732128884585,34.000000000000085,0.0,292.42608050808326,,,,,,,,,,,
4,692,propio,1,176.61978905019745,229.81732128884585,33.900000000000084,0.0,292.42608050808326,,,,,,,,,,,
4,693,propio,1,176.61978905019745,229.81732128884585,33.80000000000008,0.0,292.42608050808326,,,,,,,,,,,
4,694,propio,1,176.61978905019745,229.81732128884585,33.70000000000008,0.0,292.42608050808326,,,,,,,,,,,
4,695,propio,1,176.61978905019745,229.81732128884585,33.60000000000008,0.0,292.42608050808326,,,,,,,,,,,
4,696,propio,1,176.61978905019745,229.81732128884585,33.50000000000008,0.0,292.42608050808326,,,,,,,,,,,
4,696,rival,2,378.9171221010299,229.68455274390556,33.60000000000008,0.0,118.77411973188894,202.29737661909004,67.53631604915137,,,,,,,,,
4,697,propio,1,176.61978905019745,229.81732128884585,33.40000000000008,0.0,292.42608050808326,,,,,,,,,,,
4,698,propio,1,176.61978905019745,229.81732128884585,33.300000000000075,0.0,292.42608050808326,,,,,,,,,,,
4,699,propio,1,176.61978905019745,229.81732128884585,33.200000000000074,0.0,292.42608050808326,,,,,,,,,,,
4,700,propio,1,176.61978905019745,229.81732128884585,33.10000000000007,0.0,292.42608050808326,,,,,,,,,,,
4,701,propio,1,176.61978905019745,229.81732128884585,33.00000000000007,0.0,292.42608050808326,,,,,,,,,,,
4,702,propio,1,176.61978905019745,229.81732128884585,32.90000000000007,0.0,292.42608050808326,,,,,,,,,,,
4,703,propio,1,176.61978905019745,229.81732128884585,32.80000000000007,0.0,292.42608050808326,,,,,,,,,,,
4,704,propio,1,176.61978905019745,229.81732128884585,32.70000000000007,0.0,292.42608050808326,,,,,,,,,,,
4,704,rival,2,378.9171221010299,229.68455274390556,32.80000000000007,0.0,118.77411973188894,202.29737661909004,67.53631604915137,,,,,,,,,
4,705,propio,1,176.61978905019745,229.81732128884585,31.600000000000065,0.0,292.42608050808326,,,,,,,,,,,
4,705,disparo,1,176.61978905019745,229.81732128884585,31.600000000000065,,292.42608050808326,,,,1.0,,,,,,,
4,706,propio,1,176.61978905019745,229.81732128884585,31.500000000000064,0.0,292.42608050808326,,,,,,,,,,,
4,707,propio,1,176.61978905019745,229.81732128884585,31.400000000000063,0.0,292.42608050808326,,,,,,,,,,,
4,708,propio,1,176.61978905019745,229.81732128884585,31.30000000000006,0.0,292.42608050808326,,,,,,,,,,,
4,709,propio,1,176.61978905019745,229.81732128884585,31.20000000000006,0.0,292.42608050808326,,,,,,,,,,,
4,710,propio,1,176.61978905019745,229.81732128884585,31.10000000000006,0.0,292.42608050808326,,,,,,,,,,,
4,711,propio,1,176.61978905019745,229.81732128884585,31.000000000000057,0.0,292.42608050808326,,,,,,,,,,,
4,712,propio,1,176.61978905019745,229.81732128884585,30.900000000000055,0.0,292.42608050808326,,,,,,,,,,,
4,712,rival,2,378.9171221010299,229.68455274390556,31.000000000000057,0.0,118.77411973188894,202.29737661909004,67.53631604915137,,,,,,,,,
4,713,propio,1,176.61978905019745,229.81732128884585,30.800000000000054,0.0,292.42608050808326,,,,,,,,,,,
4,714,propio,1,176.61978905019745,229.81732128884585,30.700000000000053,0.0,292.42608050808326,,,,,,,,,,,
4,715,propio,1,176.61978905019745,229.81732128884585,30.60000000000005,0.0,292.42608050808326,,,,,,,,,,,
4,716,propio,1,176.61978905019745,229.81732128884585,30.50000000000005,0.0,292.42608050808326,,,,,,,,,,,
4,717,propio,1,176.61978905019745,229.81732128884585,30.40000000000005,0.0,292.42608050808326,,,,,,,,,,,
4,718,propio,1,176.61978905019745,229.81732128884585,30.300000000000047,0.0,292.42608050808326,,,,,,,,,,,
4,719,propio,1,176.61978905019745,229.81732128884585,30.200000000000045,0.0,292.42608050808326,,,,,,,,,,,
4,720,propio,1,176.61978905019745,229.81732128884585,30.100000000000044,0.0,292.42608050808326,,,,,,,,,,,
4,720,rival,2,378.9171221010299,229.68455274390556,30.200000000000045,0.0,118.77411973188894,202.29737661909004,67.53631604915137,,,,,,,,,
4,721,propio,1,176.61978905019745,229.81732128884585,29.000000000000043,0.0,292.42608050808326,,,,,,,,,,,
4,721,disparo,1,176.61978905019745,229.81732128884585,29.000000000000043,,292.42608050808326,,,,1.0,,,,,,,
4,722,propio,1,176.61978905019745,229.81732128884585,28.90000000000004,0.0,292.42608050808326,,,,,,,,,,,
4,723,propio,1,176.61978905019745,229.81732128884585,28.80000000000004,0.0,292.42608050808326,,,,,,,,,,,
4,724,propio,1,176.61978905019745,229.81732128884585,28.70000000000004,0.0,292.42608050808326,,,,,,,,,,,
4,725,propio,1,176.61978905019745,229.81732128884585,28.600000000000037,0.0,292.42608050808326,,,,,,,,,,,
4,726,propio,1,176.61978905019745,229.81732128884585,28.500000000000036,0.0,292.42608050808326,,,,,,,,,,,
4,727,propio,1,176.61978905019745,229.81732128884585,28.400000000000034,0.0,292.42608050808326,,,,,,,,,,,
4,728,propio,1,176.61978905019745,229.81732128884585,28.300000000000033,0.0,292.42608050808326,,,,,,,,,,,
4,728,rival,2,378.9171221010299,229.68455274390556,28.400000000000034,0.0,118.77411973188894,202.29737661909004,67.53631604915137,,,,,,,,,
4,729,propio,1,176.61978905019745,229.81732128884585,28.20000000000003,0.0,292.42608050808326,,,,,,,,,,,
4,730,propio,1,176.61978905019745,229.81732128884585,28.10000000000003,0.0,292.42608050808326,,,,,,,,,,,
4,731,propio,1,176.61978905019745,229.81732128884585,28.00000000000003,0.0,292.42608050808326,,,,,,,,,,,
4,732,propio,1,176.61978905019745,229.81732128884585,27.900000000000027,0.0,292.42608050808326,,,,,,,,,,,
4,733,propio,1,176.61978905019745,229.81732128884585,27.800000000000026,0.0,292.42608050808326,,,,,,,,,,,
4,734,propio,1,176.61978905019745,229.81732128884585,27.700000000000024,0.0,292.42608050808326,,,,,,,,,,,
4,735,propio,1,176.61978905019745,229.81732128884585,27.600000000000023,0.0,292.42608050808326,,,,,,,,,,,
4,736,propio,1,176.61978905019745,229.81732128884585,27.50000000000002,0.0,292.42608050808326,,,,,,,,,,,
4,736,rival,2,378.9171221010299,229.68455274390556,27.600000000000023,0.0,118.77411973188894,202.29737661909004,67.53631604915137,,,,,,,,,
4,737,propio,1,176.61978905019745,229.81732128884585,26.40000000000002,0.0,292.42608050808326,,,,,,,,,,,
4,737,disparo,1,176.61978905019745,229.81732128884585,26.40000000000002,,292.42608050808326,,,,1.0,,,,,,,
4,738,propio,1,176.61978905019745,229.81732128884585,26.30000000000002,0.0,292.42608050808326,,,,,,,,,,,
4,739,propio,1,176.61978905019745,229.81732128884585,26.200000000000017,0.0,292.42608050808326,,,,,,,,,,,
4,740,propio,1,176.61978905019745,229.81732128884585,26.100000000000016,0.0,292.42608050808326,,,,,,,,,,,
4,741,propio,1,176.61978905019745,229.81732128884585,26.000000000000014,0.0,292.42608050808326,,,,,,,,,,,
4,742,propio,1,176.61978905019745,229.81732128884585,25.900000000000013,0.0,292.42608050808326,,,,,,,,,,,
4,743,propio,1,176.61978905019745,229.81732128884585,25.80000000000001,0.0,292.42608050808326,,,,,,,,,,,
4,744,propio,1,176.61978905019745,229.81732128884585,25.70000000000001,0.0,292.42608050808326,,,,,,,,,,,
4,744,rival,2,378.9171221010299,229.68455274390556,25.80000000000001,0.0,118.77411973188894,202.29737661909004,67.53631604915137,,,,,,,,,
4,745,propio,1,176.61978905019745,229.81732128884585,25.60000000000001,0.0,292.42608050808326,,,,,,,,,,,
4,746,propio,1,176.61978905019745,229.81732128884585,25.500000000000007,0.0,292.42608050808326,,,,,,,,,,,
4,747,propio,1,176.61978905019745,229.81732128884585,25.400000000000006,0.0,292.42608050808326,,,,,,,,,,,
4,748,propio,1,176.61978905019745,229.81732128884585,25.300000000000004,0.0,292.42608050808326,,,,,,,,,,,
4,749,propio,1,176.61978905019745,229.81732128884585,25.200000000000003,0.0,292.42608050808326,,,,,,,,,,,
4,750,propio,1,176.61978905019745,229.81732128884585,25.1,0.0,292.42608050808326,,,,,,,,,,,
4,751,propio,1,176.61978905019745,229.81732128884585,25.0,0.0,292.42608050808326,,,,,,,,,,,
4,752,propio,1,176.61978905019745,229.81732128884585,24.9,0.0,292.42608050808326,,,,,,,,,,,
4,752,rival,2,378.9171221010299,229.68455274390556,25.0,0.0,118.77411973188894,202.29737661909004,67.53631604915137,,,,,,,,,
4,753,propio,1,176.61978905019745,229.81732128884585,23.799999999999997,0.0,292.42608050808326,,,,,,,,,,,
4,753,disparo,1,176.61978905019745,229.81732128884585,23.799999999999997,,292.42608050808326,,,,1.0,,,,,,,
4,754,propio,1,176.61978905019745,229.81732128884585,23.699999999999996,0.0,292.42608050808326,,,,,,,,,,,
4,755,propio,1,176.61978905019745,229.81732128884585,23.599999999999994,0.0,292.42608050808326,,,,,,,,,,,
4,756,propio,1,176.61978905019745,229.81732128884585,23.499999999999993,0.0,292.42608050808326,,,,,,,,,,,
4,757,propio,1,176.61978905019745,229.81732128884585,23.39999999999999,0.0,292.42608050808326,,,,,,,,,,,
4,758,propio,1,176.61978905019745,229.81732128884585,23.29999999999999,0.0,292.42608050808326,,,,,,,,,,,
4,759,propio,1,176.61978905019745,229.81732128884585,23.19999999999999,0.0,292.42608050808326,,,,,,,,,,,
4,760,propio,1,176.61978905019745,229.81732128884585,23.099999999999987,0.0,292.42608050808326,,,,,,,,,,,
4,760,rival,2,378.9171221010299,229.68455274390556,23.19999999999999,0.0,118.77411973188894,202.29737661909004,67.53631604915137,,,,,,,,,
4,761,propio,1,176.61978905019745,229.81732128884585,22.999999999999986,0.0,292.42608050808326,,,,,,,,,,,
4,762,propio,1,176.61978905019745,229.81732128884585,22.899999999999984,0.0,292.42608050808326,,,,,,,,,,,
4,763,propio,1,176.61978905019745,229.81732128884585,22.799999999999983,0.0,292.42608050808326,,,,,,,,,,,
4,764,propio,1,176.61978905019745,229.81732128884585,22.69999999999998,0.0,292.42608050808326,,,,,,,,,,,
4,765,propio,1,176.61978905019745,229.81732128884585,22.59999999999998,0.0,292.42608050808326,,,,,,,,,,,
4,766,propio,1,176.61978905019745,229.81732128884585,22.49999999999998,0.0,292.42608050808326,,,,,,,,,,,
4,767,propio,1,176.61978905019745,229.81732128884585,22.399999999999977,0.0,292.42608050808326,,,,,,,,,,,
4,768,propio,1,176.61978905019745,229.81732128884585,22.299999999999976,0.0,292.42608050808326,,,,,,,,,,,
4,768,rival,2,378.9171221010299,229.68455274390556,22.399999999999977,0.0,118.77411973188894,202.29737661909004,67.53631604915137,,,,,,,,,
4,769,propio,1,176.61978905019745,229.81732128884585,21.199999999999974,0.0,292.42608050808326,,,,,,,,,,,
4,769,disparo,1,176.61978905019745,229.81732128884585,21.199999999999974,,292.42608050808326,,,,1.0,,,,,,,
4,770,propio,1,176.61978905019745,229.81732128884585,21.099999999999973,0.0,292.42608050808326,,,,,,,,,,,
4,771,propio,1,176.61978905019745,229.81732128884585,20.99999999999997,0.0,292.42608050808326,,,,,,,,,,,
4,772,propio,1,176.61978905019745,229.81732128884585,20.89999999999997,0.0,292.42608050808326,,,,,,,,,,,
4,773,propio,1,176.61978905019745,229.81732128884585,20.79999999999997,0.0,292.42608050808326,,,,,,,,,,,
4,774,propio,1,176.61978905019745,229.81732128884585,20.699999999999967,0.0,292.42608050808326,,,,,,,,,,,
4,775,propio,1,176.61978905019745,229.81732128884585,20.599999999999966,0.0,292.42608050808326,,,,,,,,,,,
4,776,propio,1,176.61978905019745,229.81732128884585,20.499999999999964,0.0,292.42608050808326,,,,,,,,,,,
4,776,rival,2,378.9171221010299,229.68455274390556,20.599999999999966,0.0,118.77411973188894,202.29737661909004,67.53631604915137,,,,,,,,,
4,777,propio,1,176.61978905019745,229.81732128884585,20.399999999999963,0.0,292.42608050808326,,,,,,,,,,,
4,778,propio,1,176.61978905019745,229.81732128884585,20.29999999999996,0.0,292.42608050808326,,,,,,,,,,,
4,779,propio,1,176.61978905019745,229.81732128884585,20.19999999999996,0.0,292.42608050808326,,,,,,,,,,,
4,780,propio,1,176.61978905019745,229.81732128884585,20.09999999999996,0.0,292.42608050808326,,,,,,,,,,,
4,781,propio,1,176.61978905019745,229.81732128884585,19.999999999999957,0.0,292.42608050808326,,,,,,,,,,,
4,782,propio,1,176.61978905019745,229.81732128884585,19.899999999999956,0.0,292.42608050808326,,,,,,,,,,,
4,783,propio,1,176.61978905019745,229.81732128884585,19.799999999999955,0.0,292.42608050808326,,,,,,,,,,,
4,784,propio,1,176.61978905019745,229.81732128884585,19.699999999999953,0.0,292.42608050808326,,,,,,,,,,,
4,784,rival,2,378.9171221010299,229.68455274390556,19.799999999999955,0.0,118.77411973188894,202.29737661909004,67.53631604915137,,,,,,,,,
4,785,propio,1,176.61978905019745,229.81732128884585,18.59999999999995,0.0,292.42608050808326,,,,,,,,,,,
4,785,disparo,1,176.61978905019745,229.81732128884585,18.59999999999995,,292.42608050808326,,,,1.0,,,,,,,
4,786,propio,1,176.61978905019745,229.81732128884585,18.49999999999995,0.0,292.42608050808326,,,,,,,,,,,
4,787,propio,1,176.61978905019745,229.81732128884585,18.39999999999995,0.0,292.42608050808326,,,,,,,,,,,
4,788,propio,1,176.61978905019745,229.81732128884585,18.299999999999947,0.0,292.42608050808326,,,,,,,,,,,
4,789,propio,1,176.61978905019745,229.81732128884585,18.199999999999946,0.0,292.42608050808326,,,,,,,,,,,
4,790,propio,1,176.61978905019745,229.81732128884585,18.099999999999945,0.0,292.42608050808326,,,,,,,,,,,
4,791,propio,1,176.61978905019745,229.81732128884585,17.999999999999943,0.0,292.42608050808326,,,,,,,,,,,
4,792,propio,1,176.61978905019745,229.81732128884585,17.89999999999994,0.0,292.42608050808326,,,,,,,,,,,
4,792,rival,2,378.9171221010299,229.68455274390556,17.999999999999943,0.0,118.77411973188894,202.29737661909004,67.53631604915137,,,,,,,,,
4,793,propio,1,176.61978905019745,229.81732128884585,17.79999999999994,0.0,292.42608050808326,,,,,,,,,,,
4,794,propio,1,176.61978905019745,229.81732128884585,17.69999999999994,0.0,292.42608050808326,,,,,,,,,,,
4,795,propio,1,176.61978905019745,229.81732128884585,17.599999999999937,0.0,292.42608050808326,,,,,,,,,,,
4,796,propio,1,176.61978905019745,229.81732128884585,17.499999999999936,0.0,292.42608050808326,,,,,,,,,,,
4,797,propio,1,176.61978905019745,229.81732128884585,17.399999999999935,0.0,292.42608050808326,,,,,,,,,,,
4,798,propio,1,176.61978905019745,229.81732128884585,17.299999999999933,0.0,292.42608050808326,,,,,,,,,,,
4,799,propio,1,176.61978905019745,229.81732128884585,17.199999999999932,0.0,292.42608050808326,,,,,,,,,,,
4,800,propio,1,176.61978905019745,229.81732128884585,17.09999999999993,0.0,292.42608050808326,,,,,,,,,,,
4,800,rival,2,378.9171221010299,229.68455274390556,17.199999999999932,0.0,118.77411973188894,202.29737661909004,67.53631604915137,,,,,,,,,
4,801,propio,1,176.61978905019745,229.81732128884585,15.99999999999993,0.0,292.42608050808326,,,,,,,,,,,
4,801,disparo,1,176.61978905019745,229.81732128884585,15.99999999999993,,292.42608050808326,,,,1.0,,,,,,,
4,802,propio,1,176.61978905019745,229.81732128884585,15.899999999999931,0.0,292.42608050808326,,,,,,,,,,,
4,803,propio,1,176.61978905019745,229.81732128884585,15.799999999999931,0.0,292.42608050808326,,,,,,,,,,,
4,804,propio,1,176.61978905019745,229.81732128884585,15.699999999999932,0.0,292.42608050808326,,,,,,,,,,,
4,805,propio,1,176.61978905019745,229.81732128884585,15.599999999999932,0.0,292.42608050808326,,,,,,,,,,,
4,806,propio,1,176.61978905019745,229.81732128884585,15.499999999999932,0.0,292.42608050808326,,,,,,,,,,,
4,807,propio,1,176.61978905019745,229.81732128884585,15.399999999999933,0.0,292.42608050808326,,,,,,,,,,,
4,808,propio,1,176.61978905019745,229.81732128884585,15.299999999999933,0.0,292.42608050808326,,,,,,,,,,,
4,808,rival,2,378.9171221010299,229.68455274390556,15.399999999999933,0.0,118.77411973188894,202.29737661909004,67.53631604915137,,,,,,,,,
4,809,propio,1,176.61978905019745,229.81732128884585,15.199999999999934,0.0,292.42608050808326,,,,,,,,,,,
4,810,propio,1,176.61978905019745,229.81732128884585,15.099999999999934,0.0,292.42608050808326,,,,,,,,,,,
4,811,propio,1,176.61978905019745,229.81732128884585,14.999999999999934,0.0,292.42608050808326,,,,,,,,,,,
4,812,propio,1,176.61978905019745,229.81732128884585,14.899999999999935,0.0,292.42608050808326,,,,,,,,,,,
4,813,propio,1,176.61978905019745,229.81732128884585,14.799999999999935,0.0,292.42608050808326,,,,,,,,,,,
4,814,propio,1,176.61978905019745,229.81732128884585,14.699999999999935,0.0,292.42608050808326,,,,,,,,,,,
4,815,propio,1,176.61978905019745,229.81732128884585,14.599999999999936,0.0,292.42608050808326,,,,,,,,,,,
4,816,propio,1,176.61978905019745,229.81732128884585,14.499999999999936,0.0,292.42608050808326,,,,,,,,,,,
4,816,rival,2,378.9171221010299,229.68455274390556,14.599999999999936,0.0,118.77411973188894,202.29737661909004,67.53631604915137,,,,,,,,,
4,817,propio,1,176.61978905019745,229.81732128884585,13.399999999999936,0.0,292.42608050808326,,,,,,,,,,,
4,817,disparo,1,176.61978905019745,229.81732128884585,13.399999999999936,,292.42608050808326,,,,1.0,,,,,,,
4,818,propio,1,176.61978905019745,229.81732128884585,13.299999999999937,0.0,292.42608050808326,,,,,,,,,,,
4,819,propio,1,176.61978905019745,229.81732128884585,13.199999999999937,0.0,292.42608050808326,,,,,,,,,,,
4,820,propio,1,176.61978905019745,229.81732128884585,13.099999999999937,0.0,292.42608050808326,,,,,,,,,,,
4,821,propio,1,176.61978905019745,229.81732128884585,12.999999999999938,0.0,292.42608050808326,,,,,,,,,,,
4,822,propio,1,176.61978905019745,229.81732128884585,12.899999999999938,0.0,292.42608050808326,,,,,,,,,,,
4,823,propio,1,176.61978905019745,229.81732128884585,12.799999999999939,0.0,292.42608050808326,,,,,,,,,,,
4,824,propio,1,176.61978905019745,229.81732128884585,12.699999999999939,0.0,292.42608050808326,,,,,,,,,,,
4,824,rival,2,378.9171221010299,229.68455274390556,12.799999999999939,0.0,118.77411973188894,202.29737661909004,67.53631604915137,,,,,,,,,
4,825,propio,1,176.61978905019745,229.81732128884585,12.59999999999994,0.0,292.42608050808326,,,,,,,,,,,
4,826,propio,1,176.61978905019745,229.81732128884585,12.49999999999994,0.0,292.42608050808326,,,,,,,,,,,
4,827,propio,1,176.61978905019745,229.81732128884585,12.39999999999994,0.0,292.42608050808326,,,,,,,,,,,
4,828,propio,1,176.61978905019745,229.81732128884585,12.29999999999994,0.0,292.42608050808326,,,,,,,,,,,
4,829,propio,1,176.61978905019745,229.81732128884585,12.19999999999994,0.0,292.42608050808326,,,,,,,,,,,
4,830,propio,1,176.61978905019745,229.81732128884585,12.099999999999941,0.0,292.42608050808326,,,,,,,,,,,
4,831,propio,1,176.61978905019745,229.81732128884585,11.999999999999941,0.0,292.42608050808326,,,,,,,,,,,
4,832,propio,1,176.61978905019745,229.81732128884585,11.899999999999942,0.0,292.42608050808326,,,,,,,,,,,
4,832,rival,2,378.9171221010299,229.68455274390556,11.999999999999941,0.0,118.77411973188894,202.29737661909004,67.53631604915137,,,,,,,,,
4,833,propio,1,176.61978905019745,229.81732128884585,10.799999999999942,0.0,292.42608050808326,,,,,,,,,,,
4,833,disparo,1,176.61978905019745,229.81732128884585,10.799999999999942,,292.42608050808326,,,,1.0,,,,,,,
4,834,propio,1,176.61978905019745,229.81732128884585,10.699999999999942,0.0,292.42608050808326,,,,,,,,,,,
4,835,propio,1,176.61978905019745,229.81732128884585,10.599999999999943,0.0,292.42608050808326,,,,,,,,,,,
4,836,propio,1,176.61978905019745,229.81732128884585,10.499999999999943,0.0,292.42608050808326,,,,,,,,,,,
4,837,propio,1,176.61978905019745,229.81732128884585,10.399999999999944,0.0,292.42608050808326,,,,,,,,,,,
4,838,propio,1,176.61978905019745,229.81732128884585,10.299999999999944,0.0,292.42608050808326,,,,,,,,,,,
4,839,propio,1,176.61978905019745,229.81732128884585,10.199999999999944,0.0,292.42608050808326,,,,,,,,,,,
4,840,propio,1,176.61978905019745,229.81732128884585,10.099999999999945,0.0,292.42608050808326,,,,,,,,,,,
4,840,rival,2,378.9171221010299,229.68455274390556,10.199999999999944,0.0,118.77411973188894,202.29737661909004,67.53631604915137,,,,,,,,,
4,841,propio,1,176.61978905019745,229.81732128884585,9.999999999999945,0.0,292.42608050808326,,,,,,,,,,,
4,842,propio,1,176.61978905019745,229.81732128884585,9.899999999999945,0.0,292.42608050808326,,,,,,,,,,,
4,843,propio,1,176.61978905019745,229.81732128884585,9.799999999999946,0.0,292.42608050808326,,,,,,,,,,,
4,844,propio,1,176.61978905019745,229.81732128884585,9.699999999999946,0.0,292.42608050808326,,,,,,,,,,,
4,845,propio,1,176.61978905019745,229.81732128884585,9.599999999999946,0.0,292.42608050808326,,,,,,,,,,,
4,846,propio,1,176.61978905019745,229.81732128884585,9.499999999999947,0.0,292.42608050808326,,,,,,,,,,,
4,847,propio,1,176.61978905019745,229.81732128884585,9.399999999999947,0.0,292.42608050808326,,,,,,,,,,,
4,848,propio,1,176.61978905019745,229.81732128884585,9.299999999999947,0.0,292.42608050808326,,,,,,,,,,,
4,848,rival,2,378.9171221010299,229.68455274390556,9.399999999999947,0.0,118.77411973188894,202.29737661909004,67.53631604915137,,,,,,,,,
4,849,propio,1,176.61978905019745,229.81732128884585,8.199999999999948,0.0,292.42608050808326,,,,,,,,,,,
4,849,disparo,1,176.61978905019745,229.81732128884585,8.199999999999948,,292.42608050808326,,,,1.0,,,,,,,
4,850,propio,1,176.61978905019745,229.81732128884585,8.099999999999948,0.0,292.42608050808326,,,,,,,,,,,
4,851,propio,1,176.61978905019745,229.81732128884585,7.9999999999999485,0.0,292.42608050808326,,,,,,,,,,,
4,852,propio,1,176.61978905019745,229.81732128884585,7.899999999999949,0.0,292.42608050808326,,,,,,,,,,,
4,853,propio,1,176.61978905019745,229.81732128884585,7.799999999999949,0.0,292.42608050808326,,,,,,,,,,,
4,854,propio,1,176.61978905019745,229.81732128884585,7.6999999999999496,0.0,292.42608050808326,,,,,,,,,,,
4,855,propio,1,176.61978905019745,229.81732128884585,7.59999999999995,0.0,292.42608050808326,,,,,,,,,,,
4,856,propio,1,176.61978905019745,229.81732128884585,7.49999999999995,0.0,292.42608050808326,,,,,,,,,,,
4,856,rival,2,378.9171221010299,229.68455274390556,7.59999999999995,0.0,118.77411973188894,202.29737661909004,67.53631604915137,,,,,,,,,
4,857,propio,1,176.61978905019745,229.81732128884585,7.399999999999951,0.0,292.42608050808326,,,,,,,,,,,
4,858,propio,1,176.61978905019745,229.81732128884585,7.299999999999951,0.0,292.42608050808326,,,,,,,,,,,
4,859,propio,1,176.61978905019745,229.81732128884585,7.199999999999951,0.0,292.42608050808326,,,,,,,,,,,
4,860,propio,1,176.61978905019745,229.81732128884585,7.099999999999952,0.0,292.42608050808326,,,,,,,,,,,
4,861,propio,1,176.61978905019745,229.81732128884585,6.999999999999952,0.0,292.42608050808326,,,,,,,,,,,
4,862,propio,1,176.61978905019745,229.81732128884585,6.899999999999952,0.0,292.42608050808326,,,,,,,,,,,
4,863,propio,1,176.61978905019745,229.81732128884585,6.799999999999953,0.0,292.42608050808326,,,,,,,,,,,
4,864,propio,1,176.61978905019745,229.81732128884585,6.699999999999953,0.0,292.42608050808326,,,,,,,,,,,
4,864,rival,2,378.9171221010299,229.68455274390556,6.799999999999953,0.0,118.77411973188894,202.29737661909004,67.53631604915137,,,,,,,,,
4,865,propio,1,176.61978905019745,229.81732128884585,5.5999999999999535,0.0,292.42608050808326,,,,,,,,,,,
4,865,disparo,1,176.61978905019745,229.81732128884585,5.5999999999999535,,292.42608050808326,,,,1.0,,,,,,,
4,866,propio,1,176.61978905019745,229.81732128884585,5.499999999999954,0.0,292.42608050808326,,,,,,,,,,,
4,867,propio,1,176.61978905019745,229.81732128884585,5.399999999999954,0.0,292.42608050808326,,,,,,,,,,,
4,868,propio,1,176.61978905019745,229.81732128884585,5.2999999999999545,0.0,292.42608050808326,,,,,,,,,,,
4,869,propio,1,176.61978905019745,229.81732128884585,5.199999999999955,0.0,292.42608050808326,,,,,,,,,,,
4,870,propio,1,176.61978905019745,229.81732128884585,5.099999999999955,0.0,292.42608050808326,,,,,,,,,,,
4,871,propio,1,176.61978905019745,229.81732128884585,4.999999999999956,0.0,292.42608050808326,,,,,,,,,,,
4,872,propio,1,176.61978905019745,229.81732128884585,4.899999999999956,0.0,292.42608050808326,,,,,,,,,,,
4,872,rival,2,378.9171221010299,229.68455274390556,4.999999999999956,0.0,118.77411973188894,202.29737661909004,67.53631604915137,,,,,,,,,
4,873,propio,1,176.61978905019745,229.81732128884585,4.799999999999956,0.0,292.42608050808326,,,,,,,,,,,
4,874,propio,1,176.61978905019745,229.81732128884585,4.699999999999957,0.0,292.42608050808326,,,,,,,,,,,
4,875,propio,1,176.61978905019745,229.81732128884585,4.599999999999957,0.0,292.42608050808326,,,,,,,,,,,
4,876,propio,1,176.61978905019745,229.81732128884585,4.499999999999957,0.0,292.42608050808326,,,,,,,,,,,
4,877,propio,1,176.61978905019745,229.81732128884585,4.399999999999958,0.0,292.42608050808326,,,,,,,,,,,
4,878,propio,1,176.61978905019745,229.81732128884585,4.299999999999958,0.0,292.42608050808326,,,,,,,,,,,
4,879,propio,1,176.61978905019745,229.81732128884585,4.199999999999958,0.0,292.42608050808326,,,,,,,,,,,
4,880,propio,1,176.61978905019745,229.81732128884585,4.099999999999959,0.0,292.42608050808326,,,,,,,,,,,
4,880,rival,2,378.9171221010299,229.68455274390556,4.199999999999958,0.0,118.77411973188894,202.29737661909004,67.53631604915137,,,,,,,,,
4,881,propio,1,176.61978905019745,229.81732128884585,2.9999999999999587,0.0,292.42608050808326,,,,,,,,,,,
4,881,disparo,1,176.61978905019745,229.81732128884585,2.9999999999999587,,292.42608050808326,,,,1.0,,,,,,,
4,882,propio,1,176.61978905019745,229.81732128884585,2.8999999999999586,0.0,292.42608050808326,,,,,,,,,,,
4,883,propio,1,176.61978905019745,229.81732128884585,2.7999999999999585,0.0,292.42608050808326,,,,,,,,,,,
4,884,propio,1,176.61978905019745,229.81732128884585,2.6999999999999584,0.0,292.42608050808326,,,,,,,,,,,
4,885,propio,1,176.61978905019745,229.81732128884585,2.5999999999999583,0.0,292.42608050808326,,,,,,,,,,,
4,886,propio,1,176.61978905019745,229.81732128884585,2.4999999999999583,0.0,292.42608050808326,,,,,,,,,,,
4,887,propio,1,176.61978905019745,229.81732128884585,2.399999999999958,0.0,292.42608050808326,,,,,,,,,,,
4,888,propio,1,176.61978905019745,229.81732128884585,2.299999999999958,0.0,292.42608050808326,,,,,,,,,,,
4,888,rival,2,378.9171221010299,229.68455274390556,2.399999999999958,0.0,118.77411973188894,202.29737661909004,67.53631604915137,,,,,,,,,
4,889,propio,1,176.61978905019745,229.81732128884585,2.199999999999958,0.0,292.42608050808326,,,,,,,,,,,
4,890,propio,1,176.61978905019745,229.81732128884585,2.099999999999958,0.0,292.42608050808326,,,,,,,,,,,
4,891,propio,1,176.61978905019745,229.81732128884585,1.9999999999999578,0.0,292.42608050808326,,,,,,,,,,,
4,892,propio,1,176.61978905019745,229.81732128884585,1.8999999999999577,0.0,292.42608050808326,,,,,,,,,,,
4,893,propio,1,176.61978905019745,229.81732128884585,1.7999999999999576,0.0,292.42608050808326,,,,,,,,,,,
4,894,propio,1,176.61978905019745,229.81732128884585,1.6999999999999575,0.0,292.42608050808326,,,,,,,,,,,
4,895,propio,1,176.61978905019745,229.81732128884585,1.5999999999999575,0.0,292.42608050808326,,,,,,,,,,,
4,896,propio,1,176.61978905019745,229.81732128884585,1.4999999999999574,0.0,292.42608050808326,,,,,,,,,,,
4,896,rival,2,378.9171221010299,229.68455274390556,1.5999999999999575,0.0,118.77411973188894,202.29737661909004,67.53631604915137,,,,,,,,,
4,897,propio,1,176.61978905019745,229.81732128884585,0.3999999999999574,0.0,292.42608050808326,,,,,,,,,,,
4,897,disparo,1,176.61978905019745,229.81732128884585,0.3999999999999574,,292.42608050808326,,,,1.0,,,,,,,
4,898,propio,1,176.61978905019745,229.81732128884585,0.2999999999999574,0.0,292.42608050808326,,,,,,,,,,,
4,899,propio,1,176.61978905019745,229.81732128884585,0.1999999999999574,0.0,292.42608050808326,,,,,,,,,,,
4,900,propio,1,176.61978905019745,229.81732128884585,0.0999999999999574,0.0,292.42608050808326,,,,,,,,,,,
4,901,propio,1,176.61978905019745,229.81732128884585,-4.260480856999038e-14,0.0,292.42608050808326,,,,,,,,,,,
4,901,fin_ronda,1,,,,,,,,,,,0,1,0.0,0.0,0.0,20.0
5,1,propio,1,670.3539106788747,425.6177635606279,100.0,0.0,124.52084751509143,,,,,,,,,,,
5,2,propio,1,670.3539106788747,425.6177635606279,100.0,0.0,124.52084751509143,,,,,,,,,,,
5,3,propio,1,670.3539106788747,425.6177635606279,100.0,0.0,124.52084751509143,,,,,,,,,,,
5,4,propio,1,670.3539106788747,425.6177635606279,100.0,0.0,124.52084751509143,,,,,,,,,,,
5,5,propio,1,670.3539106788747,425.6177635606279,100.0,0.0,124.52084751509143,,,,,,,,,,,
5,6,propio,1,670.3539106788747,425.6177635606279,100.0,0.0,124.52084751509143,,,,,,,,,,,
5,6,rival,2,725.1069820683209,231.67857087534756,100.0,0.0,333.644607503161,201.5199972359966,161.24463035266695,,,,,,,,,
5,7,propio,1,670.3539106788747,425.6177635606279,100.0,0.0,124.52084751509143,,,,,,,,,,,
5,8,propio,1,670.3539106788747,425.6177635606279,100.0,0.0,124.52084751509143,,,,,,,,,,,
5,9,propio,1,670.3539106788747,425.6177635606279,100.0,0.0,124.52084751509143,,,,,,,,,,,
5,10,propio,1,670.3539106788747,425.6177635606279,100.0,0.0,124.52084751509143,,,,,,,,,,,
5,11,propio,1,670.3539106788747,425.6177635606279,100.0,0.0,124.52084751509143,,,,,,,,,,,
5,12,propio,1,670.3539106788747,425.6177635606279,100.0,0.0,124.52084751509143,,,,,,,,,,,
5,13,propio,1,670.3539106788747,425.6177635606279,100.0,0.0,124.52084751509143,,,,,,,,,,,
5,14,propio,1,670.3539106788747,425.6177635606279,100.0,0.0,124.52084751509143,,,,,,,,,,,
5,14,rival,2,725.1069820683209,231.67857087534756,100.0,0.0,333.644607503161,201.5199972359966,161.24463035266695,,,,,,,,,
5,15,propio,1,670.3539106788747,425.6177635606279,100.0,0.0,124.52084751509143,,,,,,,,,,,
5,16,propio,1,670.3539106788747,425.6177635606279,100.0,0.0,124.52084751509143,,,,,,,,,,,
5,17,propio,1,670.3539106788747,425.6177635606279,100.0,0.0,124.52084751509143,,,,,,,,,,,
5,18,propio,1,670.3539106788747,425.6177635606279,100.0,0.0,124.52084751509143,,,,,,,,,,,
5,19,propio,1,670.3539106788747,425.6177635606279,100.0,0.0,124.52084751509143,,,,,,,,,,,
5,20,propio,1,670.3539106788747,425.6177635606279,100.0,0.0,124.52084751509143,,,,,,,,,,,
5,21,propio,1,670.3539106788747,425.6177635606279,100.0,0.0,124.52084751509143,,,,,,,,,,,
5,22,propio,1,670.3539106788747,425.6177635606279,100.0,0.0,124.52084751509143,,,,,,,,,,,
5,22,rival,2,725.1069820683209,231.67857087534756,100.0,0.0,333.644607503161,201.5199972359966,161.24463035266695,,,,,,,,,
5,23,propio,1,670.3539106788747,425.6177635606279,100.0,0.0,124.52084751509143,,,,,,,,,,,
5,24,propio,1,670.3539106788747,425.6177635606279,100.0,0.0,124.52084751509143,,,,,,,,,,,
5,25,propio,1,670.3539106788747,425.6177635606279,100.0,0.0,124.52084751509143,,,,,,,,,,,
5,26,propio,1,670.3539106788747,425.6177635606279,100.0,0.0,124.52084751509143,,,,,,,,,,,
5,27,propio,1,670.3539106788747,425.6177635606279,100.0,0.0,124.52084751509143,,,,,,,,,,,
5,28,propio,1,670.3539106788747,425.6177635606279,100.0,0.0,124.52084751509143,,,,,,,,,,,
5,29,propio,1,670.3539106788747,425.6177635606279,100.0,0.0,124.52084751509143,,,,,,,,,,,
5,30,propio,1,670.3539106788747,425.6177635606279,100.0,0.0,124.52084751509143,,,,,,,,,,,
5,30,rival,2,725.1069820683209,231.67857087534756,100.0,0.0,333.644607503161,201.5199972359966,161.24463035266695,,,,,,,,,
5,31,propio,1,670.3539106788747,425.6177635606279,99.0,0.0,124.52084751509143,,,,,,,,,,,
5,31,disparo,1,670.3539106788747,425.6177635606279,99.0,,124.52084751509143,,,,1.0,,,,,,,
5,32,propio,1,670.3539106788747,425.6177635606279,99.0,0.0,124.52084751509143,,,,,,,,,,,
5,33,propio,1,670.3539106788747,425.6177635606279,99.0,0.0,124.52084751509143,,,,,,,,,,,
5,34,propio,1,670.3539106788747,425.6177635606279,99.0,0.0,124.52084751509143,,,,,,,,,,,
5,35,propio,1,670.3539106788747,425.6177635606279,99.0,0.0,124.52084751509143,,,,,,,,,,,
5,36,propio,1,670.3539106788747,425.6177635606279,99.0,0.0,124.52084751509143,,,,,,,,,,,
5,37,propio,1,670.3539106788747,425.6177635606279,99.0,0.0,124.52084751509143,,,,,,,,,,,
5,38,propio,1,670.3539106788747,425.6177635606279,99.0,0.0,124.52084751509143,,,,,,,,,,,
5,38,rival,2,725.1069820683209,231.67857087534756,99.0,0.0,333.644607503161,201.5199972359966,161.24463035266695,,,,,,,,,
5,39,propio,1,670.3539106788747,425.6177635606279,99.0,0.0,124.52084751509143,,,,,,,,,,,
5,40,propio,1,670.3539106788747,425.6177635606279,99.0,0.0,124.52084751509143,,,,,,,,,,,
5,41,propio,1,670.3539106788747,425.6177635606279,99.0,0.0,124.52084751509143,,,,,,,,,,,
5,42,propio,1,670.3539106788747,425.6177635606279,99.0,0.0,124.52084751509143,,,,,,,,,,,
5,43,propio,1,670.3539106788747,425.6177635606279,99.0,0.0,124.52084751509143,,,,,,,,,,,
5,44,propio,1,670.3539106788747,425.6177635606279,99.0,0.0,124.52084751509143,,,,,,,,,,,
5,45,propio,1,670.3539106788747,425.6177635606279,99.0,0.0,124.52084751509143,,,,,,,,,,,
5,46,propio,1,670.3539106788747,425.6177635606279,99.0,0.0,124.52084751509143,,,,,,,,,,,
5,46,rival,2,725.1069820683209,231.67857087534756,99.0,0.0,333.644607503161,201.5199972359966,161.24463035266695,,,,,,,,,
5,47,propio,1,670.3539106788747,425.6177635606279,98.0,0.0,124.52084751509143,,,,,,,,,,,
5,47,disparo,1,670.3539106788747,425.6177635606279,98.0,,124.52084751509143,,,,1.0,,,,,,,
5,48,propio,1,670.3539106788747,425.6177635606279,98.0,0.0,124.52084751509143,,,,,,,,,,,
5,49,propio,1,670.3539106788747,425.6177635606279,98.0,0.0,124.52084751509143,,,,,,,,,,,
5,50,propio,1,670.3539106788747,425.6177635606279,98.0,0.0,124.52084751509143,,,,,,,,,,,
5,51,propio,1,670.3539106788747,425.6177635606279,98.0,0.0,124.52084751509143,,,,,,,,,,,
5,52,propio,1,670.3539106788747,425.6177635606279,98.0,0.0,124.52084751509143,,,,,,,,,,,
5,53,propio,1,670.3539106788747,425.6177635606279,98.0,0.0,124.52084751509143,,,,,,,,,,,
5,54,propio,1,670.3539106788747,425.6177635606279,98.0,0.0,124.52084751509143,,,,,,,,,,,
5,54,rival,2,725.1069820683209,231.67857087534756,98.0,0.0,333.644607503161,201.5199972359966,161.24463035266695,,,,,,,,,
5,55,propio,1,670.3539106788747,425.6177635606279,98.0,0.0,124.52084751509143,,,,,,,,,,,
5,56,propio,1,670.3539106788747,425.6177635606279,98.0,0.0,124.52084751509143,,,,,,,,,,,
5,57,propio,1,670.3539106788747,425.6177635606279,98.0,0.0,124.52084751509143,,,,,,,,,,,
5,58,propio,1,670.3539106788747,425.6177635606279,98.0,0.0,124.52084751509143,,,,,,,,,,,
5,59,propio,1,670.3539106788747,425.6177635606279,98.0,0.0,124.52084751509143,,,,,,,,,,,
5,60,propio,1,670.3539106788747,425.6177635606279,98.0,0.0,124.52084751509143,,,,,,,,,,,
5,61,propio,1,670.3539106788747,425.6177635606279,98.0,0.0,124.52084751509143,,,,,,,,,,,
5,62,propio,1,670.3539106788747,425.6177635606279,98.0,0.0,124.52084751509143,,,,,,,,,,,
5,62,rival,2,725.1069820683209,231.67857087534756,98.0,0.0,333.644607503161,201.5199972359966,161.24463035266695,,,,,,,,,
5,63,propio,1,670.3539106788747,425.6177635606279,97.0,0.0,124.52084751509143,,,,,,,,,,,
5,63,disparo,1,670.3539106788747,425.6177635606279,97.0,,124.52084751509143,,,,1.0,,,,,,,
5,64,propio,1,670.3539106788747,425.6177635606279,97.0,0.0,124.52084751509143,,,,,,,,,,,
5,65,propio,1,670.3539106788747,425.6177635606279,97.0,0.0,124.52084751509143,,,,,,,,,,,
5,66,propio,1,670.3539106788747,425.6177635606279,97.0,0.0,124.52084751509143,,,,,,,,,,,
5,67,propio,1,670.3539106788747,425.6177635606279,97.0,0.0,124.52084751509143,,,,,,,,,,,
5,68,propio,1,670.3539106788747,425.6177635606279,97.0,0.0,124.52084751509143,,,,,,,,,,,
5,69,propio,1,670.3539106788747,425.6177635606279,97.0,0.0,124.52084751509143,,,,,,,,,,,
5,70,propio,1,670.3539106788747,425.6177635606279,97.0,0.0,124.52084751509143,,,,,,,,,,,
5,70,rival,2,725.1069820683209,231.67857087534756,97.0,0.0,333.644607503161,201.5199972359966,161.24463035266695,,,,,,,,,
5,71,propio,1,670.3539106788747,425.6177635606279,97.0,0.0,124.52084751509143,,,,,,,,,,,
5,72,propio,1,670.3539106788747,425.6177635606279,97.0,0.0,124.52084751509143,,,,,,,,,,,
5,73,propio,1,670.3539106788747,425.6177635606279,97.0,0.0,124.52084751509143,,,,,,,,,,,
5,74,propio,1,670.3539106788747,425.6177635606279,97.0,0.0,124.52084751509143,,,,,,,,,,,
5,75,propio,1,670.3539106788747,425.6177635606279,97.0,0.0,124.52084751509143,,,,,,,,,,,
5,76,propio,1,670.3539106788747,425.6177635606279,97.0,0.0,124.52084751509143,,,,,,,,,,,
5,77,propio,1,670.3539106788747,425.6177635606279,97.0,0.0,124.52084751509143,,,,,,,,,,,
5,78,propio,1,670.3539106788747,425.6177635606279,97.0,0.0,124.52084751509143,,,,,,,,,,,
5,78,rival,2,725.1069820683209,231.67857087534756,97.0,0.0,333.644607503161,201.5199972359966,161.24463035266695,,,,,,,,,
5,79,propio,1,670.3539106788747,425.6177635606279,96.0,0.0,124.52084751509143,,,,,,,,,,,
5,79,disparo,1,670.3539106788747,425.6177635606279,96.0,,124.52084751509143,,,,1.0,,,,,,,
5,80,propio,1,670.3539106788747,425.6177635606279,96.0,0.0,124.52084751509143,,,,,,,,,,,
5,81,propio,1,670.3539106788747,425.6177635606279,96.0,0.0,124.52084751509143,,,,,,,,,,,
5,82,propio,1,670.3539106788747,425.6177635606279,96.0,0.0,124.52084751509143,,,,,,,,,,,
5,83,propio,1,670.3539106788747,425.6177635606279,96.0,0.0,124.52084751509143,,,,,,,,,,,
5,84,propio,1,670.3539106788747,425.6177635606279,96.0,0.0,124.52084751509143,,,,,,,,,,,
5,85,propio,1,670.3539106788747,425.6177635606279,96.0,0.0,124.52084751509143,,,,,,,,,,,
5,86,propio,1,670.3539106788747,425.6177635606279,96.0,0.0,124.52084751509143,,,,,,,,,,,
5,86,rival,2,725.1069820683209,231.67857087534756,96.0,0.0,333.644607503161,201.5199972359966,161.24463035266695,,,,,,,,,
5,87,propio,1,670.3539106788747,425.6177635606279,96.0,0.0,124.52084751509143,,,,,,,,,,,
5,88,propio,1,670.3539106788747,425.6177635606279,96.0,0.0,124.52084751509143,,,,,,,,,,,
5,89,propio,1,670.3539106788747,425.6177635606279,96.0,0.0,124.52084751509143,,,,,,,,,,,
5,90,propio,1,670.3539106788747,425.6177635606279,96.0,0.0,124.52084751509143,,,,,,,,,,,
5,91,propio,1,670.3539106788747,425.6177635606279,96.0,0.0,124.52084751509143,,,,,,,,,,,
5,92,propio,1,670.3539106788747,425.6177635606279,96.0,0.0,124.52084751509143,,,,,,,,,,,
5,93,propio,1,670.3539106788747,425.6177635606279,96.0,0.0,124.52084751509143,,,,,,,,,,,
5,94,propio,1,670.3539106788747,425.6177635606279,96.0,0.0,124.52084751509143,,,,,,,,,,,
5,94,rival,2,725.1069820683209,231.67857087534756,96.0,0.0,333.644607503161,201.5199972359966,161.24463035266695,,,,,,,,,
5,95,propio,1,670.3539106788747,425.6177635606279,95.0,0.0,124.52084751509143,,,,,,,,,,,
5,95,disparo,1,670.3539106788747,425.6177635606279,95.0,,124.52084751509143,,,,1.0,,,,,,,
5,96,propio,1,670.3539106788747,425.6177635606279,95.0,0.0,124.52084751509143,,,,,,,,,,,
5,97,propio,1,670.3539106788747,425.6177635606279,95.0,0.0,124.52084751509143,,,,,,,,,,,
5,98,propio,1,670.3539106788747,425.6177635606279,95.0,0.0,124.52084751509143,,,,,,,,,,,
5,99,propio,1,670.3539106788747,425.6177635606279,95.0,0.0,124.52084751509143,,,,,,,,,,,
5,100,propio,1,670.3539106788747,425.6177635606279,95.0,0.0,124.52084751509143,,,,,,,,,,,
5,101,propio,1,670.3539106788747,425.6177635606279,95.0,0.0,124.52084751509143,,,,,,,,,,,
5,102,propio,1,670.3539106788747,425.6177635606279,95.0,0.0,124.52084751509143,,,,,,,,,,,
5,102,rival,2,725.1069820683209,231.67857087534756,95.0,0.0,333.644607503161,201.5199972359966,161.24463035266695,,,,,,,,,
5,103,propio,1,670.3539106788747,425.6177635606279,95.0,0.0,124.52084751509143,,,,,,,,,,,
5,104,propio,1,670.3539106788747,425.6177635606279,95.0,0.0,124.52084751509143,,,,,,,,,,,
5,105,propio,1,670.3539106788747,425.6177635606279,95.0,0.0,124.52084751509143,,,,,,,,,,,
5,106,propio,1,670.3539106788747,425.6177635606279,95.0,0.0,124.52084751509143,,,,,,,,,,,
5,107,propio,1,670.3539106788747,425.6177635606279,95.0,0.0,124.52084751509143,,,,,,,,,,,
5,108,propio,1,670.3539106788747,425.6177635606279,95.0,0.0,124.52084751509143,,,,,,,,,,,
5,109,propio,1,670.3539106788747,425.6177635606279,95.0,0.0,124.52084751509143,,,,,,,,,,,
5,110,propio,1,670.3539106788747,425.6177635606279,95.0,0.0,124.52084751509143,,,,,,,,,,,
5,110,rival,2,725.1069820683209,231.67857087534756,95.0,0.0,333.644607503161,201.5199972359966,161.24463035266695,,,,,,,,,
5,111,propio,1,670.3539106788747,425.6177635606279,94.0,0.0,124.52084751509143,,,,,,,,,,,
5,111,disparo,1,670.3539106788747,425.6177635606279,94.0,,124.52084751509143,,,,1.0,,,,,,,
5,112,propio,1,670.3539106788747,425.6177635606279,94.0,0.0,124.52084751509143,,,,,,,,,,,
5,113,propio,1,670.3539106788747,425.6177635606279,94.0,0.0,124.52084751509143,,,,,,,,,,,
5,114,propio,1,670.3539106788747,425.6177635606279,94.0,0.0,124.52084751509143,,,,,,,,,,,
5,115,propio,1,670.3539106788747,425.6177635606279,94.0,0.0,124.52084751509143,,,,,,,,,,,
5,116,propio,1,670.3539106788747,425.6177635606279,94.0,0.0,124.52084751509143,,,,,,,,,,,
5,117,propio,1,670.3539106788747,425.6177635606279,94.0,0.0,124.52084751509143,,,,,,,,,,,
5,118,propio,1,670.3539106788747,425.6177635606279,94.0,0.0,124.52084751509143,,,,,,,,,,,
5,118,rival,2,725.1069820683209,231.67857087534756,94.0,0.0,333.644607503161,201.5199972359966,161.24463035266695,,,,,,,,,
5,119,propio,1,670.3539106788747,425.6177635606279,94.0,0.0,124.52084751509143,,,,,,,,,,,
5,120,propio,1,670.3539106788747,425.6177635606279,94.0,0.0,124.52084751509143,,,,,,,,,,,
5,121,propio,1,670.3539106788747,425.6177635606279,94.0,0.0,124.52084751509143,,,,,,,,,,,
5,122,propio,1,670.3539106788747,425.6177635606279,94.0,0.0,124.52084751509143,,,,,,,,,,,
5,123,propio,1,670.3539106788747,425.6177635606279,94.0,0.0,124.52084751509143,,,,,,,,,,,
5,124,propio,1,670.3539106788747,425.6177635606279,94.0,0.0,124.52084751509143,,,,,,,,,,,
5,125,propio,1,670.3539106788747,425.6177635606279,94.0,0.0,124.52084751509143,,,,,,,,,,,
5,126,propio,1,670.3539106788747,425.6177635606279,94.0,0.0,124.52084751509143,,,,,,,,,,,
5,126,rival,2,725.1069820683209,231.67857087534756,94.0,0.0,333.644607503161,201.5199972359966,161.24463035266695,,,,,,,,,
5,127,propio,1,670.3539106788747,425.6177635606279,93.0,0.0,124.52084751509143,,,,,,,,,,,
5,127,disparo,1,670.3539106788747,425.6177635606279,93.0,,124.52084751509143,,,,1.0,,,,,,,
5,128,propio,1,670.3539106788747,425.6177635606279,93.0,0.0,124.52084751509143,,,,,,,,,,,
5,129,propio,1,670.3539106788747,425.6177635606279,93.0,0.0,124.52084751509143,,,,,,,,,,,
5,130,propio,1,670.3539106788747,425.6177635606279,93.0,0.0,124.52084751509143,,,,,,,,,,,
5,131,propio,1,670.3539106788747,425.6177635606279,93.0,0.0,124.52084751509143,,,,,,,,,,,
5,132,propio,1,670.3539106788747,425.6177635606279,93.0,0.0,124.52084751509143,,,,,,,,,,,
5,133,propio,1,670.3539106788747,425.6177635606279,93.0,0.0,124.52084751509143,,,,,,,,,,,
5,134,propio,1,670.3539106788747,425.6177635606279,93.0,0.0,124.52084751509143,,,,,,,,,,,
5,134,rival,2,725.1069820683209,231.67857087534756,93.0,0.0,333.644607503161,201.5199972359966,161.24463035266695,,,,,,,,,
5,135,propio,1,670.3539106788747,425.6177635606279,93.0,0.0,124.52084751509143,,,,,,,,,,,
5,136,propio,1,670.3539106788747,425.6177635606279,93.0,0.0,124.52084751509143,,,,,,,,,,,
5,137,propio,1,670.3539106788747,425.6177635606279,93.0,0.0,124.52084751509143,,,,,,,,,,,
5,138,propio,1,670.3539106788747,425.6177635606279,93.0,0.0,124.52084751509143,,,,,,,,,,,
5,139,propio,1,670.3539106788747,425.6177635606279,93.0,0.0,124.52084751509143,,,,,,,,,,,
5,140,propio,1,670.3539106788747,425.6177635606279,93.0,0.0,124.52084751509143,,,,,,,,,,,
5,141,propio,1,670.3539106788747,425.6177635606279,93.0,0.0,124.52084751509143,,,,,,,,,,,
5,142,propio,1,670.3539106788747,425.6177635606279,93.0,0.0,124.52084751509143,,,,,,,,,,,
5,142,rival,2,725.1069820683209,231.67857087534756,93.0,0.0,333.644607503161,201.5199972359966,161.24463035266695,,,,,,,,,
5,143,propio,1,670.3539106788747,425.6177635606279,92.0,0.0,124.52084751509143,,,,,,,,,,,
5,143,disparo,1,670.3539106788747,425.6177635606279,92.0,,124.52084751509143,,,,1.0,,,,,,,
5,144,propio,1,670.3539106788747,425.6177635606279,92.0,0.0,124.52084751509143,,,,,,,,,,,
5,145,propio,1,670.3539106788747,425.6177635606279,92.0,0.0,124.52084751509143,,,,,,,,,,,
5,146,propio,1,670.3539106788747,425.6177635606279,92.0,0.0,124.52084751509143,,,,,,,,,,,
5,147,propio,1,670.3539106788747,425.6177635606279,92.0,0.0,124.52084751509143,,,,,,,,,,,
5,148,propio,1,670.3539106788747,425.6177635606279,92.0,0.0,124.52084751509143,,,,,,,,,,,
5,149,propio,1,670.3539106788747,425.6177635606279,92.0,0.0,124.52084751509143,,,,,,,,,,,
5,150,propio,1,670.3539106788747,425.6177635606279,92.0,0.0,124.52084751509143,,,,,,,,,,,
5,150,rival,2,725.1069820683209,231.67857087534756,92.0,0.0,333.644607503161,201.5199972359966,161.24463035266695,,,,,,,,,
5,151,propio,1,670.3539106788747,425.6177635606279,92.0,0.0,124.52084751509143,,,,,,,,,,,
5,152,propio,1,670.3539106788747,425.6177635606279,92.0,0.0,124.52084751509143,,,,,,,,,,,
5,153,propio,1,670.3539106788747,425.6177635606279,92.0,0.0,124.52084751509143,,,,,,,,,,,
5,154,propio,1,670.3539106788747,425.6177635606279,92.0,0.0,124.52084751509143,,,,,,,,,,,
5,155,propio,1,670.3539106788747,425.6177635606279,92.0,0.0,124.52084751509143,,,,,,,,,,,
5,156,propio,1,670.3539106788747,425.6177635606279,92.0,0.0,124.52084751509143,,,,,,,,,,,
5,157,propio,1,670.3539106788747,425.6177635606279,92.0,0.0,124.52084751509143,,,,,,,,,,,
5,158,propio,1,670.3539106788747,425.6177635606279,92.0,0.0,124.52084751509143,,,,,,,,,,,
5,158,rival,2,725.1069820683209,231.67857087534756,92.0,0.0,333.644607503161,201.5199972359966,161.24463035266695,,,,,,,,,
5,159,propio,1,670.3539106788747,425.6177635606279,91.0,0.0,124.52084751509143,,,,,,,,,,,
5,159,disparo,1,670.3539106788747,425.6177635606279,91.0,,124.52084751509143,,,,1.0,,,,,,,
5,160,propio,1,670.3539106788747,425.6177635606279,91.0,0.0,124.52084751509143,,,,,,,,,,,
5,161,propio,1,670.3539106788747,425.6177635606279,91.0,0.0,124.52084751509143,,,,,,,,,,,
5,162,propio,1,670.3539106788747,425.6177635606279,91.0,0.0,124.52084751509143,,,,,,,,,,,
5,163,propio,1,670.3539106788747,425.6177635606279,91.0,0.0,124.52084751509143,,,,,,,,,,,
5,164,propio,1,670.3539106788747,425.6177635606279,91.0,0.0,124.52084751509143,,,,,,,,,,,
5,165,propio,1,670.3539106788747,425.6177635606279,91.0,0.0,124.52084751509143,,,,,,,,,,,
5,166,propio,1,670.3539106788747,425.6177635606279,91.0,0.0,124.52084751509143,,,,,,,,,,,
5,166,rival,2,725.1069820683209,231.67857087534756,91.0,0.0,333.644607503161,201.5199972359966,161.24463035266695,,,,,,,,,
5,167,propio,1,670.3539106788747,425.6177635606279,91.0,0.0,124.52084751509143,,,,,,,,,,,
5,168,propio,1,670.3539106788747,425.6177635606279,91.0,0.0,124.52084751509143,,,,,,,,,,,
5,169,propio,1,670.3539106788747,425.6177635606279,91.0,0.0,124.52084751509143,,,,,,,,,,,
5,170,propio,1,670.3539106788747,425.6177635606279,91.0,0.0,124.52084751509143,,,,,,,,,,,
5,171,propio,1,670.3539106788747,425.6177635606279,91.0,0.0,124.52084751509143,,,,,,,,,,,
5,172,propio,1,670.3539106788747,425.6177635606279,91.0,0.0,124.52084751509143,,,,,,,,,,,
5,173,propio,1,670.3539106788747,425.6177635606279,91.0,0.0,124.52084751509143,,,,,,,,,,,
5,174,propio,1,670.3539106788747,425.6177635606279,91.0,0.0,124.52084751509143,,,,,,,,,,,
5,174,rival,2,725.1069820683209,231.67857087534756,91.0,0.0,333.644607503161,201.5199972359966,161.24463035266695,,,,,,,,,
5,175,propio,1,670.3539106788747,425.6177635606279,90.0,0.0,124.52084751509143,,,,,,,,,,,
5,175,disparo,1,670.3539106788747,425.6177635606279,90.0,,124.52084751509143,,,,1.0,,,,,,,
5,176,propio,1,670.3539106788747,425.6177635606279,90.0,0.0,124.52084751509143,,,,,,,,,,,
5,177,propio,1,670.3539106788747,425.6177635606279,90.0,0.0,124.52084751509143,,,,,,,,,,,
5,178,propio,1,670.3539106788747,425.6177635606279,90.0,0.0,124.52084751509143,,,,,,,,,,,
5,179,propio,1,670.3539106788747,425.6177635606279,90.0,0.0,124.52084751509143,,,,,,,,,,,
5,180,propio,1,670.3539106788747,425.6177635606279,90.0,0.0,124.52084751509143,,,,,,,,,,,
5,181,propio,1,670.3539106788747,425.6177635606279,90.0,0.0,124.52084751509143,,,,,,,,,,,
5,182,propio,1,670.3539106788747,425.6177635606279,90.0,0.0,124.52084751509143,,,,,,,,,,,
5,182,rival,2,725.1069820683209,231.67857087534756,90.0,0.0,333.644607503161,201.5199972359966,161.24463035266695,,,,,,,,,
5,183,propio,1,670.3539106788747,425.6177635606279,90.0,0.0,124.52084751509143,,,,,,,,,,,
5,184,propio,1,670.3539106788747,425.6177635606279,90.0,0.0,124.52084751509143,,,,,,,,,,,
5,185,propio,1,670.3539106788747,425.6177635606279,90.0,0.0,124.52084751509143,,,,,,,,,,,
5,186,propio,1,670.3539106788747,425.6177635606279,90.0,0.0,124.52084751509143,,,,,,,,,,,
5,187,propio,1,670.3539106788747,425.6177635606279,90.0,0.0,124.52084751509143,,,,,,,,,,,
5,188,propio,1,670.3539106788747,425.6177635606279,90.0,0.0,124.52084751509143,,,,,,,,,,,
5,189,propio,1,670.3539106788747,425.6177635606279,90.0,0.0,124.52084751509143,,,,,,,,,,,
5,190,propio,1,670.3539106788747,425.6177635606279,90.0,0.0,124.52084751509143,,,,,,,,,,,
5,190,rival,2,725.1069820683209,231.67857087534756,90.0,0.0,333.644607503161,201.5199972359966,161.24463035266695,,,,,,,,,
5,191,propio,1,670.3539106788747,425.6177635606279,89.0,0.0,124.52084751509143,,,,,,,,,,,
5,191,disparo,1,670.3539106788747,425.6177635606279,89.0,,124.52084751509143,,,,1.0,,,,,,,
5,192,propio,1,670.3539106788747,425.6177635606279,89.0,0.0,124.52084751509143,,,,,,,,,,,
5,193,propio,1,670.3539106788747,425.6177635606279,89.0,0.0,124.52084751509143,,,,,,,,,,,
5,194,propio,1,670.3539106788747,425.6177635606279,89.0,0.0,124.52084751509143,,,,,,,,,,,
5,195,propio,1,670.3539106788747,425.6177635606279,89.0,0.0,124.52084751509143,,,,,,,,,,,
5,196,propio,1,670.3539106788747,425.6177635606279,89.0,0.0,124.52084751509143,,,,,,,,,,,
5,197,propio,1,670.3539106788747,425.6177635606279,89.0,0.0,124.52084751509143,,,,,,,,,,,
5,198,propio,1,670.3539106788747,425.6177635606279,89.0,0.0,124.52084751509143,,,,,,,,,,,
5,198,rival,2,725.1069820683209,231.67857087534756,89.0,0.0,333.644607503161,201.5199972359966,161.24463035266695,,,,,,,,,
5,199,propio,1,670.3539106788747,425.6177635606279,89.0,0.0,124.52084751509143,,,,,,,,,,,
5,200,propio,1,670.3539106788747,425.6177635606279,89.0,0.0,124.52084751509143,,,,,,,,,,,
5,201,propio,1,670.3539106788747,425.6177635606279,89.0,0.0,124.52084751509143,,,,,,,,,,,
5,202,propio,1,670.3539106788747,425.6177635606279,89.0,0.0,124.52084751509143,,,,,,,,,,,
5,203,propio,1,670.3539106788747,425.6177635606279,89.0,0.0,124.52084751509143,,,,,,,,,,,
5,204,propio,1,670.3539106788747,425.6177635606279,89.0,0.0,124.52084751509143,,,,,,,,,,,
5,205,propio,1,670.3539106788747,425.6177635606279,89.0,0.0,124.52084751509143,,,,,,,,,,,
5,206,propio,1,670.3539106788747,425.6177635606279,89.0,0.0,124.52084751509143,,,,,,,,,,,
5,206,rival,2,725.1069820683209,231.67857087534756,89.0,0.0,333.644607503161,201.5199972359966,161.24463035266695,,,,,,,,,
5,207,propio,1,670.3539106788747,425.6177635606279,88.0,0.0,124.52084751509143,,,,,,,,,,,
5,207,disparo,1,670.3539106788747,425.6177635606279,88.0,,124.52084751509143,,,,1.0,,,,,,,
5,208,propio,1,670.3539106788747,425.6177635606279,88.0,0.0,124.52084751509143,,,,,,,,,,,
5,209,propio,1,670.3539106788747,425.6177635606279,88.0,0.0,124.52084751509143,,,,,,,,,,,
5,210,propio,1,670.3539106788747,425.6177635606279,88.0,0.0,124.52084751509143,,,,,,,,,,,
5,211,propio,1,670.3539106788747,425.6177635606279,88.0,0.0,124.52084751509143,,,,,,,,,,,
5,212,propio,1,670.3539106788747,425.6177635606279,88.0,0.0,124.52084751509143,,,,,,,,,,,
5,213,propio,1,670.3539106788747,425.6177635606279,88.0,0.0,124.52084751509143,,,,,,,,,,,
5,214,propio,1,670.3539106788747,425.6177635606279,88.0,0.0,124.52084751509143,,,,,,,,,,,
5,214,rival,2,725.1069820683209,231.67857087534756,88.0,0.0,333.644607503161,201.5199972359966,161.24463035266695,,,,,,,,,
5,215,propio,1,670.3539106788747,425.6177635606279,88.0,0.0,124.52084751509143,,,,,,,,,,,
5,216,propio,1,670.3539106788747,425.6177635606279,88.0,0.0,124.52084751509143,,,,,,,,,,,
5,217,propio,1,670.3539106788747,425.6177635606279,88.0,0.0,124.52084751509143,,,,,,,,,,,
5,218,propio,1,670.3539106788747,425.6177635606279,88.0,0.0,124.52084751509143,,,,,,,,,,,
5,219,propio,1,670.3539106788747,425.6177635606279,88.0,0.0,124.52084751509143,,,,,,,,,,,
5,220,propio,1,670.3539106788747,425.6177635606279,88.0,0.0,124.52084751509143,,,,,,,,,,,
5,221,propio,1,670.3539106788747,425.6177635606279,88.0,0.0,124.52084751509143,,,,,,,,,,,
5,222,propio,1,670.3539106788747,425.6177635606279,88.0,0.0,124.52084751509143,,,,,,,,,,,
5,222,rival,2,725.1069820683209,231.67857087534756,88.0,0.0,333.644607503161,201.5199972359966,161.24463035266695,,,,,,,,,
5,223,propio,1,670.3539106788747,425.6177635606279,87.0,0.0,124.52084751509143,,,,,,,,,,,
5,223,disparo,1,670.3539106788747,425.6177635606279,87.0,,124.52084751509143,,,,1.0,,,,,,,
5,224,propio,1,670.3539106788747,425.6177635606279,87.0,0.0,124.52084751509143,,,,,,,,,,,
5,225,propio,1,670.3539106788747,425.6177635606279,87.0,0.0,124.52084751509143,,,,,,,,,,,
5,226,propio,1,670.3539106788747,425.6177635606279,87.0,0.0,124.52084751509143,,,,,,,,,,,
5,227,propio,1,670.3539106788747,425.6177635606279,87.0,0.0,124.52084751509143,,,,,,,,,,,
5,228,propio,1,670.3539106788747,425.6177635606279,87.0,0.0,124.52084751509143,,,,,,,,,,,
5,229,propio,1,670.3539106788747,425.6177635606279,87.0,0.0,124.52084751509143,,,,,,,,,,,
5,230,propio,1,670.3539106788747,425.6177635606279,87.0,0.0,124.52084751509143,,,,,,,,,,,
5,230,rival,2,725.1069820683209,231.67857087534756,87.0,0.0,333.644607503161,201.5199972359966,161.24463035266695,,,,,,,,,
5,231,propio,1,670.3539106788747,425.6177635606279,87.0,0.0,124.52084751509143,,,,,,,,,,,
5,232,propio,1,670.3539106788747,425.6177635606279,87.0,0.0,124.52084751509143,,,,,,,,,,,
5,233,propio,1,670.3539106788747,425.6177635606279,87.0,0.0,124.52084751509143,,,,,,,,,,,
5,234,propio,1,670.3539106788747,425.6177635606279,87.0,0.0,124.52084751509143,,,,,,,,,,,
5,235,propio,1,670.3539106788747,425.6177635606279,87.0,0.0,124.52084751509143,,,,,,,,,,,
5,236,propio,1,670.3539106788747,425.6177635606279,87.0,0.0,124.52084751509143,,,,,,,,,,,
5,237,propio,1,670.3539106788747,425.6177635606279,87.0,0.0,124.52084751509143,,,,,,,,,,,
5,238,propio,1,670.3539106788747,425.6177635606279,87.0,0.0,124.52084751509143,,,,,,,,,,,
5,238,rival,2,725.1069820683209,231.67857087534756,87.0,0.0,333.644607503161,201.5199972359966,161.24463035266695,,,,,,,,,
5,239,propio,1,670.3539106788747,425.6177635606279,86.0,0.0,124.52084751509143,,,,,,,,,,,
5,239,disparo,1,670.3539106788747,425.6177635606279,86.0,,124.52084751509143,,,,1.0,,,,,,,
5,240,propio,1,670.3539106788747,425.6177635606279,86.0,0.0,124.52084751509143,,,,,,,,,,,
5,241,propio,1,670.3539106788747,425.6177635606279,86.0,0.0,124.52084751509143,,,,,,,,,,,
5,242,propio,1,670.3539106788747,425.6177635606279,86.0,0.0,124.52084751509143,,,,,,,,,,,
5,243,propio,1,670.3539106788747,425.6177635606279,86.0,0.0,124.52084751509143,,,,,,,,,,,
5,244,propio,1,670.3539106788747,425.6177635606279,86.0,0.0,124.52084751509143,,,,,,,,,,,
5,245,propio,1,670.3539106788747,425.6177635606279,86.0,0.0,124.52084751509143,,,,,,,,,,,
5,246,propio,1,670.3539106788747,425.6177635606279,86.0,0.0,124.52084751509143,,,,,,,,,,,
5,246,rival,2,725.1069820683209,231.67857087534756,86.0,0.0,333.644607503161,201.5199972359966,161.24463035266695,,,,,,,,,
5,247,propio,1,670.3539106788747,425.6177635606279,86.0,0.0,124.52084751509143,,,,,,,,,,,
5,248,propio,1,670.3539106788747,425.6177635606279,86.0,0.0,124.52084751509143,,,,,,,,,,,
5,249,propio,1,670.3539106788747,425.6177635606279,86.0,0.0,124.52084751509143,,,,,,,,,,,
5,250,propio,1,670.3539106788747,425.6177635606279,86.0,0.0,124.52084751509143,,,,,,,,,,,
5,251,propio,1,670.3539106788747,425.6177635606279,86.0,0.0,124.52084751509143,,,,,,,,,,,
5,252,propio,1,670.3539106788747,425.6177635606279,86.0,0.0,124.52084751509143,,,,,,,,,,,
5,253,propio,1,670.3539106788747,425.6177635606279,86.0,0.0,124.52084751509143,,,,,,,,,,,
5,254,propio,1,670.3539106788747,425.6177635606279,86.0,0.0,124.52084751509143,,,,,,,,,,,
5,254,rival,2,725.1069820683209,231.67857087534756,86.0,0.0,333.644607503161,201.5199972359966,161.24463035266695,,,,,,,,,
5,255,propio,1,670.3539106788747,425.6177635606279,85.0,0.0,124.52084751509143,,,,,,,,,,,
5,255,disparo,1,670.3539106788747,425.6177635606279,85.0,,124.52084751509143,,,,1.0,,,,,,,
5,256,propio,1,670.3539106788747,425.6177635606279,85.0,0.0,124.52084751509143,,,,,,,,,,,
5,257,propio,1,670.3539106788747,425.6177635606279,85.0,0.0,124.52084751509143,,,,,,,,,,,
5,258,propio,1,670.3539106788747,425.6177635606279,85.0,0.0,124.52084751509143,,,,,,,,,,,
5,259,propio,1,670.3539106788747,425.6177635606279,85.0,0.0,124.52084751509143,,,,,,,,,,,
5,260,propio,1,670.3539106788747,425.6177635606279,85.0,0.0,124.52084751509143,,,,,,,,,,,
5,261,propio,1,670.3539106788747,425.6177635606279,85.0,0.0,124.52084751509143,,,,,,,,,,,
5,262,propio,1,670.3539106788747,425.6177635606279,85.0,0.0,124.52084751509143,,,,,,,,,,,
5,262,rival,2,725.1069820683209,231.67857087534756,85.0,0.0,333.644607503161,201.5199972359966,161.24463035266695,,,,,,,,,
5,263,propio,1,670.3539106788747,425.6177635606279,85.0,0.0,124.52084751509143,,,,,,,,,,,
5,264,propio,1,670.3539106788747,425.6177635606279,85.0,0.0,124.52084751509143,,,,,,,,,,,
5,265,propio,1,670.3539106788747,425.6177635606279,85.0,0.0,124.52084751509143,,,,,,,,,,,
5,266,propio,1,670.3539106788747,425.6177635606279,85.0,0.0,124.52084751509143,,,,,,,,,,,
5,267,propio,1,670.3539106788747,425.6177635606279,85.0,0.0,124.52084751509143,,,,,,,,,,,
5,268,propio,1,670.3539106788747,425.6177635606279,85.0,0.0,124.52084751509143,,,,,,,,,,,
5,269,propio,1,670.3539106788747,425.6177635606279,85.0,0.0,124.52084751509143,,,,,,,,,,,
5,270,propio,1,670.3539106788747,425.6177635606279,85.0,0.0,124.52084751509143,,,,,,,,,,,
5,270,rival,2,725.1069820683209,231.67857087534756,85.0,0.0,333.644607503161,201.5199972359966,161.24463035266695,,,,,,,,,
5,271,propio,1,670.3539106788747,425.6177635606279,84.0,0.0,124.52084751509143,,,,,,,,,,,
5,271,disparo,1,670.3539106788747,425.6177635606279,84.0,,124.52084751509143,,,,1.0,,,,,,,
5,272,propio,1,670.3539106788747,425.6177635606279,84.0,0.0,124.52084751509143,,,,,,,,,,,
5,273,propio,1,670.3539106788747,425.6177635606279,84.0,0.0,124.52084751509143,,,,,,,,,,,
5,274,propio,1,670.3539106788747,425.6177635606279,84.0,0.0,124.52084751509143,,,,,,,,,,,
5,275,propio,1,670.3539106788747,425.6177635606279,84.0,0.0,124.52084751509143,,,,,,,,,,,
5,276,propio,1,670.3539106788747,425.6177635606279,84.0,0.0,124.52084751509143,,,,,,,,,,,
5,277,propio,1,670.3539106788747,425.6177635606279,84.0,0.0,124.52084751509143,,,,,,,,,,,
5,278,propio,1,670.3539106788747,425.6177635606279,84.0,0.0,124.52084751509143,,,,,,,,,,,
5,278,rival,2,725.1069820683209,231.67857087534756,84.0,0.0,333.644607503161,201.5199972359966,161.24463035266695,,,,,,,,,
5,279,propio,1,670.3539106788747,425.6177635606279,84.0,0.0,124.52084751509143,,,,,,,,,,,
5,280,propio,1,670.3539106788747,425.6177635606279,84.0,0.0,124.52084751509143,,,,,,,,,,,
5,281,propio,1,670.3539106788747,425.6177635606279,84.0,0.0,124.52084751509143,,,,,,,,,,,
5,282,propio,1,670.3539106788747,425.6177635606279,84.0,0.0,124.52084751509143,,,,,,,,,,,
5,283,propio,1,670.3539106788747,425.6177635606279,84.0,0.0,124.52084751509143,,,,,,,,,,,
5,284,propio,1,670.3539106788747,425.6177635606279,84.0,0.0,124.52084751509143,,,,,,,,,,,
5,285,propio,1,670.3539106788747,425.6177635606279,84.0,0.0,124.52084751509143,,,,,,,,,,,
5,286,propio,1,670.3539106788747,425.6177635606279,84.0,0.0,124.52084751509143,,,,,,,,,,,
5,286,rival,2,725.1069820683209,231.67857087534756,84.0,0.0,333.644607503161,201.5199972359966,161.24463035266695,,,,,,,,,
5,287,propio,1,670.3539106788747,425.6177635606279,83.0,0.0,124.52084751509143,,,,,,,,,,,
5,287,disparo,1,670.3539106788747,425.6177635606279,83.0,,124.52084751509143,,,,1.0,,,,,,,
5,288,propio,1,670.3539106788747,425.6177635606279,83.0,0.0,124.52084751509143,,,,,,,,,,,
5,289,propio,1,670.3539106788747,425.6177635606279,83.0,0.0,124.52084751509143,,,,,,,,,,,
5,290,propio,1,670.3539106788747,425.6177635606279,83.0,0.0,124.52084751509143,,,,,,,,,,,
5,291,propio,1,670.3539106788747,425.6177635606279,83.0,0.0,124.52084751509143,,,,,,,,,,,
5,292,propio,1,670.3539106788747,425.6177635606279,83.0,0.0,124.52084751509143,,,,,,,,,,,
5,293,propio,1,670.3539106788747,425.6177635606279,83.0,0.0,124.52084751509143,,,,,,,,,,,
5,294,propio,1,670.3539106788747,425.6177635606279,83.0,0.0,124.52084751509143,,,,,,,,,,,
5,294,rival,2,725.1069820683209,231.67857087534756,83.0,0.0,333.644607503161,201.5199972359966,161.24463035266695,,,,,,,,,
5,295,propio,1,670.3539106788747,425.6177635606279,83.0,0.0,124.52084751509143,,,,,,,,,,,
5,296,propio,1,670.3539106788747,425.6177635606279,83.0,0.0,124.52084751509143,,,,,,,,,,,
5,297,propio,1,670.3539106788747,425.6177635606279,83.0,0.0,124.52084751509143,,,,,,,,,,,
5,298,propio,1,670.3539106788747,425.6177635606279,83.0,0.0,124.52084751509143,,,,,,,,,,,
5,299,propio,1,670.3539106788747,425.6177635606279,83.0,0.0,124.52084751509143,,,,,,,,,,,
5,300,propio,1,670.3539106788747,425.6177635606279,83.0,0.0,124.52084751509143,,,,,,,,,,,
5,301,propio,1,670.3539106788747,425.6177635606279,83.0,0.0,124.52084751509143,,,,,,,,,,,
5,302,propio,1,670.3539106788747,425.6177635606279,83.0,0.0,124.52084751509143,,,,,,,,,,,
5,302,rival,2,725.1069820683209,231.67857087534756,83.0,0.0,333.644607503161,201.5199972359966,161.24463035266695,,,,,,,,,
5,303,propio,1,670.3539106788747,425.6177635606279,82.0,0.0,124.52084751509143,,,,,,,,,,,
5,303,disparo,1,670.3539106788747,425.6177635606279,82.0,,124.52084751509143,,,,1.0,,,,,,,
5,304,propio,1,670.3539106788747,425.6177635606279,82.0,0.0,124.52084751509143,,,,,,,,,,,
5,305,propio,1,670.3539106788747,425.6177635606279,82.0,0.0,124.52084751509143,,,,,,,,,,,
5,306,propio,1,670.3539106788747,425.6177635606279,82.0,0.0,124.52084751509143,,,,,,,,,,,
5,307,propio,1,670.3539106788747,425.6177635606279,82.0,0.0,124.52084751509143,,,,,,,,,,,
5,308,propio,1,670.3539106788747,425.6177635606279,82.0,0.0,124.52084751509143,,,,,,,,,,,
5,309,propio,1,670.3539106788747,425.6177635606279,82.0,0.0,124.52084751509143,,,,,,,,,,,
5,310,propio,1,670.3539106788747,425.6177635606279,82.0,0.0,124.52084751509143,,,,,,,,,,,
5,310,rival,2,725.1069820683209,231.67857087534756,82.0,0.0,333.644607503161,201.5199972359966,161.24463035266695,,,,,,,,,
5,311,propio,1,670.3539106788747,425.6177635606279,82.0,0.0,124.52084751509143,,,,,,,,,,,
5,312,propio,1,670.3539106788747,425.6177635606279,82.0,0.0,124.52084751509143,,,,,,,,,,,
5,313,propio,1,670.3539106788747,425.6177635606279,82.0,0.0,124.52084751509143,,,,,,,,,,,
5,314,propio,1,670.3539106788747,425.6177635606279,82.0,0.0,124.52084751509143,,,,,,,,,,,
5,315,propio,1,670.3539106788747,425.6177635606279,82.0,0.0,124.52084751509143,,,,,,,,,,,
5,316,propio,1,670.3539106788747,425.6177635606279,82.0,0.0,124.52084751509143,,,,,,,,,,,
5,317,propio,1,670.3539106788747,425.6177635606279,82.0,0.0,124.52084751509143,,,,,,,,,,,
5,318,propio,1,670.3539106788747,425.6177635606279,82.0,0.0,124.52084751509143,,,,,,,,,,,
5,318,rival,2,725.1069820683209,231.67857087534756,82.0,0.0,333.644607503161,201.5199972359966,161.24463035266695,,,,,,,,,
5,319,propio,1,670.3539106788747,425.6177635606279,81.0,0.0,124.52084751509143,,,,,,,,,,,
5,319,disparo,1,670.3539106788747,425.6177635606279,81.0,,124.52084751509143,,,,1.0,,,,,,,
5,320,propio,1,670.3539106788747,425.6177635606279,81.0,0.0,124.52084751509143,,,,,,,,,,,
5,321,propio,1,670.3539106788747,425.6177635606279,81.0,0.0,124.52084751509143,,,,,,,,,,,
5,322,propio,1,670.3539106788747,425.6177635606279,81.0,0.0,124.52084751509143,,,,,,,,,,,
5,323,propio,1,670.3539106788747,425.6177635606279,81.0,0.0,124.52084751509143,,,,,,,,,,,
5,324,propio,1,670.3539106788747,425.6177635606279,81.0,0.0,124.52084751509143,,,,,,,,,,,
5,325,propio,1,670.3539106788747,425.6177635606279,81.0,0.0,124.52084751509143,,,,,,,,,,,
5,326,propio,1,670.3539106788747,425.6177635606279,81.0,0.0,124.52084751509143,,,,,,,,,,,
5,326,rival,2,725.1069820683209,231.67857087534756,81.0,0.0,333.644607503161,201.5199972359966,161.24463035266695,,,,,,,,,
5,327,propio,1,670.3539106788747,425.6177635606279,81.0,0.0,124.52084751509143,,,,,,,,,,,
5,328,propio,1,670.3539106788747,425.6177635606279,81.0,0.0,124.52084751509143,,,,,,,,,,,
5,329,propio,1,670.3539106788747,425.6177635606279,81.0,0.0,124.52084751509143,,,,,,,,,,,
5,330,propio,1,670.3539106788747,425.6177635606279,81.0,0.0,124.52084751509143,,,,,,,,,,,
5,331,propio,1,670.3539106788747,425.6177635606279,81.0,0.0,124.52084751509143,,,,,,,,,,,
5,332,propio,1,670.3539106788747,425.6177635606279,81.0,0.0,124.52084751509143,,,,,,,,,,,
5,333,propio,1,670.3539106788747,425.6177635606279,81.0,0.0,124.52084751509143,,,,,,,,,,,
5,334,propio,1,670.3539106788747,425.6177635606279,81.0,0.0,124.52084751509143,,,,,,,,,,,
5,334,rival,2,725.1069820683209,231.67857087534756,81.0,0.0,333.644607503161,201.5199972359966,161.24463035266695,,,,,,,,,
5,335,propio,1,670.3539106788747,425.6177635606279,80.0,0.0,124.52084751509143,,,,,,,,,,,
5,335,disparo,1,670.3539106788747,425.6177635606279,80.0,,124.52084751509143,,,,1.0,,,,,,,
5,336,propio,1,670.3539106788747,425.6177635606279,80.0,0.0,124.52084751509143,,,,,,,,,,,
5,337,propio,1,670.3539106788747,425.6177635606279,80.0,0.0,124.52084751509143,,,,,,,,,,,
5,338,propio,1,670.3539106788747,425.6177635606279,80.0,0.0,124.52084751509143,,,,,,,,,,,
5,339,propio,1,670.3539106788747,425.6177635606279,80.0,0.0,124.52084751509143,,,,,,,,,,,
5,340,propio,1,670.3539106788747,425.6177635606279,80.0,0.0,124.52084751509143,,,,,,,,,,,
5,341,propio,1,670.3539106788747,425.6177635606279,80.0,0.0,124.52084751509143,,,,,,,,,,,
5,342,propio,1,670.3539106788747,425.6177635606279,80.0,0.0,124.52084751509143,,,,,,,,,,,
5,342,rival,2,725.1069820683209,231.67857087534756,80.0,0.0,333.644607503161,201.5199972359966,161.24463035266695,,,,,,,,,
5,343,propio,1,670.3539106788747,425.6177635606279,80.0,0.0,124.52084751509143,,,,,,,,,,,
5,344,propio,1,670.3539106788747,425.6177635606279,80.0,0.0,124.52084751509143,,,,,,,,,,,
5,345,propio,1,670.3539106788747,425.6177635606279,80.0,0.0,124.52084751509143,,,,,,,,,,,
5,346,propio,1,670.3539106788747,425.6177635606279,80.0,0.0,124.52084751509143,,,,,,,,,,,
5,347,propio,1,670.3539106788747,425.6177635606279,80.0,0.0,124.52084751509143,,,,,,,,,,,
5,348,propio,1,670.3539106788747,425.6177635606279,80.0,0.0,124.52084751509143,,,,,,,,,,,
5,349,propio,1,670.3539106788747,425.6177635606279,80.0,0.0,124.52084751509143,,,,,,,,,,,
5,350,propio,1,670.3539106788747,425.6177635606279,80.0,0.0,124.52084751509143,,,,,,,,,,,
5,350,rival,2,725.1069820683209,231.67857087534756,80.0,0.0,333.644607503161,201.5199972359966,161.24463035266695,,,,,,,,,
5,351,propio,1,670.3539106788747,425.6177635606279,79.0,0.0,124.52084751509143,,,,,,,,,,,
5,351,disparo,1,670.3539106788747,425.6177635606279,79.0,,124.52084751509143,,,,1.0,,,,,,,
5,352,propio,1,670.3539106788747,425.6177635606279,79.0,0.0,124.52084751509143,,,,,,,,,,,
5,353,propio,1,670.3539106788747,425.6177635606279,79.0,0.0,124.52084751509143,,,,,,,,,,,
5,354,propio,1,670.3539106788747,425.6177635606279,79.0,0.0,124.52084751509143,,,,,,,,,,,
5,355,propio,1,670.3539106788747,425.6177635606279,79.0,0.0,124.52084751509143,,,,,,,,,,,
5,356,propio,1,670.3539106788747,425.6177635606279,79.0,0.0,124.52084751509143,,,,,,,,,,,
5,357,propio,1,670.3539106788747,425.6177635606279,79.0,0.0,124.52084751509143,,,,,,,,,,,
5,358,propio,1,670.3539106788747,425.6177635606279,79.0,0.0,124.52084751509143,,,,,,,,,,,
5,358,rival,2,725.1069820683209,231.67857087534756,79.0,0.0,333.644607503161,201.5199972359966,161.24463035266695,,,,,,,,,
5,359,propio,1,670.3539106788747,425.6177635606279,79.0,0.0,124.52084751509143,,,,,,,,,,,
5,360,propio,1,670.3539106788747,425.6177635606279,79.0,0.0,124.52084751509143,,,,,,,,,,,
5,361,propio,1,670.3539106788747,425.6177635606279,79.0,0.0,124.52084751509143,,,,,,,,,,,
5,362,propio,1,670.3539106788747,425.6177635606279,79.0,0.0,124.52084751509143,,,,,,,,,,,
5,363,propio,1,670.3539106788747,425.6177635606279,79.0,0.0,124.52084751509143,,,,,,,,,,,
5,364,propio,1,670.3539106788747,425.6177635606279,79.0,0.0,124.52084751509143,,,,,,,,,,,
5,365,propio,1,670.3539106788747,425.6177635606279,79.0,0.0,124.52084751509143,,,,,,,,,,,
5,366,propio,1,670.3539106788747,425.6177635606279,79.0,0.0,124.52084751509143,,,,,,,,,,,
5,366,rival,2,725.1069820683209,231.67857087534756,79.0,0.0,333.644607503161,201.5199972359966,161.24463035266695,,,,,,,,,
5,367,propio,1,670.3539106788747,425.6177635606279,78.0,0.0,124.52084751509143,,,,,,,,,,,
5,367,disparo,1,670.3539106788747,425.6177635606279,78.0,,124.52084751509143,,,,1.0,,,,,,,
5,368,propio,1,670.3539106788747,425.6177635606279,78.0,0.0,124.52084751509143,,,,,,,,,,,
5,369,propio,1,670.3539106788747,425.6177635606279,78.0,0.0,124.52084751509143,,,,,,,,,,,
5,370,propio,1,670.3539106788747,425.6177635606279,78.0,0.0,124.52084751509143,,,,,,,,,,,
5,371,propio,1,670.3539106788747,425.6177635606279,78.0,0.0,124.52084751509143,,,,,,,,,,,
5,372,propio,1,670.3539106788747,425.6177635606279,78.0,0.0,124.52084751509143,,,,,,,,,,,
5,373,propio,1,670.3539106788747,425.6177635606279,78.0,0.0,124.52084751509143,,,,,,,,,,,
5,374,propio,1,670.3539106788747,425.6177635606279,78.0,0.0,124.52084751509143,,,,,,,,,,,
5,374,rival,2,725.1069820683209,231.67857087534756,78.0,0.0,333.644607503161,201.5199972359966,161.24463035266695,,,,,,,,,
5,375,propio,1,670.3539106788747,425.6177635606279,78.0,0.0,124.52084751509143,,,,,,,,,,,
5,376,propio,1,670.3539106788747,425.6177635606279,78.0,0.0,124.52084751509143,,,,,,,,,,,
5,377,propio,1,670.3539106788747,425.6177635606279,78.0,0.0,124.52084751509143,,,,,,,,,,,
5,378,propio,1,670.3539106788747,425.6177635606279,78.0,0.0,124.52084751509143,,,,,,,,,,,
5,379,propio,1,670.3539106788747,425.6177635606279,78.0,0.0,124.52084751509143,,,,,,,,,,,
5,380,propio,1,670.3539106788747,425.6177635606279,78.0,0.0,124.52084751509143,,,,,,,,,,,
5,381,propio,1,670.3539106788747,425.6177635606279,78.0,0.0,124.52084751509143,,,,,,,,,,,
5,382,propio,1,670.3539106788747,425.6177635606279,78.0,0.0,124.52084751509143,,,,,,,,,,,
5,382,rival,2,725.1069820683209,231.67857087534756,78.0,0.0,333.644607503161,201.5199972359966,161.24463035266695,,,,,,,,,
5,383,propio,1,670.3539106788747,425.6177635606279,77.0,0.0,124.52084751509143,,,,,,,,,,,
5,383,disparo,1,670.3539106788747,425.6177635606279,77.0,,124.52084751509143,,,,1.0,,,,,,,
5,384,propio,1,670.3539106788747,425.6177635606279,77.0,0.0,124.52084751509143,,,,,,,,,,,
5,385,propio,1,670.3539106788747,425.6177635606279,77.0,0.0,124.52084751509143,,,,,,,,,,,
5,386,propio,1,670.3539106788747,425.6177635606279,77.0,0.0,124.52084751509143,,,,,,,,,,,
5,387,propio,1,670.3539106788747,425.6177635606279,77.0,0.0,124.52084751509143,,,,,,,,,,,
5,388,propio,1,670.3539106788747,425.6177635606279,77.0,0.0,124.52084751509143,,,,,,,,,,,
5,389,propio,1,670.3539106788747,425.6177635606279,77.0,0.0,124.52084751509143,,,,,,,,,,,
5,390,propio,1,670.3539106788747,425.6177635606279,77.0,0.0,124.52084751509143,,,,,,,,,,,
5,390,rival,2,725.1069820683209,231.67857087534756,77.0,0.0,333.644607503161,201.5199972359966,161.24463035266695,,,,,,,,,
5,391,propio,1,670.3539106788747,425.6177635606279,77.0,0.0,124.52084751509143,,,,,,,,,,,
5,392,propio,1,670.3539106788747,425.6177635606279,77.0,0.0,124.52084751509143,,,,,,,,,,,
5,393,propio,1,670.3539106788747,425.6177635606279,77.0,0.0,124.52084751509143,,,,,,,,,,,
5,394,propio,1,670.3539106788747,425.6177635606279,77.0,0.0,124.52084751509143,,,,,,,,,,,
5,395,propio,1,670.3539106788747,425.6177635606279,77.0,0.0,124.52084751509143,,,,,,,,,,,
5,396,propio,1,670.3539106788747,425.6177635606279,77.0,0.0,124.52084751509143,,,,,,,,,,,
5,397,propio,1,670.3539106788747,425.6177635606279,77.0,0.0,124.52084751509143,,,,,,,,,,,
5,398,propio,1,670.3539106788747,425.6177635606279,77.0,0.0,124.52084751509143,,,,,,,,,,,
5,398,rival,2,725.1069820683209,231.67857087534756,77.0,0.0,333.644607503161,201.5199972359966,161.24463035266695,,,,,,,,,
5,399,propio,1,670.3539106788747,425.6177635606279,76.0,0.0,124.52084751509143,,,,,,,,,,,
5,399,disparo,1,670.3539106788747,425.6177635606279,76.0,,124.52084751509143,,,,1.0,,,,,,,
5,400,propio,1,670.3539106788747,425.6177635606279,76.0,0.0,124.52084751509143,,,,,,,,,,,
5,401,propio,1,670.3539106788747,425.6177635606279,76.0,0.0,124.52084751509143,,,,,,,,,,,
5,402,propio,1,670.3539106788747,425.6177635606279,76.0,0.0,124.52084751509143,,,,,,,,,,,
5,403,propio,1,670.3539106788747,425.6177635606279,76.0,0.0,124.52084751509143,,,,,,,,,,,
5,404,propio,1,670.3539106788747,425.6177635606279,76.0,0.0,124.52084751509143,,,,,,,,,,,
5,405,propio,1,670.3539106788747,425.6177635606279,76.0,0.0,124.52084751509143,,,,,,,,,,,
5,406,propio,1,670.3539106788747,425.6177635606279,76.0,0.0,124.52084751509143,,,,,,,,,,,
5,406,rival,2,725.1069820683209,231.67857087534756,76.0,0.0,333.644607503161,201.5199972359966,161.24463035266695,,,,,,,,,
5,407,propio,1,670.3539106788747,425.6177635606279,76.0,0.0,124.52084751509143,,,,,,,,,,,
5,408,propio,1,670.3539106788747,425.6177635606279,76.0,0.0,124.52084751509143,,,,,,,,,,,
5,409,propio,1,670.3539106788747,425.6177635606279,76.0,0.0,124.52084751509143,,,,,,,,,,,
5,410,propio,1,670.3539106788747,425.6177635606279,76.0,0.0,124.52084751509143,,,,,,,,,,,
5,411,propio,1,670.3539106788747,425.6177635606279,76.0,0.0,124.52084751509143,,,,,,,,,,,
5,412,propio,1,670.3539106788747,425.6177635606279,76.0,0.0,124.52084751509143,,,,,,,,,,,
5,413,propio,1,670.3539106788747,425.6177635606279,76.0,0.0,124.52084751509143,,,,,,,,,,,
5,414,propio,1,670.3539106788747,425.6177635606279,76.0,0.0,124.52084751509143,,,,,,,,,,,
5,414,rival,2,725.1069820683209,231.67857087534756,76.0,0.0,333.644607503161,201.5199972359966,161.24463035266695,,,,,,,,,
5,415,propio,1,670.3539106788747,425.6177635606279,75.0,0.0,124.52084751509143,,,,,,,,,,,
5,415,disparo,1,670.3539106788747,425.6177635606279,75.0,,124.52084751509143,,,,1.0,,,,,,,
5,416,propio,1,670.3539106788747,425.6177635606279,75.0,0.0,124.52084751509143,,,,,,,,,,,
5,417,propio,1,670.3539106788747,425.6177635606279,75.0,0.0,124.52084751509143,,,,,,,,,,,
5,418,propio,1,670.3539106788747,425.6177635606279,75.0,0.0,124.52084751509143,,,,,,,,,,,
5,419,propio,1,670.3539106788747,425.6177635606279,75.0,0.0,124.52084751509143,,,,,,,,,,,
5,420,propio,1,670.3539106788747,425.6177635606279,75.0,0.0,124.52084751509143,,,,,,,,,,,
5,421,propio,1,670.3539106788747,425.6177635606279,75.0,0.0,124.52084751509143,,,,,,,,,,,
5,422,propio,1,670.3539106788747,425.6177635606279,75.0,0.0,124.52084751509143,,,,,,,,,,,
5,422,rival,2,725.1069820683209,231.67857087534756,75.0,0.0,333.644607503161,201.5199972359966,161.24463035266695,,,,,,,,,
5,423,propio,1,670.3539106788747,425.6177635606279,75.0,0.0,124.52084751509143,,,,,,,,,,,
5,424,propio,1,670.3539106788747,425.6177635606279,75.0,0.0,124.52084751509143,,,,,,,,,,,
5,425,propio,1,670.3539106788747,425.6177635606279,75.0,0.0,124.52084751509143,,,,,,,,,,,
5,426,propio,1,670.3539106788747,425.6177635606279,75.0,0.0,124.52084751509143,,,,,,,,,,,
5,427,propio,1,670.3539106788747,425.6177635606279,75.0,0.0,124.52084751509143,,,,,,,,,,,
5,428,propio,1,670.3539106788747,425.6177635606279,75.0,0.0,124.52084751509143,,,,,,,,,,,
5,429,propio,1,670.3539106788747,425.6177635606279,75.0,0.0,124.52084751509143,,,,,,,,,,,
5,430,propio,1,670.3539106788747,425.6177635606279,75.0,0.0,124.52084751509143,,,,,,,,,,,
5,430,rival,2,725.1069820683209,231.67857087534756,75.0,0.0,333.644607503161,201.5199972359966,161.24463035266695,,,,,,,,,
5,431,propio,1,670.3539106788747,425.6177635606279,74.0,0.0,124.52084751509143,,,,,,,,,,,
5,431,disparo,1,670.3539106788747,425.6177635606279,74.0,,124.52084751509143,,,,1.0,,,,,,,
5,432,propio,1,670.3539106788747,425.6177635606279,74.0,0.0,124.52084751509143,,,,,,,,,,,
5,433,propio,1,670.3539106788747,425.6177635606279,74.0,0.0,124.52084751509143,,,,,,,,,,,
5,434,propio,1,670.3539106788747,425.6177635606279,74.0,0.0,124.52084751509143,,,,,,,,,,,
5,435,propio,1,670.3539106788747,425.6177635606279,74.0,0.0,124.52084751509143,,,,,,,,,,,
5,436,propio,1,670.3539106788747,425.6177635606279,74.0,0.0,124.52084751509143,,,,,,,,,,,
5,437,propio,1,670.3539106788747,425.6177635606279,74.0,0.0,124.52084751509143,,,,,,,,,,,
5,438,propio,1,670.3539106788747,425.6177635606279,74.0,0.0,124.52084751509143,,,,,,,,,,,
5,438,rival,2,725.1069820683209,231.67857087534756,74.0,0.0,333.644607503161,201.5199972359966,161.24463035266695,,,,,,,,,
5,439,propio,1,670.3539106788747,425.6177635606279,74.0,0.0,124.52084751509143,,,,,,,,,,,
5,440,propio,1,670.3539106788747,425.6177635606279,74.0,0.0,124.52084751509143,,,,,,,,,,,
5,441,propio,1,670.3539106788747,425.6177635606279,74.0,0.0,124.52084751509143,,,,,,,,,,,
5,442,propio,1,670.3539106788747,425.6177635606279,74.0,0.0,124.52084751509143,,,,,,,,,,,
5,443,propio,1,670.3539106788747,425.6177635606279,74.0,0.0,124.52084751509143,,,,,,,,,,,
5,444,propio,1,670.3539106788747,425.6177635606279,74.0,0.0,124.52084751509143,,,,,,,,,,,
5,445,propio,1,670.3539106788747,425.6177635606279,74.0,0.0,124.52084751509143,,,,,,,,,,,
5,446,propio,1,670.3539106788747,425.6177635606279,74.0,0.0,124.52084751509143,,,,,,,,,,,
5,446,rival,2,725.1069820683209,231.67857087534756,74.0,0.0,333.644607503161,201.5199972359966,161.24463035266695,,,,,,,,,
5,447,propio,1,670.3539106788747,425.6177635606279,73.0,0.0,124.52084751509143,,,,,,,,,,,
5,447,disparo,1,670.3539106788747,425.6177635606279,73.0,,124.52084751509143,,,,1.0,,,,,,,
5,448,propio,1,670.3539106788747,425.6177635606279,73.0,0.0,124.52084751509143,,,,,,,,,,,
5,449,propio,1,670.3539106788747,425.6177635606279,73.0,0.0,124.52084751509143,,,,,,,,,,,
5,450,propio,1,670.3539106788747,425.6177635606279,73.0,0.0,124.52084751509143,,,,,,,,,,,
5,451,propio,1,670.3539106788747,425.6177635606279,73.0,0.0,124.52084751509143,,,,,,,,,,,
5,452,propio,1,670.3539106788747,425.6177635606279,72.9,0.0,124.52084751509143,,,,,,,,,,,
5,453,propio,1,670.3539106788747,425.6177635606279,72.80000000000001,0.0,124.52084751509143,,,,,,,,,,,
5,454,propio,1,670.3539106788747,425.6177635606279,72.70000000000002,0.0,124.52084751509143,,,,,,,,,,,
5,454,rival,2,725.1069820683209,231.67857087534756,72.80000000000001,0.0,333.644607503161,201.5199972359966,161.24463035266695,,,,,,,,,
5,455,propio,1,670.3539106788747,425.6177635606279,72.60000000000002,0.0,124.52084751509143,,,,,,,,,,,
5,456,propio,1,670.3539106788747,425.6177635606279,72.50000000000003,0.0,124.52084751509143,,,,,,,,,,,
5,457,propio,1,670.3539106788747,425.6177635606279,72.40000000000003,0.0,124.52084751509143,,,,,,,,,,,
5,458,propio,1,670.3539106788747,425.6177635606279,72.30000000000004,0.0,124.52084751509143,,,,,,,,,,,
5,459,propio,1,670.3539106788747,425.6177635606279,72.20000000000005,0.0,124.52084751509143,,,,,,,,,,,
5,460,propio,1,670.3539106788747,425.6177635606279,72.10000000000005,0.0,124.52084751509143,,,,,,,,,,,
5,461,propio,1,670.3539106788747,425.6177635606279,72.00000000000006,0.0,124.52084751509143,,,,,,,,,,,
5,462,propio,1,670.3539106788747,425.6177635606279,71.90000000000006,0.0,124.52084751509143,,,,,,,,,,,
5,462,rival,2,725.1069820683209,231.67857087534756,72.00000000000006,0.0,333.644607503161,201.5199972359966,161.24463035266695,,,,,,,,,
5,463,propio,1,670.3539106788747,425.6177635606279,70.80000000000007,0.0,124.52084751509143,,,,,,,,,,,
5,463,disparo,1,670.3539106788747,425.6177635606279,70.80000000000007,,124.52084751509143,,,,1.0,,,,,,,
5,464,propio,1,670.3539106788747,425.6177635606279,70.70000000000007,0.0,124.52084751509143,,,,,,,,,,,
5,465,propio,1,670.3539106788747,425.6177635606279,70.60000000000008,0.0,124.52084751509143,,,,,,,,,,,
5,466,propio,1,670.3539106788747,425.6177635606279,70.50000000000009,0.0,124.52084751509143,,,,,,,,,,,
5,467,propio,1,670.3539106788747,425.6177635606279,70.40000000000009,0.0,124.52084751509143,,,,,,,,,,,
5,468,propio,1,670.3539106788747,425.6177635606279,70.3000000000001,0.0,124.52084751509143,,,,,,,,,,,
5,469,propio,1,670.3539106788747,425.6177635606279,70.2000000000001,0.0,124.52084751509143,,,,,,,,,,,
5,470,propio,1,670.3539106788747,425.6177635606279,70.10000000000011,0.0,124.52084751509143,,,,,,,,,,,
5,470,rival,2,725.1069820683209,231.67857087534756,70.2000000000001,0.0,333.644607503161,201.5199972359966,161.24463035266695,,,,,,,,,
5,471,propio,1,670.3539106788747,425.6177635606279,70.00000000000011,0.0,124.52084751509143,,,,,,,,,,,
5,472,propio,1,670.3539106788747,425.6177635606279,69.90000000000012,0.0,124.52084751509143,,,,,,,,,,,
5,473,propio,1,670.3539106788747,425.6177635606279,69.80000000000013,0.0,124.52084751509143,,,,,,,,,,,
5,474,propio,1,670.3539106788747,425.6177635606279,69.70000000000013,0.0,124.52084751509143,,,,,,,,,,,
5,475,propio,1,670.3539106788747,425.6177635606279,69.60000000000014,0.0,124.52084751509143,,,,,,,,,,,
5,476,propio,1,670.3539106788747,425.6177635606279,69.50000000000014,0.0,124.52084751509143,,,,,,,,,,,
5,477,propio,1,670.3539106788747,425.6177635606279,69.40000000000015,0.0,124.52084751509143,,,,,,,,,,,
5,478,propio,1,670.3539106788747,425.6177635606279,69.30000000000015,0.0,124.52084751509143,,,,,,,,,,,
5,478,rival,2,725.1069820683209,231.67857087534756,69.40000000000015,0.0,333.644607503161,201.5199972359966,161.24463035266695,,,,,,,,,
5,479,propio,1,670.3539106788747,425.6177635606279,68.20000000000016,0.0,124.52084751509143,,,,,,,,,,,
5,479,disparo,1,670.3539106788747,425.6177635606279,68.20000000000016,,124.52084751509143,,,,1.0,,,,,,,
5,480,propio,1,670.3539106788747,425.6177635606279,68.10000000000016,0.0,124.52084751509143,,,,,,,,,,,
5,481,propio,1,670.3539106788747,425.6177635606279,68.00000000000017,0.0,124.52084751509143,,,,,,,,,,,
5,482,propio,1,670.3539106788747,425.6177635606279,67.90000000000018,0.0,124.52084751509143,,,,,,,,,,,
5,483,propio,1,670.3539106788747,425.6177635606279,67.80000000000018,0.0,124.52084751509143,,,,,,,,,,,
5,484,propio,1,670.3539106788747,425.6177635606279,67.70000000000019,0.0,124.52084751509143,,,,,,,,,,,
5,485,propio,1,670.3539106788747,425.6177635606279,67.6000000000002,0.0,124.52084751509143,,,,,,,,,,,
5,486,propio,1,670.3539106788747,425.6177635606279,67.5000000000002,0.0,124.52084751509143,,,,,,,,,,,
5,486,rival,2,725.1069820683209,231.67857087534756,67.6000000000002,0.0,333.644607503161,201.5199972359966,161.24463035266695,,,,,,,,,
5,487,propio,1,670.3539106788747,425.6177635606279,67.4000000000002,0.0,124.52084751509143,,,,,,,,,,,
5,488,propio,1,670.3539106788747,425.6177635606279,67.30000000000021,0.0,124.52084751509143,,,,,,,,,,,
5,489,propio,1,670.3539106788747,425.6177635606279,67.20000000000022,0.0,124.52084751509143,,,,,,,,,,,
5,490,propio,1,670.3539106788747,425.6177635606279,67.10000000000022,0.0,124.52084751509143,,,,,,,,,,,
5,491,propio,1,670.3539106788747,425.6177635606279,67.00000000000023,0.0,124.52084751509143,,,,,,,,,,,
5,492,propio,1,670.3539106788747,425.6177635606279,66.90000000000023,0.0,124.52084751509143,,,,,,,,,,,
5,493,propio,1,670.3539106788747,425.6177635606279,66.80000000000024,0.0,124.52084751509143,,,,,,,,,,,
5,494,propio,1,670.3539106788747,425.6177635606279,66.70000000000024,0.0,124.52084751509143,,,,,,,,,,,
5,494,rival,2,725.1069820683209,231.67857087534756,66.80000000000024,0.0,333.644607503161,201.5199972359966,161.24463035266695,,,,,,,,,
5,495,propio,1,670.3539106788747,425.6177635606279,65.60000000000025,0.0,124.52084751509143,,,,,,,,,,,
5,495,disparo,1,670.3539106788747,425.6177635606279,65.60000000000025,,124.52084751509143,,,,1.0,,,,,,,
5,496,propio,1,670.3539106788747,425.6177635606279,65.50000000000026,0.0,124.52084751509143,,,,,,,,,,,
5,497,propio,1,670.3539106788747,425.6177635606279,65.40000000000026,0.0,124.52084751509143,,,,,,,,,,,
5,498,propio,1,670.3539106788747,425.6177635606279,65.30000000000027,0.0,124.52084751509143,,,,,,,,,,,
5,499,propio,1,670.3539106788747,425.6177635606279,65.20000000000027,0.0,124.52084751509143,,,,,,,,,,,
5,500,propio,1,670.3539106788747,425.6177635606279,65.10000000000028,0.0,124.52084751509143,,,,,,,,,,,
5,501,propio,1,670.3539106788747,425.6177635606279,65.00000000000028,0.0,124.52084751509143,,,,,,,,,,,
5,502,propio,1,670.3539106788747,425.6177635606279,64.90000000000029,0.0,124.52084751509143,,,,,,,,,,,
5,502,rival,2,725.1069820683209,231.67857087534756,65.00000000000028,0.0,333.644607503161,201.5199972359966,161.24463035266695,,,,,,,,,
5,503,propio,1,670.3539106788747,425.6177635606279,64.8000000000003,0.0,124.52084751509143,,,,,,,,,,,
5,504,propio,1,670.3539106788747,425.6177635606279,64.7000000000003,0.0,124.52084751509143,,,,,,,,,,,
5,505,propio,1,670.3539106788747,425.6177635606279,64.6000000000003,0.0,124.52084751509143,,,,,,,,,,,
5,506,propio,1,670.3539106788747,425.6177635606279,64.50000000000031,0.0,124.52084751509143,,,,,,,,,,,
5,507,propio,1,670.3539106788747,425.6177635606279,64.40000000000032,0.0,124.52084751509143,,,,,,,,,,,
5,508,propio,1,670.3539106788747,425.6177635606279,64.30000000000032,0.0,124.52084751509143,,,,,,,,,,,
5,509,propio,1,670.3539106788747,425.6177635606279,64.20000000000033,0.0,124.52084751509143,,,,,,,,,,,
5,510,propio,1,670.3539106788747,425.6177635606279,64.10000000000034,0.0,124.52084751509143,,,,,,,,,,,
5,510,rival,2,725.1069820683209,231.67857087534756,64.20000000000033,0.0,333.644607503161,201.5199972359966,161.24463035266695,,,,,,,,,
5,511,propio,1,670.3539106788747,425.6177635606279,63.000000000000334,0.0,124.52084751509143,,,,,,,,,,,
5,511,disparo,1,670.3539106788747,425.6177635606279,63.000000000000334,,124.52084751509143,,,,1.0,,,,,,,
5,512,propio,1,670.3539106788747,425.6177635606279,62.90000000000033,0.0,124.52084751509143,,,,,,,,,,,
5,513,propio,1,670.3539106788747,425.6177635606279,62.80000000000033,0.0,124.52084751509143,,,,,,,,,,,
5,514,propio,1,670.3539106788747,425.6177635606279,62.70000000000033,0.0,124.52084751509143,,,,,,,,,,,
5,515,propio,1,670.3539106788747,425.6177635606279,62.60000000000033,0.0,124.52084751509143,,,,,,,,,,,
5,516,propio,1,670.3539106788747,425.6177635606279,62.50000000000033,0.0,124.52084751509143,,,,,,,,,,,
5,517,propio,1,670.3539106788747,425.6177635606279,62.400000000000325,0.0,124.52084751509143,,,,,,,,,,,
5,518,propio,1,670.3539106788747,425.6177635606279,62.300000000000324,0.0,124.52084751509143,,,,,,,,,,,
5,518,rival,2,725.1069820683209,231.67857087534756,62.400000000000325,0.0,333.644607503161,201.5199972359966,161.24463035266695,,,,,,,,,
5,519,propio,1,670.3539106788747,425.6177635606279,62.20000000000032,0.0,124.52084751509143,,,,,,,,,,,
5,520,propio,1,670.3539106788747,425.6177635606279,62.10000000000032,0.0,124.52084751509143,,,,,,,,,,,
5,521,propio,1,670.3539106788747,425.6177635606279,62.00000000000032,0.0,124.52084751509143,,,,,,,,,,,
5,522,propio,1,670.3539106788747,425.6177635606279,61.90000000000032,0.0,124.52084751509143,,,,,,,,,,,
5,523,propio,1,670.3539106788747,425.6177635606279,61.80000000000032,0.0,124.52084751509143,,,,,,,,,,,
5,524,propio,1,670.3539106788747,425.6177635606279,61.700000000000315,0.0,124.52084751509143,,,,,,,,,,,
5,525,propio,1,670.3539106788747,425.6177635606279,61.600000000000314,0.0,124.52084751509143,,,,,,,,,,,
5,526,propio,1,670.3539106788747,425.6177635606279,61.50000000000031,0.0,124.52084751509143,,,,,,,,,,,
5,526,rival,2,725.1069820683209,231.67857087534756,61.600000000000314,0.0,333.644607503161,201.5199972359966,161.24463035266695,,,,,,,,,
5,527,propio,1,670.3539106788747,425.6177635606279,60.40000000000031,0.0,124.52084751509143,,,,,,,,,,,
5,527,disparo,1,670.3539106788747,425.6177635606279,60.40000000000031,,124.52084751509143,,,,1.0,,,,,,,
5,528,propio,1,670.3539106788747,425.6177635606279,60.30000000000031,0.0,124.52084751509143,,,,,,,,,,,
5,529,propio,1,670.3539106788747,425.6177635606279,60.20000000000031,0.0,124.52084751509143,,,,,,,,,,,
5,530,propio,1,670.3539106788747,425.6177635606279,60.10000000000031,0.0,124.52084751509143,,,,,,,,,,,
5,531,propio,1,670.3539106788747,425.6177635606279,60.000000000000306,0.0,124.52084751509143,,,,,,,,,,,
5,532,propio,1,670.3539106788747,425.6177635606279,59.900000000000304,0.0,124.52084751509143,,,,,,,,,,,
5,533,propio,1,670.3539106788747,425.6177635606279,59.8000000000003,0.0,124.52084751509143,,,,,,,,,,,
5,534,propio,1,670.3539106788747,425.6177635606279,59.7000000000003,0.0,124.52084751509143,,,,,,,,,,,
5,534,rival,2,725.1069820683209,231.67857087534756,59.8000000000003,0.0,333.644607503161,201.5199972359966,161.24463035266695,,,,,,,,,
5,535,propio,1,670.3539106788747,425.6177635606279,59.6000000000003,0.0,124.52084751509143,,,,,,,,,,,
5,536,propio,1,670.3539106788747,425.6177635606279,59.5000000000003,0.0,124.52084751509143,,,,,,,,,,,
5,537,propio,1,670.3539106788747,425.6177635606279,59.4000000000003,0.0,124.52084751509143,,,,,,,,,,,
5,538,propio,1,670.3539106788747,425.6177635606279,59.300000000000296,0.0,124.52084751509143,,,,,,,,,,,
5,539,propio,1,670.3539106788747,425.6177635606279,59.200000000000294,0.0,124.52084751509143,,,,,,,,,,,
5,540,propio,1,670.3539106788747,425.6177635606279,59.10000000000029,0.0,124.52084751509143,,,,,,,,,,,
5,541,propio,1,670.3539106788747,425.6177635606279,59.00000000000029,0.0,124.52084751509143,,,,,,,,,,,
5,542,propio,1,670.3539106788747,425.6177635606279,58.90000000000029,0.0,124.52084751509143,,,,,,,,,,,
5,542,rival,2,725.1069820683209,231.67857087534756,59.00000000000029,0.0,333.644607503161,201.5199972359966,161.24463035266695,,,,,,,,,
5,543,propio,1,670.3539106788747,425.6177635606279,57.80000000000029,0.0,124.52084751509143,,,,,,,,,,,
5,543,disparo,1,670.3539106788747,425.6177635606279,57.80000000000029,,124.52084751509143,,,,1.0,,,,,,,
5,544,propio,1,670.3539106788747,425.6177635606279,57.70000000000029,0.0,124.52084751509143,,,,,,,,,,,
5,545,propio,1,670.3539106788747,425.6177635606279,57.600000000000286,0.0,124.52084751509143,,,,,,,,,,,
5,546,propio,1,670.3539106788747,425.6177635606279,57.500000000000284,0.0,124.52084751509143,,,,,,,,,,,
5,547,propio,1,670.3539106788747,425.6177635606279,57.40000000000028,0.0,124.52084751509143,,,,,,,,,,,
5,548,propio,1,670.3539106788747,425.6177635606279,57.30000000000028,0.0,124.52084751509143,,,,,,,,,,,
5,549,propio,1,670.3539106788747,425.6177635606279,57.20000000000028,0.0,124.52084751509143,,,,,,,,,,,
5,550,propio,1,670.3539106788747,425.6177635606279,57.10000000000028,0.0,124.52084751509143,,,,,,,,,,,
5,550,rival,2,725.1069820683209,231.67857087534756,57.20000000000028,0.0,333.644607503161,201.5199972359966,161.24463035266695,,,,,,,,,
5,551,propio,1,670.3539106788747,425.6177635606279,57.00000000000028,0.0,124.52084751509143,,,,,,,,,,,
5,552,propio,1,670.3539106788747,425.6177635606279,56.900000000000276,0.0,124.52084751509143,,,,,,,,,,,
5,553,propio,1,670.3539106788747,425.6177635606279,56.800000000000274,0.0,124.52084751509143,,,,,,,,,,,
5,554,propio,1,670.3539106788747,425.6177635606279,56.70000000000027,0.0,124.52084751509143,,,,,,,,,,,
5,555,propio,1,670.3539106788747,425.6177635606279,56.60000000000027,0.0,124.52084751509143,,,,,,,,,,,
5,556,propio,1,670.3539106788747,425.6177635606279,56.50000000000027,0.0,124.52084751509143,,,,,,,,,,,
5,557,propio,1,670.3539106788747,425.6177635606279,56.40000000000027,0.0,124.52084751509143,,,,,,,,,,,
5,558,propio,1,670.3539106788747,425.6177635606279,56.30000000000027,0.0,124.52084751509143,,,,,,,,,,,
5,558,rival,2,725.1069820683209,231.67857087534756,56.40000000000027,0.0,333.644607503161,201.5199972359966,161.24463035266695,,,,,,,,,
5,559,propio,1,670.3539106788747,425.6177635606279,55.200000000000266,0.0,124.52084751509143,,,,,,,,,,,
5,559,disparo,1,670.3539106788747,425.6177635606279,55.200000000000266,,124.52084751509143,,,,1.0,,,,,,,
5,560,propio,1,670.3539106788747,425.6177635606279,55.100000000000264,0.0,124.52084751509143,,,,,,,,,,,
5,561,propio,1,670.3539106788747,425.6177635606279,55.00000000000026,0.0,124.52084751509143,,,,,,,,,,,
5,562,propio,1,670.3539106788747,425.6177635606279,54.90000000000026,0.0,124.52084751509143,,,,,,,,,,,
5,563,propio,1,670.3539106788747,425.6177635606279,54.80000000000026,0.0,124.52084751509143,,,,,,,,,,,
5,564,propio,1,670.3539106788747,425.6177635606279,54.70000000000026,0.0,124.52084751509143,,,,,,,,,,,
5,565,propio,1,670.3539106788747,425.6177635606279,54.60000000000026,0.0,124.52084751509143,,,,,,,,,,,
5,566,propio,1,670.3539106788747,425.6177635606279,54.500000000000256,0.0,124.52084751509143,,,,,,,,,,,
5,566,rival,2,725.1069820683209,231.67857087534756,54.60000000000026,0.0,333.644607503161,201.5199972359966,161.24463035266695,,,,,,,,,
5,567,propio,1,670.3539106788747,425.6177635606279,54.400000000000254,0.0,124.52084751509143,,,,,,,,,,,
5,568,propio,1,670.3539106788747,425.6177635606279,54.30000000000025,0.0,124.52084751509143,,,,,,,,,,,
5,569,propio,1,670.3539106788747,425.6177635606279,54.20000000000025,0.0,124.52084751509143,,,,,,,,,,,
5,570,propio,1,670.3539106788747,425.6177635606279,54.10000000000025,0.0,124.52084751509143,,,,,,,,,,,
5,571,propio,1,670.3539106788747,425.6177635606279,54.00000000000025,0.0,124.52084751509143,,,,,,,,,,,
5,572,propio,1,670.3539106788747,425.6177635606279,53.90000000000025,0.0,124.52084751509143,,,,,,,,,,,
5,573,propio,1,670.3539106788747,425.6177635606279,53.800000000000246,0.0,124.52084751509143,,,,,,,,,,,
5,574,propio,1,670.3539106788747,425.6177635606279,53.700000000000244,0.0,124.52084751509143,,,,,,,,,,,
5,574,rival,2,725.1069820683209,231.67857087534756,53.800000000000246,0.0,333.644607503161,201.5199972359966,161.24463035266695,,,,,,,,,
5,575,propio,1,670.3539106788747,425.6177635606279,52.60000000000024,0.0,124.52084751509143,,,,,,,,,,,
5,575,disparo,1,670.3539106788747,425.6177635606279,52.60000000000024,,124.52084751509143,,,,1.0,,,,,,,
5,576,propio,1,670.3539106788747,425.6177635606279,52.50000000000024,0.0,124.52084751509143,,,,,,,,,,,
5,577,propio,1,670.3539106788747,425.6177635606279,52.40000000000024,0.0,124.52084751509143,,,,,,,,,,,
5,578,propio,1,670.3539106788747,425.6177635606279,52.30000000000024,0.0,124.52084751509143,,,,,,,,,,,
5,579,propio,1,670.3539106788747,425.6177635606279,52.20000000000024,0.0,124.52084751509143,,,,,,,,,,,
5,580,propio,1,670.3539106788747,425.6177635606279,52.100000000000236,0.0,124.52084751509143,,,,,,,,,,,
5,581,propio,1,670.3539106788747,425.6177635606279,52.000000000000234,0.0,124.52084751509143,,,,,,,,,,,
5,582,propio,1,670.3539106788747,425.6177635606279,51.90000000000023,0.0,124.52084751509143,,,,,,,,,,,
5,582,rival,2,725.1069820683209,231.67857087534756,52.000000000000234,0.0,333.644607503161,201.5199972359966,161.24463035266695,,,,,,,,,
5,583,propio,1,670.3539106788747,425.6177635606279,51.80000000000023,0.0,124.52084751509143,,,,,,,,,,,
5,584,propio,1,670.3539106788747,425.6177635606279,51.70000000000023,0.0,124.52084751509143,,,,,,,,,,,
5,585,propio,1,670.3539106788747,425.6177635606279,51.60000000000023,0.0,124.52084751509143,,,,,,,,,,,
5,586,propio,1,670.3539106788747,425.6177635606279,51.50000000000023,0.0,124.52084751509143,,,,,,,,,,,
5,587,propio,1,670.3539106788747,425.6177635606279,51.400000000000226,0.0,124.52084751509143,,,,,,,,,,,
5,588,propio,1,670.3539106788747,425.6177635606279,51.300000000000225,0.0,124.52084751509143,,,,,,,,,,,
5,589,propio,1,670.3539106788747,425.6177635606279,51.20000000000022,0.0,124.52084751509143,,,,,,,,,,,
5,590,propio,1,670.3539106788747,425.6177635606279,51.10000000000022,0.0,124.52084751509143,,,,,,,,,,,
5,590,rival,2,725.1069820683209,231.67857087534756,51.20000000000022,0.0,333.644607503161,201.5199972359966,161.24463035266695,,,,,,,,,
5,591,propio,1,670.3539106788747,425.6177635606279,50.00000000000022,0.0,124.52084751509143,,,,,,,,,,,
5,591,disparo,1,670.3539106788747,425.6177635606279,50.00000000000022,,124.52084751509143,,,,1.0,,,,,,,
5,592,propio,1,670.3539106788747,425.6177635606279,49.90000000000022,0.0,124.52084751509143,,,,,,,,,,,
5,593,propio,1,670.3539106788747,425.6177635606279,49.80000000000022,0.0,124.52084751509143,,,,,,,,,,,
5,594,propio,1,670.3539106788747,425.6177635606279,49.700000000000216,0.0,124.52084751509143,,,,,,,,,,,
5,595,propio,1,670.3539106788747,425.6177635606279,49.600000000000215,0.0,124.52084751509143,,,,,,,,,,,
5,596,propio,1,670.3539106788747,425.6177635606279,49.50000000000021,0.0,124.52084751509143,,,,,,,,,,,
5,597,propio,1,670.3539106788747,425.6177635606279,49.40000000000021,0.0,124.52084751509143,,,,,,,,,,,
5,598,propio,1,670.3539106788747,425.6177635606279,49.30000000000021,0.0,124.52084751509143,,,,,,,,,,,
5,598,rival,2,725.1069820683209,231.67857087534756,49.40000000000021,0.0,333.644607503161,201.5199972359966,161.24463035266695,,,,,,,,,
5,599,propio,1,670.3539106788747,425.6177635606279,49.20000000000021,0.0,124.52084751509143,,,,,,,,,,,
5,600,propio,1,670.3539106788747,425.6177635606279,49.10000000000021,0.0,124.52084751509143,,,,,,,,,,,
5,601,propio,1,670.3539106788747,425.6177635606279,49.000000000000206,0.0,124.52084751509143,,,,,,,,,,,
5,602,propio,1,670.3539106788747,425.6177635606279,48.900000000000205,0.0,124.52084751509143,,,,,,,,,,,
5,603,propio,1,670.3539106788747,425.6177635606279,48.8000000000002,0.0,124.52084751509143,,,,,,,,,,,
5,604,propio,1,670.3539106788747,425.6177635606279,48.7000000000002,0.0,124.52084751509143,,,,,,,,,,,
5,605,propio,1,670.3539106788747,425.6177635606279,48.6000000000002,0.0,124.52084751509143,,,,,,,,,,,
5,606,propio,1,670.3539106788747,425.6177635606279,48.5000000000002,0.0,124.52084751509143,,,,,,,,,,,
5,606,rival,2,725.1069820683209,231.67857087534756,48.6000000000002,0.0,333.644607503161,201.5199972359966,161.24463035266695,,,,,,,,,
5,607,propio,1,670.3539106788747,425.6177635606279,47.4000000000002,0.0,124.52084751509143,,,,,,,,,,,
5,607,disparo,1,670.3539106788747,425.6177635606279,47.4000000000002,,124.52084751509143,,,,1.0,,,,,,,
5,608,propio,1,670.3539106788747,425.6177635606279,47.300000000000196,0.0,124.52084751509143,,,,,,,,,,,
5,609,propio,1,670.3539106788747,425.6177635606279,47.200000000000195,0.0,124.52084751509143,,,,,,,,,,,
5,610,propio,1,670.3539106788747,425.6177635606279,47.10000000000019,0.0,124.52084751509143,,,,,,,,,,,
5,611,propio,1,670.3539106788747,425.6177635606279,47.00000000000019,0.0,124.52084751509143,,,,,,,,,,,
5,612,propio,1,670.3539106788747,425.6177635606279,46.90000000000019,0.0,124.52084751509143,,,,,,,,,,,
5,613,propio,1,670.3539106788747,425.6177635606279,46.80000000000019,0.0,124.52084751509143,,,,,,,,,,,
5,614,propio,1,670.3539106788747,425.6177635606279,46.70000000000019,0.0,124.52084751509143,,,,,,,,,,,
5,614,rival,2,725.1069820683209,231.67857087534756,46.80000000000019,0.0,333.644607503161,201.5199972359966,161.24463035266695,,,,,,,,,
5,615,propio,1,670.3539106788747,425.6177635606279,46.600000000000186,0.0,124.52084751509143,,,,,,,,,,,
5,616,propio,1,670.3539106788747,425.6177635606279,46.500000000000185,0.0,124.52084751509143,,,,,,,,,,,
5,617,propio,1,670.3539106788747,425.6177635606279,46.40000000000018,0.0,124.52084751509143,,,,,,,,,,,
5,618,propio,1,670.3539106788747,425.6177635606279,46.30000000000018,0.0,124.52084751509143,,,,,,,,,,,
5,619,propio,1,670.3539106788747,425.6177635606279,46.20000000000018,0.0,124.52084751509143,,,,,,,,,,,
5,620,propio,1,670.3539106788747,425.6177635606279,46.10000000000018,0.0,124.52084751509143,,,,,,,,,,,
5,621,propio,1,670.3539106788747,425.6177635606279,46.00000000000018,0.0,124.52084751509143,,,,,,,,,,,
5,622,propio,1,670.3539106788747,425.6177635606279,45.900000000000176,0.0,124.52084751509143,,,,,,,,,,,
5,622,rival,2,725.1069820683209,231.67857087534756,46.00000000000018,0.0,333.644607503161,201.5199972359966,161.24463035266695,,,,,,,,,
5,623,propio,1,670.3539106788747,425.6177635606279,44.800000000000175,0.0,124.52084751509143,,,,,,,,,,,
5,623,disparo,1,670.3539106788747,425.6177635606279,44.800000000000175,,124.52084751509143,,,,1.0,,,,,,,
5,624,propio,1,670.3539106788747,425.6177635606279,44.70000000000017,0.0,124.52084751509143,,,,,,,,,,,
5,625,propio,1,670.3539106788747,425.6177635606279,44.60000000000017,0.0,124.52084751509143,,,,,,,,,,,
5,626,propio,1,670.3539106788747,425.6177635606279,44.50000000000017,0.0,124.52084751509143,,,,,,,,,,,
5,627,propio,1,670.3539106788747,425.6177635606279,44.40000000000017,0.0,124.52084751509143,,,,,,,,,,,
5,628,propio,1,670.3539106788747,425.6177635606279,44.30000000000017,0.0,124.52084751509143,,,,,,,,,,,
5,629,propio,1,670.3539106788747,425.6177635606279,44.200000000000166,0.0,124.52084751509143,,,,,,,,,,,
5,630,propio,1,670.3539106788747,425.6177635606279,44.100000000000165,0.0,124.52084751509143,,,,,,,,,,,
5,630,rival,2,725.1069820683209,231.67857087534756,44.200000000000166,0.0,333.644607503161,201.5199972359966,161.24463035266695,,,,,,,,,
5,631,propio,1,670.3539106788747,425.6177635606279,44.00000000000016,0.0,124.52084751509143,,,,,,,,,,,
5,632,propio,1,670.3539106788747,425.6177635606279,43.90000000000016,0.0,124.52084751509143,,,,,,,,,,,
5,633,propio,1,670.3539106788747,425.6177635606279,43.80000000000016,0.0,124.52084751509143,,,,,,,,,,,
5,634,propio,1,670.3539106788747,425.6177635606279,43.70000000000016,0.0,124.52084751509143,,,,,,,,,,,
5,635,propio,1,670.3539106788747,425.6177635606279,43.60000000000016,0.0,124.52084751509143,,,,,,,,,,,
5,636,propio,1,670.3539106788747,425.6177635606279,43.500000000000156,0.0,124.52084751509143,,,,,,,,,,,
5,637,propio,1,670.3539106788747,425.6177635606279,43.400000000000155,0.0,124.52084751509143,,,,,,,,,,,
5,638,propio,1,670.3539106788747,425.6177635606279,43.30000000000015,0.0,124.52084751509143,,,,,,,,,,,
5,638,rival,2,725.1069820683209,231.67857087534756,43.400000000000155,0.0,333.644607503161,201.5199972359966,161.24463035266695,,,,,,,,,
5,639,propio,1,670.3539106788747,425.6177635606279,42.20000000000015,0.0,124.52084751509143,,,,,,,,,,,
5,639,disparo,1,670.3539106788747,425.6177635606279,42.20000000000015,,124.52084751509143,,,,1.0,,,,,,,
5,640,propio,1,670.3539106788747,425.6177635606279,42.10000000000015,0.0,124.52084751509143,,,,,,,,,,,
5,641,propio,1,670.3539106788747,425.6177635606279,42.00000000000015,0.0,124.52084751509143,,,,,,,,,,,
5,642,propio,1,670.3539106788747,425.6177635606279,41.90000000000015,0.0,124.52084751509143,,,,,,,,,,,
5,643,propio,1,670.3539106788747,425.6177635606279,41.800000000000146,0.0,124.52084751509143,,,,,,,,,,,
5,644,propio,1,670.3539106788747,425.6177635606279,41.700000000000145,0.0,124.52084751509143,,,,,,,,,,,
5,645,propio,1,670.3539106788747,425.6177635606279,41.60000000000014,0.0,124.52084751509143,,,,,,,,,,,
5,646,propio,1,670.3539106788747,425.6177635606279,41.50000000000014,0.0,124.52084751509143,,,,,,,,,,,
5,646,rival,2,725.1069820683209,231.67857087534756,41.60000000000014,0.0,333.644607503161,201.5199972359966,161.24463035266695,,,,,,,,,
5,647,propio,1,670.3539106788747,425.6177635606279,41.40000000000014,0.0,124.52084751509143,,,,,,,,,,,
5,648,propio,1,670.3539106788747,425.6177635606279,41.30000000000014,0.0,124.52084751509143,,,,,,,,,,,
5,649,propio,1,670.3539106788747,425.6177635606279,41.20000000000014,0.0,124.52084751509143,,,,,,,,,,,
5,650,propio,1,670.3539106788747,425.6177635606279,41.100000000000136,0.0,124.52084751509143,,,,,,,,,,,
5,651,propio,1,670.3539106788747,425.6177635606279,41.000000000000135,0.0,124.52084751509143,,,,,,,,,,,
5,652,propio,1,670.3539106788747,425.6177635606279,40.900000000000134,0.0,124.52084751509143,,,,,,,,,,,
5,653,propio,1,670.3539106788747,425.6177635606279,40.80000000000013,0.0,124.52084751509143,,,,,,,,,,,
5,654,propio,1,670.3539106788747,425.6177635606279,40.70000000000013,0.0,124.52084751509143,,,,,,,,,,,
5,654,rival,2,725.1069820683209,231.67857087534756,40.80000000000013,0.0,333.644607503161,201.5199972359966,161.24463035266695,,,,,,,,,
5,655,propio,1,670.3539106788747,425.6177635606279,39.60000000000013,0.0,124.52084751509143,,,,,,,,,,,
5,655,disparo,1,670.3539106788747,425.6177635606279,39.60000000000013,,124.52084751509143,,,,1.0,,,,,,,
5,656,propio,1,670.3539106788747,425.6177635606279,39.50000000000013,0.0,124.52084751509143,,,,,,,,,,,
5,657,propio,1,670.3539106788747,425.6177635606279,39.40000000000013,0.0,124.52084751509143,,,,,,,,,,,
5,658,propio,1,670.3539106788747,425.6177635606279,39.300000000000125,0.0,124.52084751509143,,,,,,,,,,,
5,659,propio,1,670.3539106788747,425.6177635606279,39.200000000000124,0.0,124.52084751509143,,,,,,,,,,,
5,660,propio,1,670.3539106788747,425.6177635606279,39.10000000000012,0.0,124.52084751509143,,,,,,,,,,,
5,661,propio,1,670.3539106788747,425.6177635606279,39.00000000000012,0.0,124.52084751509143,,,,,,,,,,,
5,662,propio,1,670.3539106788747,425.6177635606279,38.90000000000012,0.0,124.52084751509143,,,,,,,,,,,
5,662,rival,2,725.1069820683209,231.67857087534756,39.00000000000012,0.0,333.644607503161,201.5199972359966,161.24463035266695,,,,,,,,,
5,663,propio,1,670.3539106788747,425.6177635606279,38.80000000000012,0.0,124.52084751509143,,,,,,,,,,,
5,664,propio,1,670.3539106788747,425.6177635606279,38.70000000000012,0.0,124.52084751509143,,,,,,,,,,,
5,665,propio,1,670.3539106788747,425.6177635606279,38.600000000000115,0.0,124.52084751509143,,,,,,,,,,,
5,666,propio,1,670.3539106788747,425.6177635606279,38.500000000000114,0.0,124.52084751509143,,,,,,,,,,,
5,667,propio,1,670.3539106788747,425.6177635606279,38.40000000000011,0.0,124.52084751509143,,,,,,,,,,,
5,668,propio,1,670.3539106788747,425.6177635606279,38.30000000000011,0.0,124.52084751509143,,,,,,,,,,,
5,669,propio,1,670.3539106788747,425.6177635606279,38.20000000000011,0.0,124.52084751509143,,,,,,,,,,,
5,670,propio,1,670.3539106788747,425.6177635606279,38.10000000000011,0.0,124.52084751509143,,,,,,,,,,,
5,670,rival,2,725.1069820683209,231.67857087534756,38.20000000000011,0.0,333.644607503161,201.5199972359966,161.24463035266695,,,,,,,,,
5,671,propio,1,670.3539106788747,425.6177635606279,37.00000000000011,0.0,124.52084751509143,,,,,,,,,,,
5,671,disparo,1,670.3539106788747,425.6177635606279,37.00000000000011,,124.52084751509143,,,,1.0,,,,,,,
5,672,propio,1,670.3539106788747,425.6177635606279,36.900000000000105,0.0,124.52084751509143,,,,,,,,,,,
5,673,propio,1,670.3539106788747,425.6177635606279,36.800000000000104,0.0,124.52084751509143,,,,,,,,,,,
5,674,propio,1,670.3539106788747,425.6177635606279,36.7000000000001,0.0,124.52084751509143,,,,,,,,,,,
5,675,propio,1,670.3539106788747,425.6177635606279,36.6000000000001,0.0,124.52084751509143,,,,,,,,,,,
5,676,propio,1,670.3539106788747,425.6177635606279,36.5000000000001,0.0,124.52084751509143,,,,,,,,,,,
5,677,propio,1,670.3539106788747,425.6177635606279,36.4000000000001,0.0,124.52084751509143,,,,,,,,,,,
5,678,propio,1,670.3539106788747,425.6177635606279,36.3000000000001,0.0,124.52084751509143,,,,,,,,,,,
5,678,rival,2,725.1069820683209,231.67857087534756,36.4000000000001,0.0,333.644607503161,201.5199972359966,161.24463035266695,,,,,,,,,
5,679,propio,1,670.3539106788747,425.6177635606279,36.200000000000095,0.0,124.52084751509143,,,,,,,,,,,
5,680,propio,1,670.3539106788747,425.6177635606279,36.100000000000094,0.0,124.52084751509143,,,,,,,,,,,
5,681,propio,1,670.3539106788747,425.6177635606279,36.00000000000009,0.0,124.52084751509143,,,,,,,,,,,
5,682,propio,1,670.3539106788747,425.6177635606279,35.90000000000009,0.0,124.52084751509143,,,,,,,,,,,
5,683,propio,1,670.3539106788747,425.6177635606279,35.80000000000009,0.0,124.52084751509143,,,,,,,,,,,
5,684,propio,1,670.3539106788747,425.6177635606279,35.70000000000009,0.0,124.52084751509143,,,,,,,,,,,
5,685,propio,1,670.3539106788747,425.6177635606279,35.60000000000009,0.0,124.52084751509143,,,,,,,,,,,
5,686,propio,1,670.3539106788747,425.6177635606279,35.500000000000085,0.0,124.52084751509143,,,,,,,,,,,
5,686,rival,2,725.1069820683209,231.67857087534756,35.60000000000009,0.0,333.644607503161,201.5199972359966,161.24463035266695,,,,,,,,,
5,687,propio,1,670.3539106788747,425.6177635606279,34.400000000000084,0.0,124.52084751509143,,,,,,,,,,,
5,687,disparo,1,670.3539106788747,425.6177635606279,34.400000000000084,,124.52084751509143,,,,1.0,,,,,,,
5,688,propio,1,670.3539106788747,425.6177635606279,34.30000000000008,0.0,124.52084751509143,,,,,,,,,,,
5,689,propio,1,670.3539106788747,425.6177635606279,34.20000000000008,0.0,124.52084751509143,,,,,,,,,,,
5,690,propio,1,670.3539106788747,425.6177635606279,34.10000000000008,0.0,124.52084751509143,,,,,,,,,,,
5,691,propio,1,670.3539106788747,425.6177635606279,34.00000000000008,0.0,124.52084751509143,,,,,,,,,,,
5,692,propio,1,670.3539106788747,425.6177635606279,33.90000000000008,0.0,124.52084751509143,,,,,,,,,,,
5,693,propio,1,670.3539106788747,425.6177635606279,33.800000000000075,0.0,124.52084751509143,,,,,,,,,,,
5,694,propio,1,670.3539106788747,425.6177635606279,33.700000000000074,0.0,124.52084751509143,,,,,,,,,,,
5,694,rival,2,725.1069820683209,231.67857087534756,33.800000000000075,0.0,333.644607503161,201.5199972359966,161.24463035266695,,,,,,,,,
5,695,propio,1,670.3539106788747,425.6177635606279,33.60000000000007,0.0,124.52084751509143,,,,,,,,,,,
5,696,propio,1,670.3539106788747,425.6177635606279,33.50000000000007,0.0,124.52084751509143,,,,,,,,,,,
5,697,propio,1,670.3539106788747,425.6177635606279,33.40000000000007,0.0,124.52084751509143,,,,,,,,,,,
5,698,propio,1,670.3539106788747,425.6177635606279,33.30000000000007,0.0,124.52084751509143,,,,,,,,,,,
5,699,propio,1,670.3539106788747,425.6177635606279,33.20000000000007,0.0,124.52084751509143,,,,,,,,,,,
5,700,propio,1,670.3539106788747,425.6177635606279,33.100000000000065,0.0,124.52084751509143,,,,,,,,,,,
5,701,propio,1,670.3539106788747,425.6177635606279,33.000000000000064,0.0,124.52084751509143,,,,,,,,,,,
5,702,propio,1,670.3539106788747,425.6177635606279,32.90000000000006,0.0,124.52084751509143,,,,,,,,,,,
5,702,rival,2,725.1069820683209,231.67857087534756,33.000000000000064,0.0,333.644607503161,201.5199972359966,161.24463035266695,,,,,,,,,
5,703,propio,1,670.3539106788747,425.6177635606279,31.80000000000006,0.0,124.52084751509143,,,,,,,,,,,
5,703,disparo,1,670.3539106788747,425.6177635606279,31.80000000000006,,124.52084751509143,,,,1.0,,,,,,,
5,704,propio,1,670.3539106788747,425.6177635606279,31.70000000000006,0.0,124.52084751509143,,,,,,,,,,,
5,705,propio,1,670.3539106788747,425.6177635606279,31.60000000000006,0.0,124.52084751509143,,,,,,,,,,,
5,706,propio,1,670.3539106788747,425.6177635606279,31.500000000000057,0.0,124.52084751509143,,,,,,,,,,,
5,707,propio,1,670.3539106788747,425.6177635606279,31.400000000000055,0.0,124.52084751509143,,,,,,,,,,,
5,708,propio,1,670.3539106788747,425.6177635606279,31.300000000000054,0.0,124.52084751509143,,,,,,,,,,,
5,709,propio,1,670.3539106788747,425.6177635606279,31.200000000000053,0.0,124.52084751509143,,,,,,,,,,,
5,710,propio,1,670.3539106788747,425.6177635606279,31.10000000000005,0.0,124.52084751509143,,,,,,,,,,,
5,710,rival,2,725.1069820683209,231.67857087534756,31.200000000000053,0.0,333.644607503161,201.5199972359966,161.24463035266695,,,,,,,,,
5,711,propio,1,670.3539106788747,425.6177635606279,31.00000000000005,0.0,124.52084751509143,,,,,,,,,,,
5,712,propio,1,670.3539106788747,425.6177635606279,30.90000000000005,0.0,124.52084751509143,,,,,,,,,,,
5,713,propio,1,670.3539106788747,425.6177635606279,30.800000000000047,0.0,124.52084751509143,,,,,,,,,,,
5,714,propio,1,670.3539106788747,425.6177635606279,30.700000000000045,0.0,124.52084751509143,,,,,,,,,,,
5,715,propio,1,670.3539106788747,425.6177635606279,30.600000000000044,0.0,124.52084751509143,,,,,,,,,,,
5,716,propio,1,670.3539106788747,425.6177635606279,30.500000000000043,0.0,124.52084751509143,,,,,,,,,,,
5,717,propio,1,670.3539106788747,425.6177635606279,30.40000000000004,0.0,124.52084751509143,,,,,,,,,,,
5,718,propio,1,670.3539106788747,425.6177635606279,30.30000000000004,0.0,124.52084751509143,,,,,,,,,,,
5,718,rival,2,725.1069820683209,231.67857087534756,30.40000000000004,0.0,333.644607503161,201.5199972359966,161.24463035266695,,,,,,,,,
5,719,propio,1,670.3539106788747,425.6177635606279,29.20000000000004,0.0,124.52084751509143,,,,,,,,,,,
5,719,disparo,1,670.3539106788747,425.6177635606279,29.20000000000004,,124.52084751509143,,,,1.0,,,,,,,
5,720,propio,1,670.3539106788747,425.6177635606279,29.100000000000037,0.0,124.52084751509143,,,,,,,,,,,
5,721,propio,1,670.3539106788747,425.6177635606279,29.000000000000036,0.0,124.52084751509143,,,,,,,,,,,
5,722,propio,1,670.3539106788747,425.6177635606279,28.900000000000034,0.0,124.52084751509143,,,,,,,,,,,
5,723,propio,1,670.3539106788747,425.6177635606279,28.800000000000033,0.0,124.52084751509143,,,,,,,,,,,
5,724,propio,1,670.3539106788747,425.6177635606279,28.70000000000003,0.0,124.52084751509143,,,,,,,,,,,
5,725,propio,1,670.3539106788747,425.6177635606279,28.60000000000003,0.0,124.52084751509143,,,,,,,,,,,
5,726,propio,1,670.3539106788747,425.6177635606279,28.50000000000003,0.0,124.52084751509143,,,,,,,,,,,
5,726,rival,2,725.1069820683209,231.67857087534756,28.60000000000003,0.0,333.644607503161,201.5199972359966,161.24463035266695,,,,,,,,,
5,727,propio,1,670.3539106788747,425.6177635606279,28.400000000000027,0.0,124.52084751509143,,,,,,,,,,,
5,728,propio,1,670.3539106788747,425.6177635606279,28.300000000000026,0.0,124.52084751509143,,,,,,,,,,,
5,729,propio,1,670.3539106788747,425.6177635606279,28.200000000000024,0.0,124.52084751509143,,,,,,,,,,,
5,730,propio,1,670.3539106788747,425.6177635606279,28.100000000000023,0.0,124.52084751509143,,,,,,,,,,,
5,731,propio,1,670.3539106788747,425.6177635606279,28.00000000000002,0.0,124.52084751509143,,,,,,,,,,,
5,732,propio,1,670.3539106788747,425.6177635606279,27.90000000000002,0.0,124.52084751509143,,,,,,,,,,,
5,733,propio,1,670.3539106788747,425.6177635606279,27.80000000000002,0.0,124.52084751509143,,,,,,,,,,,
5,734,propio,1,670.3539106788747,425.6177635606279,27.700000000000017,0.0,124.52084751509143,,,,,,,,,,,
5,734,rival,2,725.1069820683209,231.67857087534756,27.80000000000002,0.0,333.644607503161,201.5199972359966,161.24463035266695,,,,,,,,,
5,735,propio,1,670.3539106788747,425.6177635606279,26.600000000000016,0.0,124.52084751509143,,,,,,,,,,,
5,735,disparo,1,670.3539106788747,425.6177635606279,26.600000000000016,,124.52084751509143,,,,1.0,,,,,,,
5,736,propio,1,670.3539106788747,425.6177635606279,26.500000000000014,0.0,124.52084751509143,,,,,,,,,,,
5,737,propio,1,670.3539106788747,425.6177635606279,26.400000000000013,0.0,124.52084751509143,,,,,,,,,,,
5,738,propio,1,670.3539106788747,425.6177635606279,26.30000000000001,0.0,124.52084751509143,,,,,,,,,,,
5,739,propio,1,670.3539106788747,425.6177635606279,26.20000000000001,0.0,124.52084751509143,,,,,,,,,,,
5,740,propio,1,670.3539106788747,425.6177635606279,26.10000000000001,0.0,124.52084751509143,,,,,,,,,,,
5,741,propio,1,670.3539106788747,425.6177635606279,26.000000000000007,0.0,124.52084751509143,,,,,,,,,,,
5,742,propio,1,670.3539106788747,425.6177635606279,25.900000000000006,0.0,124.52084751509143,,,,,,,,,,,
5,742,rival,2,725.1069820683209,231.67857087534756,26.000000000000007,0.0,333.644607503161,201.5199972359966,161.24463035266695,,,,,,,,,
5,743,propio,1,670.3539106788747,425.6177635606279,25.800000000000004,0.0,124.52084751509143,,,,,,,,,,,
5,744,propio,1,670.3539106788747,425.6177635606279,25.700000000000003,0.0,124.52084751509143,,,,,,,,,,,
5,745,propio,1,670.3539106788747,425.6177635606279,25.6,0.0,124.52084751509143,,,,,,,,,,,
5,746,propio,1,670.3539106788747,425.6177635606279,25.5,0.0,124.52084751509143,,,,,,,,,,,
5,747,propio,1,670.3539106788747,425.6177635606279,25.4,0.0,124.52084751509143,,,,,,,,,,,
5,748,propio,1,670.3539106788747,425.6177635606279,25.299999999999997,0.0,124.52084751509143,,,,,,,,,,,
5,749,propio,1,670.3539106788747,425.6177635606279,25.199999999999996,0.0,124.52084751509143,,,,,,,,,,,
5,750,propio,1,670.3539106788747,425.6177635606279,25.099999999999994,0.0,124.52084751509143,,,,,,,,,,,
5,750,rival,2,725.1069820683209,231.67857087534756,25.199999999999996,0.0,333.644607503161,201.5199972359966,161.24463035266695,,,,,,,,,
5,751,propio,1,670.3539106788747,425.6177635606279,23.999999999999993,0.0,124.52084751509143,,,,,,,,,,,
5,751,disparo,1,670.3539106788747,425.6177635606279,23.999999999999993,,124.52084751509143,,,,1.0,,,,,,,
5,752,propio,1,670.3539106788747,425.6177635606279,23.89999999999999,0.0,124.52084751509143,,,,,,,,,,,
5,753,propio,1,670.3539106788747,425.6177635606279,23.79999999999999,0.0,124.52084751509143,,,,,,,,,,,
5,754,propio,1,670.3539106788747,425.6177635606279,23.69999999999999,0.0,124.52084751509143,,,,,,,,,,,
5,755,propio,1,670.3539106788747,425.6177635606279,23.599999999999987,0.0,124.52084751509143,,,,,,,,,,,
5,756,propio,1,670.3539106788747,425.6177635606279,23.499999999999986,0.0,124.52084751509143,,,,,,,,,,,
5,757,propio,1,670.3539106788747,425.6177635606279,23.399999999999984,0.0,124.52084751509143,,,,,,,,,,,
5,758,propio,1,670.3539106788747,425.6177635606279,23.299999999999983,0.0,124.52084751509143,,,,,,,,,,,
5,758,rival,2,725.1069820683209,231.67857087534756,23.399999999999984,0.0,333.644607503161,201.5199972359966,161.24463035266695,,,,,,,,,
5,759,propio,1,670.3539106788747,425.6177635606279,23.19999999999998,0.0,124.52084751509143,,,,,,,,,,,
5,760,propio,1,670.3539106788747,425.6177635606279,23.09999999999998,0.0,124.52084751509143,,,,,,,,,,,
5,761,propio,1,670.3539106788747,425.6177635606279,22.99999999999998,0.0,124.52084751509143,,,,,,,,,,,
5,762,propio,1,670.3539106788747,425.6177635606279,22.899999999999977,0.0,124.52084751509143,,,,,,,,,,,
5,763,propio,1,670.3539106788747,425.6177635606279,22.799999999999976,0.0,124.52084751509143,,,,,,,,,,,
5,764,propio,1,670.3539106788747,425.6177635606279,22.699999999999974,0.0,124.52084751509143,,,,,,,,,,,
5,765,propio,1,670.3539106788747,425.6177635606279,22.599999999999973,0.0,124.52084751509143,,,,,,,,,,,
5,766,propio,1,670.3539106788747,425.6177635606279,22.49999999999997,0.0,124.52084751509143,,,,,,,,,,,
5,766,rival,2,725.1069820683209,231.67857087534756,22.599999999999973,0.0,333.644607503161,201.5199972359966,161.24463035266695,,,,,,,,,
5,767,propio,1,670.3539106788747,425.6177635606279,21.39999999999997,0.0,124.52084751509143,,,,,,,,,,,
5,767,disparo,1,670.3539106788747,425.6177635606279,21.39999999999997,,124.52084751509143,,,,1.0,,,,,,,
5,768,propio,1,670.3539106788747,425.6177635606279,21.29999999999997,0.0,124.52084751509143,,,,,,,,,,,
5,769,propio,1,670.3539106788747,425.6177635606279,21.199999999999967,0.0,124.52084751509143,,,,,,,,,,,
5,770,propio,1,670.3539106788747,425.6177635606279,21.099999999999966,0.0,124.52084751509143,,,,,,,,,,,
5,771,propio,1,670.3539106788747,425.6177635606279,20.999999999999964,0.0,124.52084751509143,,,,,,,,,,,
5,772,propio,1,670.3539106788747,425.6177635606279,20.899999999999963,0.0,124.52084751509143,,,,,,,,,,,
5,773,propio,1,670.3539106788747,425.6177635606279,20.79999999999996,0.0,124.52084751509143,,,,,,,,,,,
5,774,propio,1,670.3539106788747,425.6177635606279,20.69999999999996,0.0,124.52084751509143,,,,,,,,,,,
5,774,rival,2,725.1069820683209,231.67857087534756,20.79999999999996,0.0,333.644607503161,201.5199972359966,161.24463035266695,,,,,,,,,
5,775,propio,1,670.3539106788747,425.6177635606279,20.59999999999996,0.0,124.52084751509143,,,,,,,,,,,
5,776,propio,1,670.3539106788747,425.6177635606279,20.499999999999957,0.0,124.52084751509143,,,,,,,,,,,
5,777,propio,1,670.3539106788747,425.6177635606279,20.399999999999956,0.0,124.52084751509143,,,,,,,,,,,
5,778,propio,1,670.3539106788747,425.6177635606279,20.299999999999955,0.0,124.52084751509143,,,,,,,,,,,
5,779,propio,1,670.3539106788747,425.6177635606279,20.199999999999953,0.0,124.52084751509143,,,,,,,,,,,
5,780,propio,1,670.3539106788747,425.6177635606279,20.09999999999995,0.0,124.52084751509143,,,,,,,,,,,
5,781,propio,1,670.3539106788747,425.6177635606279,19.99999999999995,0.0,124.52084751509143,,,,,,,,,,,
5,782,propio,1,670.3539106788747,425.6177635606279,19.89999999999995,0.0,124.52084751509143,,,,,,,,,,,
5,782,rival,2,725.1069820683209,231.67857087534756,19.99999999999995,0.0,333.644607503161,201.5199972359966,161.24463035266695,,,,,,,,,
5,783,propio,1,670.3539106788747,425.6177635606279,18.799999999999947,0.0,124.52084751509143,,,,,,,,,,,
5,783,disparo,1,670.3539106788747,425.6177635606279,18.799999999999947,,124.52084751509143,,,,1.0,,,,,,,
5,784,propio,1,670.3539106788747,425.6177635606279,18.699999999999946,0.0,124.52084751509143,,,,,,,,,,,
5,785,propio,1,670.3539106788747,425.6177635606279,18.599999999999945,0.0,124.52084751509143,,,,,,,,,,,
5,786,propio,1,670.3539106788747,425.6177635606279,18.499999999999943,0.0,124.52084751509143,,,,,,,,,,,
5,787,propio,1,670.3539106788747,425.6177635606279,18.39999999999994,0.0,124.52084751509143,,,,,,,,,,,
5,788,propio,1,670.3539106788747,425.6177635606279,18.29999999999994,0.0,124.52084751509143,,,,,,,,,,,
5,789,propio,1,670.3539106788747,425.6177635606279,18.19999999999994,0.0,124.52084751509143,,,,,,,,,,,
5,790,propio,1,670.3539106788747,425.6177635606279,18.099999999999937,0.0,124.52084751509143,,,,,,,,,,,
5,790,rival,2,725.1069820683209,231.67857087534756,18.19999999999994,0.0,333.644607503161,201.5199972359966,161.24463035266695,,,,,,,,,
5,791,propio,1,670.3539106788747,425.6177635606279,17.999999999999936,0.0,124.52084751509143,,,,,,,,,,,
5,792,propio,1,670.3539106788747,425.6177635606279,17.899999999999935,0.0,124.52084751509143,,,,,,,,,,,
5,793,propio,1,670.3539106788747,425.6177635606279,17.799999999999933,0.0,124.52084751509143,,,,,,,,,,,
5,794,propio,1,670.3539106788747,425.6177635606279,17.699999999999932,0.0,124.52084751509143,,,,,,,,,,,
5,795,propio,1,670.3539106788747,425.6177635606279,17.59999999999993,0.0,124.52084751509143,,,,,,,,,,,
5,796,propio,1,670.3539106788747,425.6177635606279,17.49999999999993,0.0,124.52084751509143,,,,,,,,,,,
5,797,propio,1,670.3539106788747,425.6177635606279,17.399999999999928,0.0,124.52084751509143,,,,,,,,,,,
5,798,propio,1,670.3539106788747,425.6177635606279,17.299999999999926,0.0,124.52084751509143,,,,,,,,,,,
5,798,rival,2,725.1069820683209,231.67857087534756,17.399999999999928,0.0,333.644607503161,201.5199972359966,161.24463035266695,,,,,,,,,
5,799,propio,1,670.3539106788747,425.6177635606279,16.199999999999925,0.0,124.52084751509143,,,,,,,,,,,
5,799,disparo,1,670.3539106788747,425.6177635606279,16.199999999999925,,124.52084751509143,,,,1.0,,,,,,,
5,800,propio,1,670.3539106788747,425.6177635606279,16.099999999999923,0.0,124.52084751509143,,,,,,,,,,,
5,801,propio,1,670.3539106788747,425.6177635606279,15.999999999999924,0.0,124.52084751509143,,,,,,,,,,,
5,802,propio,1,670.3539106788747,425.6177635606279,15.899999999999924,0.0,124.52084751509143,,,,,,,,,,,
5,803,propio,1,670.3539106788747,425.6177635606279,15.799999999999924,0.0,124.52084751509143,,,,,,,,,,,
5,804,propio,1,670.3539106788747,425.6177635606279,15.699999999999925,0.0,124.52084751509143,,,,,,,,,,,
5,805,propio,1,670.3539106788747,425.6177635606279,15.599999999999925,0.0,124.52084751509143,,,,,,,,,,,
5,806,propio,1,670.3539106788747,425.6177635606279,15.499999999999925,0.0,124.52084751509143,,,,,,,,,,,
5,806,rival,2,725.1069820683209,231.67857087534756,15.599999999999925,0.0,333.644607503161,201.5199972359966,161.24463035266695,,,,,,,,,
5,807,propio,1,670.3539106788747,425.6177635606279,15.399999999999926,0.0,124.52084751509143,,,,,,,,,,,
5,808,propio,1,670.3539106788747,425.6177635606279,15.299999999999926,0.0,124.52084751509143,,,,,,,,,,,
5,809,propio,1,670.3539106788747,425.6177635606279,15.199999999999926,0.0,124.52084751509143,,,,,,,,,,,
5,810,propio,1,670.3539106788747,425.6177635606279,15.099999999999927,0.0,124.52084751509143,,,,,,,,,,,
5,811,propio,1,670.3539106788747,425.6177635606279,14.999999999999927,0.0,124.52084751509143,,,,,,,,,,,
5,812,propio,1,670.3539106788747,425.6177635606279,14.899999999999928,0.0,124.52084751509143,,,,,,,,,,,
5,813,propio,1,670.3539106788747,425.6177635606279,14.799999999999928,0.0,124.52084751509143,,,,,,,,,,,
5,814,propio,1,670.3539106788747,425.6177635606279,14.699999999999928,0.0,124.52084751509143,,,,,,,,,,,
5,814,rival,2,725.1069820683209,231.67857087534756,14.799999999999928,0.0,333.644607503161,201.5199972359966,161.24463035266695,,,,,,,,,
5,815,propio,1,670.3539106788747,425.6177635606279,13.599999999999929,0.0,124.52084751509143,,,,,,,,,,,
5,815,disparo,1,670.3539106788747,425.6177635606279,13.599999999999929,,124.52084751509143,,,,1.0,,,,,,,
5,816,propio,1,670.3539106788747,425.6177635606279,13.499999999999929,0.0,124.52084751509143,,,,,,,,,,,
5,817,propio,1,670.3539106788747,425.6177635606279,13.39999999999993,0.0,124.52084751509143,,,,,,,,,,,
5,818,propio,1,670.3539106788747,425.6177635606279,13.29999999999993,0.0,124.52084751509143,,,,,,,,,,,
5,819,propio,1,670.3539106788747,425.6177635606279,13.19999999999993,0.0,124.52084751509143,,,,,,,,,,,
5,820,propio,1,670.3539106788747,425.6177635606279,13.09999999999993,0.0,124.52084751509143,,,,,,,,,,,
5,821,propio,1,670.3539106788747,425.6177635606279,12.99999999999993,0.0,124.52084751509143,,,,,,,,,,,
5,822,propio,1,670.3539106788747,425.6177635606279,12.899999999999931,0.0,124.52084751509143,,,,,,,,,,,
5,822,rival,2,725.1069820683209,231.67857087534756,12.99999999999993,0.0,333.644607503161,201.5199972359966,161.24463035266695,,,,,,,,,
5,823,propio,1,670.3539106788747,425.6177635606279,12.799999999999931,0.0,124.52084751509143,,,,,,,,,,,
5,824,propio,1,670.3539106788747,425.6177635606279,12.699999999999932,0.0,124.52084751509143,,,,,,,,,,,
5,825,propio,1,670.3539106788747,425.6177635606279,12.599999999999932,0.0,124.52084751509143,,,,,,,,,,,
5,826,propio,1,670.3539106788747,425.6177635606279,12.499999999999932,0.0,124.52084751509143,,,,,,,,,,,
5,827,propio,1,670.3539106788747,425.6177635606279,12.399999999999933,0.0,124.52084751509143,,,,,,,,,,,
5,828,propio,1,670.3539106788747,425.6177635606279,12.299999999999933,0.0,124.52084751509143,,,,,,,,,,,
5,829,propio,1,670.3539106788747,425.6177635606279,12.199999999999934,0.0,124.52084751509143,,,,,,,,,,,
5,830,propio,1,670.3539106788747,425.6177635606279,12.099999999999934,0.0,124.52084751509143,,,,,,,,,,,
5,830,rival,2,725.1069820683209,231.67857087534756,12.199999999999934,0.0,333.644607503161,201.5199972359966,161.24463035266695,,,,,,,,,
5,831,propio,1,670.3539106788747,425.6177635606279,10.999999999999934,0.0,124.52084751509143,,,,,,,,,,,
5,831,disparo,1,670.3539106788747,425.6177635606279,10.999999999999934,,124.52084751509143,,,,1.0,,,,,,,
5,832,propio,1,670.3539106788747,425.6177635606279,10.899999999999935,0.0,124.52084751509143,,,,,,,,,,,
5,833,propio,1,670.3539106788747,425.6177635606279,10.799999999999935,0.0,124.52084751509143,,,,,,,,,,,
5,834,propio,1,670.3539106788747,425.6177635606279,10.699999999999935,0.0,124.52084751509143,,,,,,,,,,,
5,835,propio,1,670.3539106788747,425.6177635606279,10.599999999999936,0.0,124.52084751509143,,,,,,,,,,,
5,836,propio,1,670.3539106788747,425.6177635606279,10.499999999999936,0.0,124.52084751509143,,,,,,,,,,,
5,837,propio,1,670.3539106788747,425.6177635606279,10.399999999999936,0.0,124.52084751509143,,,,,,,,,,,
5,838,propio,1,670.3539106788747,425.6177635606279,10.299999999999937,0.0,124.52084751509143,,,,,,,,,,,
5,838,rival,2,725.1069820683209,231.67857087534756,10.399999999999936,0.0,333.644607503161,201.5199972359966,161.24463035266695,,,,,,,,,
5,839,propio,1,670.3539106788747,425.6177635606279,10.199999999999937,0.0,124.52084751509143,,,,,,,,,,,
5,840,propio,1,670.3539106788747,425.6177635606279,10.099999999999937,0.0,124.52084751509143,,,,,,,,,,,
5,841,propio,1,670.3539106788747,425.6177635606279,9.999999999999938,0.0,124.52084751509143,,,,,,,,,,,
5,842,propio,1,670.3539106788747,425.6177635606279,9.899999999999938,0.0,124.52084751509143,,,,,,,,,,,
5,843,propio,1,670.3539106788747,425.6177635606279,9.799999999999939,0.0,124.52084751509143,,,,,,,,,,,
5,844,propio,1,670.3539106788747,425.6177635606279,9.699999999999939,0.0,124.52084751509143,,,,,,,,,,,
5,845,propio,1,670.3539106788747,425.6177635606279,9.59999999999994,0.0,124.52084751509143,,,,,,,,,,,
5,846,propio,1,670.3539106788747,425.6177635606279,9.49999999999994,0.0,124.52084751509143,,,,,,,,,,,
5,846,rival,2,725.1069820683209,231.67857087534756,9.59999999999994,0.0,333.644607503161,201.5199972359966,161.24463035266695,,,,,,,,,
5,847,propio,1,670.3539106788747,425.6177635606279,8.39999999999994,0.0,124.52084751509143,,,,,,,,,,,
5,847,disparo,1,670.3539106788747,425.6177635606279,8.39999999999994,,124.52084751509143,,,,1.0,,,,,,,
5,848,propio,1,670.3539106788747,425.6177635606279,8.29999999999994,0.0,124.52084751509143,,,,,,,,,,,
5,849,propio,1,670.3539106788747,425.6177635606279,8.19999999999994,0.0,124.52084751509143,,,,,,,,,,,
5,850,propio,1,670.3539106788747,425.6177635606279,8.099999999999941,0.0,124.52084751509143,,,,,,,,,,,
5,851,propio,1,670.3539106788747,425.6177635606279,7.999999999999941,0.0,124.52084751509143,,,,,,,,,,,
5,852,propio,1,670.3539106788747,425.6177635606279,7.899999999999942,0.0,124.52084751509143,,,,,,,,,,,
5,853,propio,1,670.3539106788747,425.6177635606279,7.799999999999942,0.0,124.52084751509143,,,,,,,,,,,
5,854,propio,1,670.3539106788747,425.6177635606279,7.6999999999999424,0.0,124.52084751509143,,,,,,,,,,,
5,854,rival,2,725.1069820683209,231.67857087534756,7.799999999999942,0.0,333.644607503161,201.5199972359966,161.24463035266695,,,,,,,,,
5,855,propio,1,670.3539106788747,425.6177635606279,7.599999999999943,0.0,124.52084751509143,,,,,,,,,,,
5,856,propio,1,670.3539106788747,425.6177635606279,7.499999999999943,0.0,124.52084751509143,,,,,,,,,,,
5,857,propio,1,670.3539106788747,425.6177635606279,7.3999999999999435,0.0,124.52084751509143,,,,,,,,,,,
5,858,propio,1,670.3539106788747,425.6177635606279,7.299999999999944,0.0,124.52084751509143,,,,,,,,,,,
5,859,propio,1,670.3539106788747,425.6177635606279,7.199999999999944,0.0,124.52084751509143,,,,,,,,,,,
5,860,propio,1,670.3539106788747,425.6177635606279,7.099999999999945,0.0,124.52084751509143,,,,,,,,,,,
5,861,propio,1,670.3539106788747,425.6177635606279,6.999999999999945,0.0,124.52084751509143,,,,,,,,,,,
5,862,propio,1,670.3539106788747,425.6177635606279,6.899999999999945,0.0,124.52084751509143,,,,,,,,,,,
5,862,rival,2,725.1069820683209,231.67857087534756,6.999999999999945,0.0,333.644607503161,201.5199972359966,161.24463035266695,,,,,,,,,
5,863,propio,1,670.3539106788747,425.6177635606279,5.799999999999946,0.0,124.52084751509143,,,,,,,,,,,
5,863,disparo,1,670.3539106788747,425.6177635606279,5.799999999999946,,124.52084751509143,,,,1.0,,,,,,,
5,864,propio,1,670.3539106788747,425.6177635606279,5.699999999999946,0.0,124.52084751509143,,,,,,,,,,,
5,865,propio,1,670.3539106788747,425.6177635606279,5.599999999999946,0.0,124.52084751509143,,,,,,,,,,,
5,866,propio,1,670.3539106788747,425.6177635606279,5.499999999999947,0.0,124.52084751509143,,,,,,,,,,,
5,867,propio,1,670.3539106788747,425.6177635606279,5.399999999999947,0.0,124.52084751509143,,,,,,,,,,,
5,868,propio,1,670.3539106788747,425.6177635606279,5.299999999999947,0.0,124.52084751509143,,,,,,,,,,,
5,869,propio,1,670.3539106788747,425.6177635606279,5.199999999999948,0.0,124.52084751509143,,,,,,,,,,,
5,870,propio,1,670.3539106788747,425.6177635606279,5.099999999999948,0.0,124.52084751509143,,,,,,,,,,,
5,870,rival,2,725.1069820683209,231.67857087534756,5.199999999999948,0.0,333.644607503161,201.5199972359966,161.24463035266695,,,,,,,,,
5,871,propio,1,670.3539106788747,425.6177635606279,4.9999999999999485,0.0,124.52084751509143,,,,,,,,,,,
5,872,propio,1,670.3539106788747,425.6177635606279,4.899999999999949,0.0,124.52084751509143,,,,,,,,,,,
5,873,propio,1,670.3539106788747,425.6177635606279,4.799999999999949,0.0,124.52084751509143,,,,,,,,,,,
5,874,propio,1,670.3539106788747,425.6177635606279,4.6999999999999496,0.0,124.52084751509143,,,,,,,,,,,
5,875,propio,1,670.3539106788747,425.6177635606279,4.59999999999995,0.0,124.52084751509143,,,,,,,,,,,
5,876,propio,1,670.3539106788747,425.6177635606279,4.49999999999995,0.0,124.52084751509143,,,,,,,,,,,
5,877,propio,1,670.3539106788747,425.6177635606279,4.399999999999951,0.0,124.52084751509143,,,,,,,,,,,
5,878,propio,1,670.3539106788747,425.6177635606279,4.299999999999951,0.0,124.52084751509143,,,,,,,,,,,
5,878,rival,2,725.1069820683209,231.67857087534756,4.399999999999951,0.0,333.644607503161,201.5199972359966,161.24463035266695,,,,,,,,,
5,879,propio,1,670.3539106788747,425.6177635606279,3.199999999999951,0.0,124.52084751509143,,,,,,,,,,,
5,879,disparo,1,670.3539106788747,425.6177635606279,3.199999999999951,,124.52084751509143,,,,1.0,,,,,,,
5,880,propio,1,670.3539106788747,425.6177635606279,3.099999999999951,0.0,124.52084751509143,,,,,,,,,,,
5,881,propio,1,670.3539106788747,425.6177635606279,2.9999999999999507,0.0,124.52084751509143,,,,,,,,,,,
5,882,propio,1,670.3539106788747,425.6177635606279,2.8999999999999506,0.0,124.52084751509143,,,,,,,,,,,
5,883,propio,1,670.3539106788747,425.6177635606279,2.7999999999999505,0.0,124.52084751509143,,,,,,,,,,,
5,884,propio,1,670.3539106788747,425.6177635606279,2.6999999999999504,0.0,124.52084751509143,,,,,,,,,,,
5,885,propio,1,670.3539106788747,425.6177635606279,2.5999999999999504,0.0,124.52084751509143,,,,,,,,,,,
5,886,propio,1,670.3539106788747,425.6177635606279,2.4999999999999503,0.0,124.52084751509143,,,,,,,,,,,
5,886,rival,2,725.1069820683209,231.67857087534756,2.5999999999999504,0.0,333.644607503161,201.5199972359966,161.24463035266695,,,,,,,,,
5,887,propio,1,670.3539106788747,425.6177635606279,2.39999999999995,0.0,124.52084751509143,,,,,,,,,,,
5,888,propio,1,670.3539106788747,425.6177635606279,2.29999999999995,0.0,124.52084751509143,,,,,,,,,,,
5,889,propio,1,670.3539106788747,425.6177635606279,2.19999999999995,0.0,124.52084751509143,,,,,,,,,,,
5,890,propio,1,670.3539106788747,425.6177635606279,2.09999999999995,0.0,124.52084751509143,,,,,,,,,,,
5,891,propio,1,670.3539106788747,425.6177635606279,1.9999999999999498,0.0,124.52084751509143,,,,,,,,,,,
5,892,propio,1,670.3539106788747,425.6177635606279,1.8999999999999497,0.0,124.52084751509143,,,,,,,,,,,
5,893,propio,1,670.3539106788747,425.6177635606279,1.7999999999999496,0.0,124.52084751509143,,,,,,,,,,,
5,894,propio,1,670.3539106788747,425.6177635606279,1.6999999999999496,0.0,124.52084751509143,,,,,,,,,,,
5,894,rival,2,725.1069820683209,231.67857087534756,1.7999999999999496,0.0,333.644607503161,201.5199972359966,161.24463035266695,,,,,,,,,
5,895,propio,1,670.3539106788747,425.6177635606279,0.5999999999999496,0.0,124.52084751509143,,,,,,,,,,,
5,895,disparo,1,670.3539106788747,425.6177635606279,0.5999999999999496,,124.52084751509143,,,,1.0,,,,,,,
5,896,propio,1,670.3539106788747,425.6177635606279,0.4999999999999496,0.0,124.52084751509143,,,,,,,,,,,
5,897,propio,1,670.3539106788747,425.6177635606279,0.3999999999999496,0.0,124.52084751509143,,,,,,,,,,,
5,898,propio,1,670.3539106788747,425.6177635606279,0.29999999999994964,0.0,124.52084751509143,,,,,,,,,,,
5,899,propio,1,670.3539106788747,425.6177635606279,0.19999999999994963,0.0,124.52084751509143,,,,,,,,,,,
5,900,propio,1,670.3539106788747,425.6177635606279,0.09999999999994963,0.0,124.52084751509143,,,,,,,,,,,
5,901,propio,1,670.3539106788747,425.6177635606279,-5.037636974236648e-14,0.0,124.52084751509143,,,,,,,,,,,
5,901,fin_ronda,1,,,,,,,,,,,0,1,0.0,0.0,0.0,20.0
6,1,propio,1,228.83434714483678,420.04310217295074,100.0,0.0,112.36483287849772,,,,,,,,,,,
6,2,propio,1,228.83434714483678,420.04310217295074,100.0,0.0,112.36483287849772,,,,,,,,,,,
6,2,rival,2,178.57066263467527,573.2791728262541,100.0,0.0,193.5177010923426,161.26912702002588,-4.204581719459668,,,,,,,,,
6,3,propio,1,228.83434714483678,420.04310217295074,100.0,0.0,112.36483287849772,,,,,,,,,,,
6,4,propio,1,228.83434714483678,420.04310217295074,100.0,0.0,112.36483287849772,,,,,,,,,,,
6,5,propio,1,228.83434714483678,420.04310217295074,100.0,0.0,112.36483287849772,,,,,,,,,,,
6,6,propio,1,228.83434714483678,420.04310217295074,100.0,0.0,112.36483287849772,,,,,,,,,,,
6,7,propio,1,228.83434714483678,420.04310217295074,100.0,0.0,112.36483287849772,,,,,,,,,,,
6,8,propio,1,228.83434714483678,420.04310217295074,100.0,0.0,112.36483287849772,,,,,,,,,,,
6,9,propio,1,228.83434714483678,420.04310217295074,100.0,0.0,112.36483287849772,,,,,,,,,,,
6,9,rival,2,178.57066263467527,573.2791728262541,100.0,0.0,193.5177010923426,161.26912702002588,-4.204581719459668,,,,,,,,,
6,10,propio,1,228.83434714483678,420.04310217295074,100.0,0.0,112.36483287849772,,,,,,,,,,,
6,10,rival,2,178.57066263467527,573.2791728262541,100.0,0.0,193.5177010923426,161.26912702002588,-4.204581719459668,,,,,,,,,
6,11,propio,1,228.83434714483678,420.04310217295074,100.0,0.0,112.36483287849772,,,,,,,,,,,
6,12,propio,1,228.83434714483678,420.04310217295074,100.0,0.0,112.36483287849772,,,,,,,,,,,
6,13,propio,1,228.83434714483678,420.04310217295074,100.0,0.0,112.36483287849772,,,,,,,,,,,
6,14,propio,1,228.83434714483678,420.04310217295074,100.0,0.0,112.36483287849772,,,,,,,,,,,
6,15,propio,1,228.83434714483678,420.04310217295074,100.0,0.0,112.36483287849772,,,,,,,,,,,
6,16,propio,1,228.83434714483678,420.04310217295074,100.0,0.0,112.36483287849772,,,,,,,,,,,
6,17,propio,1,228.83434714483678,420.04310217295074,100.0,0.0,112.36483287849772,,,,,,,,,,,
6,17,rival,2,178.57066263467527,573.2791728262541,100.0,0.0,193.5177010923426,161.26912702002588,-4.204581719459668,,,,,,,,,
6,18,propio,1,228.83434714483678,420.04310217295074,100.0,0.0,112.36483287849772,,,,,,,,,,,
6,18,rival,2,178.57066263467527,573.2791728262541,100.0,0.0,193.5177010923426,161.26912702002588,-4.204581719459668,,,,,,,,,
6,19,propio,1,228.83434714483678,420.04310217295074,100.0,0.0,112.36483287849772,,,,,,,,,,,
6,20,propio,1,228.83434714483678,420.04310217295074,100.0,0.0,112.36483287849772,,,,,,,,,,,
6,21,propio,1,228.83434714483678,420.04310217295074,100.0,0.0,112.36483287849772,,,,,,,,,,,
6,22,propio,1,228.83434714483678,420.04310217295074,100.0,0.0,112.36483287849772,,,,,,,,,,,
6,23,propio,1,228.83434714483678,420.04310217295074,100.0,0.0,112.36483287849772,,,,,,,,,,,
6,24,propio,1,228.83434714483678,420.04310217295074,100.0,0.0,112.36483287849772,,,,,,,,,,,
6,25,propio,1,228.83434714483678,420.04310217295074,100.0,0.0,112.36483287849772,,,,,,,,,,,
6,25,rival,2,178.57066263467527,573.2791728262541,100.0,0.0,193.5177010923426,161.26912702002588,-4.204581719459668,,,,,,,,,
6,26,propio,1,228.83434714483678,420.04310217295074,100.0,0.0,112.36483287849772,,,,,,,,,,,
6,26,rival,2,178.57066263467527,573.2791728262541,100.0,0.0,193.5177010923426,161.26912702002588,-4.204581719459668,,,,,,,,,
6,27,propio,1,228.83434714483678,420.04310217295074,100.0,0.0,112.36483287849772,,,,,,,,,,,
6,28,propio,1,228.83434714483678,420.04310217295074,100.0,0.0,112.36483287849772,,,,,,,,,,,
6,29,propio,1,228.83434714483678,420.04310217295074,100.0,0.0,112.36483287849772,,,,,,,,,,,
6,30,propio,1,228.83434714483678,420.04310217295074,100.0,0.0,112.36483287849772,,,,,,,,,,,
6,31,propio,1,228.83434714483678,420.04310217295074,100.0,0.0,112.36483287849772,,,,,,,,,,,
6,32,propio,1,228.83434714483678,420.04310217295074,100.0,0.0,112.36483287849772,,,,,,,,,,,
6,33,propio,1,228.83434714483678,420.04310217295074,100.0,0.0,112.36483287849772,,,,,,,,,,,
6,33,rival,2,178.57066263467527,573.2791728262541,99.0,0.0,193.5177010923426,161.26912702002588,-4.204581719459668,,,,,,,,,
6,34,propio,1,228.83434714483678,420.04310217295074,99.0,0.0,112.36483287849772,,,,,,,,,,,
6,34,disparo,1,228.83434714483678,420.04310217295074,99.0,,112.36483287849772,,,,1.0,,,,,,,
6,34,rival,2,178.57066263467527,573.2791728262541,99.0,0.0,193.5177010923426,161.26912702002588,-4.204581719459668,,,,,,,,,
6,35,propio,1,228.83434714483678,420.04310217295074,99.0,0.0,112.36483287849772,,,,,,,,,,,
6,36,propio,1,228.83434714483678,420.04310217295074,99.0,0.0,112.36483287849772,,,,,,,,,,,
6,37,propio,1,228.83434714483678,420.04310217295074,99.0,0.0,112.36483287849772,,,,,,,,,,,
6,38,propio,1,228.83434714483678,420.04310217295074,99.0,0.0,112.36483287849772,,,,,,,,,,,
6,39,propio,1,228.83434714483678,420.04310217295074,99.0,0.0,112.36483287849772,,,,,,,,,,,
6,40,propio,1,228.83434714483678,420.04310217295074,99.0,0.0,112.36483287849772,,,,,,,,,,,
6,41,propio,1,228.83434714483678,420.04310217295074,102.0,0.0,112.36483287849772,,,,,,,,,,,
6,41,impacto_dado,1,,,95.0,,,,,2,1.0,4.0,,,,,,
6,41,rival,2,178.57066263467527,573.2791728262541,99.0,0.0,193.5177010923426,161.26912702002588,-4.204581719459668,,,,,,,,,
6,42,propio,1,228.83434714483678,420.04310217295074,102.0,0.0,112.36483287849772,,,,,,,,,,,
6,42,rival,2,178.57066263467527,573.2791728262541,95.0,0.0,193.5177010923426,161.26912702002588,-4.204581719459668,,,,,,,,,
6,43,propio,1,228.83434714483678,420.04310217295074,102.0,0.0,112.36483287849772,,,,,,,,,,,
6,44,propio,1,228.83434714483678,420.04310217295074,102.0,0.0,112.36483287849772,,,,,,,,,,,
6,45,propio,1,228.83434714483678,420.04310217295074,102.0,0.0,112.36483287849772,,,,,,,,,,,
6,46,propio,1,228.83434714483678,420.04310217295074,102.0,0.0,112.36483287849772,,,,,,,,,,,
6,47,propio,1,228.83434714483678,420.04310217295074,102.0,0.0,112.36483287849772,,,,,,,,,,,
6,48,propio,1,228.83434714483678,420.04310217295074,102.0,0.0,112.36483287849772,,,,,,,,,,,
6,49,propio,1,228.83434714483678,420.04310217295074,102.0,0.0,112.36483287849772,,,,,,,,,,,
6,49,rival,2,178.57066263467527,573.2791728262541,94.0,0.0,193.5177010923426,161.26912702002588,-4.204581719459668,,,,,,,,,
6,50,propio,1,228.83434714483678,420.04310217295074,101.0,0.0,112.36483287849772,,,,,,,,,,,
6,50,disparo,1,228.83434714483678,420.04310217295074,101.0,,112.36483287849772,,,,1.0,,,,,,,
6,50,rival,2,178.57066263467527,573.2791728262541,94.0,0.0,193.5177010923426,161.26912702002588,-4.204581719459668,,,,,,,,,
6,51,propio,1,228.83434714483678,420.04310217295074,101.0,0.0,112.36483287849772,,,,,,,,,,,
6,52,propio,1,228.83434714483678,420.04310217295074,101.0,0.0,112.36483287849772,,,,,,,,,,,
6,53,propio,1,228.83434714483678,420.04310217295074,101.0,0.0,112.36483287849772,,,,,,,,,,,
6,54,propio,1,228.83434714483678,420.04310217295074,101.0,0.0,112.36483287849772,,,,,,,,,,,
6,55,propio,1,228.83434714483678,420.04310217295074,101.0,0.0,112.36483287849772,,,,,,,,,,,
6,56,propio,1,228.83434714483678,420.04310217295074,101.0,0.0,112.36483287849772,,,,,,,,,,,
6,57,propio,1,228.83434714483678,420.04310217295074,104.0,0.0,112.36483287849772,,,,,,,,,,,
6,57,impacto_dado,1,,,90.0,,,,,2,1.0,4.0,,,,,,
6,57,rival,2,178.57066263467527,573.2791728262541,94.0,0.0,193.5177010923426,161.26912702002588,-4.204581719459668,,,,,,,,,
6,58,propio,1,228.83434714483678,420.04310217295074,104.0,0.0,112.36483287849772,,,,,,,,,,,
6,58,rival,2,178.57066263467527,573.2791728262541,90.0,0.0,193.5177010923426,161.26912702002588,-4.204581719459668,,,,,,,,,
6,59,propio,1,228.83434714483678,420.04310217295074,104.0,0.0,112.36483287849772,,,,,,,,,,,
6,60,propio,1,228.83434714483678,420.04310217295074,104.0,0.0,112.36483287849772,,,,,,,,,,,
6,61,propio,1,228.83434714483678,420.04310217295074,104.0,0.0,112.36483287849772,,,,,,,,,,,
6,62,propio,1,228.83434714483678,420.04310217295074,104.0,0.0,112.36483287849772,,,,,,,,,,,
6,63,propio,1,228.83434714483678,420.04310217295074,104.0,0.0,112.36483287849772,,,,,,,,,,,
6,64,propio,1,228.83434714483678,420.04310217295074,104.0,0.0,112.36483287849772,,,,,,,,,,,
6,65,propio,1,228.83434714483678,420.04310217295074,104.0,0.0,112.36483287849772,,,,,,,,,,,
6,65,rival,2,178.57066263467527,573.2791728262541,89.0,0.0,193.5177010923426,161.26912702002588,-4.204581719459668,,,,,,,,,
6,66,propio,1,228.83434714483678,420.04310217295074,103.0,0.0,112.36483287849772,,,,,,,,,,,
6,66,disparo,1,228.83434714483678,420.04310217295074,103.0,,112.36483287849772,,,,1.0,,,,,,,
6,66,rival,2,178.57066263467527,573.2791728262541,89.0,0.0,193.5177010923426,161.26912702002588,-4.204581719459668,,,,,,,,,
6,67,propio,1,228.83434714483678,420.04310217295074,103.0,0.0,112.36483287849772,,,,,,,,,,,
6,68,propio,1,228.83434714483678,420.04310217295074,103.0,0.0,112.36483287849772,,,,,,,,,,,
6,69,propio,1,228.83434714483678,420.04310217295074,103.0,0.0,112.36483287849772,,,,,,,,,,,
6,70,propio,1,228.83434714483678,420.04310217295074,103.0,0.0,112.36483287849772,,,,,,,,,,,
6,71,propio,1,228.83434714483678,420.04310217295074,103.0,0.0,112.36483287849772,,,,,,,,,,,
6,72,propio,1,228.83434714483678,420.04310217295074,103.0,0.0,112.36483287849772,,,,,,,,,,,
6,73,propio,1,228.83434714483678,420.04310217295074,106.0,0.0,112.36483287849772,,,,,,,,,,,
6,73,impacto_dado,1,,,85.0,,,,,2,1.0,4.0,,,,,,
6,73,rival,2,178.57066263467527,573.2791728262541,89.0,0.0,193.5177010923426,161.26912702002588,-4.204581719459668,,,,,,,,,
6,74,propio,1,228.83434714483678,420.04310217295074,106.0,0.0,112.36483287849772,,,,,,,,,,,
6,74,rival,2,178.57066263467527,573.2791728262541,85.0,0.0,193.5177010923426,161.26912702002588,-4.204581719459668,,,,,,,,,
6,75,propio,1,228.83434714483678,420.04310217295074,106.0,0.0,112.36483287849772,,,,,,,,,,,
6,76,propio,1,228.83434714483678,420.04310217295074,106.0,0.0,112.36483287849772,,,,,,,,,,,
6,77,propio,1,228.83434714483678,420.04310217295074,106.0,0.0,112.36483287849772,,,,,,,,,,,
6,78,propio,1,228.83434714483678,420.04310217295074,106.0,0.0,112.36483287849772,,,,,,,,,,,
6,79,propio,1,228.83434714483678,420.04310217295074,106.0,0.0,112.36483287849772,,,,,,,,,,,
6,80,propio,1,228.83434714483678,420.04310217295074,106.0,0.0,112.36483287849772,,,,,,,,,,,
6,81,propio,1,228.83434714483678,420.04310217295074,106.0,0.0,112.36483287849772,,,,,,,,,,,
6,81,rival,2,178.57066263467527,573.2791728262541,84.0,0.0,193.5177010923426,161.26912702002588,-4.204581719459668,,,,,,,,,
6,82,propio,1,228.83434714483678,420.04310217295074,105.0,0.0,112.36483287849772,,,,,,,,,,,
6,82,disparo,1,228.83434714483678,420.04310217295074,105.0,,112.36483287849772,,,,1.0,,,,,,,
6,82,rival,2,178.57066263467527,573.2791728262541,84.0,0.0,193.5177010923426,161.26912702002588,-4.204581719459668,,,,,,,,,
6,83,propio,1,228.83434714483678,420.04310217295074,105.0,0.0,112.36483287849772,,,,,,,,,,,
6,84,propio,1,228.83434714483678,420.04310217295074,105.0,0.0,112.36483287849772,,,,,,,,,,,
6,85,propio,1,228.83434714483678,420.04310217295074,105.0,0.0,112.36483287849772,,,,,,,,,,,
6,86,propio,1,228.83434714483678,420.04310217295074,105.0,0.0,112.36483287849772,,,,,,,,,,,
6,87,propio,1,228.83434714483678,420.04310217295074,105.0,0.0,112.36483287849772,,,,,,,,,,,
6,88,propio,1,228.83434714483678,420.04310217295074,105.0,0.0,112.36483287849772,,,,,,,,,,,
6,89,propio,1,228.83434714483678,420.04310217295074,108.0,0.0,112.36483287849772,,,,,,,,,,,
6,89,impacto_dado,1,,,80.0,,,,,2,1.0,4.0,,,,,,
6,89,rival,2,178.57066263467527,573.2791728262541,84.0,0.0,193.5177010923426,161.26912702002588,-4.204581719459668,,,,,,,,,
6,90,propio,1,228.83434714483678,420.04310217295074,108.0,0.0,112.36483287849772,,,,,,,,,,,
6,90,rival,2,178.57066263467527,573.2791728262541,80.0,0.0,193.5177010923426,161.26912702002588,-4.204581719459668,,,,,,,,,
6,91,propio,1,228.83434714483678,420.04310217295074,108.0,0.0,112.36483287849772,,,,,,,,,,,
6,92,propio,1,228.83434714483678,420.04310217295074,108.0,0.0,112.36483287849772,,,,,,,,,,,
6,93,propio,1,228.83434714483678,420.04310217295074,108.0,0.0,112.36483287849772,,,,,,,,,,,
6,94,propio,1,228.83434714483678,420.04310217295074,108.0,0.0,112.36483287849772,,,,,,,,,,,
6,95,propio,1,228.83434714483678,420.04310217295074,108.0,0.0,112.36483287849772,,,,,,,,,,,
6,96,propio,1,228.83434714483678,420.04310217295074,108.0,0.0,112.36483287849772,,,,,,,,,,,
6,97,propio,1,228.83434714483678,420.04310217295074,108.0,0.0,112.36483287849772,,,,,,,,,,,
6,97,rival,2,178.57066263467527,573.2791728262541,79.0,0.0,193.5177010923426,161.26912702002588,-4.204581719459668,,,,,,,,,
6,98,propio,1,228.83434714483678,420.04310217295074,107.0,0.0,112.36483287849772,,,,,,,,,,,
6,98,disparo,1,228.83434714483678,420.04310217295074,107.0,,112.36483287849772,,,,1.0,,,,,,,
6,98,rival,2,178.57066263467527,573.2791728262541,79.0,0.0,193.5177010923426,161.26912702002588,-4.204581719459668,,,,,,,,,
6,99,propio,1,228.83434714483678,420.04310217295074,107.0,0.0,112.36483287849772,,,,,,,,,,,
6,100,propio,1,228.83434714483678,420.04310217295074,107.0,0.0,112.36483287849772,,,,,,,,,,,
6,101,propio,1,228.83434714483678,420.04310217295074,107.0,0.0,112.36483287849772,,,,,,,,,,,
6,102,propio,1,228.83434714483678,420.04310217295074,107.0,0.0,112.36483287849772,,,,,,,,,,,
6,103,propio,1,228.83434714483678,420.04310217295074,107.0,0.0,112.36483287849772,,,,,,,,,,,
6,104,propio,1,228.83434714483678,420.04310217295074,107.0,0.0,112.36483287849772,,,,,,,,,,,
6,105,propio,1,228.83434714483678,420.04310217295074,110.0,0.0,112.36483287849772,,,,,,,,,,,
6,105,impacto_dado,1,,,75.0,,,,,2,1.0,4.0,,,,,,
6,105,rival,2,178.57066263467527,573.2791728262541,79.0,0.0,193.5177010923426,161.26912702002588,-4.204581719459668,,,,,,,,,
6,106,propio,1,228.83434714483678,420.04310217295074,110.0,0.0,112.36483287849772,,,,,,,,,,,
6,106,rival,2,178.57066263467527,573.2791728262541,75.0,0.0,193.5177010923426,161.26912702002588,-4.204581719459668,,,,,,,,,
6,107,propio,1,228.83434714483678,420.04310217295074,110.0,0.0,112.36483287849772,,,,,,,,,,,
6,108,propio,1,228.83434714483678,420.04310217295074,110.0,0.0,112.36483287849772,,,,,,,,,,,
6,109,propio,1,228.83434714483678,420.04310217295074,110.0,0.0,112.36483287849772,,,,,,,,,,,
6,110,propio,1,228.83434714483678,420.04310217295074,110.0,0.0,112.36483287849772,,,,,,,,,,,
6,111,propio,1,228.83434714483678,420.04310217295074,110.0,0.0,112.36483287849772,,,,,,,,,,,
6,112,propio,1,228.83434714483678,420.04310217295074,110.0,0.0,112.36483287849772,,,,,,,,,,,
6,113,propio,1,228.83434714483678,420.04310217295074,110.0,0.0,112.36483287849772,,,,,,,,,,,
6,113,rival,2,178.57066263467527,573.2791728262541,74.0,0.0,193.5177010923426,161.26912702002588,-4.204581719459668,,,,,,,,,
6,114,propio,1,228.83434714483678,420.04310217295074,109.0,0.0,112.36483287849772,,,,,,,,,,,
6,114,disparo,1,228.83434714483678,420.04310217295074,109.0,,112.36483287849772,,,,1.0,,,,,,,
6,114,rival,2,178.57066263467527,573.2791728262541,74.0,0.0,193.5177010923426,161.26912702002588,-4.204581719459668,,,,,,,,,
6,115,propio,1,228.83434714483678,420.04310217295074,109.0,0.0,112.36483287849772,,,,,,,,,,,
6,116,propio,1,228.83434714483678,420.04310217295074,109.0,0.0,112.36483287849772,,,,,,,,,,,
6,117,propio,1,228.83434714483678,420.04310217295074,109.0,0.0,112.36483287849772,,,,,,,,,,,
6,118,propio,1,228.83434714483678,420.04310217295074,109.0,0.0,112.36483287849772,,,,,,,,,,,
6,119,propio,1,228.83434714483678,420.04310217295074,109.0,0.0,112.36483287849772,,,,,,,,,,,
6,120,propio,1,228.83434714483678,420.04310217295074,109.0,0.0,112.36483287849772,,,,,,,,,,,
6,121,propio,1,228.83434714483678,420.04310217295074,112.0,0.0,112.36483287849772,,,,,,,,,,,
6,121,impacto_dado,1,,,70.0,,,,,2,1.0,4.0,,,,,,
6,121,rival,2,178.57066263467527,573.2791728262541,74.0,0.0,193.5177010923426,161.26912702002588,-4.204581719459668,,,,,,,,,
6,122,propio,1,228.83434714483678,420.04310217295074,112.0,0.0,112.36483287849772,,,,,,,,,,,
6,122,rival,2,178.57066263467527,573.2791728262541,70.0,0.0,193.5177010923426,161.26912702002588,-4.204581719459668,,,,,,,,,
6,123,propio,1,228.83434714483678,420.04310217295074,112.0,0.0,112.36483287849772,,,,,,,,,,,
6,124,propio,1,228.83434714483678,420.04310217295074,112.0,0.0,112.36483287849772,,,,,,,,,,,
6,125,propio,1,228.83434714483678,420.04310217295074,112.0,0.0,112.36483287849772,,,,,,,,,,,
6,126,propio,1,228.83434714483678,420.04310217295074,112.0,0.0,112.36483287849772,,,,,,,,,,,
6,127,propio,1,228.83434714483678,420.04310217295074,112.0,0.0,112.36483287849772,,,,,,,,,,,
6,128,propio,1,228.83434714483678,420.04310217295074,112.0,0.0,112.36483287849772,,,,,,,,,,,
6,129,propio,1,228.83434714483678,420.04310217295074,112.0,0.0,112.36483287849772,,,,,,,,,,,
6,129,rival,2,178.57066263467527,573.2791728262541,69.0,0.0,193.5177010923426,161.26912702002588,-4.204581719459668,,,,,,,,,
6,130,propio,1,228.83434714483678,420.04310217295074,111.0,0.0,112.36483287849772,,,,,,,,,,,
6,130,disparo,1,228.83434714483678,420.04310217295074,111.0,,112.36483287849772,,,,1.0,,,,,,,
6,130,rival,2,178.57066263467527,573.2791728262541,69.0,0.0,193.5177010923426,161.26912702002588,-4.204581719459668,,,,,,,,,
6,131,propio,1,228.83434714483678,420.04310217295074,111.0,0.0,112.36483287849772,,,,,,,,,,,
6,132,propio,1,228.83434714483678,420.04310217295074,111.0,0.0,112.36483287849772,,,,,,,,,,,
6,133,propio,1,228.83434714483678,420.04310217295074,111.0,0.0,112.36483287849772,,,,,,,,,,,
6,134,propio,1,228.83434714483678,420.04310217295074,111.0,0.0,112.36483287849772,,,,,,,,,,,
6,135,propio,1,228.83434714483678,420.04310217295074,111.0,0.0,112.36483287849772,,,,,,,,,,,
6,136,propio,1,228.83434714483678,420.04310217295074,111.0,0.0,112.36483287849772,,,,,,,,,,,
6,137,propio,1,228.83434714483678,420.04310217295074,114.0,0.0,112.36483287849772,,,,,,,,,,,
6,137,impacto_dado,1,,,65.0,,,,,2,1.0,4.0,,,,,,
6,137,rival,2,178.57066263467527,573.2791728262541,69.0,0.0,193.5177010923426,161.26912702002588,-4.204581719459668,,,,,,,,,
6,138,propio,1,228.83434714483678,420.04310217295074,114.0,0.0,112.36483287849772,,,,,,,,,,,
6,138,rival,2,178.57066263467527,573.2791728262541,65.0,0.0,193.5177010923426,161.26912702002588,-4.204581719459668,,,,,,,,,
6,139,propio,1,228.83434714483678,420.04310217295074,114.0,0.0,112.36483287849772,,,,,,,,,,,
6,140,propio,1,228.83434714483678,420.04310217295074,114.0,0.0,112.36483287849772,,,,,,,,,,,
6,141,propio,1,228.83434714483678,420.04310217295074,114.0,0.0,112.36483287849772,,,,,,,,,,,
6,142,propio,1,228.83434714483678,420.04310217295074,114.0,0.0,112.36483287849772,,,,,,,,,,,
6,143,propio,1,228.83434714483678,420.04310217295074,114.0,0.0,112.36483287849772,,,,,,,,,,,
6,144,propio,1,228.83434714483678,420.04310217295074,114.0,0.0,112.36483287849772,,,,,,,,,,,
6,145,propio,1,228.83434714483678,420.04310217295074,114.0,0.0,112.36483287849772,,,,,,,,,,,
6,145,rival,2,178.57066263467527,573.2791728262541,64.0,0.0,193.5177010923426,161.26912702002588,-4.204581719459668,,,,,,,,,
6,146,propio,1,228.83434714483678,420.04310217295074,113.0,0.0,112.36483287849772,,,,,,,,,,,
6,146,disparo,1,228.83434714483678,420.04310217295074,113.0,,112.36483287849772,,,,1.0,,,,,,,
6,146,rival,2,178.57066263467527,573.2791728262541,64.0,0.0,193.5177010923426,161.26912702002588,-4.204581719459668,,,,,,,,,
6,147,propio,1,228.83434714483678,420.04310217295074,113.0,0.0,112.36483287849772,,,,,,,,,,,
6,148,propio,1,228.83434714483678,420.04310217295074,113.0,0.0,112.36483287849772,,,,,,,,,,,
6,149,propio,1,228.83434714483678,420.04310217295074,113.0,0.0,112.36483287849772,,,,,,,,,,,
6,150,propio,1,228.83434714483678,420.04310217295074,113.0,0.0,112.36483287849772,,,,,,,,,,,
6,151,propio,1,228.83434714483678,420.04310217295074,113.0,0.0,112.36483287849772,,,,,,,,,,,
6,152,propio,1,228.83434714483678,420.04310217295074,113.0,0.0,112.36483287849772,,,,,,,,,,,
6,153,propio,1,228.83434714483678,420.04310217295074,116.0,0.0,112.36483287849772,,,,,,,,,,,
6,153,impacto_dado,1,,,60.0,,,,,2,1.0,4.0,,,,,,
6,153,rival,2,178.57066263467527,573.2791728262541,64.0,0.0,193.5177010923426,161.26912702002588,-4.204581719459668,,,,,,,,,
6,154,propio,1,228.83434714483678,420.04310217295074,116.0,0.0,112.36483287849772,,,,,,,,,,,
6,154,rival,2,178.57066263467527,573.2791728262541,60.0,0.0,193.5177010923426,161.26912702002588,-4.204581719459668,,,,,,,,,
6,155,propio,1,228.83434714483678,420.04310217295074,116.0,0.0,112.36483287849772,,,,,,,,,,,
6,156,propio,1,228.83434714483678,420.04310217295074,116.0,0.0,112.36483287849772,,,,,,,,,,,
6,157,propio,1,228.83434714483678,420.04310217295074,116.0,0.0,112.36483287849772,,,,,,,,,,,
6,158,propio,1,228.83434714483678,420.04310217295074,116.0,0.0,112.36483287849772,,,,,,,,,,,
6,159,propio,1,228.83434714483678,420.04310217295074,116.0,0.0,112.36483287849772,,,,,,,,,,,
6,160,propio,1,228.83434714483678,420.04310217295074,116.0,0.0,112.36483287849772,,,,,,,,,,,
6,161,propio,1,228.83434714483678,420.04310217295074,116.0,0.0,112.36483287849772,,,,,,,,,,,
6,161,rival,2,178.57066263467527,573.2791728262541,59.0,0.0,193.5177010923426,161.26912702002588,-4.204581719459668,,,,,,,,,
6,162,propio,1,228.83434714483678,420.04310217295074,115.0,0.0,112.36483287849772,,,,,,,,,,,
6,162,disparo,1,228.83434714483678,420.04310217295074,115.0,,112.36483287849772,,,,1.0,,,,,,,
6,162,rival,2,178.57066263467527,573.2791728262541,59.0,0.0,193.5177010923426,161.26912702002588,-4.204581719459668,,,,,,,,,
6,163,propio,1,228.83434714483678,420.04310217295074,115.0,0.0,112.36483287849772,,,,,,,,,,,
6,164,propio,1,228.83434714483678,420.04310217295074,115.0,0.0,112.36483287849772,,,,,,,,,,,
6,165,propio,1,228.83434714483678,420.04310217295074,115.0,0.0,112.36483287849772,,,,,,,,,,,
6,166,propio,1,228.83434714483678,420.04310217295074,115.0,0.0,112.36483287849772,,,,,,,,,,,
6,167,propio,1,228.83434714483678,420.04310217295074,115.0,0.0,112.36483287849772,,,,,,,,,,,
6,168,propio,1,228.83434714483678,420.04310217295074,115.0,0.0,112.36483287849772,,,,,,,,,,,
6,169,propio,1,228.83434714483678,420.04310217295074,118.0,0.0,112.36483287849772,,,,,,,,,,,
6,169,impacto_dado,1,,,55.0,,,,,2,1.0,4.0,,,,,,
6,169,rival,2,178.57066263467527,573.2791728262541,59.0,0.0,193.5177010923426,161.26912702002588,-4.204581719459668,,,,,,,,,
6,170,propio,1,228.83434714483678,420.04310217295074,118.0,0.0,112.36483287849772,,,,,,,,,,,
6,170,rival,2,178.57066263467527,573.2791728262541,55.0,0.0,193.5177010923426,161.26912702002588,-4.204581719459668,,,,,,,,,
6,171,propio,1,228.83434714483678,420.04310217295074,118.0,0.0,112.36483287849772,,,,,,,,,,,
6,172,propio,1,228.83434714483678,420.04310217295074,118.0,0.0,112.36483287849772,,,,,,,,,,,
6,173,propio,1,228.83434714483678,420.04310217295074,118.0,0.0,112.36483287849772,,,,,,,,,,,
6,174,propio,1,228.83434714483678,420.04310217295074,118.0,0.0,112.36483287849772,,,,,,,,,,,
6,175,propio,1,228.83434714483678,420.04310217295074,118.0,0.0,112.36483287849772,,,,,,,,,,,
6,176,propio,1,228.83434714483678,420.04310217295074,118.0,0.0,112.36483287849772,,,,,,,,,,,
6,177,propio,1,228.83434714483678,420.04310217295074,118.0,0.0,112.36483287849772,,,,,,,,,,,
6,177,rival,2,178.57066263467527,573.2791728262541,54.0,0.0,193.5177010923426,161.26912702002588,-4.204581719459668,,,,,,,,,
6,178,propio,1,228.83434714483678,420.04310217295074,117.0,0.0,112.36483287849772,,,,,,,,,,,
6,178,disparo,1,228.83434714483678,420.04310217295074,117.0,,112.36483287849772,,,,1.0,,,,,,,
6,178,rival,2,178.57066263467527,573.2791728262541,54.0,0.0,193.5177010923426,161.26912702002588,-4.204581719459668,,,,,,,,,
6,179,propio,1,228.83434714483678,420.04310217295074,117.0,0.0,112.36483287849772,,,,,,,,,,,
6,180,propio,1,228.83434714483678,420.04310217295074,117.0,0.0,112.36483287849772,,,,,,,,,,,
6,181,propio,1,228.83434714483678,420.04310217295074,117.0,0.0,112.36483287849772,,,,,,,,,,,
6,182,propio,1,228.83434714483678,420.04310217295074,117.0,0.0,112.36483287849772,,,,,,,,,,,
6,183,propio,1,228.83434714483678,420.04310217295074,117.0,0.0,112.36483287849772,,,,,,,,,,,
6,184,propio,1,228.83434714483678,420.04310217295074,117.0,0.0,112.36483287849772,,,,,,,,,,,
6,185,propio,1,228.83434714483678,420.04310217295074,120.0,0.0,112.36483287849772,,,,,,,,,,,
6,185,impacto_dado,1,,,50.0,,,,,2,1.0,4.0,,,,,,
6,185,rival,2,178.57066263467527,573.2791728262541,54.0,0.0,193.5177010923426,161.26912702002588,-4.204581719459668,,,,,,,,,
6,186,propio,1,228.83434714483678,420.04310217295074,120.0,0.0,112.36483287849772,,,,,,,,,,,
6,186,rival,2,178.57066263467527,573.2791728262541,50.0,0.0,193.5177010923426,161.26912702002588,-4.204581719459668,,,,,,,,,
6,187,propio,1,228.83434714483678,420.04310217295074,120.0,0.0,112.36483287849772,,,,,,,,,,,
6,188,propio,1,228.83434714483678,420.04310217295074,120.0,0.0,112.36483287849772,,,,,,,,,,,
6,189,propio,1,228.83434714483678,420.04310217295074,120.0,0.0,112.36483287849772,,,,,,,,,,,
6,190,propio,1,228.83434714483678,420.04310217295074,120.0,0.0,112.36483287849772,,,,,,,,,,,
6,191,propio,1,228.83434714483678,420.04310217295074,120.0,0.0,112.36483287849772,,,,,,,,,,,
6,192,propio,1,228.83434714483678,420.04310217295074,120.0,0.0,112.36483287849772,,,,,,,,,,,
6,193,propio,1,228.83434714483678,420.04310217295074,120.0,0.0,112.36483287849772,,,,,,,,,,,
6,193,rival,2,178.57066263467527,573.2791728262541,49.0,0.0,193.5177010923426,161.26912702002588,-4.204581719459668,,,,,,,,,
6,194,propio,1,228.83434714483678,420.04310217295074,119.0,0.0,112.36483287849772,,,,,,,,,,,
6,194,disparo,1,228.83434714483678,420.04310217295074,119.0,,112.36483287849772,,,,1.0,,,,,,,
6,194,rival,2,178.57066263467527,573.2791728262541,49.0,0.0,193.5177010923426,161.26912702002588,-4.204581719459668,,,,,,,,,
6,195,propio,1,228.83434714483678,420.04310217295074,119.0,0.0,112.36483287849772,,,,,,,,,,,
6,196,propio,1,228.83434714483678,420.04310217295074,119.0,0.0,112.36483287849772,,,,,,,,,,,
6,197,propio,1,228.83434714483678,420.04310217295074,119.0,0.0,112.36483287849772,,,,,,,,,,,
6,198,propio,1,228.83434714483678,420.04310217295074,119.0,0.0,112.36483287849772,,,,,,,,,,,
6,199,propio,1,228.83434714483678,420.04310217295074,119.0,0.0,112.36483287849772,,,,,,,,,,,
6,200,propio,1,228.83434714483678,420.04310217295074,119.0,0.0,112.36483287849772,,,,,,,,,,,
6,201,propio,1,228.83434714483678,420.04310217295074,122.0,0.0,112.36483287849772,,,,,,,,,,,
6,201,impacto_dado,1,,,45.0,,,,,2,1.0,4.0,,,,,,
6,201,rival,2,178.57066263467527,573.2791728262541,49.0,0.0,193.5177010923426,161.26912702002588,-4.204581719459668,,,,,,,,,
6,202,propio,1,228.83434714483678,420.04310217295074,122.0,0.0,112.36483287849772,,,,,,,,,,,
6,202,rival,2,178.57066263467527,573.2791728262541,45.0,0.0,193.5177010923426,161.26912702002588,-4.204581719459668,,,,,,,,,
6,203,propio,1,228.83434714483678,420.04310217295074,122.0,0.0,112.36483287849772,,,,,,,,,,,
6,204,propio,1,228.83434714483678,420.04310217295074,122.0,0.0,112.36483287849772,,,,,,,,,,,
6,205,propio,1,228.83434714483678,420.04310217295074,122.0,0.0,112.36483287849772,,,,,,,,,,,
6,206,propio,1,228.83434714483678,420.04310217295074,122.0,0.0,112.36483287849772,,,,,,,,,,,
6,207,propio,1,228.83434714483678,420.04310217295074,122.0,0.0,112.36483287849772,,,,,,,,,,,
6,208,propio,1,228.83434714483678,420.04310217295074,122.0,0.0,112.36483287849772,,,,,,,,,,,
6,209,propio,1,228.83434714483678,420.04310217295074,122.0,0.0,112.36483287849772,,,,,,,,,,,
6,209,rival,2,178.57066263467527,573.2791728262541,44.0,0.0,193.5177010923426,161.26912702002588,-4.204581719459668,,,,,,,,,
6,210,propio,1,228.83434714483678,420.04310217295074,121.0,0.0,112.36483287849772,,,,,,,,,,,
6,210,disparo,1,228.83434714483678,420.04310217295074,121.0,,112.36483287849772,,,,1.0,,,,,,,
6,210,rival,2,178.57066263467527,573.2791728262541,44.0,0.0,193.5177010923426,161.26912702002588,-4.204581719459668,,,,,,,,,
6,211,propio,1,228.83434714483678,420.04310217295074,121.0,0.0,112.36483287849772,,,,,,,,,,,
6,212,propio,1,228.83434714483678,420.04310217295074,121.0,0.0,112.36483287849772,,,,,,,,,,,
6,213,propio,1,228.83434714483678,420.04310217295074,121.0,0.0,112.36483287849772,,,,,,,,,,,
6,214,propio,1,228.83434714483678,420.04310217295074,121.0,0.0,112.36483287849772,,,,,,,,,,,
6,215,propio,1,228.83434714483678,420.04310217295074,121.0,0.0,112.36483287849772,,,,,,,,,,,
6,216,propio,1,228.83434714483678,420.04310217295074,121.0,0.0,112.36483287849772,,,,,,,,,,,
6,217,propio,1,228.83434714483678,420.04310217295074,124.0,0.0,112.36483287849772,,,,,,,,,,,
6,217,impacto_dado,1,,,40.0,,,,,2,1.0,4.0,,,,,,
6,217,rival,2,178.57066263467527,573.2791728262541,44.0,0.0,193.5177010923426,161.26912702002588,-4.204581719459668,,,,,,,,,
6,218,propio,1,228.83434714483678,420.04310217295074,124.0,0.0,112.36483287849772,,,,,,,,,,,
6,218,rival,2,178.57066263467527,573.2791728262541,40.0,0.0,193.5177010923426,161.26912702002588,-4.204581719459668,,,,,,,,,
6,219,propio,1,228.83434714483678,420.04310217295074,124.0,0.0,112.36483287849772,,,,,,,,,,,
6,220,propio,1,228.83434714483678,420.04310217295074,124.0,0.0,112.36483287849772,,,,,,,,,,,
6,221,propio,1,228.83434714483678,420.04310217295074,124.0,0.0,112.36483287849772,,,,,,,,,,,
6,222,propio,1,228.83434714483678,420.04310217295074,124.0,0.0,112.36483287849772,,,,,,,,,,,
6,223,propio,1,228.83434714483678,420.04310217295074,124.0,0.0,112.36483287849772,,,,,,,,,,,
6,224,propio,1,228.83434714483678,420.04310217295074,124.0,0.0,112.36483287849772,,,,,,,,,,,
6,225,propio,1,228.83434714483678,420.04310217295074,124.0,0.0,112.36483287849772,,,,,,,,,,,
6,225,rival,2,178.57066263467527,573.2791728262541,39.0,0.0,193.5177010923426,161.26912702002588,-4.204581719459668,,,,,,,,,
6,226,propio,1,228.83434714483678,420.04310217295074,123.0,0.0,112.36483287849772,,,,,,,,,,,
6,226,disparo,1,228.83434714483678,420.04310217295074,123.0,,112.36483287849772,,,,1.0,,,,,,,
6,226,rival,2,178.57066263467527,573.2791728262541,39.0,0.0,193.5177010923426,161.26912702002588,-4.204581719459668,,,,,,,,,
6,227,propio,1,228.83434714483678,420.04310217295074,123.0,0.0,112.36483287849772,,,,,,,,,,,
6,228,propio,1,228.83434714483678,420.04310217295074,123.0,0.0,112.36483287849772,,,,,,,,,,,
6,229,propio,1,228.83434714483678,420.04310217295074,123.0,0.0,112.36483287849772,,,,,,,,,,,
6,230,propio,1,228.83434714483678,420.04310217295074,123.0,0.0,112.36483287849772,,,,,,,,,,,
6,231,propio,1,228.83434714483678,420.04310217295074,123.0,0.0,112.36483287849772,,,,,,,,,,,
6,232,propio,1,228.83434714483678,420.04310217295074,123.0,0.0,112.36483287849772,,,,,,,,,,,
6,233,propio,1,228.83434714483678,420.04310217295074,126.0,0.0,112.36483287849772,,,,,,,,,,,
6,233,impacto_dado,1,,,35.0,,,,,2,1.0,4.0,,,,,,
6,233,rival,2,178.57066263467527,573.2791728262541,39.0,0.0,193.5177010923426,161.26912702002588,-4.204581719459668,,,,,,,,,
6,234,propio,1,228.83434714483678,420.04310217295074,126.0,0.0,112.36483287849772,,,,,,,,,,,
6,234,rival,2,178.57066263467527,573.2791728262541,35.0,0.0,193.5177010923426,161.26912702002588,-4.204581719459668,,,,,,,,,
6,235,propio,1,228.83434714483678,420.04310217295074,126.0,0.0,112.36483287849772,,,,,,,,,,,
6,236,propio,1,228.83434714483678,420.04310217295074,126.0,0.0,112.36483287849772,,,,,,,,,,,
6,237,propio,1,228.83434714483678,420.04310217295074,126.0,0.0,112.36483287849772,,,,,,,,,,,
6,238,propio,1,228.83434714483678,420.04310217295074,126.0,0.0,112.36483287849772,,,,,,,,,,,
6,239,propio,1,228.83434714483678,420.04310217295074,126.0,0.0,112.36483287849772,,,,,,,,,,,
6,240,propio,1,228.83434714483678,420.04310217295074,126.0,0.0,112.36483287849772,,,,,,,,,,,
6,241,propio,1,228.83434714483678,420.04310217295074,126.0,0.0,112.36483287849772,,,,,,,,,,,
6,241,rival,2,178.57066263467527,573.2791728262541,34.0,0.0,193.5177010923426,161.26912702002588,-4.204581719459668,,,,,,,,,
6,242,propio,1,228.83434714483678,420.04310217295074,125.0,0.0,112.36483287849772,,,,,,,,,,,
6,242,disparo,1,228.83434714483678,420.04310217295074,125.0,,112.36483287849772,,,,1.0,,,,,,,
6,242,rival,2,178.57066263467527,573.2791728262541,34.0,0.0,193.5177010923426,161.26912702002588,-4.204581719459668,,,,,,,,,
6,243,propio,1,228.83434714483678,420.04310217295074,125.0,0.0,112.36483287849772,,,,,,,,,,,
6,244,propio,1,228.83434714483678,420.04310217295074,125.0,0.0,112.36483287849772,,,,,,,,,,,
6,245,propio,1,228.83434714483678,420.04310217295074,125.0,0.0,112.36483287849772,,,,,,,,,,,
6,246,propio,1,228.83434714483678,420.04310217295074,125.0,0.0,112.36483287849772,,,,,,,,,,,
6,247,propio,1,228.83434714483678,420.04310217295074,125.0,0.0,112.36483287849772,,,,,,,,,,,
6,248,propio,1,228.83434714483678,420.04310217295074,125.0,0.0,112.36483287849772,,,,,,,,,,,
6,249,propio,1,228.83434714483678,420.04310217295074,128.0,0.0,112.36483287849772,,,,,,,,,,,
6,249,impacto_dado,1,,,30.0,,,,,2,1.0,4.0,,,,,,
6,249,rival,2,178.57066263467527,573.2791728262541,34.0,0.0,193.5177010923426,161.26912702002588,-4.204581719459668,,,,,,,,,
6,250,propio,1,228.83434714483678,420.04310217295074,128.0,0.0,112.36483287849772,,,,,,,,,,,
6,250,rival,2,178.57066263467527,573.2791728262541,30.0,0.0,193.5177010923426,161.26912702002588,-4.204581719459668,,,,,,,,,
6,251,propio,1,228.83434714483678,420.04310217295074,128.0,0.0,112.36483287849772,,,,,,,,,,,
6,252,propio,1,228.83434714483678,420.04310217295074,128.0,0.0,112.36483287849772,,,,,,,,,,,
6,253,propio,1,228.83434714483678,420.04310217295074,128.0,0.0,112.36483287849772,,,,,,,,,,,
6,254,propio,1,228.83434714483678,420.04310217295074,128.0,0.0,112.36483287849772,,,,,,,,,,,
6,255,propio,1,228.83434714483678,420.04310217295074,128.0,0.0,112.36483287849772,,,,,,,,,,,
6,256,propio,1,228.83434714483678,420.04310217295074,128.0,0.0,112.36483287849772,,,,,,,,,,,
6,257,propio,1,228.83434714483678,420.04310217295074,128.0,0.0,112.36483287849772,,,,,,,,,,,
6,257,rival,2,178.57066263467527,573.2791728262541,29.0,0.0,193.5177010923426,161.26912702002588,-4.204581719459668,,,,,,,,,
6,258,propio,1,228.83434714483678,420.04310217295074,127.0,0.0,112.36483287849772,,,,,,,,,,,
6,258,disparo,1,228.83434714483678,420.04310217295074,127.0,,112.36483287849772,,,,1.0,,,,,,,
6,258,rival,2,178.57066263467527,573.2791728262541,29.0,0.0,193.5177010923426,161.26912702002588,-4.204581719459668,,,,,,,,,
6,259,propio,1,228.83434714483678,420.04310217295074,127.0,0.0,112.36483287849772,,,,,,,,,,,
6,260,propio,1,228.83434714483678,420.04310217295074,127.0,0.0,112.36483287849772,,,,,,,,,,,
6,261,propio,1,228.83434714483678,420.04310217295074,127.0,0.0,112.36483287849772,,,,,,,,,,,
6,262,propio,1,228.83434714483678,420.04310217295074,127.0,0.0,112.36483287849772,,,,,,,,,,,
6,263,propio,1,228.83434714483678,420.04310217295074,127.0,0.0,112.36483287849772,,,,,,,,,,,
6,264,propio,1,228.83434714483678,420.04310217295074,127.0,0.0,112.36483287849772,,,,,,,,,,,
6,265,propio,1,228.83434714483678,420.04310217295074,130.0,0.0,112.36483287849772,,,,,,,,,,,
6,265,impacto_dado,1,,,25.0,,,,,2,1.0,4.0,,,,,,
6,265,rival,2,178.57066263467527,573.2791728262541,29.0,0.0,193.5177010923426,161.26912702002588,-4.204581719459668,,,,,,,,,
6,266,propio,1,228.83434714483678,420.04310217295074,130.0,0.0,112.36483287849772,,,,,,,,,,,
6,266,rival,2,178.57066263467527,573.2791728262541,25.0,0.0,193.5177010923426,161.26912702002588,-4.204581719459668,,,,,,,,,
6,267,propio,1,228.83434714483678,420.04310217295074,130.0,0.0,112.36483287849772,,,,,,,,,,,
6,268,propio,1,228.83434714483678,420.04310217295074,130.0,0.0,112.36483287849772,,,,,,,,,,,
6,269,propio,1,228.83434714483678,420.04310217295074,130.0,0.0,112.36483287849772,,,,,,,,,,,
6,270,propio,1,228.83434714483678,420.04310217295074,130.0,0.0,112.36483287849772,,,,,,,,,,,
6,271,propio,1,228.83434714483678,420.04310217295074,130.0,0.0,112.36483287849772,,,,,,,,,,,
6,272,propio,1,228.83434714483678,420.04310217295074,130.0,0.0,112.36483287849772,,,,,,,,,,,
6,273,propio,1,228.83434714483678,420.04310217295074,130.0,0.0,112.36483287849772,,,,,,,,,,,
6,273,rival,2,178.57066263467527,573.2791728262541,24.0,0.0,193.5177010923426,161.26912702002588,-4.204581719459668,,,,,,,,,
6,274,propio,1,228.83434714483678,420.04310217295074,129.0,0.0,112.36483287849772,,,,,,,,,,,
6,274,disparo,1,228.83434714483678,420.04310217295074,129.0,,112.36483287849772,,,,1.0,,,,,,,
6,274,rival,2,178.57066263467527,573.2791728262541,24.0,0.0,193.5177010923426,161.26912702002588,-4.204581719459668,,,,,,,,,
6,275,propio,1,228.83434714483678,420.04310217295074,129.0,0.0,112.36483287849772,,,,,,,,,,,
6,276,propio,1,228.83434714483678,420.04310217295074,129.0,0.0,112.36483287849772,,,,,,,,,,,
6,277,propio,1,228.83434714483678,420.04310217295074,129.0,0.0,112.36483287849772,,,,,,,,,,,
6,278,propio,1,228.83434714483678,420.04310217295074,129.0,0.0,112.36483287849772,,,,,,,,,,,
6,279,propio,1,228.83434714483678,420.04310217295074,129.0,0.0,112.36483287849772,,,,,,,,,,,
6,280,propio,1,228.83434714483678,420.04310217295074,129.0,0.0,112.36483287849772,,,,,,,,,,,
6,281,propio,1,228.83434714483678,420.04310217295074,132.0,0.0,112.36483287849772,,,,,,,,,,,
6,281,impacto_dado,1,,,20.0,,,,,2,1.0,4.0,,,,,,
6,281,rival,2,178.57066263467527,573.2791728262541,24.0,0.0,193.5177010923426,161.26912702002588,-4.204581719459668,,,,,,,,,
6,282,propio,1,228.83434714483678,420.04310217295074,132.0,0.0,112.36483287849772,,,,,,,,,,,
6,282,rival,2,178.57066263467527,573.2791728262541,20.0,0.0,193.5177010923426,161.26912702002588,-4.204581719459668,,,,,,,,,
6,283,propio,1,228.83434714483678,420.04310217295074,132.0,0.0,112.36483287849772,,,,,,,,,,,
6,284,propio,1,228.83434714483678,420.04310217295074,132.0,0.0,112.36483287849772,,,,,,,,,,,
6,285,propio,1,228.83434714483678,420.04310217295074,132.0,0.0,112.36483287849772,,,,,,,,,,,
6,286,propio,1,228.83434714483678,420.04310217295074,132.0,0.0,112.36483287849772,,,,,,,,,,,
6,287,propio,1,228.83434714483678,420.04310217295074,132.0,0.0,112.36483287849772,,,,,,,,,,,
6,288,propio,1,228.83434714483678,420.04310217295074,132.0,0.0,112.36483287849772,,,,,,,,,,,
6,289,propio,1,228.83434714483678,420.04310217295074,132.0,0.0,112.36483287849772,,,,,,,,,,,
6,289,rival,2,178.57066263467527,573.2791728262541,19.0,0.0,193.5177010923426,161.26912702002588,-4.204581719459668,,,,,,,,,
6,290,propio,1,228.83434714483678,420.04310217295074,131.0,0.0,112.36483287849772,,,,,,,,,,,
6,290,disparo,1,228.83434714483678,420.04310217295074,131.0,,112.36483287849772,,,,1.0,,,,,,,
6,290,rival,2,178.57066263467527,573.2791728262541,19.0,0.0,193.5177010923426,161.26912702002588,-4.204581719459668,,,,,,,,,
6,291,propio,1,228.83434714483678,420.04310217295074,131.0,0.0,112.36483287849772,,,,,,,,,,,
6,292,propio,1,228.83434714483678,420.04310217295074,131.0,0.0,112.36483287849772,,,,,,,,,,,
6,293,propio,1,228.83434714483678,420.04310217295074,131.0,0.0,112.36483287849772,,,,,,,,,,,
6,294,propio,1,228.83434714483678,420.04310217295074,131.0,0.0,112.36483287849772,,,,,,,,,,,
6,295,propio,1,228.83434714483678,420.04310217295074,131.0,0.0,112.36483287849772,,,,,,,,,,,
6,296,propio,1,228.83434714483678,420.04310217295074,131.0,0.0,112.36483287849772,,,,,,,,,,,
6,297,propio,1,228.83434714483678,420.04310217295074,134.0,0.0,112.36483287849772,,,,,,,,,,,
6,297,impacto_dado,1,,,15.0,,,,,2,1.0,4.0,,,,,,
6,297,rival,2,178.57066263467527,573.2791728262541,19.0,0.0,193.5177010923426,161.26912702002588,-4.204581719459668,,,,,,,,,
6,298,propio,1,228.83434714483678,420.04310217295074,134.0,0.0,112.36483287849772,,,,,,,,,,,
6,298,rival,2,178.57066263467527,573.2791728262541,15.0,0.0,193.5177010923426,161.26912702002588,-4.204581719459668,,,,,,,,,
6,299,propio,1,228.83434714483678,420.04310217295074,134.0,0.0,112.36483287849772,,,,,,,,,,,
6,300,propio,1,228.83434714483678,420.04310217295074,134.0,0.0,112.36483287849772,,,,,,,,,,,
6,301,propio,1,228.83434714483678,420.04310217295074,134.0,0.0,112.36483287849772,,,,,,,,,,,
6,302,propio,1,228.83434714483678,420.04310217295074,134.0,0.0,112.36483287849772,,,,,,,,,,,
6,303,propio,1,228.83434714483678,420.04310217295074,134.0,0.0,112.36483287849772,,,,,,,,,,,
6,304,propio,1,228.83434714483678,420.04310217295074,134.0,0.0,112.36483287849772,,,,,,,,,,,
6,305,propio,1,228.83434714483678,420.04310217295074,134.0,0.0,112.36483287849772,,,,,,,,,,,
6,305,rival,2,178.57066263467527,573.2791728262541,14.0,0.0,193.5177010923426,161.26912702002588,-4.204581719459668,,,,,,,,,
6,306,propio,1,228.83434714483678,420.04310217295074,133.0,0.0,112.36483287849772,,,,,,,,,,,
6,306,disparo,1,228.83434714483678,420.04310217295074,133.0,,112.36483287849772,,,,1.0,,,,,,,
6,306,rival,2,178.57066263467527,573.2791728262541,14.0,0.0,193.5177010923426,161.26912702002588,-4.204581719459668,,,,,,,,,
6,307,propio,1,228.83434714483678,420.04310217295074,133.0,0.0,112.36483287849772,,,,,,,,,,,
6,308,propio,1,228.83434714483678,420.04310217295074,133.0,0.0,112.36483287849772,,,,,,,,,,,
6,309,propio,1,228.83434714483678,420.04310217295074,133.0,0.0,112.36483287849772,,,,,,,,,,,
6,310,propio,1,228.83434714483678,420.04310217295074,133.0,0.0,112.36483287849772,,,,,,,,,,,
6,311,propio,1,228.83434714483678,420.04310217295074,133.0,0.0,112.36483287849772,,,,,,,,,,,
6,312,propio,1,228.83434714483678,420.04310217295074,133.0,0.0,112.36483287849772,,,,,,,,,,,
6,313,propio,1,228.83434714483678,420.04310217295074,136.0,0.0,112.36483287849772,,,,,,,,,,,
6,313,impacto_dado,1,,,10.0,,,,,2,1.0,4.0,,,,,,
6,313,rival,2,178.57066263467527,573.2791728262541,14.0,0.0,193.5177010923426,161.26912702002588,-4.204581719459668,,,,,,,,,
6,314,propio,1,228.83434714483678,420.04310217295074,136.0,0.0,112.36483287849772,,,,,,,,,,,
6,314,rival,2,178.57066263467527,573.2791728262541,10.0,0.0,193.5177010923426,161.26912702002588,-4.204581719459668,,,,,,,,,
6,315,propio,1,228.83434714483678,420.04310217295074,136.0,0.0,112.36483287849772,,,,,,,,,,,
6,316,propio,1,228.83434714483678,420.04310217295074,136.0,0.0,112.36483287849772,,,,,,,,,,,
6,317,propio,1,228.83434714483678,420.04310217295074,136.0,0.0,112.36483287849772,,,,,,,,,,,
6,318,propio,1,228.83434714483678,420.04310217295074,136.0,0.0,112.36483287849772,,,,,,,,,,,
6,319,propio,1,228.83434714483678,420.04310217295074,136.0,0.0,112.36483287849772,,,,,,,,,,,
6,320,propio,1,228.83434714483678,420.04310217295074,136.0,0.0,112.36483287849772,,,,,,,,,,,
6,321,propio,1,228.83434714483678,420.04310217295074,136.0,0.0,112.36483287849772,,,,,,,,,,,
6,321,rival,2,178.57066263467527,573.2791728262541,9.0,0.0,193.5177010923426,161.26912702002588,-4.204581719459668,,,,,,,,,
6,322,propio,1,228.83434714483678,420.04310217295074,135.0,0.0,112.36483287849772,,,,,,,,,,,
6,322,disparo,1,228.83434714483678,420.04310217295074,135.0,,112.36483287849772,,,,1.0,,,,,,,
6,322,rival,2,178.57066263467527,573.2791728262541,9.0,0.0,193.5177010923426,161.26912702002588,-4.204581719459668,,,,,,,,,
6,323,propio,1,228.83434714483678,420.04310217295074,135.0,0.0,112.36483287849772,,,,,,,,,,,
6,324,propio,1,228.83434714483678,420.04310217295074,135.0,0.0,112.36483287849772,,,,,,,,,,,
6,325,propio,1,228.83434714483678,420.04310217295074,135.0,0.0,112.36483287849772,,,,,,,,,,,
6,326,propio,1,228.83434714483678,420.04310217295074,135.0,0.0,112.36483287849772,,,,,,,,,,,
6,327,propio,1,228.83434714483678,420.04310217295074,135.0,0.0,112.36483287849772,,,,,,,,,,,
6,328,propio,1,228.83434714483678,420.04310217295074,135.0,0.0,112.36483287849772,,,,,,,,,,,
6,329,propio,1,228.83434714483678,420.04310217295074,138.0,0.0,112.36483287849772,,,,,,,,,,,
6,329,impacto_dado,1,,,5.0,,,,,2,1.0,4.0,,,,,,
6,329,rival,2,178.57066263467527,573.2791728262541,9.0,0.0,193.5177010923426,161.26912702002588,-4.204581719459668,,,,,,,,,
6,330,propio,1,228.83434714483678,420.04310217295074,138.0,0.0,112.36483287849772,,,,,,,,,,,
6,330,rival,2,178.57066263467527,573.2791728262541,5.0,0.0,193.5177010923426,161.26912702002588,-4.204581719459668,,,,,,,,,
6,331,propio,1,228.83434714483678,420.04310217295074,138.0,0.0,112.36483287849772,,,,,,,,,,,
6,332,propio,1,228.83434714483678,420.04310217295074,138.0,0.0,112.36483287849772,,,,,,,,,,,
6,333,propio,1,228.83434714483678,420.04310217295074,138.0,0.0,112.36483287849772,,,,,,,,,,,
6,334,propio,1,228.83434714483678,420.04310217295074,138.0,0.0,112.36483287849772,,,,,,,,,,,
6,335,propio,1,228.83434714483678,420.04310217295074,138.0,0.0,112.36483287849772,,,,,,,,,,,
6,336,propio,1,228.83434714483678,420.04310217295074,138.0,0.0,112.36483287849772,,,,,,,,,,,
6,337,propio,1,228.83434714483678,420.04310217295074,138.0,0.0,112.36483287849772,,,,,,,,,,,
6,337,rival,2,178.57066263467527,573.2791728262541,4.0,0.0,193.5177010923426,161.26912702002588,-4.204581719459668,,,,,,,,,
6,338,propio,1,228.83434714483678,420.04310217295074,137.0,0.0,112.36483287849772,,,,,,,,,,,
6,338,disparo,1,228.83434714483678,420.04310217295074,137.0,,112.36483287849772,,,,1.0,,,,,,,
6,338,rival,2,178.57066263467527,573.2791728262541,4.0,0.0,193.5177010923426,161.26912702002588,-4.204581719459668,,,,,,,,,
6,339,propio,1,228.83434714483678,420.04310217295074,137.0,0.0,112.36483287849772,,,,,,,,,,,
6,340,propio,1,228.83434714483678,420.04310217295074,137.0,0.0,112.36483287849772,,,,,,,,,,,
6,341,propio,1,228.83434714483678,420.04310217295074,137.0,0.0,112.36483287849772,,,,,,,,,,,
6,342,propio,1,228.83434714483678,420.04310217295074,137.0,0.0,112.36483287849772,,,,,,,,,,,
6,343,propio,1,228.83434714483678,420.04310217295074,137.0,0.0,112.36483287849772,,,,,,,,,,,
6,344,propio,1,228.83434714483678,420.04310217295074,137.0,0.0,112.36483287849772,,,,,,,,,,,
6,345,propio,1,228.83434714483678,420.04310217295074,140.0,0.0,112.36483287849772,,,,,,,,,,,
6,345,impacto_dado,1,,,0.0,,,,,2,1.0,4.0,,,,,,
6,345,rival,2,178.57066263467527,573.2791728262541,4.0,0.0,193.5177010923426,161.26912702002588,-4.204581719459668,,,,,,,,,
6,346,propio,1,228.83434714483678,420.04310217295074,140.0,0.0,112.36483287849772,,,,,,,,,,,
6,346,rival,2,178.57066263467527,573.2791728262541,0.0,0.0,193.5177010923426,161.26912702002588,-4.204581719459668,,,,,,,,,
6,347,propio,1,228.83434714483678,420.04310217295074,140.0,0.0,112.36483287849772,,,,,,,,,,,
6,348,propio,1,228.83434714483678,420.04310217295074,140.0,0.0,112.36483287849772,,,,,,,,,,,
6,349,propio,1,228.83434714483678,420.04310217295074,140.0,0.0,112.36483287849772,,,,,,,,,,,
6,350,propio,1,228.83434714483678,420.04310217295074,140.0,0.0,112.36483287849772,,,,,,,,,,,
6,351,propio,1,228.83434714483678,420.04310217295074,140.0,0.0,112.36483287849772,,,,,,,,,,,
6,352,propio,1,228.83434714483678,420.04310217295074,140.0,0.0,112.36483287849772,,,,,,,,,,,
6,353,propio,1,228.83434714483678,420.04310217295074,140.0,0.0,112.36483287849772,,,,,,,,,,,
6,353,rival,2,178.57066263467527,573.2791728262541,0.0,0.0,193.5177010923426,161.26912702002588,-4.204581719459668,,,,,,,,,
6,354,propio,1,228.83434714483678,420.04310217295074,139.0,0.0,112.36483287849772,,,,,,,,,,,
6,354,disparo,1,228.83434714483678,420.04310217295074,139.0,,112.36483287849772,,,,1.0,,,,,,,
6,354,rival,2,178.57066263467527,573.2791728262541,0.0,0.0,193.5177010923426,161.26912702002588,-4.204581719459668,,,,,,,,,
6,355,propio,1,228.83434714483678,420.04310217295074,139.0,0.0,112.36483287849772,,,,,,,,,,,
6,356,propio,1,228.83434714483678,420.04310217295074,139.0,0.0,112.36483287849772,,,,,,,,,,,
6,357,propio,1,228.83434714483678,420.04310217295074,139.0,0.0,112.36483287849772,,,,,,,,,,,
6,358,propio,1,228.83434714483678,420.04310217295074,139.0,0.0,112.36483287849772,,,,,,,,,,,
6,359,propio,1,228.83434714483678,420.04310217295074,139.0,0.0,112.36483287849772,,,,,,,,,,,
6,360,propio,1,228.83434714483678,420.04310217295074,139.0,0.0,112.36483287849772,,,,,,,,,,,
6,360,fin_ronda,1,,,,,,,,,,,1,1,50.0,80.0,0.0,156.0
6,361,propio,1,228.83434714483678,420.04310217295074,142.0,0.0,112.36483287849772,,,,,,,,,,,
6,361,impacto_dado,1,,,-4.0,,,,,2,1.0,4.0,,,,,,
6,361,rival,2,178.57066263467527,573.2791728262541,0.0,0.0,193.5177010923426,161.26912702002588,-4.204581719459668,,,,,,,,,
7,1,propio,1,129.22826455171767,270.69265595315596,100.0,0.0,319.1587130264719,,,,,,,,,,,
7,2,propio,1,129.22826455171767,270.69265595315596,100.0,0.0,319.1587130264719,,,,,,,,,,,
7,3,propio,1,129.22826455171767,270.69265595315596,100.0,0.0,319.1587130264719,,,,,,,,,,,
7,3,rival,2,120.33823390885689,127.74383952988813,100.0,0.0,109.99265470541052,143.2249865129829,-52.71737194837624,,,,,,,,,
7,4,propio,1,129.22826455171767,270.69265595315596,100.0,0.0,319.1587130264719,,,,,,,,,,,
7,5,propio,1,129.22826455171767,270.69265595315596,100.0,0.0,319.1587130264719,,,,,,,,,,,
7,6,propio,1,129.22826455171767,270.69265595315596,100.0,0.0,319.1587130264719,,,,,,,,,,,
7,7,propio,1,129.22826455171767,270.69265595315596,100.0,0.0,319.1587130264719,,,,,,,,,,,
7,8,propio,1,129.22826455171767,270.69265595315596,100.0,0.0,319.1587130264719,,,,,,,,,,,
7,9,propio,1,129.22826455171767,270.69265595315596,100.0,0.0,319.1587130264719,,,,,,,,,,,
7,10,propio,1,129.22826455171767,270.69265595315596,100.0,0.0,319.1587130264719,,,,,,,,,,,
7,11,propio,1,129.22826455171767,270.69265595315596,100.0,0.0,319.1587130264719,,,,,,,,,,,
7,11,rival,2,120.33823390885689,127.74383952988813,100.0,0.0,109.99265470541052,143.2249865129829,-52.71737194837624,,,,,,,,,
7,12,propio,1,129.22826455171767,270.69265595315596,100.0,0.0,319.1587130264719,,,,,,,,,,,
7,13,propio,1,129.22826455171767,270.69265595315596,100.0,0.0,319.1587130264719,,,,,,,,,,,
7,14,propio,1,129.22826455171767,270.69265595315596,100.0,0.0,319.1587130264719,,,,,,,,,,,
7,15,propio,1,129.22826455171767,270.69265595315596,100.0,0.0,319.1587130264719,,,,,,,,,,,
7,16,propio,1,129.22826455171767,270.69265595315596,100.0,0.0,319.1587130264719,,,,,,,,,,,
7,17,propio,1,129.22826455171767,270.69265595315596,100.0,0.0,319.1587130264719,,,,,,,,,,,
7,18,propio,1,129.22826455171767,270.69265595315596,100.0,0.0,319.1587130264719,,,,,,,,,,,
7,19,propio,1,129.22826455171767,270.69265595315596,100.0,0.0,319.1587130264719,,,,,,,,,,,
7,19,rival,2,120.33823390885689,127.74383952988813,100.0,0.0,109.99265470541052,143.2249865129829,-52.71737194837624,,,,,,,,,
7,20,propio,1,129.22826455171767,270.69265595315596,100.0,0.0,319.1587130264719,,,,,,,,,,,
7,21,propio,1,129.22826455171767,270.69265595315596,100.0,0.0,319.1587130264719,,,,,,,,,,,
7,22,propio,1,129.22826455171767,270.69265595315596,100.0,0.0,319.1587130264719,,,,,,,,,,,
7,23,propio,1,129.22826455171767,270.69265595315596,100.0,0.0,319.1587130264719,,,,,,,,,,,
7,24,propio,1,129.22826455171767,270.69265595315596,100.0,0.0,319.1587130264719,,,,,,,,,,,
7,25,propio,1,129.22826455171767,270.69265595315596,100.0,0.0,319.1587130264719,,,,,,,,,,,
7,26,propio,1,129.22826455171767,270.69265595315596,100.0,0.0,319.1587130264719,,,,,,,,,,,
7,27,propio,1,129.22826455171767,270.69265595315596,100.0,0.0,319.1587130264719,,,,,,,,,,,
7,27,rival,2,120.33823390885689,127.74383952988813,100.0,0.0,109.99265470541052,143.2249865129829,-52.71737194837624,,,,,,,,,
7,28,propio,1,129.22826455171767,270.69265595315596,100.0,0.0,319.1587130264719,,,,,,,,,,,
7,29,propio,1,129.22826455171767,270.69265595315596,100.0,0.0,319.1587130264719,,,,,,,,,,,
7,30,propio,1,129.22826455171767,270.69265595315596,100.0,0.0,319.1587130264719,,,,,,,,,,,
7,31,propio,1,129.22826455171767,270.69265595315596,100.0,0.0,319.1587130264719,,,,,,,,,,,
7,32,propio,1,129.22826455171767,270.69265595315596,100.0,0.0,319.1587130264719,,,,,,,,,,,
7,33,propio,1,129.22826455171767,270.69265595315596,100.0,0.0,319.1587130264719,,,,,,,,,,,
7,34,propio,1,129.22826455171767,270.69265595315596,100.0,0.0,319.1587130264719,,,,,,,,,,,
7,35,propio,1,129.22826455171767,270.69265595315596,100.0,0.0,319.1587130264719,,,,,,,,,,,
7,35,rival,2,120.33823390885689,127.74383952988813,99.0,0.0,109.99265470541052,143.2249865129829,-52.71737194837624,,,,,,,,,
7,36,propio,1,129.22826455171767,270.69265595315596,99.0,0.0,319.1587130264719,,,,,,,,,,,
7,36,disparo,1,129.22826455171767,270.69265595315596,99.0,,319.1587130264719,,,,1.0,,,,,,,
7,37,propio,1,129.22826455171767,270.69265595315596,99.0,0.0,319.1587130264719,,,,,,,,,,,
7,38,propio,1,129.22826455171767,270.69265595315596,99.0,0.0,319.1587130264719,,,,,,,,,,,
7,39,propio,1,129.22826455171767,270.69265595315596,99.0,0.0,319.1587130264719,,,,,,,,,,,
7,40,propio,1,129.22826455171767,270.69265595315596,99.0,0.0,319.1587130264719,,,,,,,,,,,
7,41,propio,1,129.22826455171767,270.69265595315596,99.0,0.0,319.1587130264719,,,,,,,,,,,
7,42,propio,1,129.22826455171767,270.69265595315596,99.0,0.0,319.1587130264719,,,,,,,,,,,
7,43,propio,1,129.22826455171767,270.69265595315596,99.0,0.0,319.1587130264719,,,,,,,,,,,
7,43,rival,2,120.33823390885689,127.74383952988813,99.0,0.0,109.99265470541052,143.2249865129829,-52.71737194837624,,,,,,,,,
7,44,propio,1,129.22826455171767,270.69265595315596,99.0,0.0,319.1587130264719,,,,,,,,,,,
7,45,propio,1,129.22826455171767,270.69265595315596,99.0,0.0,319.1587130264719,,,,,,,,,,,
7,46,propio,1,129.22826455171767,270.69265595315596,99.0,0.0,319.1587130264719,,,,,,,,,,,
7,47,propio,1,129.22826455171767,270.69265595315596,99.0,0.0,319.1587130264719,,,,,,,,,,,
7,48,propio,1,129.22826455171767,270.69265595315596,99.0,0.0,319.1587130264719,,,,,,,,,,,
7,49,propio,1,129.22826455171767,270.69265595315596,99.0,0.0,319.1587130264719,,,,,,,,,,,
7,50,propio,1,129.22826455171767,270.69265595315596,99.0,0.0,319.1587130264719,,,,,,,,,,,
7,51,propio,1,129.22826455171767,270.69265595315596,99.0,0.0,319.1587130264719,,,,,,,,,,,
7,51,rival,2,120.33823390885689,127.74383952988813,98.0,0.0,109.99265470541052,143.2249865129829,-52.71737194837624,,,,,,,,,
7,52,propio,1,129.22826455171767,270.69265595315596,98.0,0.0,319.1587130264719,,,,,,,,,,,
7,52,disparo,1,129.22826455171767,270.69265595315596,98.0,,319.1587130264719,,,,1.0,,,,,,,
7,53,propio,1,129.22826455171767,270.69265595315596,98.0,0.0,319.1587130264719,,,,,,,,,,,
7,54,propio,1,129.22826455171767,270.69265595315596,98.0,0.0,319.1587130264719,,,,,,,,,,,
7,55,propio,1,129.22826455171767,270.69265595315596,98.0,0.0,319.1587130264719,,,,,,,,,,,
7,56,propio,1,129.22826455171767,270.69265595315596,98.0,0.0,319.1587130264719,,,,,,,,,,,
7,57,propio,1,129.22826455171767,270.69265595315596,98.0,0.0,319.1587130264719,,,,,,,,,,,
7,58,propio,1,129.22826455171767,270.69265595315596,98.0,0.0,319.1587130264719,,,,,,,,,,,
7,59,propio,1,129.22826455171767,270.69265595315596,98.0,0.0,319.1587130264719,,,,,,,,,,,
7,59,rival,2,120.33823390885689,127.74383952988813,98.0,0.0,109.99265470541052,143.2249865129829,-52.71737194837624,,,,,,,,,
7,60,propio,1,129.22826455171767,270.69265595315596,98.0,0.0,319.1587130264719,,,,,,,,,,,
7,61,propio,1,129.22826455171767,270.69265595315596,98.0,0.0,319.1587130264719,,,,,,,,,,,
7,62,propio,1,129.22826455171767,270.69265595315596,98.0,0.0,319.1587130264719,,,,,,,,,,,
7,63,propio,1,129.22826455171767,270.69265595315596,98.0,0.0,319.1587130264719,,,,,,,,,,,
7,64,propio,1,129.22826455171767,270.69265595315596,98.0,0.0,319.1587130264719,,,,,,,,,,,
7,65,propio,1,129.22826455171767,270.69265595315596,98.0,0.0,319.1587130264719,,,,,,,,,,,
7,66,propio,1,129.22826455171767,270.69265595315596,98.0,0.0,319.1587130264719,,,,,,,,,,,
7,67,propio,1,129.22826455171767,270.69265595315596,98.0,0.0,319.1587130264719,,,,,,,,,,,
7,67,rival,2,120.33823390885689,127.74383952988813,97.0,0.0,109.99265470541052,143.2249865129829,-52.71737194837624,,,,,,,,,
7,68,propio,1,129.22826455171767,270.69265595315596,97.0,0.0,319.1587130264719,,,,,,,,,,,
7,68,disparo,1,129.22826455171767,270.69265595315596,97.0,,319.1587130264719,,,,1.0,,,,,,,
7,69,propio,1,129.22826455171767,270.69265595315596,97.0,0.0,319.1587130264719,,,,,,,,,,,
7,70,propio,1,129.22826455171767,270.69265595315596,97.0,0.0,319.1587130264719,,,,,,,,,,,
7,71,propio,1,129.22826455171767,270.69265595315596,97.0,0.0,319.1587130264719,,,,,,,,,,,
7,72,propio,1,129.22826455171767,270.69265595315596,97.0,0.0,319.1587130264719,,,,,,,,,,,
7,73,propio,1,129.22826455171767,270.69265595315596,97.0,0.0,319.1587130264719,,,,,,,,,,,
7,74,propio,1,129.22826455171767,270.69265595315596,97.0,0.0,319.1587130264719,,,,,,,,,,,
7,75,propio,1,129.22826455171767,270.69265595315596,97.0,0.0,319.1587130264719,,,,,,,,,,,
7,75,rival,2,120.33823390885689,127.74383952988813,97.0,0.0,109.99265470541052,143.2249865129829,-52.71737194837624,,,,,,,,,
7,76,propio,1,129.22826455171767,270.69265595315596,97.0,0.0,319.1587130264719,,,,,,,,,,,
7,77,propio,1,129.22826455171767,270.69265595315596,97.0,0.0,319.1587130264719,,,,,,,,,,,
7,78,propio,1,129.22826455171767,270.69265595315596,97.0,0.0,319.1587130264719,,,,,,,,,,,
7,79,propio,1,129.22826455171767,270.69265595315596,97.0,0.0,319.1587130264719,,,,,,,,,,,
7,80,propio,1,129.22826455171767,270.69265595315596,97.0,0.0,319.1587130264719,,,,,,,,,,,
7,81,propio,1,129.22826455171767,270.69265595315596,97.0,0.0,319.1587130264719,,,,,,,,,,,
7,82,propio,1,129.22826455171767,270.69265595315596,97.0,0.0,319.1587130264719,,,,,,,,,,,
7,83,propio,1,129.22826455171767,270.69265595315596,97.0,0.0,319.1587130264719,,,,,,,,,,,
7,83,rival,2,120.33823390885689,127.74383952988813,96.0,0.0,109.99265470541052,143.2249865129829,-52.71737194837624,,,,,,,,,
7,84,propio,1,129.22826455171767,270.69265595315596,96.0,0.0,319.1587130264719,,,,,,,,,,,
7,84,disparo,1,129.22826455171767,270.69265595315596,96.0,,319.1587130264719,,,,1.0,,,,,,,
7,85,propio,1,129.22826455171767,270.69265595315596,96.0,0.0,319.1587130264719,,,,,,,,,,,
7,86,propio,1,129.22826455171767,270.69265595315596,96.0,0.0,319.1587130264719,,,,,,,,,,,
7,87,propio,1,129.22826455171767,270.69265595315596,96.0,0.0,319.1587130264719,,,,,,,,,,,
7,88,propio,1,129.22826455171767,270.69265595315596,96.0,0.0,319.1587130264719,,,,,,,,,,,
7,89,propio,1,129.22826455171767,270.69265595315596,96.0,0.0,319.1587130264719,,,,,,,,,,,
7,90,propio,1,129.22826455171767,270.69265595315596,96.0,0.0,319.1587130264719,,,,,,,,,,,
7,91,propio,1,129.22826455171767,270.69265595315596,96.0,0.0,319.1587130264719,,,,,,,,,,,
7,91,rival,2,120.33823390885689,127.74383952988813,96.0,0.0,109.99265470541052,143.2249865129829,-52.71737194837624,,,,,,,,,
7,92,propio,1,129.22826455171767,270.69265595315596,96.0,0.0,319.1587130264719,,,,,,,,,,,
7,93,propio,1,129.22826455171767,270.69265595315596,96.0,0.0,319.1587130264719,,,,,,,,,,,
7,94,propio,1,129.22826455171767,270.69265595315596,96.0,0.0,319.1587130264719,,,,,,,,,,,
7,95,propio,1,129.22826455171767,270.69265595315596,96.0,0.0,319.1587130264719,,,,,,,,,,,
7,96,propio,1,129.22826455171767,270.69265595315596,96.0,0.0,319.1587130264719,,,,,,,,,,,
7,97,propio,1,129.22826455171767,270.69265595315596,96.0,0.0,319.1587130264719,,,,,,,,,,,
7,98,propio,1,129.22826455171767,270.69265595315596,96.0,0.0,319.1587130264719,,,,,,,,,,,
7,99,propio,1,129.22826455171767,270.69265595315596,96.0,0.0,319.1587130264719,,,,,,,,,,,
7,99,rival,2,120.33823390885689,127.74383952988813,95.0,0.0,109.99265470541052,143.2249865129829,-52.71737194837624,,,,,,,,,
7,100,propio,1,129.22826455171767,270.69265595315596,95.0,0.0,319.1587130264719,,,,,,,,,,,
7,100,disparo,1,129.22826455171767,270.69265595315596,95.0,,319.1587130264719,,,,1.0,,,,,,,
7,101,propio,1,129.22826455171767,270.69265595315596,95.0,0.0,319.1587130264719,,,,,,,,,,,
7,102,propio,1,129.22826455171767,270.69265595315596,95.0,0.0,319.1587130264719,,,,,,,,,,,
7,103,propio,1,129.22826455171767,270.69265595315596,95.0,0.0,319.1587130264719,,,,,,,,,,,
7,104,propio,1,129.22826455171767,270.69265595315596,95.0,0.0,319.1587130264719,,,,,,,,,,,
7,105,propio,1,129.22826455171767,270.69265595315596,95.0,0.0,319.1587130264719,,,,,,,,,,,
7,106,propio,1,129.22826455171767,270.69265595315596,95.0,0.0,319.1587130264719,,,,,,,,,,,
7,107,propio,1,129.22826455171767,270.69265595315596,95.0,0.0,319.1587130264719,,,,,,,,,,,
7,107,rival,2,120.33823390885689,127.74383952988813,95.0,0.0,109.99265470541052,143.2249865129829,-52.71737194837624,,,,,,,,,
7,108,propio,1,129.22826455171767,270.69265595315596,95.0,0.0,319.1587130264719,,,,,,,,,,,
7,109,propio,1,129.22826455171767,270.69265595315596,95.0,0.0,319.1587130264719,,,,,,,,,,,
7,110,propio,1,129.22826455171767,270.69265595315596,95.0,0.0,319.1587130264719,,,,,,,,,,,
7,111,propio,1,129.22826455171767,270.69265595315596,95.0,0.0,319.1587130264719,,,,,,,,,,,
7,112,propio,1,129.22826455171767,270.69265595315596,95.0,0.0,319.1587130264719,,,,,,,,,,,
7,113,propio,1,129.22826455171767,270.69265595315596,95.0,0.0,319.1587130264719,,,,,,,,,,,
7,114,propio,1,129.22826455171767,270.69265595315596,95.0,0.0,319.1587130264719,,,,,,,,,,,
7,115,propio,1,129.22826455171767,270.69265595315596,95.0,0.0,319.1587130264719,,,,,,,,,,,
7,115,rival,2,120.33823390885689,127.74383952988813,94.0,0.0,109.99265470541052,143.2249865129829,-52.71737194837624,,,,,,,,,
7,116,propio,1,129.22826455171767,270.69265595315596,94.0,0.0,319.1587130264719,,,,,,,,,,,
7,116,disparo,1,129.22826455171767,270.69265595315596,94.0,,319.1587130264719,,,,1.0,,,,,,,
7,117,propio,1,129.22826455171767,270.69265595315596,94.0,0.0,319.1587130264719,,,,,,,,,,,
7,118,propio,1,129.22826455171767,270.69265595315596,94.0,0.0,319.1587130264719,,,,,,,,,,,
7,119,propio,1,129.22826455171767,270.69265595315596,94.0,0.0,319.1587130264719,,,,,,,,,,,
7,120,propio,1,129.22826455171767,270.69265595315596,94.0,0.0,319.1587130264719,,,,,,,,,,,
7,121,propio,1,129.22826455171767,270.69265595315596,94.0,0.0,319.1587130264719,,,,,,,,,,,
7,122,propio,1,129.22826455171767,270.69265595315596,94.0,0.0,319.1587130264719,,,,,,,,,,,
7,123,propio,1,129.22826455171767,270.69265595315596,94.0,0.0,319.1587130264719,,,,,,,,,,,
7,123,rival,2,120.33823390885689,127.74383952988813,94.0,0.0,109.99265470541052,143.2249865129829,-52.71737194837624,,,,,,,,,
7,124,propio,1,129.22826455171767,270.69265595315596,94.0,0.0,319.1587130264719,,,,,,,,,,,
7,125,propio,1,129.22826455171767,270.69265595315596,94.0,0.0,319.1587130264719,,,,,,,,,,,
7,126,propio,1,129.22826455171767,270.69265595315596,94.0,0.0,319.1587130264719,,,,,,,,,,,
7,127,propio,1,129.22826455171767,270.69265595315596,94.0,0.0,319.1587130264719,,,,,,,,,,,
7,128,propio,1,129.22826455171767,270.69265595315596,94.0,0.0,319.1587130264719,,,,,,,,,,,
7,129,propio,1,129.22826455171767,270.69265595315596,94.0,0.0,319.1587130264719,,,,,,,,,,,
7,130,propio,1,129.22826455171767,270.69265595315596,94.0,0.0,319.1587130264719,,,,,,,,,,,
7,131,propio,1,129.22826455171767,270.69265595315596,94.0,0.0,319.1587130264719,,,,,,,,,,,
7,131,rival,2,120.33823390885689,127.74383952988813,93.0,0.0,109.99265470541052,143.2249865129829,-52.71737194837624,,,,,,,,,
7,132,propio,1,129.22826455171767,270.69265595315596,93.0,0.0,319.1587130264719,,,,,,,,,,,
7,132,disparo,1,129.22826455171767,270.69265595315596,93.0,,319.1587130264719,,,,1.0,,,,,,,
7,133,propio,1,129.22826455171767,270.69265595315596,93.0,0.0,319.1587130264719,,,,,,,,,,,
7,134,propio,1,129.22826455171767,270.69265595315596,93.0,0.0,319.1587130264719,,,,,,,,,,,
7,135,propio,1,129.22826455171767,270.69265595315596,93.0,0.0,319.1587130264719,,,,,,,,,,,
7,136,propio,1,129.22826455171767,270.69265595315596,93.0,0.0,319.1587130264719,,,,,,,,,,,
7,137,propio,1,129.22826455171767,270.69265595315596,93.0,0.0,319.1587130264719,,,,,,,,,,,
7,138,propio,1,129.22826455171767,270.69265595315596,93.0,0.0,319.1587130264719,,,,,,,,,,,
7,139,propio,1,129.22826455171767,270.69265595315596,93.0,0.0,319.1587130264719,,,,,,,,,,,
7,139,rival,2,120.33823390885689,127.74383952988813,93.0,0.0,109.99265470541052,143.2249865129829,-52.71737194837624,,,,,,,,,
7,140,propio,1,129.22826455171767,270.69265595315596,93.0,0.0,319.1587130264719,,,,,,,,,,,
7,141,propio,1,129.22826455171767,270.69265595315596,93.0,0.0,319.1587130264719,,,,,,,,,,,
7,142,propio,1,129.22826455171767,270.69265595315596,93.0,0.0,319.1587130264719,,,,,,,,,,,
7,143,propio,1,129.22826455171767,270.69265595315596,93.0,0.0,319.1587130264719,,,,,,,,,,,
7,144,propio,1,129.22826455171767,270.69265595315596,93.0,0.0,319.1587130264719,,,,,,,,,,,
7,145,propio,1,129.22826455171767,270.69265595315596,93.0,0.0,319.1587130264719,,,,,,,,,,,
7,146,propio,1,129.22826455171767,270.69265595315596,93.0,0.0,319.1587130264719,,,,,,,,,,,
7,147,propio,1,129.22826455171767,270.69265595315596,93.0,0.0,319.1587130264719,,,,,,,,,,,
7,147,rival,2,120.33823390885689,127.74383952988813,92.0,0.0,109.99265470541052,143.2249865129829,-52.71737194837624,,,,,,,,,
7,148,propio,1,129.22826455171767,270.69265595315596,92.0,0.0,319.1587130264719,,,,,,,,,,,
7,148,disparo,1,129.22826455171767,270.69265595315596,92.0,,319.1587130264719,,,,1.0,,,,,,,
7,149,propio,1,129.22826455171767,270.69265595315596,92.0,0.0,319.1587130264719,,,,,,,,,,,
7,150,propio,1,129.22826455171767,270.69265595315596,92.0,0.0,319.1587130264719,,,,,,,,,,,
7,151,propio,1,129.22826455171767,270.69265595315596,92.0,0.0,319.1587130264719,,,,,,,,,,,
7,152,propio,1,129.22826455171767,270.69265595315596,92.0,0.0,319.1587130264719,,,,,,,,,,,
7,153,propio,1,129.22826455171767,270.69265595315596,92.0,0.0,319.1587130264719,,,,,,,,,,,
7,154,propio,1,129.22826455171767,270.69265595315596,92.0,0.0,319.1587130264719,,,,,,,,,,,
7,155,propio,1,129.22826455171767,270.69265595315596,92.0,0.0,319.1587130264719,,,,,,,,,,,
7,155,rival,2,120.33823390885689,127.74383952988813,92.0,0.0,109.99265470541052,143.2249865129829,-52.71737194837624,,,,,,,,,
7,156,propio,1,129.22826455171767,270.69265595315596,92.0,0.0,319.1587130264719,,,,,,,,,,,
7,157,propio,1,129.22826455171767,270.69265595315596,92.0,0.0,319.1587130264719,,,,,,,,,,,
7,158,propio,1,129.22826455171767,270.69265595315596,92.0,0.0,319.1587130264719,,,,,,,,,,,
7,159,propio,1,129.22826455171767,270.69265595315596,92.0,0.0,319.1587130264719,,,,,,,,,,,
7,160,propio,1,129.22826455171767,270.69265595315596,92.0,0.0,319.1587130264719,,,,,,,,,,,
7,161,propio,1,129.22826455171767,270.69265595315596,92.0,0.0,319.1587130264719,,,,,,,,,,,
7,162,propio,1,129.22826455171767,270.69265595315596,92.0,0.0,319.1587130264719,,,,,,,,,,,
7,163,propio,1,129.22826455171767,270.69265595315596,92.0,0.0,319.1587130264719,,,,,,,,,,,
7,163,rival,2,120.33823390885689,127.74383952988813,91.0,0.0,109.99265470541052,143.2249865129829,-52.71737194837624,,,,,,,,,
7,164,propio,1,129.22826455171767,270.69265595315596,91.0,0.0,319.1587130264719,,,,,,,,,,,
7,164,disparo,1,129.22826455171767,270.69265595315596,91.0,,319.1587130264719,,,,1.0,,,,,,,
7,165,propio,1,129.22826455171767,270.69265595315596,91.0,0.0,319.1587130264719,,,,,,,,,,,
7,166,propio,1,129.22826455171767,270.69265595315596,91.0,0.0,319.1587130264719,,,,,,,,,,,
7,167,propio,1,129.22826455171767,270.69265595315596,91.0,0.0,319.1587130264719,,,,,,,,,,,
7,168,propio,1,129.22826455171767,270.69265595315596,91.0,0.0,319.1587130264719,,,,,,,,,,,
7,169,propio,1,129.22826455171767,270.69265595315596,91.0,0.0,319.1587130264719,,,,,,,,,,,
7,170,propio,1,129.22826455171767,270.69265595315596,91.0,0.0,319.1587130264719,,,,,,,,,,,
7,171,propio,1,129.22826455171767,270.69265595315596,91.0,0.0,319.1587130264719,,,,,,,,,,,
7,171,rival,2,120.33823390885689,127.74383952988813,91.0,0.0,109.99265470541052,143.2249865129829,-52.71737194837624,,,,,,,,,
7,172,propio,1,129.22826455171767,270.69265595315596,91.0,0.0,319.1587130264719,,,,,,,,,,,
7,173,propio,1,129.22826455171767,270.69265595315596,91.0,0.0,319.1587130264719,,,,,,,,,,,
7,174,propio,1,129.22826455171767,270.69265595315596,91.0,0.0,319.1587130264719,,,,,,,,,,,
7,175,propio,1,129.22826455171767,270.69265595315596,91.0,0.0,319.1587130264719,,,,,,,,,,,
7,176,propio,1,129.22826455171767,270.69265595315596,91.0,0.0,319.1587130264719,,,,,,,,,,,
7,177,propio,1,129.22826455171767,270.69265595315596,91.0,0.0,319.1587130264719,,,,,,,,,,,
7,178,propio,1,129.22826455171767,270.69265595315596,91.0,0.0,319.1587130264719,,,,,,,,,,,
7,179,propio,1,129.22826455171767,270.69265595315596,91.0,0.0,319.1587130264719,,,,,,,,,,,
7,179,rival,2,120.33823390885689,127.74383952988813,90.0,0.0,109.99265470541052,143.2249865129829,-52.71737194837624,,,,,,,,,
7,180,propio,1,129.22826455171767,270.69265595315596,90.0,0.0,319.1587130264719,,,,,,,,,,,
7,180,disparo,1,129.22826455171767,270.69265595315596,90.0,,319.1587130264719,,,,1.0,,,,,,,
7,181,propio,1,129.22826455171767,270.69265595315596,90.0,0.0,319.1587130264719,,,,,,,,,,,
7,182,propio,1,129.22826455171767,270.69265595315596,90.0,0.0,319.1587130264719,,,,,,,,,,,
7,183,propio,1,129.22826455171767,270.69265595315596,90.0,0.0,319.1587130264719,,,,,,,,,,,
7,184,propio,1,129.22826455171767,270.69265595315596,90.0,0.0,319.1587130264719,,,,,,,,,,,
7,185,propio,1,129.22826455171767,270.69265595315596,90.0,0.0,319.1587130264719,,,,,,,,,,,
7,186,propio,1,129.22826455171767,270.69265595315596,90.0,0.0,319.1587130264719,,,,,,,,,,,
7,187,propio,1,129.22826455171767,270.69265595315596,90.0,0.0,319.1587130264719,,,,,,,,,,,
7,187,rival,2,120.33823390885689,127.74383952988813,90.0,0.0,109.99265470541052,143.2249865129829,-52.71737194837624,,,,,,,,,
7,188,propio,1,129.22826455171767,270.69265595315596,90.0,0.0,319.1587130264719,,,,,,,,,,,
7,189,propio,1,129.22826455171767,270.69265595315596,90.0,0.0,319.1587130264719,,,,,,,,,,,
7,190,propio,1,129.22826455171767,270.69265595315596,90.0,0.0,319.1587130264719,,,,,,,,,,,
7,191,propio,1,129.22826455171767,270.69265595315596,90.0,0.0,319.1587130264719,,,,,,,,,,,
7,192,propio,1,129.22826455171767,270.69265595315596,90.0,0.0,319.1587130264719,,,,,,,,,,,
7,193,propio,1,129.22826455171767,270.69265595315596,90.0,0.0,319.1587130264719,,,,,,,,,,,
7,194,propio,1,129.22826455171767,270.69265595315596,90.0,0.0,319.1587130264719,,,,,,,,,,,
7,195,propio,1,129.22826455171767,270.69265595315596,90.0,0.0,319.1587130264719,,,,,,,,,,,
7,195,rival,2,120.33823390885689,127.74383952988813,89.0,0.0,109.99265470541052,143.2249865129829,-52.71737194837624,,,,,,,,,
7,196,propio,1,129.22826455171767,270.69265595315596,89.0,0.0,319.1587130264719,,,,,,,,,,,
7,196,disparo,1,129.22826455171767,270.69265595315596,89.0,,319.1587130264719,,,,1.0,,,,,,,
7,197,propio,1,129.22826455171767,270.69265595315596,89.0,0.0,319.1587130264719,,,,,,,,,,,
7,198,propio,1,129.22826455171767,270.69265595315596,89.0,0.0,319.1587130264719,,,,,,,,,,,
7,199,propio,1,129.22826455171767,270.69265595315596,89.0,0.0,319.1587130264719,,,,,,,,,,,
7,200,propio,1,129.22826455171767,270.69265595315596,89.0,0.0,319.1587130264719,,,,,,,,,,,
7,201,propio,1,129.22826455171767,270.69265595315596,89.0,0.0,319.1587130264719,,,,,,,,,,,
7,202,propio,1,129.22826455171767,270.69265595315596,89.0,0.0,319.1587130264719,,,,,,,,,,,
7,203,propio,1,129.22826455171767,270.69265595315596,89.0,0.0,319.1587130264719,,,,,,,,,,,
7,203,rival,2,120.33823390885689,127.74383952988813,89.0,0.0,109.99265470541052,143.2249865129829,-52.71737194837624,,,,,,,,,
7,204,propio,1,129.22826455171767,270.69265595315596,89.0,0.0,319.1587130264719,,,,,,,,,,,
7,205,propio,1,129.22826455171767,270.69265595315596,89.0,0.0,319.1587130264719,,,,,,,,,,,
7,206,propio,1,129.22826455171767,270.69265595315596,89.0,0.0,319.1587130264719,,,,,,,,,,,
7,207,propio,1,129.22826455171767,270.69265595315596,89.0,0.0,319.1587130264719,,,,,,,,,,,
7,208,propio,1,129.22826455171767,270.69265595315596,89.0,0.0,319.1587130264719,,,,,,,,,,,
7,209,propio,1,129.22826455171767,270.69265595315596,89.0,0.0,319.1587130264719,,,,,,,,,,,
7,210,propio,1,129.22826455171767,270.69265595315596,89.0,0.0,319.1587130264719,,,,,,,,,,,
7,211,propio,1,129.22826455171767,270.69265595315596,89.0,0.0,319.1587130264719,,,,,,,,,,,
7,211,rival,2,120.33823390885689,127.74383952988813,88.0,0.0,109.99265470541052,143.2249865129829,-52.71737194837624,,,,,,,,,
7,212,propio,1,129.22826455171767,270.69265595315596,88.0,0.0,319.1587130264719,,,,,,,,,,,
7,212,disparo,1,129.22826455171767,270.69265595315596,88.0,,319.1587130264719,,,,1.0,,,,,,,
7,213,propio,1,129.22826455171767,270.69265595315596,88.0,0.0,319.1587130264719,,,,,,,,,,,
7,214,propio,1,129.22826455171767,270.69265595315596,88.0,0.0,319.1587130264719,,,,,,,,,,,
7,215,propio,1,129.22826455171767,270.69265595315596,88.0,0.0,319.1587130264719,,,,,,,,,,,
7,216,propio,1,129.22826455171767,270.69265595315596,88.0,0.0,319.1587130264719,,,,,,,,,,,
7,217,propio,1,129.22826455171767,270.69265595315596,88.0,0.0,319.1587130264719,,,,,,,,,,,
7,218,propio,1,129.22826455171767,270.69265595315596,88.0,0.0,319.1587130264719,,,,,,,,,,,
7,219,propio,1,129.22826455171767,270.69265595315596,88.0,0.0,319.1587130264719,,,,,,,,,,,
7,219,rival,2,120.33823390885689,127.74383952988813,88.0,0.0,109.99265470541052,143.2249865129829,-52.71737194837624,,,,,,,,,
7,220,propio,1,129.22826455171767,270.69265595315596,88.0,0.0,319.1587130264719,,,,,,,,,,,
7,221,propio,1,129.22826455171767,270.69265595315596,88.0,0.0,319.1587130264719,,,,,,,,,,,
7,222,propio,1,129.22826455171767,270.69265595315596,88.0,0.0,319.1587130264719,,,,,,,,,,,
7,223,propio,1,129.22826455171767,270.69265595315596,88.0,0.0,319.1587130264719,,,,,,,,,,,
7,224,propio,1,129.22826455171767,270.69265595315596,88.0,0.0,319.1587130264719,,,,,,,,,,,
7,225,propio,1,129.22826455171767,270.69265595315596,88.0,0.0,319.1587130264719,,,,,,,,,,,
7,226,propio,1,129.22826455171767,270.69265595315596,88.0,0.0,319.1587130264719,,,,,,,,,,,
7,227,propio,1,129.22826455171767,270.69265595315596,88.0,0.0,319.1587130264719,,,,,,,,,,,
7,227,rival,2,120.33823390885689,127.74383952988813,87.0,0.0,109.99265470541052,143.2249865129829,-52.71737194837624,,,,,,,,,
7,228,propio,1,129.22826455171767,270.69265595315596,87.0,0.0,319.1587130264719,,,,,,,,,,,
7,228,disparo,1,129.22826455171767,270.69265595315596,87.0,,319.1587130264719,,,,1.0,,,,,,,
7,229,propio,1,129.22826455171767,270.69265595315596,87.0,0.0,319.1587130264719,,,,,,,,,,,
7,230,propio,1,129.22826455171767,270.69265595315596,87.0,0.0,319.1587130264719,,,,,,,,,,,
7,231,propio,1,129.22826455171767,270.69265595315596,87.0,0.0,319.1587130264719,,,,,,,,,,,
7,232,propio,1,129.22826455171767,270.69265595315596,87.0,0.0,319.1587130264719,,,,,,,,,,,
7,233,propio,1,129.22826455171767,270.69265595315596,87.0,0.0,319.1587130264719,,,,,,,,,,,
7,234,propio,1,129.22826455171767,270.69265595315596,87.0,0.0,319.1587130264719,,,,,,,,,,,
7,235,propio,1,129.22826455171767,270.69265595315596,87.0,0.0,319.1587130264719,,,,,,,,,,,
7,235,rival,2,120.33823390885689,127.74383952988813,87.0,0.0,109.99265470541052,143.2249865129829,-52.71737194837624,,,,,,,,,
7,236,propio,1,129.22826455171767,270.69265595315596,87.0,0.0,319.1587130264719,,,,,,,,,,,
7,237,propio,1,129.22826455171767,270.69265595315596,87.0,0.0,319.1587130264719,,,,,,,,,,,
7,238,propio,1,129.22826455171767,270.69265595315596,87.0,0.0,319.1587130264719,,,,,,,,,,,
7,239,propio,1,129.22826455171767,270.69265595315596,87.0,0.0,319.1587130264719,,,,,,,,,,,
7,240,propio,1,129.22826455171767,270.69265595315596,87.0,0.0,319.1587130264719,,,,,,,,,,,
7,241,propio,1,129.22826455171767,270.69265595315596,87.0,0.0,319.1587130264719,,,,,,,,,,,
7,242,propio,1,129.22826455171767,270.69265595315596,87.0,0.0,319.1587130264719,,,,,,,,,,,
7,243,propio,1,129.22826455171767,270.69265595315596,87.0,0.0,319.1587130264719,,,,,,,,,,,
7,243,rival,2,120.33823390885689,127.74383952988813,86.0,0.0,109.99265470541052,143.2249865129829,-52.71737194837624,,,,,,,,,
7,244,propio,1,129.22826455171767,270.69265595315596,86.0,0.0,319.1587130264719,,,,,,,,,,,
7,244,disparo,1,129.22826455171767,270.69265595315596,86.0,,319.1587130264719,,,,1.0,,,,,,,
7,245,propio,1,129.22826455171767,270.69265595315596,86.0,0.0,319.1587130264719,,,,,,,,,,,
7,246,propio,1,129.22826455171767,270.69265595315596,86.0,0.0,319.1587130264719,,,,,,,,,,,
7,247,propio,1,129.22826455171767,270.69265595315596,86.0,0.0,319.1587130264719,,,,,,,,,,,
7,248,propio,1,129.22826455171767,270.69265595315596,86.0,0.0,319.1587130264719,,,,,,,,,,,
7,249,propio,1,129.22826455171767,270.69265595315596,86.0,0.0,319.1587130264719,,,,,,,,,,,
7,250,propio,1,129.22826455171767,270.69265595315596,86.0,0.0,319.1587130264719,,,,,,,,,,,
7,251,propio,1,129.22826455171767,270.69265595315596,86.0,0.0,319.1587130264719,,,,,,,,,,,
7,251,rival,2,120.33823390885689,127.74383952988813,86.0,0.0,109.99265470541052,143.2249865129829,-52.71737194837624,,,,,,,,,
7,252,propio,1,129.22826455171767,270.69265595315596,86.0,0.0,319.1587130264719,,,,,,,,,,,
7,253,propio,1,129.22826455171767,270.69265595315596,86.0,0.0,319.1587130264719,,,,,,,,,,,
7,254,propio,1,129.22826455171767,270.69265595315596,86.0,0.0,319.1587130264719,,,,,,,,,,,
7,255,propio,1,129.22826455171767,270.69265595315596,86.0,0.0,319.1587130264719,,,,,,,,,,,
7,256,propio,1,129.22826455171767,270.69265595315596,86.0,0.0,319.1587130264719,,,,,,,,,,,
7,257,propio,1,129.22826455171767,270.69265595315596,86.0,0.0,319.1587130264719,,,,,,,,,,,
7,258,propio,1,129.22826455171767,270.69265595315596,86.0,0.0,319.1587130264719,,,,,,,,,,,
7,259,propio,1,129.22826455171767,270.69265595315596,86.0,0.0,319.1587130264719,,,,,,,,,,,
7,259,rival,2,120.33823390885689,127.74383952988813,85.0,0.0,109.99265470541052,143.2249865129829,-52.71737194837624,,,,,,,,,
7,260,propio,1,129.22826455171767,270.69265595315596,85.0,0.0,319.1587130264719,,,,,,,,,,,
7,260,disparo,1,129.22826455171767,270.69265595315596,85.0,,319.1587130264719,,,,1.0,,,,,,,
7,261,propio,1,129.22826455171767,270.69265595315596,85.0,0.0,319.1587130264719,,,,,,,,,,,
7,262,propio,1,129.22826455171767,270.69265595315596,85.0,0.0,319.1587130264719,,,,,,,,,,,
7,263,propio,1,129.22826455171767,270.69265595315596,85.0,0.0,319.1587130264719,,,,,,,,,,,
7,264,propio,1,129.22826455171767,270.69265595315596,85.0,0.0,319.1587130264719,,,,,,,,,,,
7,265,propio,1,129.22826455171767,270.69265595315596,85.0,0.0,319.1587130264719,,,,,,,,,,,
7,266,propio,1,129.22826455171767,270.69265595315596,85.0,0.0,319.1587130264719,,,,,,,,,,,
7,267,propio,1,129.22826455171767,270.69265595315596,85.0,0.0,319.1587130264719,,,,,,,,,,,
7,267,rival,2,120.33823390885689,127.74383952988813,85.0,0.0,109.99265470541052,143.2249865129829,-52.71737194837624,,,,,,,,,
7,268,propio,1,129.22826455171767,270.69265595315596,85.0,0.0,319.1587130264719,,,,,,,,,,,
7,269,propio,1,129.22826455171767,270.69265595315596,85.0,0.0,319.1587130264719,,,,,,,,,,,
7,270,propio,1,129.22826455171767,270.69265595315596,85.0,0.0,319.1587130264719,,,,,,,,,,,
7,271,propio,1,129.22826455171767,270.69265595315596,85.0,0.0,319.1587130264719,,,,,,,,,,,
7,272,propio,1,129.22826455171767,270.69265595315596,85.0,0.0,319.1587130264719,,,,,,,,,,,
7,273,propio,1,129.22826455171767,270.69265595315596,85.0,0.0,319.1587130264719,,,,,,,,,,,
7,274,propio,1,129.22826455171767,270.69265595315596,85.0,0.0,319.1587130264719,,,,,,,,,,,
7,275,propio,1,129.22826455171767,270.69265595315596,85.0,0.0,319.1587130264719,,,,,,,,,,,
7,275,rival,2,120.33823390885689,127.74383952988813,84.0,0.0,109.99265470541052,143.2249865129829,-52.71737194837624,,,,,,,,,
7,276,propio,1,129.22826455171767,270.69265595315596,84.0,0.0,319.1587130264719,,,,,,,,,,,
7,276,disparo,1,129.22826455171767,270.69265595315596,84.0,,319.1587130264719,,,,1.0,,,,,,,
7,277,propio,1,129.22826455171767,270.69265595315596,84.0,0.0,319.1587130264719,,,,,,,,,,,
7,278,propio,1,129.22826455171767,270.69265595315596,84.0,0.0,319.1587130264719,,,,,,,,,,,
7,279,propio,1,129.22826455171767,270.69265595315596,84.0,0.0,319.1587130264719,,,,,,,,,,,
7,280,propio,1,129.22826455171767,270.69265595315596,84.0,0.0,319.1587130264719,,,,,,,,,,,
7,281,propio,1,129.22826455171767,270.69265595315596,84.0,0.0,319.1587130264719,,,,,,,,,,,
7,282,propio,1,129.22826455171767,270.69265595315596,84.0,0.0,319.1587130264719,,,,,,,,,,,
7,283,propio,1,129.22826455171767,270.69265595315596,84.0,0.0,319.1587130264719,,,,,,,,,,,
7,283,rival,2,120.33823390885689,127.74383952988813,84.0,0.0,109.99265470541052,143.2249865129829,-52.71737194837624,,,,,,,,,
7,284,propio,1,129.22826455171767,270.69265595315596,84.0,0.0,319.1587130264719,,,,,,,,,,,
7,285,propio,1,129.22826455171767,270.69265595315596,84.0,0.0,319.1587130264719,,,,,,,,,,,
7,286,propio,1,129.22826455171767,270.69265595315596,84.0,0.0,319.1587130264719,,,,,,,,,,,
7,287,propio,1,129.22826455171767,270.69265595315596,84.0,0.0,319.1587130264719,,,,,,,,,,,
7,288,propio,1,129.22826455171767,270.69265595315596,84.0,0.0,319.1587130264719,,,,,,,,,,,
7,289,propio,1,129.22826455171767,270.69265595315596,84.0,0.0,319.1587130264719,,,,,,,,,,,
7,290,propio,1,129.22826455171767,270.69265595315596,84.0,0.0,319.1587130264719,,,,,,,,,,,
7,291,propio,1,129.22826455171767,270.69265595315596,84.0,0.0,319.1587130264719,,,,,,,,,,,
7,291,rival,2,120.33823390885689,127.74383952988813,83.0,0.0,109.99265470541052,143.2249865129829,-52.71737194837624,,,,,,,,,
7,292,propio,1,129.22826455171767,270.69265595315596,83.0,0.0,319.1587130264719,,,,,,,,,,,
7,292,disparo,1,129.22826455171767,270.69265595315596,83.0,,319.1587130264719,,,,1.0,,,,,,,
7,293,propio,1,129.22826455171767,270.69265595315596,83.0,0.0,319.1587130264719,,,,,,,,,,,
7,294,propio,1,129.22826455171767,270.69265595315596,83.0,0.0,319.1587130264719,,,,,,,,,,,
7,295,propio,1,129.22826455171767,270.69265595315596,83.0,0.0,319.1587130264719,,,,,,,,,,,
7,296,propio,1,129.22826455171767,270.69265595315596,83.0,0.0,319.1587130264719,,,,,,,,,,,
7,297,propio,1,129.22826455171767,270.69265595315596,83.0,0.0,319.1587130264719,,,,,,,,,,,
7,298,propio,1,129.22826455171767,270.69265595315596,83.0,0.0,319.1587130264719,,,,,,,,,,,
7,299,propio,1,129.22826455171767,270.69265595315596,83.0,0.0,319.1587130264719,,,,,,,,,,,
7,299,rival,2,120.33823390885689,127.74383952988813,83.0,0.0,109.99265470541052,143.2249865129829,-52.71737194837624,,,,,,,,,
7,300,propio,1,129.22826455171767,270.69265595315596,83.0,0.0,319.1587130264719,,,,,,,,,,,
7,301,propio,1,129.22826455171767,270.69265595315596,83.0,0.0,319.1587130264719,,,,,,,,,,,
7,302,propio,1,129.22826455171767,270.69265595315596,83.0,0.0,319.1587130264719,,,,,,,,,,,
7,303,propio,1,129.22826455171767,270.69265595315596,83.0,0.0,319.1587130264719,,,,,,,,,,,
7,304,propio,1,129.22826455171767,270.69265595315596,83.0,0.0,319.1587130264719,,,,,,,,,,,
7,305,propio,1,129.22826455171767,270.69265595315596,83.0,0.0,319.1587130264719,,,,,,,,,,,
7,306,propio,1,129.22826455171767,270.69265595315596,83.0,0.0,319.1587130264719,,,,,,,,,,,
7,307,propio,1,129.22826455171767,270.69265595315596,83.0,0.0,319.1587130264719,,,,,,,,,,,
7,307,rival,2,120.33823390885689,127.74383952988813,82.0,0.0,109.99265470541052,143.2249865129829,-52.71737194837624,,,,,,,,,
7,308,propio,1,129.22826455171767,270.69265595315596,82.0,0.0,319.1587130264719,,,,,,,,,,,
7,308,disparo,1,129.22826455171767,270.69265595315596,82.0,,319.1587130264719,,,,1.0,,,,,,,
7,309,propio,1,129.22826455171767,270.69265595315596,82.0,0.0,319.1587130264719,,,,,,,,,,,
7,310,propio,1,129.22826455171767,270.69265595315596,82.0,0.0,319.1587130264719,,,,,,,,,,,
7,311,propio,1,129.22826455171767,270.69265595315596,82.0,0.0,319.1587130264719,,,,,,,,,,,
7,312,propio,1,129.22826455171767,270.69265595315596,82.0,0.0,319.1587130264719,,,,,,,,,,,
7,313,propio,1,129.22826455171767,270.69265595315596,82.0,0.0,319.1587130264719,,,,,,,,,,,
7,314,propio,1,129.22826455171767,270.69265595315596,82.0,0.0,319.1587130264719,,,,,,,,,,,
7,315,propio,1,129.22826455171767,270.69265595315596,82.0,0.0,319.1587130264719,,,,,,,,,,,
7,315,rival,2,120.33823390885689,127.74383952988813,82.0,0.0,109.99265470541052,143.2249865129829,-52.71737194837624,,,,,,,,,
7,316,propio,1,129.22826455171767,270.69265595315596,82.0,0.0,319.1587130264719,,,,,,,,,,,
7,317,propio,1,129.22826455171767,270.69265595315596,82.0,0.0,319.1587130264719,,,,,,,,,,,
7,318,propio,1,129.22826455171767,270.69265595315596,82.0,0.0,319.1587130264719,,,,,,,,,,,
7,319,propio,1,129.22826455171767,270.69265595315596,82.0,0.0,319.1587130264719,,,,,,,,,,,
7,320,propio,1,129.22826455171767,270.69265595315596,82.0,0.0,319.1587130264719,,,,,,,,,,,
7,321,propio,1,129.22826455171767,270.69265595315596,82.0,0.0,319.1587130264719,,,,,,,,,,,
7,322,propio,1,129.22826455171767,270.69265595315596,82.0,0.0,319.1587130264719,,,,,,,,,,,
7,323,propio,1,129.22826455171767,270.69265595315596,82.0,0.0,319.1587130264719,,,,,,,,,,,
7,323,rival,2,120.33823390885689,127.74383952988813,81.0,0.0,109.99265470541052,143.2249865129829,-52.71737194837624,,,,,,,,,
7,324,propio,1,129.22826455171767,270.69265595315596,81.0,0.0,319.1587130264719,,,,,,,,,,,
7,324,disparo,1,129.22826455171767,270.69265595315596,81.0,,319.1587130264719,,,,1.0,,,,,,,
7,325,propio,1,129.22826455171767,270.69265595315596,81.0,0.0,319.1587130264719,,,,,,,,,,,
7,326,propio,1,129.22826455171767,270.69265595315596,81.0,0.0,319.1587130264719,,,,,,,,,,,
7,327,propio,1,129.22826455171767,270.69265595315596,81.0,0.0,319.1587130264719,,,,,,,,,,,
7,328,propio,1,129.22826455171767,270.69265595315596,81.0,0.0,319.1587130264719,,,,,,,,,,,
7,329,propio,1,129.22826455171767,270.69265595315596,81.0,0.0,319.1587130264719,,,,,,,,,,,
7,330,propio,1,129.22826455171767,270.69265595315596,81.0,0.0,319.1587130264719,,,,,,,,,,,
7,331,propio,1,129.22826455171767,270.69265595315596,81.0,0.0,319.1587130264719,,,,,,,,,,,
7,331,rival,2,120.33823390885689,127.74383952988813,81.0,0.0,109.99265470541052,143.2249865129829,-52.71737194837624,,,,,,,,,
7,332,propio,1,129.22826455171767,270.69265595315596,81.0,0.0,319.1587130264719,,,,,,,,,,,
7,333,propio,1,129.22826455171767,270.69265595315596,81.0,0.0,319.1587130264719,,,,,,,,,,,
7,334,propio,1,129.22826455171767,270.69265595315596,81.0,0.0,319.1587130264719,,,,,,,,,,,
7,335,propio,1,129.22826455171767,270.69265595315596,81.0,0.0,319.1587130264719,,,,,,,,,,,
7,336,propio,1,129.22826455171767,270.69265595315596,81.0,0.0,319.1587130264719,,,,,,,,,,,
7,337,propio,1,129.22826455171767,270.69265595315596,81.0,0.0,319.1587130264719,,,,,,,,,,,
7,338,propio,1,129.22826455171767,270.69265595315596,81.0,0.0,319.1587130264719,,,,,,,,,,,
7,339,propio,1,129.22826455171767,270.69265595315596,81.0,0.0,319.1587130264719,,,,,,,,,,,
7,339,rival,2,120.33823390885689,127.74383952988813,80.0,0.0,109.99265470541052,143.2249865129829,-52.71737194837624,,,,,,,,,
7,340,propio,1,129.22826455171767,270.69265595315596,80.0,0.0,319.1587130264719,,,,,,,,,,,
7,340,disparo,1,129.22826455171767,270.69265595315596,80.0,,319.1587130264719,,,,1.0,,,,,,,
7,341,propio,1,129.22826455171767,270.69265595315596,80.0,0.0,319.1587130264719,,,,,,,,,,,
7,342,propio,1,129.22826455171767,270.69265595315596,80.0,0.0,319.1587130264719,,,,,,,,,,,
7,343,propio,1,129.22826455171767,270.69265595315596,80.0,0.0,319.1587130264719,,,,,,,,,,,
7,344,propio,1,129.22826455171767,270.69265595315596,80.0,0.0,319.1587130264719,,,,,,,,,,,
7,345,propio,1,129.22826455171767,270.69265595315596,80.0,0.0,319.1587130264719,,,,,,,,,,,
7,346,propio,1,129.22826455171767,270.69265595315596,80.0,0.0,319.1587130264719,,,,,,,,,,,
7,347,propio,1,129.22826455171767,270.69265595315596,80.0,0.0,319.1587130264719,,,,,,,,,,,
7,347,rival,2,120.33823390885689,127.74383952988813,80.0,0.0,109.99265470541052,143.2249865129829,-52.71737194837624,,,,,,,,,
7,348,propio,1,129.22826455171767,270.69265595315596,80.0,0.0,319.1587130264719,,,,,,,,,,,
7,349,propio,1,129.22826455171767,270.69265595315596,80.0,0.0,319.1587130264719,,,,,,,,,,,
7,350,propio,1,129.22826455171767,270.69265595315596,80.0,0.0,319.1587130264719,,,,,,,,,,,
7,351,propio,1,129.22826455171767,270.69265595315596,80.0,0.0,319.1587130264719,,,,,,,,,,,
7,352,propio,1,129.22826455171767,270.69265595315596,80.0,0.0,319.1587130264719,,,,,,,,,,,
7,353,propio,1,129.22826455171767,270.69265595315596,80.0,0.0,319.1587130264719,,,,,,,,,,,
7,354,propio,1,129.22826455171767,270.69265595315596,80.0,0.0,319.1587130264719,,,,,,,,,,,
7,355,propio,1,129.22826455171767,270.69265595315596,80.0,0.0,319.1587130264719,,,,,,,,,,,
7,355,rival,2,120.33823390885689,127.74383952988813,79.0,0.0,109.99265470541052,143.2249865129829,-52.71737194837624,,,,,,,,,
7,356,propio,1,129.22826455171767,270.69265595315596,79.0,0.0,319.1587130264719,,,,,,,,,,,
7,356,disparo,1,129.22826455171767,270.69265595315596,79.0,,319.1587130264719,,,,1.0,,,,,,,
7,357,propio,1,129.22826455171767,270.69265595315596,79.0,0.0,319.1587130264719,,,,,,,,,,,
7,358,propio,1,129.22826455171767,270.69265595315596,79.0,0.0,319.1587130264719,,,,,,,,,,,
7,359,propio,1,129.22826455171767,270.69265595315596,79.0,0.0,319.1587130264719,,,,,,,,,,,
7,360,propio,1,129.22826455171767,270.69265595315596,79.0,0.0,319.1587130264719,,,,,,,,,,,
7,361,propio,1,129.22826455171767,270.69265595315596,79.0,0.0,319.1587130264719,,,,,,,,,,,
7,362,propio,1,129.22826455171767,270.69265595315596,79.0,0.0,319.1587130264719,,,,,,,,,,,
7,363,propio,1,129.22826455171767,270.69265595315596,79.0,0.0,319.1587130264719,,,,,,,,,,,
7,363,rival,2,120.33823390885689,127.74383952988813,79.0,0.0,109.99265470541052,143.2249865129829,-52.71737194837624,,,,,,,,,
7,364,propio,1,129.22826455171767,270.69265595315596,79.0,0.0,319.1587130264719,,,,,,,,,,,
7,365,propio,1,129.22826455171767,270.69265595315596,79.0,0.0,319.1587130264719,,,,,,,,,,,
7,366,propio,1,129.22826455171767,270.69265595315596,79.0,0.0,319.1587130264719,,,,,,,,,,,
7,367,propio,1,129.22826455171767,270.69265595315596,79.0,0.0,319.1587130264719,,,,,,,,,,,
7,368,propio,1,129.22826455171767,270.69265595315596,79.0,0.0,319.1587130264719,,,,,,,,,,,
7,369,propio,1,129.22826455171767,270.69265595315596,79.0,0.0,319.1587130264719,,,,,,,,,,,
7,370,propio,1,129.22826455171767,270.69265595315596,79.0,0.0,319.1587130264719,,,,,,,,,,,
7,371,propio,1,129.22826455171767,270.69265595315596,79.0,0.0,319.1587130264719,,,,,,,,,,,
7,371,rival,2,120.33823390885689,127.74383952988813,78.0,0.0,109.99265470541052,143.2249865129829,-52.71737194837624,,,,,,,,,
7,372,propio,1,129.22826455171767,270.69265595315596,78.0,0.0,319.1587130264719,,,,,,,,,,,
7,372,disparo,1,129.22826455171767,270.69265595315596,78.0,,319.1587130264719,,,,1.0,,,,,,,
7,373,propio,1,129.22826455171767,270.69265595315596,78.0,0.0,319.1587130264719,,,,,,,,,,,
7,374,propio,1,129.22826455171767,270.69265595315596,78.0,0.0,319.1587130264719,,,,,,,,,,,
7,375,propio,1,129.22826455171767,270.69265595315596,78.0,0.0,319.1587130264719,,,,,,,,,,,
7,376,propio,1,129.22826455171767,270.69265595315596,78.0,0.0,319.1587130264719,,,,,,,,,,,
7,377,propio,1,129.22826455171767,270.69265595315596,78.0,0.0,319.1587130264719,,,,,,,,,,,
7,378,propio,1,129.22826455171767,270.69265595315596,78.0,0.0,319.1587130264719,,,,,,,,,,,
7,379,propio,1,129.22826455171767,270.69265595315596,78.0,0.0,319.1587130264719,,,,,,,,,,,
7,379,rival,2,120.33823390885689,127.74383952988813,78.0,0.0,109.99265470541052,143.2249865129829,-52.71737194837624,,,,,,,,,
7,380,propio,1,129.22826455171767,270.69265595315596,78.0,0.0,319.1587130264719,,,,,,,,,,,
7,381,propio,1,129.22826455171767,270.69265595315596,78.0,0.0,319.1587130264719,,,,,,,,,,,
7,382,propio,1,129.22826455171767,270.69265595315596,78.0,0.0,319.1587130264719,,,,,,,,,,,
7,383,propio,1,129.22826455171767,270.69265595315596,78.0,0.0,319.1587130264719,,,,,,,,,,,
7,384,propio,1,129.22826455171767,270.69265595315596,78.0,0.0,319.1587130264719,,,,,,,,,,,
7,385,propio,1,129.22826455171767,270.69265595315596,78.0,0.0,319.1587130264719,,,,,,,,,,,
7,386,propio,1,129.22826455171767,270.69265595315596,78.0,0.0,319.1587130264719,,,,,,,,,,,
7,387,propio,1,129.22826455171767,270.69265595315596,78.0,0.0,319.1587130264719,,,,,,,,,,,
7,387,rival,2,120.33823390885689,127.74383952988813,77.0,0.0,109.99265470541052,143.2249865129829,-52.71737194837624,,,,,,,,,
7,388,propio,1,129.22826455171767,270.69265595315596,77.0,0.0,319.1587130264719,,,,,,,,,,,
7,388,disparo,1,129.22826455171767,270.69265595315596,77.0,,319.1587130264719,,,,1.0,,,,,,,
7,389,propio,1,129.22826455171767,270.69265595315596,77.0,0.0,319.1587130264719,,,,,,,,,,,
7,390,propio,1,129.22826455171767,270.69265595315596,77.0,0.0,319.1587130264719,,,,,,,,,,,
7,391,propio,1,129.22826455171767,270.69265595315596,77.0,0.0,319.1587130264719,,,,,,,,,,,
7,392,propio,1,129.22826455171767,270.69265595315596,77.0,0.0,319.1587130264719,,,,,,,,,,,
7,393,propio,1,129.22826455171767,270.69265595315596,77.0,0.0,319.1587130264719,,,,,,,,,,,
7,394,propio,1,129.22826455171767,270.69265595315596,77.0,0.0,319.1587130264719,,,,,,,,,,,
7,395,propio,1,129.22826455171767,270.69265595315596,77.0,0.0,319.1587130264719,,,,,,,,,,,
7,395,rival,2,120.33823390885689,127.74383952988813,77.0,0.0,109.99265470541052,143.2249865129829,-52.71737194837624,,,,,,,,,
7,396,propio,1,129.22826455171767,270.69265595315596,77.0,0.0,319.1587130264719,,,,,,,,,,,
7,397,propio,1,129.22826455171767,270.69265595315596,77.0,0.0,319.1587130264719,,,,,,,,,,,
7,398,propio,1,129.22826455171767,270.69265595315596,77.0,0.0,319.1587130264719,,,,,,,,,,,
7,399,propio,1,129.22826455171767,270.69265595315596,77.0,0.0,319.1587130264719,,,,,,,,,,,
7,400,propio,1,129.22826455171767,270.69265595315596,77.0,0.0,319.1587130264719,,,,,,,,,,,
7,401,propio,1,129.22826455171767,270.69265595315596,77.0,0.0,319.1587130264719,,,,,,,,,,,
7,402,propio,1,129.22826455171767,270.69265595315596,77.0,0.0,319.1587130264719,,,,,,,,,,,
7,403,propio,1,129.22826455171767,270.69265595315596,77.0,0.0,319.1587130264719,,,,,,,,,,,
7,403,rival,2,120.33823390885689,127.74383952988813,76.0,0.0,109.99265470541052,143.2249865129829,-52.71737194837624,,,,,,,,,
7,404,propio,1,129.22826455171767,270.69265595315596,76.0,0.0,319.1587130264719,,,,,,,,,,,
7,404,disparo,1,129.22826455171767,270.69265595315596,76.0,,319.1587130264719,,,,1.0,,,,,,,
7,405,propio,1,129.22826455171767,270.69265595315596,76.0,0.0,319.1587130264719,,,,,,,,,,,
7,406,propio,1,129.22826455171767,270.69265595315596,76.0,0.0,319.1587130264719,,,,,,,,,,,
7,407,propio,1,129.22826455171767,270.69265595315596,76.0,0.0,319.1587130264719,,,,,,,,,,,
7,408,propio,1,129.22826455171767,270.69265595315596,76.0,0.0,319.1587130264719,,,,,,,,,,,
7,409,propio,1,129.22826455171767,270.69265595315596,76.0,0.0,319.1587130264719,,,,,,,,,,,
7,410,propio,1,129.22826455171767,270.69265595315596,76.0,0.0,319.1587130264719,,,,,,,,,,,
7,411,propio,1,129.22826455171767,270.69265595315596,76.0,0.0,319.1587130264719,,,,,,,,,,,
7,411,rival,2,120.33823390885689,127.74383952988813,76.0,0.0,109.99265470541052,143.2249865129829,-52.71737194837624,,,,,,,,,
7,412,propio,1,129.22826455171767,270.69265595315596,76.0,0.0,319.1587130264719,,,,,,,,,,,
7,413,propio,1,129.22826455171767,270.69265595315596,76.0,0.0,319.1587130264719,,,,,,,,,,,
7,414,propio,1,129.22826455171767,270.69265595315596,76.0,0.0,319.1587130264719,,,,,,,,,,,
7,415,propio,1,129.22826455171767,270.69265595315596,76.0,0.0,319.1587130264719,,,,,,,,,,,
7,416,propio,1,129.22826455171767,270.69265595315596,76.0,0.0,319.1587130264719,,,,,,,,,,,
7,417,propio,1,129.22826455171767,270.69265595315596,76.0,0.0,319.1587130264719,,,,,,,,,,,
7,418,propio,1,129.22826455171767,270.69265595315596,76.0,0.0,319.1587130264719,,,,,,,,,,,
7,419,propio,1,129.22826455171767,270.69265595315596,76.0,0.0,319.1587130264719,,,,,,,,,,,
7,419,rival,2,120.33823390885689,127.74383952988813,75.0,0.0,109.99265470541052,143.2249865129829,-52.71737194837624,,,,,,,,,
7,420,propio,1,129.22826455171767,270.69265595315596,75.0,0.0,319.1587130264719,,,,,,,,,,,
7,420,disparo,1,129.22826455171767,270.69265595315596,75.0,,319.1587130264719,,,,1.0,,,,,,,
7,421,propio,1,129.22826455171767,270.69265595315596,75.0,0.0,319.1587130264719,,,,,,,,,,,
7,422,propio,1,129.22826455171767,270.69265595315596,75.0,0.0,319.1587130264719,,,,,,,,,,,
7,423,propio,1,129.22826455171767,270.69265595315596,75.0,0.0,319.1587130264719,,,,,,,,,,,
7,424,propio,1,129.22826455171767,270.69265595315596,75.0,0.0,319.1587130264719,,,,,,,,,,,
7,425,propio,1,129.22826455171767,270.69265595315596,75.0,0.0,319.1587130264719,,,,,,,,,,,
7,426,propio,1,129.22826455171767,270.69265595315596,75.0,0.0,319.1587130264719,,,,,,,,,,,
7,427,propio,1,129.22826455171767,270.69265595315596,75.0,0.0,319.1587130264719,,,,,,,,,,,
7,427,rival,2,120.33823390885689,127.74383952988813,75.0,0.0,109.99265470541052,143.2249865129829,-52.71737194837624,,,,,,,,,
7,428,propio,1,129.22826455171767,270.69265595315596,75.0,0.0,319.1587130264719,,,,,,,,,,,
7,429,propio,1,129.22826455171767,270.69265595315596,75.0,0.0,319.1587130264719,,,,,,,,,,,
7,430,propio,1,129.22826455171767,270.69265595315596,75.0,0.0,319.1587130264719,,,,,,,,,,,
7,431,propio,1,129.22826455171767,270.69265595315596,75.0,0.0,319.1587130264719,,,,,,,,,,,
7,432,propio,1,129.22826455171767,270.69265595315596,75.0,0.0,319.1587130264719,,,,,,,,,,,
7,433,propio,1,129.22826455171767,270.69265595315596,75.0,0.0,319.1587130264719,,,,,,,,,,,
7,434,propio,1,129.22826455171767,270.69265595315596,75.0,0.0,319.1587130264719,,,,,,,,,,,
7,435,propio,1,129.22826455171767,270.69265595315596,75.0,0.0,319.1587130264719,,,,,,,,,,,
7,435,rival,2,120.33823390885689,127.74383952988813,74.0,0.0,109.99265470541052,143.2249865129829,-52.71737194837624,,,,,,,,,
7,436,propio,1,129.22826455171767,270.69265595315596,74.0,0.0,319.1587130264719,,,,,,,,,,,
7,436,disparo,1,129.22826455171767,270.69265595315596,74.0,,319.1587130264719,,,,1.0,,,,,,,
7,437,propio,1,129.22826455171767,270.69265595315596,74.0,0.0,319.1587130264719,,,,,,,,,,,
7,438,propio,1,129.22826455171767,270.69265595315596,74.0,0.0,319.1587130264719,,,,,,,,,,,
7,439,propio,1,129.22826455171767,270.69265595315596,74.0,0.0,319.1587130264719,,,,,,,,,,,
7,440,propio,1,129.22826455171767,270.69265595315596,74.0,0.0,319.1587130264719,,,,,,,,,,,
7,441,propio,1,129.22826455171767,270.69265595315596,74.0,0.0,319.1587130264719,,,,,,,,,,,
7,442,propio,1,129.22826455171767,270.69265595315596,74.0,0.0,319.1587130264719,,,,,,,,,,,
7,443,propio,1,129.22826455171767,270.69265595315596,74.0,0.0,319.1587130264719,,,,,,,,,,,
7,443,rival,2,120.33823390885689,127.74383952988813,74.0,0.0,109.99265470541052,143.2249865129829,-52.71737194837624,,,,,,,,,
7,444,propio,1,129.22826455171767,270.69265595315596,74.0,0.0,319.1587130264719,,,,,,,,,,,
7,445,propio,1,129.22826455171767,270.69265595315596,74.0,0.0,319.1587130264719,,,,,,,,,,,
7,446,propio,1,129.22826455171767,270.69265595315596,74.0,0.0,319.1587130264719,,,,,,,,,,,
7,447,propio,1,129.22826455171767,270.69265595315596,74.0,0.0,319.1587130264719,,,,,,,,,,,
7,448,propio,1,129.22826455171767,270.69265595315596,74.0,0.0,319.1587130264719,,,,,,,,,,,
7,449,propio,1,129.22826455171767,270.69265595315596,74.0,0.0,319.1587130264719,,,,,,,,,,,
7,450,propio,1,129.22826455171767,270.69265595315596,74.0,0.0,319.1587130264719,,,,,,,,,,,
7,451,propio,1,129.22826455171767,270.69265595315596,74.0,0.0,319.1587130264719,,,,,,,,,,,
7,451,rival,2,120.33823390885689,127.74383952988813,73.0,0.0,109.99265470541052,143.2249865129829,-52.71737194837624,,,,,,,,,
7,452,propio,1,129.22826455171767,270.69265595315596,72.9,0.0,319.1587130264719,,,,,,,,,,,
7,452,disparo,1,129.22826455171767,270.69265595315596,72.9,,319.1587130264719,,,,1.0,,,,,,,
7,453,propio,1,129.22826455171767,270.69265595315596,72.80000000000001,0.0,319.1587130264719,,,,,,,,,,,
7,454,propio,1,129.22826455171767,270.69265595315596,72.70000000000002,0.0,319.1587130264719,,,,,,,,,,,
7,455,propio,1,129.22826455171767,270.69265595315596,72.60000000000002,0.0,319.1587130264719,,,,,,,,,,,
7,456,propio,1,129.22826455171767,270.69265595315596,72.50000000000003,0.0,319.1587130264719,,,,,,,,,,,
7,457,propio,1,129.22826455171767,270.69265595315596,72.40000000000003,0.0,319.1587130264719,,,,,,,,,,,
7,458,propio,1,129.22826455171767,270.69265595315596,72.30000000000004,0.0,319.1587130264719,,,,,,,,,,,
7,459,propio,1,129.22826455171767,270.69265595315596,72.20000000000005,0.0,319.1587130264719,,,,,,,,,,,
7,459,rival,2,120.33823390885689,127.74383952988813,72.30000000000004,0.0,109.99265470541052,143.2249865129829,-52.71737194837624,,,,,,,,,
7,460,propio,1,129.22826455171767,270.69265595315596,72.10000000000005,0.0,319.1587130264719,,,,,,,,,,,
7,461,propio,1,129.22826455171767,270.69265595315596,72.00000000000006,0.0,319.1587130264719,,,,,,,,,,,
7,462,propio,1,129.22826455171767,270.69265595315596,71.90000000000006,0.0,319.1587130264719,,,,,,,,,,,
7,463,propio,1,129.22826455171767,270.69265595315596,71.80000000000007,0.0,319.1587130264719,,,,,,,,,,,
7,464,propio,1,129.22826455171767,270.69265595315596,71.70000000000007,0.0,319.1587130264719,,,,,,,,,,,
7,465,propio,1,129.22826455171767,270.69265595315596,71.60000000000008,0.0,319.1587130264719,,,,,,,,,,,
7,466,propio,1,129.22826455171767,270.69265595315596,71.50000000000009,0.0,319.1587130264719,,,,,,,,,,,
7,467,propio,1,129.22826455171767,270.69265595315596,71.40000000000009,0.0,319.1587130264719,,,,,,,,,,,
7,467,rival,2,120.33823390885689,127.74383952988813,70.50000000000009,0.0,109.99265470541052,143.2249865129829,-52.71737194837624,,,,,,,,,
7,468,propio,1,129.22826455171767,270.69265595315596,70.3000000000001,0.0,319.1587130264719,,,,,,,,,,,
7,468,disparo,1,129.22826455171767,270.69265595315596,70.3000000000001,,319.1587130264719,,,,1.0,,,,,,,
7,469,propio,1,129.22826455171767,270.69265595315596,70.2000000000001,0.0,319.1587130264719,,,,,,,,,,,
7,470,propio,1,129.22826455171767,270.69265595315596,70.10000000000011,0.0,319.1587130264719,,,,,,,,,,,
7,471,propio,1,129.22826455171767,270.69265595315596,70.00000000000011,0.0,319.1587130264719,,,,,,,,,,,
7,472,propio,1,129.22826455171767,270.69265595315596,69.90000000000012,0.0,319.1587130264719,,,,,,,,,,,
7,473,propio,1,129.22826455171767,270.69265595315596,69.80000000000013,0.0,319.1587130264719,,,,,,,,,,,
7,474,propio,1,129.22826455171767,270.69265595315596,69.70000000000013,0.0,319.1587130264719,,,,,,,,,,,
7,475,propio,1,129.22826455171767,270.69265595315596,69.60000000000014,0.0,319.1587130264719,,,,,,,,,,,
7,475,rival,2,120.33823390885689,127.74383952988813,69.70000000000013,0.0,109.99265470541052,143.2249865129829,-52.71737194837624,,,,,,,,,
7,476,propio,1,129.22826455171767,270.69265595315596,69.50000000000014,0.0,319.1587130264719,,,,,,,,,,,
7,477,propio,1,129.22826455171767,270.69265595315596,69.40000000000015,0.0,319.1587130264719,,,,,,,,,,,
7,478,propio,1,129.22826455171767,270.69265595315596,69.30000000000015,0.0,319.1587130264719,,,,,,,,,,,
7,479,propio,1,129.22826455171767,270.69265595315596,69.20000000000016,0.0,319.1587130264719,,,,,,,,,,,
7,480,propio,1,129.22826455171767,270.69265595315596,69.10000000000016,0.0,319.1587130264719,,,,,,,,,,,
7,481,propio,1,129.22826455171767,270.69265595315596,69.00000000000017,0.0,319.1587130264719,,,,,,,,,,,
7,482,propio,1,129.22826455171767,270.69265595315596,68.90000000000018,0.0,319.1587130264719,,,,,,,,,,,
7,483,propio,1,129.22826455171767,270.69265595315596,68.80000000000018,0.0,319.1587130264719,,,,,,,,,,,
7,483,rival,2,120.33823390885689,127.74383952988813,67.90000000000018,0.0,109.99265470541052,143.2249865129829,-52.71737194837624,,,,,,,,,
7,484,propio,1,129.22826455171767,270.69265595315596,67.70000000000019,0.0,319.1587130264719,,,,,,,,,,,
7,484,disparo,1,129.22826455171767,270.69265595315596,67.70000000000019,,319.1587130264719,,,,1.0,,,,,,,
7,485,propio,1,129.22826455171767,270.69265595315596,67.6000000000002,0.0,319.1587130264719,,,,,,,,,,,
7,486,propio,1,129.22826455171767,270.69265595315596,67.5000000000002,0.0,319.1587130264719,,,,,,,,,,,
7,487,propio,1,129.22826455171767,270.69265595315596,67.4000000000002,0.0,319.1587130264719,,,,,,,,,,,
7,488,propio,1,129.22826455171767,270.69265595315596,67.30000000000021,0.0,319.1587130264719,,,,,,,,,,,
7,489,propio,1,129.22826455171767,270.69265595315596,67.20000000000022,0.0,319.1587130264719,,,,,,,,,,,
7,490,propio,1,129.22826455171767,270.69265595315596,67.10000000000022,0.0,319.1587130264719,,,,,,,,,,,
7,491,propio,1,129.22826455171767,270.69265595315596,67.00000000000023,0.0,319.1587130264719,,,,,,,,,,,
7,491,rival,2,120.33823390885689,127.74383952988813,67.10000000000022,0.0,109.99265470541052,143.2249865129829,-52.71737194837624,,,,,,,,,
7,492,propio,1,129.22826455171767,270.69265595315596,66.90000000000023,0.0,319.1587130264719,,,,,,,,,,,
7,493,propio,1,129.22826455171767,270.69265595315596,66.80000000000024,0.0,319.1587130264719,,,,,,,,,,,
7,494,propio,1,129.22826455171767,270.69265595315596,66.70000000000024,0.0,319.1587130264719,,,,,,,,,,,
7,495,propio,1,129.22826455171767,270.69265595315596,66.60000000000025,0.0,319.1587130264719,,,,,,,,,,,
7,496,propio,1,129.22826455171767,270.69265595315596,66.50000000000026,0.0,319.1587130264719,,,,,,,,,,,
7,497,propio,1,129.22826455171767,270.69265595315596,66.40000000000026,0.0,319.1587130264719,,,,,,,,,,,
7,498,propio,1,129.22826455171767,270.69265595315596,66.30000000000027,0.0,319.1587130264719,,,,,,,,,,,
7,499,propio,1,129.22826455171767,270.69265595315596,66.20000000000027,0.0,319.1587130264719,,,,,,,,,,,
7,499,rival,2,120.33823390885689,127.74383952988813,65.30000000000027,0.0,109.99265470541052,143.2249865129829,-52.71737194837624,,,,,,,,,
7,500,propio,1,129.22826455171767,270.69265595315596,65.10000000000028,0.0,319.1587130264719,,,,,,,,,,,
7,500,disparo,1,129.22826455171767,270.69265595315596,65.10000000000028,,319.1587130264719,,,,1.0,,,,,,,
7,501,propio,1,129.22826455171767,270.69265595315596,65.00000000000028,0.0,319.1587130264719,,,,,,,,,,,
7,502,propio,1,129.22826455171767,270.69265595315596,64.90000000000029,0.0,319.1587130264719,,,,,,,,,,,
7,503,propio,1,129.22826455171767,270.69265595315596,64.8000000000003,0.0,319.1587130264719,,,,,,,,,,,
7,504,propio,1,129.22826455171767,270.69265595315596,64.7000000000003,0.0,319.1587130264719,,,,,,,,,,,
7,505,propio,1,129.22826455171767,270.69265595315596,64.6000000000003,0.0,319.1587130264719,,,,,,,,,,,
7,506,propio,1,129.22826455171767,270.69265595315596,64.50000000000031,0.0,319.1587130264719,,,,,,,,,,,
7,507,propio,1,129.22826455171767,270.69265595315596,64.40000000000032,0.0,319.1587130264719,,,,,,,,,,,
7,507,rival,2,120.33823390885689,127.74383952988813,64.50000000000031,0.0,109.99265470541052,143.2249865129829,-52.71737194837624,,,,,,,,,
7,508,propio,1,129.22826455171767,270.69265595315596,64.30000000000032,0.0,319.1587130264719,,,,,,,,,,,
7,509,propio,1,129.22826455171767,270.69265595315596,64.20000000000033,0.0,319.1587130264719,,,,,,,,,,,
7,510,propio,1,129.22826455171767,270.69265595315596,64.10000000000034,0.0,319.1587130264719,,,,,,,,,,,
7,511,propio,1,129.22826455171767,270.69265595315596,64.00000000000034,0.0,319.1587130264719,,,,,,,,,,,
7,512,propio,1,129.22826455171767,270.69265595315596,63.90000000000034,0.0,319.1587130264719,,,,,,,,,,,
7,513,propio,1,129.22826455171767,270.69265595315596,63.80000000000034,0.0,319.1587130264719,,,,,,,,,,,
7,514,propio,1,129.22826455171767,270.69265595315596,63.70000000000034,0.0,319.1587130264719,,,,,,,,,,,
7,515,propio,1,129.22826455171767,270.69265595315596,63.600000000000335,0.0,319.1587130264719,,,,,,,,,,,
7,515,rival,2,120.33823390885689,127.74383952988813,62.70000000000034,0.0,109.99265470541052,143.2249865129829,-52.71737194837624,,,,,,,,,
7,516,propio,1,129.22826455171767,270.69265595315596,62.500000000000334,0.0,319.1587130264719,,,,,,,,,,,
7,516,disparo,1,129.22826455171767,270.69265595315596,62.500000000000334,,319.1587130264719,,,,1.0,,,,,,,
7,517,propio,1,129.22826455171767,270.69265595315596,62.40000000000033,0.0,319.1587130264719,,,,,,,,,,,
7,518,propio,1,129.22826455171767,270.69265595315596,62.30000000000033,0.0,319.1587130264719,,,,,,,,,,,
7,519,propio,1,129.22826455171767,270.69265595315596,62.20000000000033,0.0,319.1587130264719,,,,,,,,,,,
7,520,propio,1,129.22826455171767,270.69265595315596,62.10000000000033,0.0,319.1587130264719,,,,,,,,,,,
7,521,propio,1,129.22826455171767,270.69265595315596,62.00000000000033,0.0,319.1587130264719,,,,,,,,,,,
7,522,propio,1,129.22826455171767,270.69265595315596,61.900000000000325,0.0,319.1587130264719,,,,,,,,,,,
7,523,propio,1,129.22826455171767,270.69265595315596,61.800000000000324,0.0,319.1587130264719,,,,,,,,,,,
7,523,rival,2,120.33823390885689,127.74383952988813,61.900000000000325,0.0,109.99265470541052,143.2249865129829,-52.71737194837624,,,,,,,,,
7,524,propio,1,129.22826455171767,270.69265595315596,61.70000000000032,0.0,319.1587130264719,,,,,,,,,,,
7,525,propio,1,129.22826455171767,270.69265595315596,61.60000000000032,0.0,319.1587130264719,,,,,,,,,,,
7,526,propio,1,129.22826455171767,270.69265595315596,61.50000000000032,0.0,319.1587130264719,,,,,,,,,,,
7,527,propio,1,129.22826455171767,270.69265595315596,61.40000000000032,0.0,319.1587130264719,,,,,,,,,,,
7,528,propio,1,129.22826455171767,270.69265595315596,61.30000000000032,0.0,319.1587130264719,,,,,,,,,,,
7,529,propio,1,129.22826455171767,270.69265595315596,61.200000000000315,0.0,319.1587130264719,,,,,,,,,,,
7,530,propio,1,129.22826455171767,270.69265595315596,61.100000000000314,0.0,319.1587130264719,,,,,,,,,,,
7,531,propio,1,129.22826455171767,270.69265595315596,61.00000000000031,0.0,319.1587130264719,,,,,,,,,,,
7,531,rival,2,120.33823390885689,127.74383952988813,60.100000000000314,0.0,109.99265470541052,143.2249865129829,-52.71737194837624,,,,,,,,,
7,532,propio,1,129.22826455171767,270.69265595315596,59.90000000000031,0.0,319.1587130264719,,,,,,,,,,,
7,532,disparo,1,129.22826455171767,270.69265595315596,59.90000000000031,,319.1587130264719,,,,1.0,,,,,,,
7,533,propio,1,129.22826455171767,270.69265595315596,59.80000000000031,0.0,319.1587130264719,,,,,,,,,,,
7,534,propio,1,129.22826455171767,270.69265595315596,59.70000000000031,0.0,319.1587130264719,,,,,,,,,,,
7,535,propio,1,129.22826455171767,270.69265595315596,59.60000000000031,0.0,319.1587130264719,,,,,,,,,,,
7,536,propio,1,129.22826455171767,270.69265595315596,59.500000000000306,0.0,319.1587130264719,,,,,,,,,,,
7,537,propio,1,129.22826455171767,270.69265595315596,59.400000000000304,0.0,319.1587130264719,,,,,,,,,,,
7,538,propio,1,129.22826455171767,270.69265595315596,59.3000000000003,0.0,319.1587130264719,,,,,,,,,,,
7,539,propio,1,129.22826455171767,270.69265595315596,59.2000000000003,0.0,319.1587130264719,,,,,,,,,,,
7,539,rival,2,120.33823390885689,127.74383952988813,59.3000000000003,0.0,109.99265470541052,143.2249865129829,-52.71737194837624,,,,,,,,,
7,540,propio,1,129.22826455171767,270.69265595315596,59.1000000000003,0.0,319.1587130264719,,,,,,,,,,,
7,541,propio,1,129.22826455171767,270.69265595315596,59.0000000000003,0.0,319.1587130264719,,,,,,,,,,,
7,542,propio,1,129.22826455171767,270.69265595315596,58.9000000000003,0.0,319.1587130264719,,,,,,,,,,,
7,543,propio,1,129.22826455171767,270.69265595315596,58.800000000000296,0.0,319.1587130264719,,,,,,,,,,,
7,544,propio,1,129.22826455171767,270.69265595315596,58.700000000000294,0.0,319.1587130264719,,,,,,,,,,,
7,545,propio,1,129.22826455171767,270.69265595315596,58.60000000000029,0.0,319.1587130264719,,,,,,,,,,,
7,546,propio,1,129.22826455171767,270.69265595315596,58.50000000000029,0.0,319.1587130264719,,,,,,,,,,,
7,547,propio,1,129.22826455171767,270.69265595315596,58.40000000000029,0.0,319.1587130264719,,,,,,,,,,,
7,547,rival,2,120.33823390885689,127.74383952988813,57.50000000000029,0.0,109.99265470541052,143.2249865129829,-52.71737194837624,,,,,,,,,
7,548,propio,1,129.22826455171767,270.69265595315596,57.30000000000029,0.0,319.1587130264719,,,,,,,,,,,
7,548,disparo,1,129.22826455171767,270.69265595315596,57.30000000000029,,319.1587130264719,,,,1.0,,,,,,,
7,549,propio,1,129.22826455171767,270.69265595315596,57.20000000000029,0.0,319.1587130264719,,,,,,,,,,,
7,550,propio,1,129.22826455171767,270.69265595315596,57.100000000000286,0.0,319.1587130264719,,,,,,,,,,,
7,551,propio,1,129.22826455171767,270.69265595315596,57.000000000000284,0.0,319.1587130264719,,,,,,,,,,,
7,552,propio,1,129.22826455171767,270.69265595315596,56.90000000000028,0.0,319.1587130264719,,,,,,,,,,,
7,553,propio,1,129.22826455171767,270.69265595315596,56.80000000000028,0.0,319.1587130264719,,,,,,,,,,,
7,554,propio,1,129.22826455171767,270.69265595315596,56.70000000000028,0.0,319.1587130264719,,,,,,,,,,,
7,555,propio,1,129.22826455171767,270.69265595315596,56.60000000000028,0.0,319.1587130264719,,,,,,,,,,,
7,555,rival,2,120.33823390885689,127.74383952988813,56.70000000000028,0.0,109.99265470541052,143.2249865129829,-52.71737194837624,,,,,,,,,
7,556,propio,1,129.22826455171767,270.69265595315596,56.50000000000028,0.0,319.1587130264719,,,,,,,,,,,
7,557,propio,1,129.22826455171767,270.69265595315596,56.400000000000276,0.0,319.1587130264719,,,,,,,,,,,
7,558,propio,1,129.22826455171767,270.69265595315596,56.300000000000274,0.0,319.1587130264719,,,,,,,,,,,
7,559,propio,1,129.22826455171767,270.69265595315596,56.20000000000027,0.0,319.1587130264719,,,,,,,,,,,
7,560,propio,1,129.22826455171767,270.69265595315596,56.10000000000027,0.0,319.1587130264719,,,,,,,,,,,
7,561,propio,1,129.22826455171767,270.69265595315596,56.00000000000027,0.0,319.1587130264719,,,,,,,,,,,
7,562,propio,1,129.22826455171767,270.69265595315596,55.90000000000027,0.0,319.1587130264719,,,,,,,,,,,
7,563,propio,1,129.22826455171767,270.69265595315596,55.80000000000027,0.0,319.1587130264719,,,,,,,,,,,
7,563,rival,2,120.33823390885689,127.74383952988813,54.90000000000027,0.0,109.99265470541052,143.2249865129829,-52.71737194837624,,,,,,,,,
7,564,propio,1,129.22826455171767,270.69265595315596,54.700000000000266,0.0,319.1587130264719,,,,,,,,,,,
7,564,disparo,1,129.22826455171767,270.69265595315596,54.700000000000266,,319.1587130264719,,,,1.0,,,,,,,
7,565,propio,1,129.22826455171767,270.69265595315596,54.600000000000264,0.0,319.1587130264719,,,,,,,,,,,
7,566,propio,1,129.22826455171767,270.69265595315596,54.50000000000026,0.0,319.1587130264719,,,,,,,,,,,
7,567,propio,1,129.22826455171767,270.69265595315596,54.40000000000026,0.0,319.1587130264719,,,,,,,,,,,
7,568,propio,1,129.22826455171767,270.69265595315596,54.30000000000026,0.0,319.1587130264719,,,,,,,,,,,
7,569,propio,1,129.22826455171767,270.69265595315596,54.20000000000026,0.0,319.1587130264719,,,,,,,,,,,
7,570,propio,1,129.22826455171767,270.69265595315596,54.10000000000026,0.0,319.1587130264719,,,,,,,,,,,
7,571,propio,1,129.22826455171767,270.69265595315596,54.000000000000256,0.0,319.1587130264719,,,,,,,,,,,
7,571,rival,2,120.33823390885689,127.74383952988813,54.10000000000026,0.0,109.99265470541052,143.2249865129829,-52.71737194837624,,,,,,,,,
7,572,propio,1,129.22826455171767,270.69265595315596,53.900000000000254,0.0,319.1587130264719,,,,,,,,,,,
7,573,propio,1,129.22826455171767,270.69265595315596,53.80000000000025,0.0,319.1587130264719,,,,,,,,,,,
7,574,propio,1,129.22826455171767,270.69265595315596,53.70000000000025,0.0,319.1587130264719,,,,,,,,,,,
7,575,propio,1,129.22826455171767,270.69265595315596,53.60000000000025,0.0,319.1587130264719,,,,,,,,,,,
7,576,propio,1,129.22826455171767,270.69265595315596,53.50000000000025,0.0,319.1587130264719,,,,,,,,,,,
7,577,propio,1,129.22826455171767,270.69265595315596,53.40000000000025,0.0,319.1587130264719,,,,,,,,,,,
7,578,propio,1,129.22826455171767,270.69265595315596,53.300000000000246,0.0,319.1587130264719,,,,,,,,,,,
7,579,propio,1,129.22826455171767,270.69265595315596,53.200000000000244,0.0,319.1587130264719,,,,,,,,,,,
7,579,rival,2,120.33823390885689,127.74383952988813,52.300000000000246,0.0,109.99265470541052,143.2249865129829,-52.71737194837624,,,,,,,,,
7,580,propio,1,129.22826455171767,270.69265595315596,52.10000000000024,0.0,319.1587130264719,,,,,,,,,,,
7,580,disparo,1,129.22826455171767,270.69265595315596,52.10000000000024,,319.1587130264719,,,,1.0,,,,,,,
7,581,propio,1,129.22826455171767,270.69265595315596,52.00000000000024,0.0,319.1587130264719,,,,,,,,,,,
7,582,propio,1,129.22826455171767,270.69265595315596,51.90000000000024,0.0,319.1587130264719,,,,,,,,,,,
7,583,propio,1,129.22826455171767,270.69265595315596,51.80000000000024,0.0,319.1587130264719,,,,,,,,,,,
7,584,propio,1,129.22826455171767,270.69265595315596,51.70000000000024,0.0,319.1587130264719,,,,,,,,,,,
7,585,propio,1,129.22826455171767,270.69265595315596,51.600000000000236,0.0,319.1587130264719,,,,,,,,,,,
7,586,propio,1,129.22826455171767,270.69265595315596,51.500000000000234,0.0,319.1587130264719,,,,,,,,,,,
7,587,propio,1,129.22826455171767,270.69265595315596,51.40000000000023,0.0,319.1587130264719,,,,,,,,,,,
7,587,rival,2,120.33823390885689,127.74383952988813,51.500000000000234,0.0,109.99265470541052,143.2249865129829,-52.71737194837624,,,,,,,,,
7,588,propio,1,129.22826455171767,270.69265595315596,51.30000000000023,0.0,319.1587130264719,,,,,,,,,,,
7,589,propio,1,129.22826455171767,270.69265595315596,51.20000000000023,0.0,319.1587130264719,,,,,,,,,,,
7,590,propio,1,129.22826455171767,270.69265595315596,51.10000000000023,0.0,319.1587130264719,,,,,,,,,,,
7,591,propio,1,129.22826455171767,270.69265595315596,51.00000000000023,0.0,319.1587130264719,,,,,,,,,,,
7,592,propio,1,129.22826455171767,270.69265595315596,50.900000000000226,0.0,319.1587130264719,,,,,,,,,,,
7,593,propio,1,129.22826455171767,270.69265595315596,50.800000000000225,0.0,319.1587130264719,,,,,,,,,,,
7,594,propio,1,129.22826455171767,270.69265595315596,50.70000000000022,0.0,319.1587130264719,,,,,,,,,,,
7,595,propio,1,129.22826455171767,270.69265595315596,50.60000000000022,0.0,319.1587130264719,,,,,,,,,,,
7,595,rival,2,120.33823390885689,127.74383952988813,49.70000000000022,0.0,109.99265470541052,143.2249865129829,-52.71737194837624,,,,,,,,,
7,596,propio,1,129.22826455171767,270.69265595315596,49.50000000000022,0.0,319.1587130264719,,,,,,,,,,,
7,596,disparo,1,129.22826455171767,270.69265595315596,49.50000000000022,,319.1587130264719,,,,1.0,,,,,,,
7,597,propio,1,129.22826455171767,270.69265595315596,49.40000000000022,0.0,319.1587130264719,,,,,,,,,,,
7,598,propio,1,129.22826455171767,270.69265595315596,49.30000000000022,0.0,319.1587130264719,,,,,,,,,,,
7,599,propio,1,129.22826455171767,270.69265595315596,49.200000000000216,0.0,319.1587130264719,,,,,,,,,,,
7,600,propio,1,129.22826455171767,270.69265595315596,49.100000000000215,0.0,319.1587130264719,,,,,,,,,,,
7,601,propio,1,129.22826455171767,270.69265595315596,49.00000000000021,0.0,319.1587130264719,,,,,,,,,,,
7,602,propio,1,129.22826455171767,270.69265595315596,48.90000000000021,0.0,319.1587130264719,,,,,,,,,,,
7,603,propio,1,129.22826455171767,270.69265595315596,48.80000000000021,0.0,319.1587130264719,,,,,,,,,,,
7,603,rival,2,120.33823390885689,127.74383952988813,48.90000000000021,0.0,109.99265470541052,143.2249865129829,-52.71737194837624,,,,,,,,,
7,604,propio,1,129.22826455171767,270.69265595315596,48.70000000000021,0.0,319.1587130264719,,,,,,,,,,,
7,605,propio,1,129.22826455171767,270.69265595315596,48.60000000000021,0.0,319.1587130264719,,,,,,,,,,,
7,606,propio,1,129.22826455171767,270.69265595315596,48.500000000000206,0.0,319.1587130264719,,,,,,,,,,,
7,607,propio,1,129.22826455171767,270.69265595315596,48.400000000000205,0.0,319.1587130264719,,,,,,,,,,,
7,608,propio,1,129.22826455171767,270.69265595315596,48.3000000000002,0.0,319.1587130264719,,,,,,,,,,,
7,609,propio,1,129.22826455171767,270.69265595315596,48.2000000000002,0.0,319.1587130264719,,,,,,,,,,,
7,610,propio,1,129.22826455171767,270.69265595315596,48.1000000000002,0.0,319.1587130264719,,,,,,,,,,,
7,611,propio,1,129.22826455171767,270.69265595315596,48.0000000000002,0.0,319.1587130264719,,,,,,,,,,,
7,611,rival,2,120.33823390885689,127.74383952988813,47.1000000000002,0.0,109.99265470541052,143.2249865129829,-52.71737194837624,,,,,,,,,
7,612,propio,1,129.22826455171767,270.69265595315596,46.9000000000002,0.0,319.1587130264719,,,,,,,,,,,
7,612,disparo,1,129.22826455171767,270.69265595315596,46.9000000000002,,319.1587130264719,,,,1.0,,,,,,,
7,613,propio,1,129.22826455171767,270.69265595315596,46.800000000000196,0.0,319.1587130264719,,,,,,,,,,,
7,614,propio,1,129.22826455171767,270.69265595315596,46.700000000000195,0.0,319.1587130264719,,,,,,,,,,,
7,615,propio,1,129.22826455171767,270.69265595315596,46.60000000000019,0.0,319.1587130264719,,,,,,,,,,,
7,616,propio,1,129.22826455171767,270.69265595315596,46.50000000000019,0.0,319.1587130264719,,,,,,,,,,,
7,617,propio,1,129.22826455171767,270.69265595315596,46.40000000000019,0.0,319.1587130264719,,,,,,,,,,,
7,618,propio,1,129.22826455171767,270.69265595315596,46.30000000000019,0.0,319.1587130264719,,,,,,,,,,,
7,619,propio,1,129.22826455171767,270.69265595315596,46.20000000000019,0.0,319.1587130264719,,,,,,,,,,,
7,619,rival,2,120.33823390885689,127.74383952988813,46.30000000000019,0.0,109.99265470541052,143.2249865129829,-52.71737194837624,,,,,,,,,
7,620,propio,1,129.22826455171767,270.69265595315596,46.100000000000186,0.0,319.1587130264719,,,,,,,,,,,
7,621,propio,1,129.22826455171767,270.69265595315596,46.000000000000185,0.0,319.1587130264719,,,,,,,,,,,
7,622,propio,1,129.22826455171767,270.69265595315596,45.90000000000018,0.0,319.1587130264719,,,,,,,,,,,
7,623,propio,1,129.22826455171767,270.69265595315596,45.80000000000018,0.0,319.1587130264719,,,,,,,,,,,
7,624,propio,1,129.22826455171767,270.69265595315596,45.70000000000018,0.0,319.1587130264719,,,,,,,,,,,
7,625,propio,1,129.22826455171767,270.69265595315596,45.60000000000018,0.0,319.1587130264719,,,,,,,,,,,
7,626,propio,1,129.22826455171767,270.69265595315596,45.50000000000018,0.0,319.1587130264719,,,,,,,,,,,
7,627,propio,1,129.22826455171767,270.69265595315596,45.400000000000176,0.0,319.1587130264719,,,,,,,,,,,
7,627,rival,2,120.33823390885689,127.74383952988813,44.50000000000018,0.0,109.99265470541052,143.2249865129829,-52.71737194837624,,,,,,,,,
7,628,propio,1,129.22826455171767,270.69265595315596,44.300000000000175,0.0,319.1587130264719,,,,,,,,,,,
7,628,disparo,1,129.22826455171767,270.69265595315596,44.300000000000175,,319.1587130264719,,,,1.0,,,,,,,
7,629,propio,1,129.22826455171767,270.69265595315596,44.20000000000017,0.0,319.1587130264719,,,,,,,,,,,
7,630,propio,1,129.22826455171767,270.69265595315596,44.10000000000017,0.0,319.1587130264719,,,,,,,,,,,
7,631,propio,1,129.22826455171767,270.69265595315596,44.00000000000017,0.0,319.1587130264719,,,,,,,,,,,
7,632,propio,1,129.22826455171767,270.69265595315596,43.90000000000017,0.0,319.1587130264719,,,,,,,,,,,
7,633,propio,1,129.22826455171767,270.69265595315596,43.80000000000017,0.0,319.1587130264719,,,,,,,,,,,
7,634,propio,1,129.22826455171767,270.69265595315596,43.700000000000166,0.0,319.1587130264719,,,,,,,,,,,
7,635,propio,1,129.22826455171767,270.69265595315596,43.600000000000165,0.0,319.1587130264719,,,,,,,,,,,
7,635,rival,2,120.33823390885689,127.74383952988813,43.700000000000166,0.0,109.99265470541052,143.2249865129829,-52.71737194837624,,,,,,,,,
7,636,propio,1,129.22826455171767,270.69265595315596,43.50000000000016,0.0,319.1587130264719,,,,,,,,,,,
7,637,propio,1,129.22826455171767,270.69265595315596,43.40000000000016,0.0,319.1587130264719,,,,,,,,,,,
7,638,propio,1,129.22826455171767,270.69265595315596,43.30000000000016,0.0,319.1587130264719,,,,,,,,,,,
7,639,propio,1,129.22826455171767,270.69265595315596,43.20000000000016,0.0,319.1587130264719,,,,,,,,,,,
7,640,propio,1,129.22826455171767,270.69265595315596,43.10000000000016,0.0,319.1587130264719,,,,,,,,,,,
7,641,propio,1,129.22826455171767,270.69265595315596,43.000000000000156,0.0,319.1587130264719,,,,,,,,,,,
7,642,propio,1,129.22826455171767,270.69265595315596,42.900000000000155,0.0,319.1587130264719,,,,,,,,,,,
7,643,propio,1,129.22826455171767,270.69265595315596,42.80000000000015,0.0,319.1587130264719,,,,,,,,,,,
7,643,rival,2,120.33823390885689,127.74383952988813,41.900000000000155,0.0,109.99265470541052,143.2249865129829,-52.71737194837624,,,,,,,,,
7,644,propio,1,129.22826455171767,270.69265595315596,41.70000000000015,0.0,319.1587130264719,,,,,,,,,,,
7,644,disparo,1,129.22826455171767,270.69265595315596,41.70000000000015,,319.1587130264719,,,,1.0,,,,,,,
7,645,propio,1,129.22826455171767,270.69265595315596,41.60000000000015,0.0,319.1587130264719,,,,,,,,,,,
7,646,propio,1,129.22826455171767,270.69265595315596,41.50000000000015,0.0,319.1587130264719,,,,,,,,,,,
7,647,propio,1,129.22826455171767,270.69265595315596,41.40000000000015,0.0,319.1587130264719,,,,,,,,,,,
7,648,propio,1,129.22826455171767,270.69265595315596,41.300000000000146,0.0,319.1587130264719,,,,,,,,,,,
7,649,propio,1,129.22826455171767,270.69265595315596,41.200000000000145,0.0,319.1587130264719,,,,,,,,,,,
7,650,propio,1,129.22826455171767,270.69265595315596,41.10000000000014,0.0,319.1587130264719,,,,,,,,,,,
7,651,propio,1,129.22826455171767,270.69265595315596,41.00000000000014,0.0,319.1587130264719,,,,,,,,,,,
7,651,rival,2,120.33823390885689,127.74383952988813,41.10000000000014,0.0,109.99265470541052,143.2249865129829,-52.71737194837624,,,,,,,,,
7,652,propio,1,129.22826455171767,270.69265595315596,40.90000000000014,0.0,319.1587130264719,,,,,,,,,,,
7,653,propio,1,129.22826455171767,270.69265595315596,40.80000000000014,0.0,319.1587130264719,,,,,,,,,,,
7,654,propio,1,129.22826455171767,270.69265595315596,40.70000000000014,0.0,319.1587130264719,,,,,,,,,,,
7,655,propio,1,129.22826455171767,270.69265595315596,40.600000000000136,0.0,319.1587130264719,,,,,,,,,,,
7,656,propio,1,129.22826455171767,270.69265595315596,40.500000000000135,0.0,319.1587130264719,,,,,,,,,,,
7,657,propio,1,129.22826455171767,270.69265595315596,40.400000000000134,0.0,319.1587130264719,,,,,,,,,,,
7,658,propio,1,129.22826455171767,270.69265595315596,40.30000000000013,0.0,319.1587130264719,,,,,,,,,,,
7,659,propio,1,129.22826455171767,270.69265595315596,40.20000000000013,0.0,319.1587130264719,,,,,,,,,,,
7,659,rival,2,120.33823390885689,127.74383952988813,39.30000000000013,0.0,109.99265470541052,143.2249865129829,-52.71737194837624,,,,,,,,,
7,660,propio,1,129.22826455171767,270.69265595315596,39.10000000000013,0.0,319.1587130264719,,,,,,,,,,,
7,660,disparo,1,129.22826455171767,270.69265595315596,39.10000000000013,,319.1587130264719,,,,1.0,,,,,,,
7,661,propio,1,129.22826455171767,270.69265595315596,39.00000000000013,0.0,319.1587130264719,,,,,,,,,,,
7,662,propio,1,129.22826455171767,270.69265595315596,38.90000000000013,0.0,319.1587130264719,,,,,,,,,,,
7,663,propio,1,129.22826455171767,270.69265595315596,38.800000000000125,0.0,319.1587130264719,,,,,,,,,,,
7,664,propio,1,129.22826455171767,270.69265595315596,38.700000000000124,0.0,319.1587130264719,,,,,,,,,,,
7,665,propio,1,129.22826455171767,270.69265595315596,38.60000000000012,0.0,319.1587130264719,,,,,,,,,,,
7,666,propio,1,129.22826455171767,270.69265595315596,38.50000000000012,0.0,319.1587130264719,,,,,,,,,,,
7,667,propio,1,129.22826455171767,270.69265595315596,38.40000000000012,0.0,319.1587130264719,,,,,,,,,,,
7,667,rival,2,120.33823390885689,127.74383952988813,38.50000000000012,0.0,109.99265470541052,143.2249865129829,-52.71737194837624,,,,,,,,,
7,668,propio,1,129.22826455171767,270.69265595315596,38.30000000000012,0.0,319.1587130264719,,,,,,,,,,,
7,669,propio,1,129.22826455171767,270.69265595315596,38.20000000000012,0.0,319.1587130264719,,,,,,,,,,,
7,670,propio,1,129.22826455171767,270.69265595315596,38.100000000000115,0.0,319.1587130264719,,,,,,,,,,,
7,671,propio,1,129.22826455171767,270.69265595315596,38.000000000000114,0.0,319.1587130264719,,,,,,,,,,,
7,672,propio,1,129.22826455171767,270.69265595315596,37.90000000000011,0.0,319.1587130264719,,,,,,,,,,,
7,673,propio,1,129.22826455171767,270.69265595315596,37.80000000000011,0.0,319.1587130264719,,,,,,,,,,,
7,674,propio,1,129.22826455171767,270.69265595315596,37.70000000000011,0.0,319.1587130264719,,,,,,,,,,,
7,675,propio,1,129.22826455171767,270.69265595315596,37.60000000000011,0.0,319.1587130264719,,,,,,,,,,,
7,675,rival,2,120.33823390885689,127.74383952988813,36.70000000000011,0.0,109.99265470541052,143.2249865129829,-52.71737194837624,,,,,,,,,
7,676,propio,1,129.22826455171767,270.69265595315596,36.50000000000011,0.0,319.1587130264719,,,,,,,,,,,
7,676,disparo,1,129.22826455171767,270.69265595315596,36.50000000000011,,319.1587130264719,,,,1.0,,,,,,,
7,677,propio,1,129.22826455171767,270.69265595315596,36.400000000000105,0.0,319.1587130264719,,,,,,,,,,,
7,678,propio,1,129.22826455171767,270.69265595315596,36.300000000000104,0.0,319.1587130264719,,,,,,,,,,,
7,679,propio,1,129.22826455171767,270.69265595315596,36.2000000000001,0.0,319.1587130264719,,,,,,,,,,,
7,680,propio,1,129.22826455171767,270.69265595315596,36.1000000000001,0.0,319.1587130264719,,,,,,,,,,,
7,681,propio,1,129.22826455171767,270.69265595315596,36.0000000000001,0.0,319.1587130264719,,,,,,,,,,,
7,682,propio,1,129.22826455171767,270.69265595315596,35.9000000000001,0.0,319.1587130264719,,,,,,,,,,,
7,683,propio,1,129.22826455171767,270.69265595315596,35.8000000000001,0.0,319.1587130264719,,,,,,,,,,,
7,683,rival,2,120.33823390885689,127.74383952988813,35.9000000000001,0.0,109.99265470541052,143.2249865129829,-52.71737194837624,,,,,,,,,
7,684,propio,1,129.22826455171767,270.69265595315596,35.700000000000095,0.0,319.1587130264719,,,,,,,,,,,
7,685,propio,1,129.22826455171767,270.69265595315596,35.600000000000094,0.0,319.1587130264719,,,,,,,,,,,
7,686,propio,1,129.22826455171767,270.69265595315596,35.50000000000009,0.0,319.1587130264719,,,,,,,,,,,
7,687,propio,1,129.22826455171767,270.69265595315596,35.40000000000009,0.0,319.1587130264719,,,,,,,,,,,
7,688,propio,1,129.22826455171767,270.69265595315596,35.30000000000009,0.0,319.1587130264719,,,,,,,,,,,
7,689,propio,1,129.22826455171767,270.69265595315596,35.20000000000009,0.0,319.1587130264719,,,,,,,,,,,
7,690,propio,1,129.22826455171767,270.69265595315596,35.10000000000009,0.0,319.1587130264719,,,,,,,,,,,
7,691,propio,1,129.22826455171767,270.69265595315596,35.000000000000085,0.0,319.1587130264719,,,,,,,,,,,
7,691,rival,2,120.33823390885689,127.74383952988813,34.10000000000009,0.0,109.99265470541052,143.2249865129829,-52.71737194837624,,,,,,,,,
7,692,propio,1,129.22826455171767,270.69265595315596,33.900000000000084,0.0,319.1587130264719,,,,,,,,,,,
7,692,disparo,1,129.22826455171767,270.69265595315596,33.900000000000084,,319.1587130264719,,,,1.0,,,,,,,
7,693,propio,1,129.22826455171767,270.69265595315596,33.80000000000008,0.0,319.1587130264719,,,,,,,,,,,
7,694,propio,1,129.22826455171767,270.69265595315596,33.70000000000008,0.0,319.1587130264719,,,,,,,,,,,
7,695,propio,1,129.22826455171767,270.69265595315596,33.60000000000008,0.0,319.1587130264719,,,,,,,,,,,
7,696,propio,1,129.22826455171767,270.69265595315596,33.50000000000008,0.0,319.1587130264719,,,,,,,,,,,
7,697,propio,1,129.22826455171767,270.69265595315596,33.40000000000008,0.0,319.1587130264719,,,,,,,,,,,
7,698,propio,1,129.22826455171767,270.69265595315596,33.300000000000075,0.0,319.1587130264719,,,,,,,,,,,
7,699,propio,1,129.22826455171767,270.69265595315596,33.200000000000074,0.0,319.1587130264719,,,,,,,,,,,
7,699,rival,2,120.33823390885689,127.74383952988813,33.300000000000075,0.0,109.99265470541052,143.2249865129829,-52.71737194837624,,,,,,,,,
7,700,propio,1,129.22826455171767,270.69265595315596,33.10000000000007,0.0,319.1587130264719,,,,,,,,,,,
7,701,propio,1,129.22826455171767,270.69265595315596,33.00000000000007,0.0,319.1587130264719,,,,,,,,,,,
7,702,propio,1,129.22826455171767,270.69265595315596,32.90000000000007,0.0,319.1587130264719,,,,,,,,,,,
7,703,propio,1,129.22826455171767,270.69265595315596,32.80000000000007,0.0,319.1587130264719,,,,,,,,,,,
7,704,propio,1,129.22826455171767,270.69265595315596,32.70000000000007,0.0,319.1587130264719,,,,,,,,,,,
7,705,propio,1,129.22826455171767,270.69265595315596,32.600000000000065,0.0,319.1587130264719,,,,,,,,,,,
7,706,propio,1,129.22826455171767,270.69265595315596,32.500000000000064,0.0,319.1587130264719,,,,,,,,,,,
7,707,propio,1,129.22826455171767,270.69265595315596,32.40000000000006,0.0,319.1587130264719,,,,,,,,,,,
7,707,rival,2,120.33823390885689,127.74383952988813,31.500000000000064,0.0,109.99265470541052,143.2249865129829,-52.71737194837624,,,,,,,,,
7,708,propio,1,129.22826455171767,270.69265595315596,31.30000000000006,0.0,319.1587130264719,,,,,,,,,,,
7,708,disparo,1,129.22826455171767,270.69265595315596,31.30000000000006,,319.1587130264719,,,,1.0,,,,,,,
7,709,propio,1,129.22826455171767,270.69265595315596,31.20000000000006,0.0,319.1587130264719,,,,,,,,,,,
7,710,propio,1,129.22826455171767,270.69265595315596,31.10000000000006,0.0,319.1587130264719,,,,,,,,,,,
7,711,propio,1,129.22826455171767,270.69265595315596,31.000000000000057,0.0,319.1587130264719,,,,,,,,,,,
7,712,propio,1,129.22826455171767,270.69265595315596,30.900000000000055,0.0,319.1587130264719,,,,,,,,,,,
7,713,propio,1,129.22826455171767,270.69265595315596,30.800000000000054,0.0,319.1587130264719,,,,,,,,,,,
7,714,propio,1,129.22826455171767,270.69265595315596,30.700000000000053,0.0,319.1587130264719,,,,,,,,,,,
7,715,propio,1,129.22826455171767,270.69265595315596,30.60000000000005,0.0,319.1587130264719,,,,,,,,,,,
7,715,rival,2,120.33823390885689,127.74383952988813,30.700000000000053,0.0,109.99265470541052,143.2249865129829,-52.71737194837624,,,,,,,,,
7,716,propio,1,129.22826455171767,270.69265595315596,30.50000000000005,0.0,319.1587130264719,,,,,,,,,,,
7,717,propio,1,129.22826455171767,270.69265595315596,30.40000000000005,0.0,319.1587130264719,,,,,,,,,,,
7,718,propio,1,129.22826455171767,270.69265595315596,30.300000000000047,0.0,319.1587130264719,,,,,,,,,,,
7,719,propio,1,129.22826455171767,270.69265595315596,30.200000000000045,0.0,319.1587130264719,,,,,,,,,,,
7,720,propio,1,129.22826455171767,270.69265595315596,30.100000000000044,0.0,319.1587130264719,,,,,,,,,,,
7,721,propio,1,129.22826455171767,270.69265595315596,30.000000000000043,0.0,319.1587130264719,,,,,,,,,,,
7,722,propio,1,129.22826455171767,270.69265595315596,29.90000000000004,0.0,319.1587130264719,,,,,,,,,,,
7,723,propio,1,129.22826455171767,270.69265595315596,29.80000000000004,0.0,319.1587130264719,,,,,,,,,,,
7,723,rival,2,120.33823390885689,127.74383952988813,28.90000000000004,0.0,109.99265470541052,143.2249865129829,-52.71737194837624,,,,,,,,,
7,724,propio,1,129.22826455171767,270.69265595315596,28.70000000000004,0.0,319.1587130264719,,,,,,,,,,,
7,724,disparo,1,129.22826455171767,270.69265595315596,28.70000000000004,,319.1587130264719,,,,1.0,,,,,,,
7,725,propio,1,129.22826455171767,270.69265595315596,28.600000000000037,0.0,319.1587130264719,,,,,,,,,,,
7,726,propio,1,129.22826455171767,270.69265595315596,28.500000000000036,0.0,319.1587130264719,,,,,,,,,,,
7,727,propio,1,129.22826455171767,270.69265595315596,28.400000000000034,0.0,319.1587130264719,,,,,,,,,,,
7,728,propio,1,129.22826455171767,270.69265595315596,28.300000000000033,0.0,319.1587130264719,,,,,,,,,,,
7,729,propio,1,129.22826455171767,270.69265595315596,28.20000000000003,0.0,319.1587130264719,,,,,,,,,,,
7,730,propio,1,129.22826455171767,270.69265595315596,28.10000000000003,0.0,319.1587130264719,,,,,,,,,,,
7,731,propio,1,129.22826455171767,270.69265595315596,28.00000000000003,0.0,319.1587130264719,,,,,,,,,,,
7,731,rival,2,120.33823390885689,127.74383952988813,28.10000000000003,0.0,109.99265470541052,143.2249865129829,-52.71737194837624,,,,,,,,,
7,732,propio,1,129.22826455171767,270.69265595315596,27.900000000000027,0.0,319.1587130264719,,,,,,,,,,,
7,733,propio,1,129.22826455171767,270.69265595315596,27.800000000000026,0.0,319.1587130264719,,,,,,,,,,,
7,734,propio,1,129.22826455171767,270.69265595315596,27.700000000000024,0.0,319.1587130264719,,,,,,,,,,,
7,735,propio,1,129.22826455171767,270.69265595315596,27.600000000000023,0.0,319.1587130264719,,,,,,,,,,,
7,736,propio,1,129.22826455171767,270.69265595315596,27.50000000000002,0.0,319.1587130264719,,,,,,,,,,,
7,737,propio,1,129.22826455171767,270.69265595315596,27.40000000000002,0.0,319.1587130264719,,,,,,,,,,,
7,738,propio,1,129.22826455171767,270.69265595315596,27.30000000000002,0.0,319.1587130264719,,,,,,,,,,,
7,739,propio,1,129.22826455171767,270.69265595315596,27.200000000000017,0.0,319.1587130264719,,,,,,,,,,,
7,739,rival,2,120.33823390885689,127.74383952988813,26.30000000000002,0.0,109.99265470541052,143.2249865129829,-52.71737194837624,,,,,,,,,
7,740,propio,1,129.22826455171767,270.69265595315596,26.100000000000016,0.0,319.1587130264719,,,,,,,,,,,
7,740,disparo,1,129.22826455171767,270.69265595315596,26.100000000000016,,319.1587130264719,,,,1.0,,,,,,,
7,741,propio,1,129.22826455171767,270.69265595315596,26.000000000000014,0.0,319.1587130264719,,,,,,,,,,,
7,742,propio,1,129.22826455171767,270.69265595315596,25.900000000000013,0.0,319.1587130264719,,,,,,,,,,,
7,743,propio,1,129.22826455171767,270.69265595315596,25.80000000000001,0.0,319.1587130264719,,,,,,,,,,,
7,744,propio,1,129.22826455171767,270.69265595315596,25.70000000000001,0.0,319.1587130264719,,,,,,,,,,,
7,745,propio,1,129.22826455171767,270.69265595315596,25.60000000000001,0.0,319.1587130264719,,,,,,,,,,,
7,746,propio,1,129.22826455171767,270.69265595315596,25.500000000000007,0.0,319.1587130264719,,,,,,,,,,,
7,747,propio,1,129.22826455171767,270.69265595315596,25.400000000000006,0.0,319.1587130264719,,,,,,,,,,,
7,747,rival,2,120.33823390885689,127.74383952988813,25.500000000000007,0.0,109.99265470541052,143.2249865129829,-52.71737194837624,,,,,,,,,
7,748,propio,1,129.22826455171767,270.69265595315596,25.300000000000004,0.0,319.1587130264719,,,,,,,,,,,
7,749,propio,1,129.22826455171767,270.69265595315596,25.200000000000003,0.0,319.1587130264719,,,,,,,,,,,
7,750,propio,1,129.22826455171767,270.69265595315596,25.1,0.0,319.1587130264719,,,,,,,,,,,
7,751,propio,1,129.22826455171767,270.69265595315596,25.0,0.0,319.1587130264719,,,,,,,,,,,
7,752,propio,1,129.22826455171767,270.69265595315596,24.9,0.0,319.1587130264719,,,,,,,,,,,
7,753,propio,1,129.22826455171767,270.69265595315596,24.799999999999997,0.0,319.1587130264719,,,,,,,,,,,
7,754,propio,1,129.22826455171767,270.69265595315596,24.699999999999996,0.0,319.1587130264719,,,,,,,,,,,
7,755,propio,1,129.22826455171767,270.69265595315596,24.599999999999994,0.0,319.1587130264719,,,,,,,,,,,
7,755,rival,2,120.33823390885689,127.74383952988813,23.699999999999996,0.0,109.99265470541052,143.2249865129829,-52.71737194837624,,,,,,,,,
7,756,propio,1,129.22826455171767,270.69265595315596,23.499999999999993,0.0,319.1587130264719,,,,,,,,,,,
7,756,disparo,1,129.22826455171767,270.69265595315596,23.499999999999993,,319.1587130264719,,,,1.0,,,,,,,
7,757,propio,1,129.22826455171767,270.69265595315596,23.39999999999999,0.0,319.1587130264719,,,,,,,,,,,
7,758,propio,1,129.22826455171767,270.69265595315596,23.29999999999999,0.0,319.1587130264719,,,,,,,,,,,
7,759,propio,1,129.22826455171767,270.69265595315596,23.19999999999999,0.0,319.1587130264719,,,,,,,,,,,
7,760,propio,1,129.22826455171767,270.69265595315596,23.099999999999987,0.0,319.1587130264719,,,,,,,,,,,
7,761,propio,1,129.22826455171767,270.69265595315596,22.999999999999986,0.0,319.1587130264719,,,,,,,,,,,
7,762,propio,1,129.22826455171767,270.69265595315596,22.899999999999984,0.0,319.1587130264719,,,,,,,,,,,
7,763,propio,1,129.22826455171767,270.69265595315596,22.799999999999983,0.0,319.1587130264719,,,,,,,,,,,
7,763,rival,2,120.33823390885689,127.74383952988813,22.899999999999984,0.0,109.99265470541052,143.2249865129829,-52.71737194837624,,,,,,,,,
7,764,propio,1,129.22826455171767,270.69265595315596,22.69999999999998,0.0,319.1587130264719,,,,,,,,,,,
7,765,propio,1,129.22826455171767,270.69265595315596,22.59999999999998,0.0,319.1587130264719,,,,,,,,,,,
7,766,propio,1,129.22826455171767,270.69265595315596,22.49999999999998,0.0,319.1587130264719,,,,,,,,,,,
7,767,propio,1,129.22826455171767,270.69265595315596,22.399999999999977,0.0,319.1587130264719,,,,,,,,,,,
7,768,propio,1,129.22826455171767,270.69265595315596,22.299999999999976,0.0,319.1587130264719,,,,,,,,,,,
7,769,propio,1,129.22826455171767,270.69265595315596,22.199999999999974,0.0,319.1587130264719,,,,,,,,,,,
7,770,propio,1,129.22826455171767,270.69265595315596,22.099999999999973,0.0,319.1587130264719,,,,,,,,,,,
7,771,propio,1,129.22826455171767,270.69265595315596,21.99999999999997,0.0,319.1587130264719,,,,,,,,,,,
7,771,rival,2,120.33823390885689,127.74383952988813,21.099999999999973,0.0,109.99265470541052,143.2249865129829,-52.71737194837624,,,,,,,,,
7,772,propio,1,129.22826455171767,270.69265595315596,20.89999999999997,0.0,319.1587130264719,,,,,,,,,,,
7,772,disparo,1,129.22826455171767,270.69265595315596,20.89999999999997,,319.1587130264719,,,,1.0,,,,,,,
7,773,propio,1,129.22826455171767,270.69265595315596,20.79999999999997,0.0,319.1587130264719,,,,,,,,,,,
7,774,propio,1,129.22826455171767,270.69265595315596,20.699999999999967,0.0,319.1587130264719,,,,,,,,,,,
7,775,propio,1,129.22826455171767,270.69265595315596,20.599999999999966,0.0,319.1587130264719,,,,,,,,,,,
7,776,propio,1,129.22826455171767,270.69265595315596,20.499999999999964,0.0,319.1587130264719,,,,,,,,,,,
7,777,propio,1,129.22826455171767,270.69265595315596,20.399999999999963,0.0,319.1587130264719,,,,,,,,,,,
7,778,propio,1,129.22826455171767,270.69265595315596,20.29999999999996,0.0,319.1587130264719,,,,,,,,,,,
7,779,propio,1,129.22826455171767,270.69265595315596,20.19999999999996,0.0,319.1587130264719,,,,,,,,,,,
7,779,rival,2,120.33823390885689,127.74383952988813,20.29999999999996,0.0,109.99265470541052,143.2249865129829,-52.71737194837624,,,,,,,,,
7,780,propio,1,129.22826455171767,270.69265595315596,20.09999999999996,0.0,319.1587130264719,,,,,,,,,,,
7,781,propio,1,129.22826455171767,270.69265595315596,19.999999999999957,0.0,319.1587130264719,,,,,,,,,,,
7,782,propio,1,129.22826455171767,270.69265595315596,19.899999999999956,0.0,319.1587130264719,,,,,,,,,,,
7,783,propio,1,129.22826455171767,270.69265595315596,19.799999999999955,0.0,319.1587130264719,,,,,,,,,,,
7,784,propio,1,129.22826455171767,270.69265595315596,19.699999999999953,0.0,319.1587130264719,,,,,,,,,,,
7,785,propio,1,129.22826455171767,270.69265595315596,19.59999999999995,0.0,319.1587130264719,,,,,,,,,,,
7,786,propio,1,129.22826455171767,270.69265595315596,19.49999999999995,0.0,319.1587130264719,,,,,,,,,,,
7,787,propio,1,129.22826455171767,270.69265595315596,19.39999999999995,0.0,319.1587130264719,,,,,,,,,,,
7,787,rival,2,120.33823390885689,127.74383952988813,18.49999999999995,0.0,109.99265470541052,143.2249865129829,-52.71737194837624,,,,,,,,,
7,788,propio,1,129.22826455171767,270.69265595315596,18.299999999999947,0.0,319.1587130264719,,,,,,,,,,,
7,788,disparo,1,129.22826455171767,270.69265595315596,18.299999999999947,,319.1587130264719,,,,1.0,,,,,,,
7,789,propio,1,129.22826455171767,270.69265595315596,18.199999999999946,0.0,319.1587130264719,,,,,,,,,,,
7,790,propio,1,129.22826455171767,270.69265595315596,18.099999999999945,0.0,319.1587130264719,,,,,,,,,,,
7,791,propio,1,129.22826455171767,270.69265595315596,17.999999999999943,0.0,319.1587130264719,,,,,,,,,,,
7,792,propio,1,129.22826455171767,270.69265595315596,17.89999999999994,0.0,319.1587130264719,,,,,,,,,,,
7,793,propio,1,129.22826455171767,270.69265595315596,17.79999999999994,0.0,319.1587130264719,,,,,,,,,,,
7,794,propio,1,129.22826455171767,270.69265595315596,17.69999999999994,0.0,319.1587130264719,,,,,,,,,,,
7,795,propio,1,129.22826455171767,270.69265595315596,17.599999999999937,0.0,319.1587130264719,,,,,,,,,,,
7,795,rival,2,120.33823390885689,127.74383952988813,17.69999999999994,0.0,109.99265470541052,143.2249865129829,-52.71737194837624,,,,,,,,,
7,796,propio,1,129.22826455171767,270.69265595315596,17.499999999999936,0.0,319.1587130264719,,,,,,,,,,,
7,797,propio,1,129.22826455171767,270.69265595315596,17.399999999999935,0.0,319.1587130264719,,,,,,,,,,,
7,798,propio,1,129.22826455171767,270.69265595315596,17.299999999999933,0.0,319.1587130264719,,,,,,,,,,,
7,799,propio,1,129.22826455171767,270.69265595315596,17.199999999999932,0.0,319.1587130264719,,,,,,,,,,,
7,800,propio,1,129.22826455171767,270.69265595315596,17.09999999999993,0.0,319.1587130264719,,,,,,,,,,,
7,801,propio,1,129.22826455171767,270.69265595315596,16.99999999999993,0.0,319.1587130264719,,,,,,,,,,,
7,802,propio,1,129.22826455171767,270.69265595315596,16.899999999999928,0.0,319.1587130264719,,,,,,,,,,,
7,803,propio,1,129.22826455171767,270.69265595315596,16.799999999999926,0.0,319.1587130264719,,,,,,,,,,,
7,803,rival,2,120.33823390885689,127.74383952988813,15.899999999999928,0.0,109.99265470541052,143.2249865129829,-52.71737194837624,,,,,,,,,
7,804,propio,1,129.22826455171767,270.69265595315596,15.699999999999926,0.0,319.1587130264719,,,,,,,,,,,
7,804,disparo,1,129.22826455171767,270.69265595315596,15.699999999999926,,319.1587130264719,,,,1.0,,,,,,,
7,805,propio,1,129.22826455171767,270.69265595315596,15.599999999999927,0.0,319.1587130264719,,,,,,,,,,,
7,806,propio,1,129.22826455171767,270.69265595315596,15.499999999999927,0.0,319.1587130264719,,,,,,,,,,,
7,807,propio,1,129.22826455171767,270.69265595315596,15.399999999999928,0.0,319.1587130264719,,,,,,,,,,,
7,808,propio,1,129.22826455171767,270.69265595315596,15.299999999999928,0.0,319.1587130264719,,,,,,,,,,,
7,809,propio,1,129.22826455171767,270.69265595315596,15.199999999999928,0.0,319.1587130264719,,,,,,,,,,,
7,810,propio,1,129.22826455171767,270.69265595315596,15.099999999999929,0.0,319.1587130264719,,,,,,,,,,,
7,811,propio,1,129.22826455171767,270.69265595315596,14.999999999999929,0.0,319.1587130264719,,,,,,,,,,,
7,811,rival,2,120.33823390885689,127.74383952988813,15.09999999999993,0.0,109.99265470541052,143.2249865129829,-52.71737194837624,,,,,,,,,
7,812,propio,1,129.22826455171767,270.69265595315596,14.89999999999993,0.0,319.1587130264719,,,,,,,,,,,
7,813,propio,1,129.22826455171767,270.69265595315596,14.79999999999993,0.0,319.1587130264719,,,,,,,,,,,
7,814,propio,1,129.22826455171767,270.69265595315596,14.69999999999993,0.0,319.1587130264719,,,,,,,,,,,
7,815,propio,1,129.22826455171767,270.69265595315596,14.59999999999993,0.0,319.1587130264719,,,,,,,,,,,
7,816,propio,1,129.22826455171767,270.69265595315596,14.49999999999993,0.0,319.1587130264719,,,,,,,,,,,
7,817,propio,1,129.22826455171767,270.69265595315596,14.399999999999931,0.0,319.1587130264719,,,,,,,,,,,
7,818,propio,1,129.22826455171767,270.69265595315596,14.299999999999931,0.0,319.1587130264719,,,,,,,,,,,
7,819,propio,1,129.22826455171767,270.69265595315596,14.199999999999932,0.0,319.1587130264719,,,,,,,,,,,
7,819,rival,2,120.33823390885689,127.74383952988813,13.299999999999933,0.0,109.99265470541052,143.2249865129829,-52.71737194837624,,,,,,,,,
7,820,propio,1,129.22826455171767,270.69265595315596,13.099999999999932,0.0,319.1587130264719,,,,,,,,,,,
7,820,disparo,1,129.22826455171767,270.69265595315596,13.099999999999932,,319.1587130264719,,,,1.0,,,,,,,
7,821,propio,1,129.22826455171767,270.69265595315596,12.999999999999932,0.0,319.1587130264719,,,,,,,,,,,
7,822,propio,1,129.22826455171767,270.69265595315596,12.899999999999933,0.0,319.1587130264719,,,,,,,,,,,
7,823,propio,1,129.22826455171767,270.69265595315596,12.799999999999933,0.0,319.1587130264719,,,,,,,,,,,
7,824,propio,1,129.22826455171767,270.69265595315596,12.699999999999934,0.0,319.1587130264719,,,,,,,,,,,
7,825,propio,1,129.22826455171767,270.69265595315596,12.599999999999934,0.0,319.1587130264719,,,,,,,,,,,
7,826,propio,1,129.22826455171767,270.69265595315596,12.499999999999934,0.0,319.1587130264719,,,,,,,,,,,
7,827,propio,1,129.22826455171767,270.69265595315596,12.399999999999935,0.0,319.1587130264719,,,,,,,,,,,
7,827,rival,2,120.33823390885689,127.74383952988813,12.499999999999936,0.0,109.99265470541052,143.2249865129829,-52.71737194837624,,,,,,,,,
7,828,propio,1,129.22826455171767,270.69265595315596,12.299999999999935,0.0,319.1587130264719,,,,,,,,,,,
7,829,propio,1,129.22826455171767,270.69265595315596,12.199999999999935,0.0,319.1587130264719,,,,,,,,,,,
7,830,propio,1,129.22826455171767,270.69265595315596,12.099999999999936,0.0,319.1587130264719,,,,,,,,,,,
7,831,propio,1,129.22826455171767,270.69265595315596,11.999999999999936,0.0,319.1587130264719,,,,,,,,,,,
7,832,propio,1,129.22826455171767,270.69265595315596,11.899999999999936,0.0,319.1587130264719,,,,,,,,,,,
7,833,propio,1,129.22826455171767,270.69265595315596,11.799999999999937,0.0,319.1587130264719,,,,,,,,,,,
7,834,propio,1,129.22826455171767,270.69265595315596,11.699999999999937,0.0,319.1587130264719,,,,,,,,,,,
7,835,propio,1,129.22826455171767,270.69265595315596,11.599999999999937,0.0,319.1587130264719,,,,,,,,,,,
7,835,rival,2,120.33823390885689,127.74383952988813,10.699999999999939,0.0,109.99265470541052,143.2249865129829,-52.71737194837624,,,,,,,,,
7,836,propio,1,129.22826455171767,270.69265595315596,10.499999999999938,0.0,319.1587130264719,,,,,,,,,,,
7,836,disparo,1,129.22826455171767,270.69265595315596,10.499999999999938,,319.1587130264719,,,,1.0,,,,,,,
7,837,propio,1,129.22826455171767,270.69265595315596,10.399999999999938,0.0,319.1587130264719,,,,,,,,,,,
7,838,propio,1,129.22826455171767,270.69265595315596,10.299999999999939,0.0,319.1587130264719,,,,,,,,,,,
7,839,propio,1,129.22826455171767,270.69265595315596,10.199999999999939,0.0,319.1587130264719,,,,,,,,,,,
7,840,propio,1,129.22826455171767,270.69265595315596,10.09999999999994,0.0,319.1587130264719,,,,,,,,,,,
7,841,propio,1,129.22826455171767,270.69265595315596,9.99999999999994,0.0,319.1587130264719,,,,,,,,,,,
7,842,propio,1,129.22826455171767,270.69265595315596,9.89999999999994,0.0,319.1587130264719,,,,,,,,,,,
7,843,propio,1,129.22826455171767,270.69265595315596,9.79999999999994,0.0,319.1587130264719,,,,,,,,,,,
7,843,rival,2,120.33823390885689,127.74383952988813,9.899999999999942,0.0,109.99265470541052,143.2249865129829,-52.71737194837624,,,,,,,,,
7,844,propio,1,129.22826455171767,270.69265595315596,9.69999999999994,0.0,319.1587130264719,,,,,,,,,,,
7,845,propio,1,129.22826455171767,270.69265595315596,9.599999999999941,0.0,319.1587130264719,,,,,,,,,,,
7,846,propio,1,129.22826455171767,270.69265595315596,9.499999999999941,0.0,319.1587130264719,,,,,,,,,,,
7,847,propio,1,129.22826455171767,270.69265595315596,9.399999999999942,0.0,319.1587130264719,,,,,,,,,,,
7,848,propio,1,129.22826455171767,270.69265595315596,9.299999999999942,0.0,319.1587130264719,,,,,,,,,,,
7,849,propio,1,129.22826455171767,270.69265595315596,9.199999999999942,0.0,319.1587130264719,,,,,,,,,,,
7,850,propio,1,129.22826455171767,270.69265595315596,9.099999999999943,0.0,319.1587130264719,,,,,,,,,,,
7,851,propio,1,129.22826455171767,270.69265595315596,8.999999999999943,0.0,319.1587130264719,,,,,,,,,,,
7,851,rival,2,120.33823390885689,127.74383952988813,8.099999999999945,0.0,109.99265470541052,143.2249865129829,-52.71737194837624,,,,,,,,,
7,852,propio,1,129.22826455171767,270.69265595315596,7.8999999999999435,0.0,319.1587130264719,,,,,,,,,,,
7,852,disparo,1,129.22826455171767,270.69265595315596,7.8999999999999435,,319.1587130264719,,,,1.0,,,,,,,
7,853,propio,1,129.22826455171767,270.69265595315596,7.799999999999944,0.0,319.1587130264719,,,,,,,,,,,
7,854,propio,1,129.22826455171767,270.69265595315596,7.699999999999944,0.0,319.1587130264719,,,,,,,,,,,
7,855,propio,1,129.22826455171767,270.69265595315596,7.599999999999945,0.0,319.1587130264719,,,,,,,,,,,
7,856,propio,1,129.22826455171767,270.69265595315596,7.499999999999945,0.0,319.1587130264719,,,,,,,,,,,
7,857,propio,1,129.22826455171767,270.69265595315596,7.399999999999945,0.0,319.1587130264719,,,,,,,,,,,
7,858,propio,1,129.22826455171767,270.69265595315596,7.299999999999946,0.0,319.1587130264719,,,,,,,,,,,
7,859,propio,1,129.22826455171767,270.69265595315596,7.199999999999946,0.0,319.1587130264719,,,,,,,,,,,
7,859,rival,2,120.33823390885689,127.74383952988813,7.299999999999947,0.0,109.99265470541052,143.2249865129829,-52.71737194837624,,,,,,,,,
7,860,propio,1,129.22826455171767,270.69265595315596,7.099999999999946,0.0,319.1587130264719,,,,,,,,,,,
7,861,propio,1,129.22826455171767,270.69265595315596,6.999999999999947,0.0,319.1587130264719,,,,,,,,,,,
7,862,propio,1,129.22826455171767,270.69265595315596,6.899999999999947,0.0,319.1587130264719,,,,,,,,,,,
7,863,propio,1,129.22826455171767,270.69265595315596,6.799999999999947,0.0,319.1587130264719,,,,,,,,,,,
7,864,propio,1,129.22826455171767,270.69265595315596,6.699999999999948,0.0,319.1587130264719,,,,,,,,,,,
7,865,propio,1,129.22826455171767,270.69265595315596,6.599999999999948,0.0,319.1587130264719,,,,,,,,,,,
7,866,propio,1,129.22826455171767,270.69265595315596,6.4999999999999485,0.0,319.1587130264719,,,,,,,,,,,
7,867,propio,1,129.22826455171767,270.69265595315596,6.399999999999949,0.0,319.1587130264719,,,,,,,,,,,
7,867,rival,2,120.33823390885689,127.74383952988813,5.49999999999995,0.0,109.99265470541052,143.2249865129829,-52.71737194837624,,,,,,,,,
7,868,propio,1,129.22826455171767,270.69265595315596,5.299999999999949,0.0,319.1587130264719,,,,,,,,,,,
7,868,disparo,1,129.22826455171767,270.69265595315596,5.299999999999949,,319.1587130264719,,,,1.0,,,,,,,
7,869,propio,1,129.22826455171767,270.69265595315596,5.1999999999999496,0.0,319.1587130264719,,,,,,,,,,,
7,870,propio,1,129.22826455171767,270.69265595315596,5.09999999999995,0.0,319.1587130264719,,,,,,,,,,,
7,871,propio,1,129.22826455171767,270.69265595315596,4.99999999999995,0.0,319.1587130264719,,,,,,,,,,,
7,872,propio,1,129.22826455171767,270.69265595315596,4.899999999999951,0.0,319.1587130264719,,,,,,,,,,,
7,873,propio,1,129.22826455171767,270.69265595315596,4.799999999999951,0.0,319.1587130264719,,,,,,,,,,,
7,874,propio,1,129.22826455171767,270.69265595315596,4.699999999999951,0.0,319.1587130264719,,,,,,,,,,,
7,875,propio,1,129.22826455171767,270.69265595315596,4.599999999999952,0.0,319.1587130264719,,,,,,,,,,,
7,875,rival,2,120.33823390885689,127.74383952988813,4.699999999999953,0.0,109.99265470541052,143.2249865129829,-52.71737194837624,,,,,,,,,
7,876,propio,1,129.22826455171767,270.69265595315596,4.499999999999952,0.0,319.1587130264719,,,,,,,,,,,
7,877,propio,1,129.22826455171767,270.69265595315596,4.399999999999952,0.0,319.1587130264719,,,,,,,,,,,
7,878,propio,1,129.22826455171767,270.69265595315596,4.299999999999953,0.0,319.1587130264719,,,,,,,,,,,
7,879,propio,1,129.22826455171767,270.69265595315596,4.199999999999953,0.0,319.1587130264719,,,,,,,,,,,
7,880,propio,1,129.22826455171767,270.69265595315596,4.0999999999999535,0.0,319.1587130264719,,,,,,,,,,,
7,881,propio,1,129.22826455171767,270.69265595315596,3.9999999999999534,0.0,319.1587130264719,,,,,,,,,,,
7,882,propio,1,129.22826455171767,270.69265595315596,3.8999999999999533,0.0,319.1587130264719,,,,,,,,,,,
7,883,propio,1,129.22826455171767,270.69265595315596,3.799999999999953,0.0,319.1587130264719,,,,,,,,,,,
7,883,rival,2,120.33823390885689,127.74383952988813,2.899999999999955,0.0,109.99265470541052,143.2249865129829,-52.71737194837624,,,,,,,,,
7,884,propio,1,129.22826455171767,270.69265595315596,2.699999999999953,0.0,319.1587130264719,,,,,,,,,,,
7,884,disparo,1,129.22826455171767,270.69265595315596,2.699999999999953,,319.1587130264719,,,,1.0,,,,,,,
7,885,propio,1,129.22826455171767,270.69265595315596,2.599999999999953,0.0,319.1587130264719,,,,,,,,,,,
7,886,propio,1,129.22826455171767,270.69265595315596,2.499999999999953,0.0,319.1587130264719,,,,,,,,,,,
7,887,propio,1,129.22826455171767,270.69265595315596,2.399999999999953,0.0,319.1587130264719,,,,,,,,,,,
7,888,propio,1,129.22826455171767,270.69265595315596,2.2999999999999527,0.0,319.1587130264719,,,,,,,,,,,
7,889,propio,1,129.22826455171767,270.69265595315596,2.1999999999999527,0.0,319.1587130264719,,,,,,,,,,,
7,890,propio,1,129.22826455171767,270.69265595315596,2.0999999999999526,0.0,319.1587130264719,,,,,,,,,,,
7,891,propio,1,129.22826455171767,270.69265595315596,1.9999999999999525,0.0,319.1587130264719,,,,,,,,,,,
7,891,rival,2,120.33823390885689,127.74383952988813,2.0999999999999543,0.0,109.99265470541052,143.2249865129829,-52.71737194837624,,,,,,,,,
7,892,propio,1,129.22826455171767,270.69265595315596,1.8999999999999524,0.0,319.1587130264719,,,,,,,,,,,
7,893,propio,1,129.22826455171767,270.69265595315596,1.7999999999999523,0.0,319.1587130264719,,,,,,,,,,,
7,894,propio,1,129.22826455171767,270.69265595315596,1.6999999999999522,0.0,319.1587130264719,,,,,,,,,,,
7,895,propio,1,129.22826455171767,270.69265595315596,1.5999999999999521,0.0,319.1587130264719,,,,,,,,,,,
7,896,propio,1,129.22826455171767,270.69265595315596,1.499999999999952,0.0,319.1587130264719,,,,,,,,,,,
7,897,propio,1,129.22826455171767,270.69265595315596,1.399999999999952,0.0,319.1587130264719,,,,,,,,,,,
7,898,propio,1,129.22826455171767,270.69265595315596,1.2999999999999519,0.0,319.1587130264719,,,,,,,,,,,
7,899,propio,1,129.22826455171767,270.69265595315596,1.1999999999999518,0.0,319.1587130264719,,,,,,,,,,,
7,899,rival,2,120.33823390885689,127.74383952988813,0.29999999999995364,0.0,109.99265470541052,143.2249865129829,-52.71737194837624,,,,,,,,,
7,900,propio,1,129.22826455171767,270.69265595315596,0.09999999999995177,0.0,319.1587130264719,,,,,,,,,,,
7,900,disparo,1,129.22826455171767,270.69265595315596,0.09999999999995177,,319.1587130264719,,,,1.0,,,,,,,
7,901,propio,1,129.22826455171767,270.69265595315596,-4.823919041996305e-14,0.0,319.1587130264719,,,,,,,,,,,
7,901,fin_ronda,1,,,,,,,,,,,0,1,0.0,0.0,0.0,20.0
