ronda,turno,tipo,id,x,y,energia,velocidad,direccion,dist_al_rival,bearing_al_rival,id_otro,potencia,dano,vivo,rank,supervivencia,dano_balas,dano_embestida,puntuacion
1,1,propio,2,274.26398988485766,231.80959823053865,100.0,0.0,271.9498077390661,,,,,,,,,,,
1,2,propio,2,274.26398988485766,231.80959823053865,100.0,0.0,271.9498077390661,,,,,,,,,,,
1,3,propio,2,274.26398988485766,231.80959823053865,100.0,0.0,271.9498077390661,,,,,,,,,,,
1,4,propio,2,274.26398988485766,231.80959823053865,100.0,0.0,271.9498077390661,,,,,,,,,,,
1,5,propio,2,274.26398988485766,231.80959823053865,100.0,0.0,271.9498077390661,,,,,,,,,,,
1,6,propio,2,274.26398988485766,231.80959823053865,100.0,0.0,271.9498077390661,,,,,,,,,,,
1,6,rival,1,521.9030702145783,525.9016546226346,100.0,0.0,272.7264209033392,384.4674911347923,137.95126683009124,,,,,,,,,
1,7,propio,2,274.26398988485766,231.80959823053865,100.0,0.0,271.9498077390661,,,,,,,,,,,
1,8,propio,2,274.26398988485766,231.80959823053865,100.0,0.0,271.9498077390661,,,,,,,,,,,
1,9,propio,2,274.26398988485766,231.80959823053865,100.0,0.0,271.9498077390661,,,,,,,,,,,
1,10,propio,2,274.26398988485766,231.80959823053865,100.0,0.0,271.9498077390661,,,,,,,,,,,
1,11,propio,2,274.26398988485766,231.80959823053865,100.0,0.0,271.9498077390661,,,,,,,,,,,
1,12,propio,2,274.26398988485766,231.80959823053865,100.0,0.0,271.9498077390661,,,,,,,,,,,
1,13,propio,2,274.26398988485766,231.80959823053865,100.0,0.0,271.9498077390661,,,,,,,,,,,
1,14,propio,2,274.26398988485766,231.80959823053865,100.0,0.0,271.9498077390661,,,,,,,,,,,
1,14,rival,1,521.9030702145783,525.9016546226346,100.0,0.0,272.7264209033392,384.4674911347923,137.95126683009124,,,,,,,,,
1,15,propio,2,274.26398988485766,231.80959823053865,100.0,0.0,271.9498077390661,,,,,,,,,,,
1,16,propio,2,274.26398988485766,231.80959823053865,100.0,0.0,271.9498077390661,,,,,,,,,,,
1,17,propio,2,274.26398988485766,231.80959823053865,100.0,0.0,271.9498077390661,,,,,,,,,,,
1,18,propio,2,274.26398988485766,231.80959823053865,100.0,0.0,271.9498077390661,,,,,,,,,,,
1,19,propio,2,274.26398988485766,231.80959823053865,100.0,0.0,271.9498077390661,,,,,,,,,,,
1,20,propio,2,274.26398988485766,231.80959823053865,100.0,0.0,271.9498077390661,,,,,,,,,,,
1,21,propio,2,274.26398988485766,231.80959823053865,100.0,0.0,271.9498077390661,,,,,,,,,,,
1,22,propio,2,274.26398988485766,231.80959823053865,100.0,0.0,271.9498077390661,,,,,,,,,,,
1,22,rival,1,521.9030702145783,525.9016546226346,100.0,0.0,272.7264209033392,384.4674911347923,137.95126683009124,,,,,,,,,
1,23,propio,2,274.26398988485766,231.80959823053865,100.0,0.0,271.9498077390661,,,,,,,,,,,
1,24,propio,2,274.26398988485766,231.80959823053865,100.0,0.0,271.9498077390661,,,,,,,,,,,
1,25,propio,2,274.26398988485766,231.80959823053865,100.0,0.0,271.9498077390661,,,,,,,,,,,
1,26,propio,2,274.26398988485766,231.80959823053865,100.0,0.0,271.9498077390661,,,,,,,,,,,
1,27,propio,2,274.26398988485766,231.80959823053865,100.0,0.0,271.9498077390661,,,,,,,,,,,
1,28,propio,2,274.26398988485766,231.80959823053865,100.0,0.0,271.9498077390661,,,,,,,,,,,
1,29,propio,2,274.26398988485766,231.80959823053865,100.0,0.0,271.9498077390661,,,,,,,,,,,
1,30,propio,2,274.26398988485766,231.80959823053865,100.0,0.0,271.9498077390661,,,,,,,,,,,
1,30,rival,1,521.9030702145783,525.9016546226346,100.0,0.0,272.7264209033392,384.4674911347923,137.95126683009124,,,,,,,,,
1,31,propio,2,274.26398988485766,231.80959823053865,99.0,0.0,271.9498077390661,,,,,,,,,,,
1,31,disparo,2,274.26398988485766,231.80959823053865,99.0,,271.9498077390661,,,,1.0,,,,,,,
1,32,propio,2,274.26398988485766,231.80959823053865,99.0,0.0,271.9498077390661,,,,,,,,,,,
1,33,propio,2,274.26398988485766,231.80959823053865,99.0,0.0,271.9498077390661,,,,,,,,,,,
1,34,propio,2,274.26398988485766,231.80959823053865,99.0,0.0,271.9498077390661,,,,,,,,,,,
1,35,propio,2,274.26398988485766,231.80959823053865,99.0,0.0,271.9498077390661,,,,,,,,,,,
1,36,propio,2,274.26398988485766,231.80959823053865,99.0,0.0,271.9498077390661,,,,,,,,,,,
1,37,propio,2,274.26398988485766,231.80959823053865,99.0,0.0,271.9498077390661,,,,,,,,,,,
1,38,propio,2,274.26398988485766,231.80959823053865,99.0,0.0,271.9498077390661,,,,,,,,,,,
1,38,rival,1,521.9030702145783,525.9016546226346,99.0,0.0,272.7264209033392,384.4674911347923,137.95126683009124,,,,,,,,,
1,39,propio,2,274.26398988485766,231.80959823053865,99.0,0.0,271.9498077390661,,,,,,,,,,,
1,40,propio,2,274.26398988485766,231.80959823053865,99.0,0.0,271.9498077390661,,,,,,,,,,,
1,41,propio,2,274.26398988485766,231.80959823053865,99.0,0.0,271.9498077390661,,,,,,,,,,,
1,42,propio,2,274.26398988485766,231.80959823053865,99.0,0.0,271.9498077390661,,,,,,,,,,,
1,43,propio,2,274.26398988485766,231.80959823053865,99.0,0.0,271.9498077390661,,,,,,,,,,,
1,44,propio,2,274.26398988485766,231.80959823053865,99.0,0.0,271.9498077390661,,,,,,,,,,,
1,45,propio,2,274.26398988485766,231.80959823053865,99.0,0.0,271.9498077390661,,,,,,,,,,,
1,46,propio,2,274.26398988485766,231.80959823053865,99.0,0.0,271.9498077390661,,,,,,,,,,,
1,46,rival,1,521.9030702145783,525.9016546226346,99.0,0.0,272.7264209033392,384.4674911347923,137.95126683009124,,,,,,,,,
1,47,propio,2,274.26398988485766,231.80959823053865,98.0,0.0,271.9498077390661,,,,,,,,,,,
1,47,disparo,2,274.26398988485766,231.80959823053865,98.0,,271.9498077390661,,,,1.0,,,,,,,
1,48,propio,2,274.26398988485766,231.80959823053865,98.0,0.0,271.9498077390661,,,,,,,,,,,
1,49,propio,2,274.26398988485766,231.80959823053865,98.0,0.0,271.9498077390661,,,,,,,,,,,
1,50,propio,2,274.26398988485766,231.80959823053865,98.0,0.0,271.9498077390661,,,,,,,,,,,
1,51,propio,2,274.26398988485766,231.80959823053865,98.0,0.0,271.9498077390661,,,,,,,,,,,
1,52,propio,2,274.26398988485766,231.80959823053865,98.0,0.0,271.9498077390661,,,,,,,,,,,
1,53,propio,2,274.26398988485766,231.80959823053865,98.0,0.0,271.9498077390661,,,,,,,,,,,
1,54,propio,2,274.26398988485766,231.80959823053865,98.0,0.0,271.9498077390661,,,,,,,,,,,
1,54,rival,1,521.9030702145783,525.9016546226346,98.0,0.0,272.7264209033392,384.4674911347923,137.95126683009124,,,,,,,,,
1,55,propio,2,274.26398988485766,231.80959823053865,98.0,0.0,271.9498077390661,,,,,,,,,,,
1,56,propio,2,274.26398988485766,231.80959823053865,98.0,0.0,271.9498077390661,,,,,,,,,,,
1,57,propio,2,274.26398988485766,231.80959823053865,98.0,0.0,271.9498077390661,,,,,,,,,,,
1,58,propio,2,274.26398988485766,231.80959823053865,98.0,0.0,271.9498077390661,,,,,,,,,,,
1,59,propio,2,274.26398988485766,231.80959823053865,98.0,0.0,271.9498077390661,,,,,,,,,,,
1,60,propio,2,274.26398988485766,231.80959823053865,98.0,0.0,271.9498077390661,,,,,,,,,,,
1,61,propio,2,274.26398988485766,231.80959823053865,98.0,0.0,271.9498077390661,,,,,,,,,,,
1,62,propio,2,274.26398988485766,231.80959823053865,98.0,0.0,271.9498077390661,,,,,,,,,,,
1,62,rival,1,521.9030702145783,525.9016546226346,98.0,0.0,272.7264209033392,384.4674911347923,137.95126683009124,,,,,,,,,
1,63,propio,2,274.26398988485766,231.80959823053865,97.0,0.0,271.9498077390661,,,,,,,,,,,
1,63,disparo,2,274.26398988485766,231.80959823053865,97.0,,271.9498077390661,,,,1.0,,,,,,,
1,64,propio,2,274.26398988485766,231.80959823053865,97.0,0.0,271.9498077390661,,,,,,,,,,,
1,65,propio,2,274.26398988485766,231.80959823053865,97.0,0.0,271.9498077390661,,,,,,,,,,,
1,66,propio,2,274.26398988485766,231.80959823053865,97.0,0.0,271.9498077390661,,,,,,,,,,,
1,67,propio,2,274.26398988485766,231.80959823053865,97.0,0.0,271.9498077390661,,,,,,,,,,,
1,68,propio,2,274.26398988485766,231.80959823053865,97.0,0.0,271.9498077390661,,,,,,,,,,,
1,69,propio,2,274.26398988485766,231.80959823053865,97.0,0.0,271.9498077390661,,,,,,,,,,,
1,70,propio,2,274.26398988485766,231.80959823053865,97.0,0.0,271.9498077390661,,,,,,,,,,,
1,70,rival,1,521.9030702145783,525.9016546226346,97.0,0.0,272.7264209033392,384.4674911347923,137.95126683009124,,,,,,,,,
1,71,propio,2,274.26398988485766,231.80959823053865,97.0,0.0,271.9498077390661,,,,,,,,,,,
1,72,propio,2,274.26398988485766,231.80959823053865,97.0,0.0,271.9498077390661,,,,,,,,,,,
1,73,propio,2,274.26398988485766,231.80959823053865,97.0,0.0,271.9498077390661,,,,,,,,,,,
1,74,propio,2,274.26398988485766,231.80959823053865,97.0,0.0,271.9498077390661,,,,,,,,,,,
1,75,propio,2,274.26398988485766,231.80959823053865,97.0,0.0,271.9498077390661,,,,,,,,,,,
1,76,propio,2,274.26398988485766,231.80959823053865,97.0,0.0,271.9498077390661,,,,,,,,,,,
1,77,propio,2,274.26398988485766,231.80959823053865,97.0,0.0,271.9498077390661,,,,,,,,,,,
1,78,propio,2,274.26398988485766,231.80959823053865,97.0,0.0,271.9498077390661,,,,,,,,,,,
1,78,rival,1,521.9030702145783,525.9016546226346,97.0,0.0,272.7264209033392,384.4674911347923,137.95126683009124,,,,,,,,,
1,79,propio,2,274.26398988485766,231.80959823053865,96.0,0.0,271.9498077390661,,,,,,,,,,,
1,79,disparo,2,274.26398988485766,231.80959823053865,96.0,,271.9498077390661,,,,1.0,,,,,,,
1,80,propio,2,274.26398988485766,231.80959823053865,96.0,0.0,271.9498077390661,,,,,,,,,,,
1,81,propio,2,274.26398988485766,231.80959823053865,96.0,0.0,271.9498077390661,,,,,,,,,,,
1,82,propio,2,274.26398988485766,231.80959823053865,96.0,0.0,271.9498077390661,,,,,,,,,,,
1,83,propio,2,274.26398988485766,231.80959823053865,96.0,0.0,271.9498077390661,,,,,,,,,,,
1,84,propio,2,274.26398988485766,231.80959823053865,96.0,0.0,271.9498077390661,,,,,,,,,,,
1,85,propio,2,274.26398988485766,231.80959823053865,96.0,0.0,271.9498077390661,,,,,,,,,,,
1,86,propio,2,274.26398988485766,231.80959823053865,96.0,0.0,271.9498077390661,,,,,,,,,,,
1,86,rival,1,521.9030702145783,525.9016546226346,96.0,0.0,272.7264209033392,384.4674911347923,137.95126683009124,,,,,,,,,
1,87,propio,2,274.26398988485766,231.80959823053865,96.0,0.0,271.9498077390661,,,,,,,,,,,
1,88,propio,2,274.26398988485766,231.80959823053865,96.0,0.0,271.9498077390661,,,,,,,,,,,
1,89,propio,2,274.26398988485766,231.80959823053865,96.0,0.0,271.9498077390661,,,,,,,,,,,
1,90,propio,2,274.26398988485766,231.80959823053865,96.0,0.0,271.9498077390661,,,,,,,,,,,
1,91,propio,2,274.26398988485766,231.80959823053865,96.0,0.0,271.9498077390661,,,,,,,,,,,
1,92,propio,2,274.26398988485766,231.80959823053865,96.0,0.0,271.9498077390661,,,,,,,,,,,
1,93,propio,2,274.26398988485766,231.80959823053865,96.0,0.0,271.9498077390661,,,,,,,,,,,
1,94,propio,2,274.26398988485766,231.80959823053865,96.0,0.0,271.9498077390661,,,,,,,,,,,
1,94,rival,1,521.9030702145783,525.9016546226346,96.0,0.0,272.7264209033392,384.4674911347923,137.95126683009124,,,,,,,,,
1,95,propio,2,274.26398988485766,231.80959823053865,95.0,0.0,271.9498077390661,,,,,,,,,,,
1,95,disparo,2,274.26398988485766,231.80959823053865,95.0,,271.9498077390661,,,,1.0,,,,,,,
1,96,propio,2,274.26398988485766,231.80959823053865,95.0,0.0,271.9498077390661,,,,,,,,,,,
1,97,propio,2,274.26398988485766,231.80959823053865,95.0,0.0,271.9498077390661,,,,,,,,,,,
1,98,propio,2,274.26398988485766,231.80959823053865,95.0,0.0,271.9498077390661,,,,,,,,,,,
1,99,propio,2,274.26398988485766,231.80959823053865,95.0,0.0,271.9498077390661,,,,,,,,,,,
1,100,propio,2,274.26398988485766,231.80959823053865,95.0,0.0,271.9498077390661,,,,,,,,,,,
1,101,propio,2,274.26398988485766,231.80959823053865,95.0,0.0,271.9498077390661,,,,,,,,,,,
1,102,propio,2,274.26398988485766,231.80959823053865,95.0,0.0,271.9498077390661,,,,,,,,,,,
1,102,rival,1,521.9030702145783,525.9016546226346,95.0,0.0,272.7264209033392,384.4674911347923,137.95126683009124,,,,,,,,,
1,103,propio,2,274.26398988485766,231.80959823053865,95.0,0.0,271.9498077390661,,,,,,,,,,,
1,104,propio,2,274.26398988485766,231.80959823053865,95.0,0.0,271.9498077390661,,,,,,,,,,,
1,105,propio,2,274.26398988485766,231.80959823053865,95.0,0.0,271.9498077390661,,,,,,,,,,,
1,106,propio,2,274.26398988485766,231.80959823053865,95.0,0.0,271.9498077390661,,,,,,,,,,,
1,107,propio,2,274.26398988485766,231.80959823053865,95.0,0.0,271.9498077390661,,,,,,,,,,,
1,108,propio,2,274.26398988485766,231.80959823053865,95.0,0.0,271.9498077390661,,,,,,,,,,,
1,109,propio,2,274.26398988485766,231.80959823053865,95.0,0.0,271.9498077390661,,,,,,,,,,,
1,110,propio,2,274.26398988485766,231.80959823053865,95.0,0.0,271.9498077390661,,,,,,,,,,,
1,110,rival,1,521.9030702145783,525.9016546226346,95.0,0.0,272.7264209033392,384.4674911347923,137.95126683009124,,,,,,,,,
1,111,propio,2,274.26398988485766,231.80959823053865,94.0,0.0,271.9498077390661,,,,,,,,,,,
1,111,disparo,2,274.26398988485766,231.80959823053865,94.0,,271.9498077390661,,,,1.0,,,,,,,
1,112,propio,2,274.26398988485766,231.80959823053865,94.0,0.0,271.9498077390661,,,,,,,,,,,
1,113,propio,2,274.26398988485766,231.80959823053865,94.0,0.0,271.9498077390661,,,,,,,,,,,
1,114,propio,2,274.26398988485766,231.80959823053865,94.0,0.0,271.9498077390661,,,,,,,,,,,
1,115,propio,2,274.26398988485766,231.80959823053865,94.0,0.0,271.9498077390661,,,,,,,,,,,
1,116,propio,2,274.26398988485766,231.80959823053865,94.0,0.0,271.9498077390661,,,,,,,,,,,
1,117,propio,2,274.26398988485766,231.80959823053865,94.0,0.0,271.9498077390661,,,,,,,,,,,
1,118,propio,2,274.26398988485766,231.80959823053865,94.0,0.0,271.9498077390661,,,,,,,,,,,
1,118,rival,1,521.9030702145783,525.9016546226346,94.0,0.0,272.7264209033392,384.4674911347923,137.95126683009124,,,,,,,,,
1,119,propio,2,274.26398988485766,231.80959823053865,94.0,0.0,271.9498077390661,,,,,,,,,,,
1,120,propio,2,274.26398988485766,231.80959823053865,94.0,0.0,271.9498077390661,,,,,,,,,,,
1,121,propio,2,274.26398988485766,231.80959823053865,94.0,0.0,271.9498077390661,,,,,,,,,,,
1,122,propio,2,274.26398988485766,231.80959823053865,94.0,0.0,271.9498077390661,,,,,,,,,,,
1,123,propio,2,274.26398988485766,231.80959823053865,94.0,0.0,271.9498077390661,,,,,,,,,,,
1,124,propio,2,274.26398988485766,231.80959823053865,94.0,0.0,271.9498077390661,,,,,,,,,,,
1,125,propio,2,274.26398988485766,231.80959823053865,94.0,0.0,271.9498077390661,,,,,,,,,,,
1,126,propio,2,274.26398988485766,231.80959823053865,94.0,0.0,271.9498077390661,,,,,,,,,,,
1,126,rival,1,521.9030702145783,525.9016546226346,94.0,0.0,272.7264209033392,384.4674911347923,137.95126683009124,,,,,,,,,
1,127,propio,2,274.26398988485766,231.80959823053865,93.0,0.0,271.9498077390661,,,,,,,,,,,
1,127,disparo,2,274.26398988485766,231.80959823053865,93.0,,271.9498077390661,,,,1.0,,,,,,,
1,128,propio,2,274.26398988485766,231.80959823053865,93.0,0.0,271.9498077390661,,,,,,,,,,,
1,129,propio,2,274.26398988485766,231.80959823053865,93.0,0.0,271.9498077390661,,,,,,,,,,,
1,130,propio,2,274.26398988485766,231.80959823053865,93.0,0.0,271.9498077390661,,,,,,,,,,,
1,131,propio,2,274.26398988485766,231.80959823053865,93.0,0.0,271.9498077390661,,,,,,,,,,,
1,132,propio,2,274.26398988485766,231.80959823053865,93.0,0.0,271.9498077390661,,,,,,,,,,,
1,133,propio,2,274.26398988485766,231.80959823053865,93.0,0.0,271.9498077390661,,,,,,,,,,,
1,134,propio,2,274.26398988485766,231.80959823053865,93.0,0.0,271.9498077390661,,,,,,,,,,,
1,134,rival,1,521.9030702145783,525.9016546226346,93.0,0.0,272.7264209033392,384.4674911347923,137.95126683009124,,,,,,,,,
1,135,propio,2,274.26398988485766,231.80959823053865,93.0,0.0,271.9498077390661,,,,,,,,,,,
1,136,propio,2,274.26398988485766,231.80959823053865,93.0,0.0,271.9498077390661,,,,,,,,,,,
1,137,propio,2,274.26398988485766,231.80959823053865,93.0,0.0,271.9498077390661,,,,,,,,,,,
1,138,propio,2,274.26398988485766,231.80959823053865,93.0,0.0,271.9498077390661,,,,,,,,,,,
1,139,propio,2,274.26398988485766,231.80959823053865,93.0,0.0,271.9498077390661,,,,,,,,,,,
1,140,propio,2,274.26398988485766,231.80959823053865,93.0,0.0,271.9498077390661,,,,,,,,,,,
1,141,propio,2,274.26398988485766,231.80959823053865,93.0,0.0,271.9498077390661,,,,,,,,,,,
1,142,propio,2,274.26398988485766,231.80959823053865,93.0,0.0,271.9498077390661,,,,,,,,,,,
1,142,rival,1,521.9030702145783,525.9016546226346,93.0,0.0,272.7264209033392,384.4674911347923,137.95126683009124,,,,,,,,,
1,143,propio,2,274.26398988485766,231.80959823053865,92.0,0.0,271.9498077390661,,,,,,,,,,,
1,143,disparo,2,274.26398988485766,231.80959823053865,92.0,,271.9498077390661,,,,1.0,,,,,,,
1,144,propio,2,274.26398988485766,231.80959823053865,92.0,0.0,271.9498077390661,,,,,,,,,,,
1,145,propio,2,274.26398988485766,231.80959823053865,92.0,0.0,271.9498077390661,,,,,,,,,,,
1,146,propio,2,274.26398988485766,231.80959823053865,92.0,0.0,271.9498077390661,,,,,,,,,,,
1,147,propio,2,274.26398988485766,231.80959823053865,92.0,0.0,271.9498077390661,,,,,,,,,,,
1,148,propio,2,274.26398988485766,231.80959823053865,92.0,0.0,271.9498077390661,,,,,,,,,,,
1,149,propio,2,274.26398988485766,231.80959823053865,92.0,0.0,271.9498077390661,,,,,,,,,,,
1,150,propio,2,274.26398988485766,231.80959823053865,92.0,0.0,271.9498077390661,,,,,,,,,,,
1,150,rival,1,521.9030702145783,525.9016546226346,92.0,0.0,272.7264209033392,384.4674911347923,137.95126683009124,,,,,,,,,
1,151,propio,2,274.26398988485766,231.80959823053865,92.0,0.0,271.9498077390661,,,,,,,,,,,
1,152,propio,2,274.26398988485766,231.80959823053865,92.0,0.0,271.9498077390661,,,,,,,,,,,
1,153,propio,2,274.26398988485766,231.80959823053865,92.0,0.0,271.9498077390661,,,,,,,,,,,
1,154,propio,2,274.26398988485766,231.80959823053865,92.0,0.0,271.9498077390661,,,,,,,,,,,
1,155,propio,2,274.26398988485766,231.80959823053865,92.0,0.0,271.9498077390661,,,,,,,,,,,
1,156,propio,2,274.26398988485766,231.80959823053865,92.0,0.0,271.9498077390661,,,,,,,,,,,
1,157,propio,2,274.26398988485766,231.80959823053865,92.0,0.0,271.9498077390661,,,,,,,,,,,
1,158,propio,2,274.26398988485766,231.80959823053865,92.0,0.0,271.9498077390661,,,,,,,,,,,
1,158,rival,1,521.9030702145783,525.9016546226346,92.0,0.0,272.7264209033392,384.4674911347923,137.95126683009124,,,,,,,,,
1,159,propio,2,274.26398988485766,231.80959823053865,91.0,0.0,271.9498077390661,,,,,,,,,,,
1,159,disparo,2,274.26398988485766,231.80959823053865,91.0,,271.9498077390661,,,,1.0,,,,,,,
1,160,propio,2,274.26398988485766,231.80959823053865,91.0,0.0,271.9498077390661,,,,,,,,,,,
1,161,propio,2,274.26398988485766,231.80959823053865,91.0,0.0,271.9498077390661,,,,,,,,,,,
1,162,propio,2,274.26398988485766,231.80959823053865,91.0,0.0,271.9498077390661,,,,,,,,,,,
1,163,propio,2,274.26398988485766,231.80959823053865,91.0,0.0,271.9498077390661,,,,,,,,,,,
1,164,propio,2,274.26398988485766,231.80959823053865,91.0,0.0,271.9498077390661,,,,,,,,,,,
1,165,propio,2,274.26398988485766,231.80959823053865,91.0,0.0,271.9498077390661,,,,,,,,,,,
1,166,propio,2,274.26398988485766,231.80959823053865,91.0,0.0,271.9498077390661,,,,,,,,,,,
1,166,rival,1,521.9030702145783,525.9016546226346,91.0,0.0,272.7264209033392,384.4674911347923,137.95126683009124,,,,,,,,,
1,167,propio,2,274.26398988485766,231.80959823053865,91.0,0.0,271.9498077390661,,,,,,,,,,,
1,168,propio,2,274.26398988485766,231.80959823053865,91.0,0.0,271.9498077390661,,,,,,,,,,,
1,169,propio,2,274.26398988485766,231.80959823053865,91.0,0.0,271.9498077390661,,,,,,,,,,,
1,170,propio,2,274.26398988485766,231.80959823053865,91.0,0.0,271.9498077390661,,,,,,,,,,,
1,171,propio,2,274.26398988485766,231.80959823053865,91.0,0.0,271.9498077390661,,,,,,,,,,,
1,172,propio,2,274.26398988485766,231.80959823053865,91.0,0.0,271.9498077390661,,,,,,,,,,,
1,173,propio,2,274.26398988485766,231.80959823053865,91.0,0.0,271.9498077390661,,,,,,,,,,,
1,174,propio,2,274.26398988485766,231.80959823053865,91.0,0.0,271.9498077390661,,,,,,,,,,,
1,174,rival,1,521.9030702145783,525.9016546226346,91.0,0.0,272.7264209033392,384.4674911347923,137.95126683009124,,,,,,,,,
1,175,propio,2,274.26398988485766,231.80959823053865,90.0,0.0,271.9498077390661,,,,,,,,,,,
1,175,disparo,2,274.26398988485766,231.80959823053865,90.0,,271.9498077390661,,,,1.0,,,,,,,
1,176,propio,2,274.26398988485766,231.80959823053865,90.0,0.0,271.9498077390661,,,,,,,,,,,
1,177,propio,2,274.26398988485766,231.80959823053865,90.0,0.0,271.9498077390661,,,,,,,,,,,
1,178,propio,2,274.26398988485766,231.80959823053865,90.0,0.0,271.9498077390661,,,,,,,,,,,
1,179,propio,2,274.26398988485766,231.80959823053865,90.0,0.0,271.9498077390661,,,,,,,,,,,
1,180,propio,2,274.26398988485766,231.80959823053865,90.0,0.0,271.9498077390661,,,,,,,,,,,
1,181,propio,2,274.26398988485766,231.80959823053865,90.0,0.0,271.9498077390661,,,,,,,,,,,
1,182,propio,2,274.26398988485766,231.80959823053865,90.0,0.0,271.9498077390661,,,,,,,,,,,
1,182,rival,1,521.9030702145783,525.9016546226346,90.0,0.0,272.7264209033392,384.4674911347923,137.95126683009124,,,,,,,,,
1,183,propio,2,274.26398988485766,231.80959823053865,90.0,0.0,271.9498077390661,,,,,,,,,,,
1,184,propio,2,274.26398988485766,231.80959823053865,90.0,0.0,271.9498077390661,,,,,,,,,,,
1,185,propio,2,274.26398988485766,231.80959823053865,90.0,0.0,271.9498077390661,,,,,,,,,,,
1,186,propio,2,274.26398988485766,231.80959823053865,90.0,0.0,271.9498077390661,,,,,,,,,,,
1,187,propio,2,274.26398988485766,231.80959823053865,90.0,0.0,271.9498077390661,,,,,,,,,,,
1,188,propio,2,274.26398988485766,231.80959823053865,90.0,0.0,271.9498077390661,,,,,,,,,,,
1,189,propio,2,274.26398988485766,231.80959823053865,90.0,0.0,271.9498077390661,,,,,,,,,,,
1,190,propio,2,274.26398988485766,231.80959823053865,90.0,0.0,271.9498077390661,,,,,,,,,,,
1,190,rival,1,521.9030702145783,525.9016546226346,90.0,0.0,272.7264209033392,384.4674911347923,137.95126683009124,,,,,,,,,
1,191,propio,2,274.26398988485766,231.80959823053865,89.0,0.0,271.9498077390661,,,,,,,,,,,
1,191,disparo,2,274.26398988485766,231.80959823053865,89.0,,271.9498077390661,,,,1.0,,,,,,,
1,192,propio,2,274.26398988485766,231.80959823053865,89.0,0.0,271.9498077390661,,,,,,,,,,,
1,193,propio,2,274.26398988485766,231.80959823053865,89.0,0.0,271.9498077390661,,,,,,,,,,,
1,194,propio,2,274.26398988485766,231.80959823053865,89.0,0.0,271.9498077390661,,,,,,,,,,,
1,195,propio,2,274.26398988485766,231.80959823053865,89.0,0.0,271.9498077390661,,,,,,,,,,,
1,196,propio,2,274.26398988485766,231.80959823053865,89.0,0.0,271.9498077390661,,,,,,,,,,,
1,197,propio,2,274.26398988485766,231.80959823053865,89.0,0.0,271.9498077390661,,,,,,,,,,,
1,198,propio,2,274.26398988485766,231.80959823053865,89.0,0.0,271.9498077390661,,,,,,,,,,,
1,198,rival,1,521.9030702145783,525.9016546226346,89.0,0.0,272.7264209033392,384.4674911347923,137.95126683009124,,,,,,,,,
1,199,propio,2,274.26398988485766,231.80959823053865,89.0,0.0,271.9498077390661,,,,,,,,,,,
1,200,propio,2,274.26398988485766,231.80959823053865,89.0,0.0,271.9498077390661,,,,,,,,,,,
1,201,propio,2,274.26398988485766,231.80959823053865,89.0,0.0,271.9498077390661,,,,,,,,,,,
1,202,propio,2,274.26398988485766,231.80959823053865,89.0,0.0,271.9498077390661,,,,,,,,,,,
1,203,propio,2,274.26398988485766,231.80959823053865,89.0,0.0,271.9498077390661,,,,,,,,,,,
1,204,propio,2,274.26398988485766,231.80959823053865,89.0,0.0,271.9498077390661,,,,,,,,,,,
1,205,propio,2,274.26398988485766,231.80959823053865,89.0,0.0,271.9498077390661,,,,,,,,,,,
1,206,propio,2,274.26398988485766,231.80959823053865,89.0,0.0,271.9498077390661,,,,,,,,,,,
1,206,rival,1,521.9030702145783,525.9016546226346,89.0,0.0,272.7264209033392,384.4674911347923,137.95126683009124,,,,,,,,,
1,207,propio,2,274.26398988485766,231.80959823053865,88.0,0.0,271.9498077390661,,,,,,,,,,,
1,207,disparo,2,274.26398988485766,231.80959823053865,88.0,,271.9498077390661,,,,1.0,,,,,,,
1,208,propio,2,274.26398988485766,231.80959823053865,88.0,0.0,271.9498077390661,,,,,,,,,,,
1,209,propio,2,274.26398988485766,231.80959823053865,88.0,0.0,271.9498077390661,,,,,,,,,,,
1,210,propio,2,274.26398988485766,231.80959823053865,88.0,0.0,271.9498077390661,,,,,,,,,,,
1,211,propio,2,274.26398988485766,231.80959823053865,88.0,0.0,271.9498077390661,,,,,,,,,,,
1,212,propio,2,274.26398988485766,231.80959823053865,88.0,0.0,271.9498077390661,,,,,,,,,,,
1,213,propio,2,274.26398988485766,231.80959823053865,88.0,0.0,271.9498077390661,,,,,,,,,,,
1,214,propio,2,274.26398988485766,231.80959823053865,88.0,0.0,271.9498077390661,,,,,,,,,,,
1,214,rival,1,521.9030702145783,525.9016546226346,88.0,0.0,272.7264209033392,384.4674911347923,137.95126683009124,,,,,,,,,
1,215,propio,2,274.26398988485766,231.80959823053865,88.0,0.0,271.9498077390661,,,,,,,,,,,
1,216,propio,2,274.26398988485766,231.80959823053865,88.0,0.0,271.9498077390661,,,,,,,,,,,
1,217,propio,2,274.26398988485766,231.80959823053865,88.0,0.0,271.9498077390661,,,,,,,,,,,
1,218,propio,2,274.26398988485766,231.80959823053865,88.0,0.0,271.9498077390661,,,,,,,,,,,
1,219,propio,2,274.26398988485766,231.80959823053865,88.0,0.0,271.9498077390661,,,,,,,,,,,
1,220,propio,2,274.26398988485766,231.80959823053865,88.0,0.0,271.9498077390661,,,,,,,,,,,
1,221,propio,2,274.26398988485766,231.80959823053865,88.0,0.0,271.9498077390661,,,,,,,,,,,
1,222,propio,2,274.26398988485766,231.80959823053865,88.0,0.0,271.9498077390661,,,,,,,,,,,
1,222,rival,1,521.9030702145783,525.9016546226346,88.0,0.0,272.7264209033392,384.4674911347923,137.95126683009124,,,,,,,,,
1,223,propio,2,274.26398988485766,231.80959823053865,87.0,0.0,271.9498077390661,,,,,,,,,,,
1,223,disparo,2,274.26398988485766,231.80959823053865,87.0,,271.9498077390661,,,,1.0,,,,,,,
1,224,propio,2,274.26398988485766,231.80959823053865,87.0,0.0,271.9498077390661,,,,,,,,,,,
1,225,propio,2,274.26398988485766,231.80959823053865,87.0,0.0,271.9498077390661,,,,,,,,,,,
1,226,propio,2,274.26398988485766,231.80959823053865,87.0,0.0,271.9498077390661,,,,,,,,,,,
1,227,propio,2,274.26398988485766,231.80959823053865,87.0,0.0,271.9498077390661,,,,,,,,,,,
1,228,propio,2,274.26398988485766,231.80959823053865,87.0,0.0,271.9498077390661,,,,,,,,,,,
1,229,propio,2,274.26398988485766,231.80959823053865,87.0,0.0,271.9498077390661,,,,,,,,,,,
1,230,propio,2,274.26398988485766,231.80959823053865,87.0,0.0,271.9498077390661,,,,,,,,,,,
1,230,rival,1,521.9030702145783,525.9016546226346,87.0,0.0,272.7264209033392,384.4674911347923,137.95126683009124,,,,,,,,,
1,231,propio,2,274.26398988485766,231.80959823053865,87.0,0.0,271.9498077390661,,,,,,,,,,,
1,232,propio,2,274.26398988485766,231.80959823053865,87.0,0.0,271.9498077390661,,,,,,,,,,,
1,233,propio,2,274.26398988485766,231.80959823053865,87.0,0.0,271.9498077390661,,,,,,,,,,,
1,234,propio,2,274.26398988485766,231.80959823053865,87.0,0.0,271.9498077390661,,,,,,,,,,,
1,235,propio,2,274.26398988485766,231.80959823053865,87.0,0.0,271.9498077390661,,,,,,,,,,,
1,236,propio,2,274.26398988485766,231.80959823053865,87.0,0.0,271.9498077390661,,,,,,,,,,,
1,237,propio,2,274.26398988485766,231.80959823053865,87.0,0.0,271.9498077390661,,,,,,,,,,,
1,238,propio,2,274.26398988485766,231.80959823053865,87.0,0.0,271.9498077390661,,,,,,,,,,,
1,238,rival,1,521.9030702145783,525.9016546226346,87.0,0.0,272.7264209033392,384.4674911347923,137.95126683009124,,,,,,,,,
1,239,propio,2,274.26398988485766,231.80959823053865,86.0,0.0,271.9498077390661,,,,,,,,,,,
1,239,disparo,2,274.26398988485766,231.80959823053865,86.0,,271.9498077390661,,,,1.0,,,,,,,
1,240,propio,2,274.26398988485766,231.80959823053865,86.0,0.0,271.9498077390661,,,,,,,,,,,
1,241,propio,2,274.26398988485766,231.80959823053865,86.0,0.0,271.9498077390661,,,,,,,,,,,
1,242,propio,2,274.26398988485766,231.80959823053865,86.0,0.0,271.9498077390661,,,,,,,,,,,
1,243,propio,2,274.26398988485766,231.80959823053865,86.0,0.0,271.9498077390661,,,,,,,,,,,
1,244,propio,2,274.26398988485766,231.80959823053865,86.0,0.0,271.9498077390661,,,,,,,,,,,
1,245,propio,2,274.26398988485766,231.80959823053865,86.0,0.0,271.9498077390661,,,,,,,,,,,
1,246,propio,2,274.26398988485766,231.80959823053865,86.0,0.0,271.9498077390661,,,,,,,,,,,
1,246,rival,1,521.9030702145783,525.9016546226346,86.0,0.0,272.7264209033392,384.4674911347923,137.95126683009124,,,,,,,,,
1,247,propio,2,274.26398988485766,231.80959823053865,86.0,0.0,271.9498077390661,,,,,,,,,,,
1,248,propio,2,274.26398988485766,231.80959823053865,86.0,0.0,271.9498077390661,,,,,,,,,,,
1,249,propio,2,274.26398988485766,231.80959823053865,86.0,0.0,271.9498077390661,,,,,,,,,,,
1,250,propio,2,274.26398988485766,231.80959823053865,86.0,0.0,271.9498077390661,,,,,,,,,,,
1,251,propio,2,274.26398988485766,231.80959823053865,86.0,0.0,271.9498077390661,,,,,,,,,,,
1,252,propio,2,274.26398988485766,231.80959823053865,86.0,0.0,271.9498077390661,,,,,,,,,,,
1,253,propio,2,274.26398988485766,231.80959823053865,86.0,0.0,271.9498077390661,,,,,,,,,,,
1,254,propio,2,274.26398988485766,231.80959823053865,86.0,0.0,271.9498077390661,,,,,,,,,,,
1,254,rival,1,521.9030702145783,525.9016546226346,86.0,0.0,272.7264209033392,384.4674911347923,137.95126683009124,,,,,,,,,
1,255,propio,2,274.26398988485766,231.80959823053865,85.0,0.0,271.9498077390661,,,,,,,,,,,
1,255,disparo,2,274.26398988485766,231.80959823053865,85.0,,271.9498077390661,,,,1.0,,,,,,,
1,256,propio,2,274.26398988485766,231.80959823053865,85.0,0.0,271.9498077390661,,,,,,,,,,,
1,257,propio,2,274.26398988485766,231.80959823053865,85.0,0.0,271.9498077390661,,,,,,,,,,,
1,258,propio,2,274.26398988485766,231.80959823053865,85.0,0.0,271.9498077390661,,,,,,,,,,,
1,259,propio,2,274.26398988485766,231.80959823053865,85.0,0.0,271.9498077390661,,,,,,,,,,,
1,260,propio,2,274.26398988485766,231.80959823053865,85.0,0.0,271.9498077390661,,,,,,,,,,,
1,261,propio,2,274.26398988485766,231.80959823053865,85.0,0.0,271.9498077390661,,,,,,,,,,,
1,262,propio,2,274.26398988485766,231.80959823053865,85.0,0.0,271.9498077390661,,,,,,,,,,,
1,262,rival,1,521.9030702145783,525.9016546226346,85.0,0.0,272.7264209033392,384.4674911347923,137.95126683009124,,,,,,,,,
1,263,propio,2,274.26398988485766,231.80959823053865,85.0,0.0,271.9498077390661,,,,,,,,,,,
1,264,propio,2,274.26398988485766,231.80959823053865,85.0,0.0,271.9498077390661,,,,,,,,,,,
1,265,propio,2,274.26398988485766,231.80959823053865,85.0,0.0,271.9498077390661,,,,,,,,,,,
1,266,propio,2,274.26398988485766,231.80959823053865,85.0,0.0,271.9498077390661,,,,,,,,,,,
1,267,propio,2,274.26398988485766,231.80959823053865,85.0,0.0,271.9498077390661,,,,,,,,,,,
1,268,propio,2,274.26398988485766,231.80959823053865,85.0,0.0,271.9498077390661,,,,,,,,,,,
1,269,propio,2,274.26398988485766,231.80959823053865,85.0,0.0,271.9498077390661,,,,,,,,,,,
1,270,propio,2,274.26398988485766,231.80959823053865,85.0,0.0,271.9498077390661,,,,,,,,,,,
1,270,rival,1,521.9030702145783,525.9016546226346,85.0,0.0,272.7264209033392,384.4674911347923,137.95126683009124,,,,,,,,,
1,271,propio,2,274.26398988485766,231.80959823053865,84.0,0.0,271.9498077390661,,,,,,,,,,,
1,271,disparo,2,274.26398988485766,231.80959823053865,84.0,,271.9498077390661,,,,1.0,,,,,,,
1,272,propio,2,274.26398988485766,231.80959823053865,84.0,0.0,271.9498077390661,,,,,,,,,,,
1,273,propio,2,274.26398988485766,231.80959823053865,84.0,0.0,271.9498077390661,,,,,,,,,,,
1,274,propio,2,274.26398988485766,231.80959823053865,84.0,0.0,271.9498077390661,,,,,,,,,,,
1,275,propio,2,274.26398988485766,231.80959823053865,84.0,0.0,271.9498077390661,,,,,,,,,,,
1,276,propio,2,274.26398988485766,231.80959823053865,84.0,0.0,271.9498077390661,,,,,,,,,,,
1,277,propio,2,274.26398988485766,231.80959823053865,84.0,0.0,271.9498077390661,,,,,,,,,,,
1,278,propio,2,274.26398988485766,231.80959823053865,84.0,0.0,271.9498077390661,,,,,,,,,,,
1,278,rival,1,521.9030702145783,525.9016546226346,84.0,0.0,272.7264209033392,384.4674911347923,137.95126683009124,,,,,,,,,
1,279,propio,2,274.26398988485766,231.80959823053865,84.0,0.0,271.9498077390661,,,,,,,,,,,
1,280,propio,2,274.26398988485766,231.80959823053865,84.0,0.0,271.9498077390661,,,,,,,,,,,
1,281,propio,2,274.26398988485766,231.80959823053865,84.0,0.0,271.9498077390661,,,,,,,,,,,
1,282,propio,2,274.26398988485766,231.80959823053865,84.0,0.0,271.9498077390661,,,,,,,,,,,
1,283,propio,2,274.26398988485766,231.80959823053865,84.0,0.0,271.9498077390661,,,,,,,,,,,
1,284,propio,2,274.26398988485766,231.80959823053865,84.0,0.0,271.9498077390661,,,,,,,,,,,
1,285,propio,2,274.26398988485766,231.80959823053865,84.0,0.0,271.9498077390661,,,,,,,,,,,
1,286,propio,2,274.26398988485766,231.80959823053865,84.0,0.0,271.9498077390661,,,,,,,,,,,
1,286,rival,1,521.9030702145783,525.9016546226346,84.0,0.0,272.7264209033392,384.4674911347923,137.95126683009124,,,,,,,,,
1,287,propio,2,274.26398988485766,231.80959823053865,83.0,0.0,271.9498077390661,,,,,,,,,,,
1,287,disparo,2,274.26398988485766,231.80959823053865,83.0,,271.9498077390661,,,,1.0,,,,,,,
1,288,propio,2,274.26398988485766,231.80959823053865,83.0,0.0,271.9498077390661,,,,,,,,,,,
1,289,propio,2,274.26398988485766,231.80959823053865,83.0,0.0,271.9498077390661,,,,,,,,,,,
1,290,propio,2,274.26398988485766,231.80959823053865,83.0,0.0,271.9498077390661,,,,,,,,,,,
1,291,propio,2,274.26398988485766,231.80959823053865,83.0,0.0,271.9498077390661,,,,,,,,,,,
1,292,propio,2,274.26398988485766,231.80959823053865,83.0,0.0,271.9498077390661,,,,,,,,,,,
1,293,propio,2,274.26398988485766,231.80959823053865,83.0,0.0,271.9498077390661,,,,,,,,,,,
1,294,propio,2,274.26398988485766,231.80959823053865,83.0,0.0,271.9498077390661,,,,,,,,,,,
1,294,rival,1,521.9030702145783,525.9016546226346,83.0,0.0,272.7264209033392,384.4674911347923,137.95126683009124,,,,,,,,,
1,295,propio,2,274.26398988485766,231.80959823053865,83.0,0.0,271.9498077390661,,,,,,,,,,,
1,296,propio,2,274.26398988485766,231.80959823053865,83.0,0.0,271.9498077390661,,,,,,,,,,,
1,297,propio,2,274.26398988485766,231.80959823053865,83.0,0.0,271.9498077390661,,,,,,,,,,,
1,298,propio,2,274.26398988485766,231.80959823053865,83.0,0.0,271.9498077390661,,,,,,,,,,,
1,299,propio,2,274.26398988485766,231.80959823053865,83.0,0.0,271.9498077390661,,,,,,,,,,,
1,300,propio,2,274.26398988485766,231.80959823053865,83.0,0.0,271.9498077390661,,,,,,,,,,,
1,301,propio,2,274.26398988485766,231.80959823053865,83.0,0.0,271.9498077390661,,,,,,,,,,,
1,302,propio,2,274.26398988485766,231.80959823053865,83.0,0.0,271.9498077390661,,,,,,,,,,,
1,302,rival,1,521.9030702145783,525.9016546226346,83.0,0.0,272.7264209033392,384.4674911347923,137.95126683009124,,,,,,,,,
1,303,propio,2,274.26398988485766,231.80959823053865,82.0,0.0,271.9498077390661,,,,,,,,,,,
1,303,disparo,2,274.26398988485766,231.80959823053865,82.0,,271.9498077390661,,,,1.0,,,,,,,
1,304,propio,2,274.26398988485766,231.80959823053865,82.0,0.0,271.9498077390661,,,,,,,,,,,
1,305,propio,2,274.26398988485766,231.80959823053865,82.0,0.0,271.9498077390661,,,,,,,,,,,
1,306,propio,2,274.26398988485766,231.80959823053865,82.0,0.0,271.9498077390661,,,,,,,,,,,
1,307,propio,2,274.26398988485766,231.80959823053865,82.0,0.0,271.9498077390661,,,,,,,,,,,
1,308,propio,2,274.26398988485766,231.80959823053865,82.0,0.0,271.9498077390661,,,,,,,,,,,
1,309,propio,2,274.26398988485766,231.80959823053865,82.0,0.0,271.9498077390661,,,,,,,,,,,
1,310,propio,2,274.26398988485766,231.80959823053865,82.0,0.0,271.9498077390661,,,,,,,,,,,
1,310,rival,1,521.9030702145783,525.9016546226346,82.0,0.0,272.7264209033392,384.4674911347923,137.95126683009124,,,,,,,,,
1,311,propio,2,274.26398988485766,231.80959823053865,82.0,0.0,271.9498077390661,,,,,,,,,,,
1,312,propio,2,274.26398988485766,231.80959823053865,82.0,0.0,271.9498077390661,,,,,,,,,,,
1,313,propio,2,274.26398988485766,231.80959823053865,82.0,0.0,271.9498077390661,,,,,,,,,,,
1,314,propio,2,274.26398988485766,231.80959823053865,82.0,0.0,271.9498077390661,,,,,,,,,,,
1,315,propio,2,274.26398988485766,231.80959823053865,82.0,0.0,271.9498077390661,,,,,,,,,,,
1,316,propio,2,274.26398988485766,231.80959823053865,82.0,0.0,271.9498077390661,,,,,,,,,,,
1,317,propio,2,274.26398988485766,231.80959823053865,82.0,0.0,271.9498077390661,,,,,,,,,,,
1,318,propio,2,274.26398988485766,231.80959823053865,82.0,0.0,271.9498077390661,,,,,,,,,,,
1,318,rival,1,521.9030702145783,525.9016546226346,82.0,0.0,272.7264209033392,384.4674911347923,137.95126683009124,,,,,,,,,
1,319,propio,2,274.26398988485766,231.80959823053865,81.0,0.0,271.9498077390661,,,,,,,,,,,
1,319,disparo,2,274.26398988485766,231.80959823053865,81.0,,271.9498077390661,,,,1.0,,,,,,,
1,320,propio,2,274.26398988485766,231.80959823053865,81.0,0.0,271.9498077390661,,,,,,,,,,,
1,321,propio,2,274.26398988485766,231.80959823053865,81.0,0.0,271.9498077390661,,,,,,,,,,,
1,322,propio,2,274.26398988485766,231.80959823053865,81.0,0.0,271.9498077390661,,,,,,,,,,,
1,323,propio,2,274.26398988485766,231.80959823053865,81.0,0.0,271.9498077390661,,,,,,,,,,,
1,324,propio,2,274.26398988485766,231.80959823053865,81.0,0.0,271.9498077390661,,,,,,,,,,,
1,325,propio,2,274.26398988485766,231.80959823053865,81.0,0.0,271.9498077390661,,,,,,,,,,,
1,326,propio,2,274.26398988485766,231.80959823053865,81.0,0.0,271.9498077390661,,,,,,,,,,,
1,326,rival,1,521.9030702145783,525.9016546226346,81.0,0.0,272.7264209033392,384.4674911347923,137.95126683009124,,,,,,,,,
1,327,propio,2,274.26398988485766,231.80959823053865,81.0,0.0,271.9498077390661,,,,,,,,,,,
1,328,propio,2,274.26398988485766,231.80959823053865,81.0,0.0,271.9498077390661,,,,,,,,,,,
1,329,propio,2,274.26398988485766,231.80959823053865,81.0,0.0,271.9498077390661,,,,,,,,,,,
1,330,propio,2,274.26398988485766,231.80959823053865,81.0,0.0,271.9498077390661,,,,,,,,,,,
1,331,propio,2,274.26398988485766,231.80959823053865,81.0,0.0,271.9498077390661,,,,,,,,,,,
1,332,propio,2,274.26398988485766,231.80959823053865,81.0,0.0,271.9498077390661,,,,,,,,,,,
1,333,propio,2,274.26398988485766,231.80959823053865,81.0,0.0,271.9498077390661,,,,,,,,,,,
1,334,propio,2,274.26398988485766,231.80959823053865,81.0,0.0,271.9498077390661,,,,,,,,,,,
1,334,rival,1,521.9030702145783,525.9016546226346,81.0,0.0,272.7264209033392,384.4674911347923,137.95126683009124,,,,,,,,,
1,335,propio,2,274.26398988485766,231.80959823053865,80.0,0.0,271.9498077390661,,,,,,,,,,,
1,335,disparo,2,274.26398988485766,231.80959823053865,80.0,,271.9498077390661,,,,1.0,,,,,,,
1,336,propio,2,274.26398988485766,231.80959823053865,80.0,0.0,271.9498077390661,,,,,,,,,,,
1,337,propio,2,274.26398988485766,231.80959823053865,80.0,0.0,271.9498077390661,,,,,,,,,,,
1,338,propio,2,274.26398988485766,231.80959823053865,80.0,0.0,271.9498077390661,,,,,,,,,,,
1,339,propio,2,274.26398988485766,231.80959823053865,80.0,0.0,271.9498077390661,,,,,,,,,,,
1,340,propio,2,274.26398988485766,231.80959823053865,80.0,0.0,271.9498077390661,,,,,,,,,,,
1,341,propio,2,274.26398988485766,231.80959823053865,80.0,0.0,271.9498077390661,,,,,,,,,,,
1,342,propio,2,274.26398988485766,231.80959823053865,80.0,0.0,271.9498077390661,,,,,,,,,,,
1,342,rival,1,521.9030702145783,525.9016546226346,80.0,0.0,272.7264209033392,384.4674911347923,137.95126683009124,,,,,,,,,
1,343,propio,2,274.26398988485766,231.80959823053865,80.0,0.0,271.9498077390661,,,,,,,,,,,
1,344,propio,2,274.26398988485766,231.80959823053865,80.0,0.0,271.9498077390661,,,,,,,,,,,
1,345,propio,2,274.26398988485766,231.80959823053865,80.0,0.0,271.9498077390661,,,,,,,,,,,
1,346,propio,2,274.26398988485766,231.80959823053865,80.0,0.0,271.9498077390661,,,,,,,,,,,
1,347,propio,2,274.26398988485766,231.80959823053865,80.0,0.0,271.9498077390661,,,,,,,,,,,
1,348,propio,2,274.26398988485766,231.80959823053865,80.0,0.0,271.9498077390661,,,,,,,,,,,
1,349,propio,2,274.26398988485766,231.80959823053865,80.0,0.0,271.9498077390661,,,,,,,,,,,
1,350,propio,2,274.26398988485766,231.80959823053865,80.0,0.0,271.9498077390661,,,,,,,,,,,
1,350,rival,1,521.9030702145783,525.9016546226346,80.0,0.0,272.7264209033392,384.4674911347923,137.95126683009124,,,,,,,,,
1,351,propio,2,274.26398988485766,231.80959823053865,79.0,0.0,271.9498077390661,,,,,,,,,,,
1,351,disparo,2,274.26398988485766,231.80959823053865,79.0,,271.9498077390661,,,,1.0,,,,,,,
1,352,propio,2,274.26398988485766,231.80959823053865,79.0,0.0,271.9498077390661,,,,,,,,,,,
1,353,propio,2,274.26398988485766,231.80959823053865,79.0,0.0,271.9498077390661,,,,,,,,,,,
1,354,propio,2,274.26398988485766,231.80959823053865,79.0,0.0,271.9498077390661,,,,,,,,,,,
1,355,propio,2,274.26398988485766,231.80959823053865,79.0,0.0,271.9498077390661,,,,,,,,,,,
1,356,propio,2,274.26398988485766,231.80959823053865,79.0,0.0,271.9498077390661,,,,,,,,,,,
1,357,propio,2,274.26398988485766,231.80959823053865,79.0,0.0,271.9498077390661,,,,,,,,,,,
1,358,propio,2,274.26398988485766,231.80959823053865,79.0,0.0,271.9498077390661,,,,,,,,,,,
1,358,rival,1,521.9030702145783,525.9016546226346,79.0,0.0,272.7264209033392,384.4674911347923,137.95126683009124,,,,,,,,,
1,359,propio,2,274.26398988485766,231.80959823053865,79.0,0.0,271.9498077390661,,,,,,,,,,,
1,360,propio,2,274.26398988485766,231.80959823053865,79.0,0.0,271.9498077390661,,,,,,,,,,,
1,361,propio,2,274.26398988485766,231.80959823053865,79.0,0.0,271.9498077390661,,,,,,,,,,,
1,362,propio,2,274.26398988485766,231.80959823053865,79.0,0.0,271.9498077390661,,,,,,,,,,,
1,363,propio,2,274.26398988485766,231.80959823053865,79.0,0.0,271.9498077390661,,,,,,,,,,,
1,364,propio,2,274.26398988485766,231.80959823053865,79.0,0.0,271.9498077390661,,,,,,,,,,,
1,365,propio,2,274.26398988485766,231.80959823053865,79.0,0.0,271.9498077390661,,,,,,,,,,,
1,366,propio,2,274.26398988485766,231.80959823053865,79.0,0.0,271.9498077390661,,,,,,,,,,,
1,366,rival,1,521.9030702145783,525.9016546226346,79.0,0.0,272.7264209033392,384.4674911347923,137.95126683009124,,,,,,,,,
1,367,propio,2,274.26398988485766,231.80959823053865,78.0,0.0,271.9498077390661,,,,,,,,,,,
1,367,disparo,2,274.26398988485766,231.80959823053865,78.0,,271.9498077390661,,,,1.0,,,,,,,
1,368,propio,2,274.26398988485766,231.80959823053865,78.0,0.0,271.9498077390661,,,,,,,,,,,
1,369,propio,2,274.26398988485766,231.80959823053865,78.0,0.0,271.9498077390661,,,,,,,,,,,
1,370,propio,2,274.26398988485766,231.80959823053865,78.0,0.0,271.9498077390661,,,,,,,,,,,
1,371,propio,2,274.26398988485766,231.80959823053865,78.0,0.0,271.9498077390661,,,,,,,,,,,
1,372,propio,2,274.26398988485766,231.80959823053865,78.0,0.0,271.9498077390661,,,,,,,,,,,
1,373,propio,2,274.26398988485766,231.80959823053865,78.0,0.0,271.9498077390661,,,,,,,,,,,
1,374,propio,2,274.26398988485766,231.80959823053865,78.0,0.0,271.9498077390661,,,,,,,,,,,
1,374,rival,1,521.9030702145783,525.9016546226346,78.0,0.0,272.7264209033392,384.4674911347923,137.95126683009124,,,,,,,,,
1,375,propio,2,274.26398988485766,231.80959823053865,78.0,0.0,271.9498077390661,,,,,,,,,,,
1,376,propio,2,274.26398988485766,231.80959823053865,78.0,0.0,271.9498077390661,,,,,,,,,,,
1,377,propio,2,274.26398988485766,231.80959823053865,78.0,0.0,271.9498077390661,,,,,,,,,,,
1,378,propio,2,274.26398988485766,231.80959823053865,78.0,0.0,271.9498077390661,,,,,,,,,,,
1,379,propio,2,274.26398988485766,231.80959823053865,78.0,0.0,271.9498077390661,,,,,,,,,,,
1,380,propio,2,274.26398988485766,231.80959823053865,78.0,0.0,271.9498077390661,,,,,,,,,,,
1,381,propio,2,274.26398988485766,231.80959823053865,78.0,0.0,271.9498077390661,,,,,,,,,,,
1,382,propio,2,274.26398988485766,231.80959823053865,78.0,0.0,271.9498077390661,,,,,,,,,,,
1,382,rival,1,521.9030702145783,525.9016546226346,78.0,0.0,272.7264209033392,384.4674911347923,137.95126683009124,,,,,,,,,
1,383,propio,2,274.26398988485766,231.80959823053865,77.0,0.0,271.9498077390661,,,,,,,,,,,
1,383,disparo,2,274.26398988485766,231.80959823053865,77.0,,271.9498077390661,,,,1.0,,,,,,,
1,384,propio,2,274.26398988485766,231.80959823053865,77.0,0.0,271.9498077390661,,,,,,,,,,,
1,385,propio,2,274.26398988485766,231.80959823053865,77.0,0.0,271.9498077390661,,,,,,,,,,,
1,386,propio,2,274.26398988485766,231.80959823053865,77.0,0.0,271.9498077390661,,,,,,,,,,,
1,387,propio,2,274.26398988485766,231.80959823053865,77.0,0.0,271.9498077390661,,,,,,,,,,,
1,388,propio,2,274.26398988485766,231.80959823053865,77.0,0.0,271.9498077390661,,,,,,,,,,,
1,389,propio,2,274.26398988485766,231.80959823053865,77.0,0.0,271.9498077390661,,,,,,,,,,,
1,390,propio,2,274.26398988485766,231.80959823053865,77.0,0.0,271.9498077390661,,,,,,,,,,,
1,390,rival,1,521.9030702145783,525.9016546226346,77.0,0.0,272.7264209033392,384.4674911347923,137.95126683009124,,,,,,,,,
1,391,propio,2,274.26398988485766,231.80959823053865,77.0,0.0,271.9498077390661,,,,,,,,,,,
1,392,propio,2,274.26398988485766,231.80959823053865,77.0,0.0,271.9498077390661,,,,,,,,,,,
1,393,propio,2,274.26398988485766,231.80959823053865,77.0,0.0,271.9498077390661,,,,,,,,,,,
1,394,propio,2,274.26398988485766,231.80959823053865,77.0,0.0,271.9498077390661,,,,,,,,,,,
1,395,propio,2,274.26398988485766,231.80959823053865,77.0,0.0,271.9498077390661,,,,,,,,,,,
1,396,propio,2,274.26398988485766,231.80959823053865,77.0,0.0,271.9498077390661,,,,,,,,,,,
1,397,propio,2,274.26398988485766,231.80959823053865,77.0,0.0,271.9498077390661,,,,,,,,,,,
1,398,propio,2,274.26398988485766,231.80959823053865,77.0,0.0,271.9498077390661,,,,,,,,,,,
1,398,rival,1,521.9030702145783,525.9016546226346,77.0,0.0,272.7264209033392,384.4674911347923,137.95126683009124,,,,,,,,,
1,399,propio,2,274.26398988485766,231.80959823053865,76.0,0.0,271.9498077390661,,,,,,,,,,,
1,399,disparo,2,274.26398988485766,231.80959823053865,76.0,,271.9498077390661,,,,1.0,,,,,,,
1,400,propio,2,274.26398988485766,231.80959823053865,76.0,0.0,271.9498077390661,,,,,,,,,,,
1,401,propio,2,274.26398988485766,231.80959823053865,76.0,0.0,271.9498077390661,,,,,,,,,,,
1,402,propio,2,274.26398988485766,231.80959823053865,76.0,0.0,271.9498077390661,,,,,,,,,,,
1,403,propio,2,274.26398988485766,231.80959823053865,76.0,0.0,271.9498077390661,,,,,,,,,,,
1,404,propio,2,274.26398988485766,231.80959823053865,76.0,0.0,271.9498077390661,,,,,,,,,,,
1,405,propio,2,274.26398988485766,231.80959823053865,76.0,0.0,271.9498077390661,,,,,,,,,,,
1,406,propio,2,274.26398988485766,231.80959823053865,76.0,0.0,271.9498077390661,,,,,,,,,,,
1,406,rival,1,521.9030702145783,525.9016546226346,76.0,0.0,272.7264209033392,384.4674911347923,137.95126683009124,,,,,,,,,
1,407,propio,2,274.26398988485766,231.80959823053865,76.0,0.0,271.9498077390661,,,,,,,,,,,
1,408,propio,2,274.26398988485766,231.80959823053865,76.0,0.0,271.9498077390661,,,,,,,,,,,
1,409,propio,2,274.26398988485766,231.80959823053865,76.0,0.0,271.9498077390661,,,,,,,,,,,
1,410,propio,2,274.26398988485766,231.80959823053865,76.0,0.0,271.9498077390661,,,,,,,,,,,
1,411,propio,2,274.26398988485766,231.80959823053865,76.0,0.0,271.9498077390661,,,,,,,,,,,
1,412,propio,2,274.26398988485766,231.80959823053865,76.0,0.0,271.9498077390661,,,,,,,,,,,
1,413,propio,2,274.26398988485766,231.80959823053865,76.0,0.0,271.9498077390661,,,,,,,,,,,
1,414,propio,2,274.26398988485766,231.80959823053865,76.0,0.0,271.9498077390661,,,,,,,,,,,
1,414,rival,1,521.9030702145783,525.9016546226346,76.0,0.0,272.7264209033392,384.4674911347923,137.95126683009124,,,,,,,,,
1,415,propio,2,274.26398988485766,231.80959823053865,75.0,0.0,271.9498077390661,,,,,,,,,,,
1,415,disparo,2,274.26398988485766,231.80959823053865,75.0,,271.9498077390661,,,,1.0,,,,,,,
1,416,propio,2,274.26398988485766,231.80959823053865,75.0,0.0,271.9498077390661,,,,,,,,,,,
1,417,propio,2,274.26398988485766,231.80959823053865,75.0,0.0,271.9498077390661,,,,,,,,,,,
1,418,propio,2,274.26398988485766,231.80959823053865,75.0,0.0,271.9498077390661,,,,,,,,,,,
1,419,propio,2,274.26398988485766,231.80959823053865,75.0,0.0,271.9498077390661,,,,,,,,,,,
1,420,propio,2,274.26398988485766,231.80959823053865,75.0,0.0,271.9498077390661,,,,,,,,,,,
1,421,propio,2,274.26398988485766,231.80959823053865,75.0,0.0,271.9498077390661,,,,,,,,,,,
1,422,propio,2,274.26398988485766,231.80959823053865,75.0,0.0,271.9498077390661,,,,,,,,,,,
1,422,rival,1,521.9030702145783,525.9016546226346,75.0,0.0,272.7264209033392,384.4674911347923,137.95126683009124,,,,,,,,,
1,423,propio,2,274.26398988485766,231.80959823053865,75.0,0.0,271.9498077390661,,,,,,,,,,,
1,424,propio,2,274.26398988485766,231.80959823053865,75.0,0.0,271.9498077390661,,,,,,,,,,,
1,425,propio,2,274.26398988485766,231.80959823053865,75.0,0.0,271.9498077390661,,,,,,,,,,,
1,426,propio,2,274.26398988485766,231.80959823053865,75.0,0.0,271.9498077390661,,,,,,,,,,,
1,427,propio,2,274.26398988485766,231.80959823053865,75.0,0.0,271.9498077390661,,,,,,,,,,,
1,428,propio,2,274.26398988485766,231.80959823053865,75.0,0.0,271.9498077390661,,,,,,,,,,,
1,429,propio,2,274.26398988485766,231.80959823053865,75.0,0.0,271.9498077390661,,,,,,,,,,,
1,430,propio,2,274.26398988485766,231.80959823053865,75.0,0.0,271.9498077390661,,,,,,,,,,,
1,430,rival,1,521.9030702145783,525.9016546226346,75.0,0.0,272.7264209033392,384.4674911347923,137.95126683009124,,,,,,,,,
1,431,propio,2,274.26398988485766,231.80959823053865,74.0,0.0,271.9498077390661,,,,,,,,,,,
1,431,disparo,2,274.26398988485766,231.80959823053865,74.0,,271.9498077390661,,,,1.0,,,,,,,
1,432,propio,2,274.26398988485766,231.80959823053865,74.0,0.0,271.9498077390661,,,,,,,,,,,
1,433,propio,2,274.26398988485766,231.80959823053865,74.0,0.0,271.9498077390661,,,,,,,,,,,
1,434,propio,2,274.26398988485766,231.80959823053865,74.0,0.0,271.9498077390661,,,,,,,,,,,
1,435,propio,2,274.26398988485766,231.80959823053865,74.0,0.0,271.9498077390661,,,,,,,,,,,
1,436,propio,2,274.26398988485766,231.80959823053865,74.0,0.0,271.9498077390661,,,,,,,,,,,
1,437,propio,2,274.26398988485766,231.80959823053865,74.0,0.0,271.9498077390661,,,,,,,,,,,
1,438,propio,2,274.26398988485766,231.80959823053865,74.0,0.0,271.9498077390661,,,,,,,,,,,
1,438,rival,1,521.9030702145783,525.9016546226346,74.0,0.0,272.7264209033392,384.4674911347923,137.95126683009124,,,,,,,,,
1,439,propio,2,274.26398988485766,231.80959823053865,74.0,0.0,271.9498077390661,,,,,,,,,,,
1,440,propio,2,274.26398988485766,231.80959823053865,74.0,0.0,271.9498077390661,,,,,,,,,,,
1,441,propio,2,274.26398988485766,231.80959823053865,74.0,0.0,271.9498077390661,,,,,,,,,,,
1,442,propio,2,274.26398988485766,231.80959823053865,74.0,0.0,271.9498077390661,,,,,,,,,,,
1,443,propio,2,274.26398988485766,231.80959823053865,74.0,0.0,271.9498077390661,,,,,,,,,,,
1,444,propio,2,274.26398988485766,231.80959823053865,74.0,0.0,271.9498077390661,,,,,,,,,,,
1,445,propio,2,274.26398988485766,231.80959823053865,74.0,0.0,271.9498077390661,,,,,,,,,,,
1,446,propio,2,274.26398988485766,231.80959823053865,74.0,0.0,271.9498077390661,,,,,,,,,,,
1,446,rival,1,521.9030702145783,525.9016546226346,74.0,0.0,272.7264209033392,384.4674911347923,137.95126683009124,,,,,,,,,
1,447,propio,2,274.26398988485766,231.80959823053865,73.0,0.0,271.9498077390661,,,,,,,,,,,
1,447,disparo,2,274.26398988485766,231.80959823053865,73.0,,271.9498077390661,,,,1.0,,,,,,,
1,448,propio,2,274.26398988485766,231.80959823053865,73.0,0.0,271.9498077390661,,,,,,,,,,,
1,449,propio,2,274.26398988485766,231.80959823053865,73.0,0.0,271.9498077390661,,,,,,,,,,,
1,450,propio,2,274.26398988485766,231.80959823053865,73.0,0.0,271.9498077390661,,,,,,,,,,,
1,451,propio,2,274.26398988485766,231.80959823053865,73.0,0.0,271.9498077390661,,,,,,,,,,,
1,452,propio,2,274.26398988485766,231.80959823053865,72.9,0.0,271.9498077390661,,,,,,,,,,,
1,453,propio,2,274.26398988485766,231.80959823053865,72.80000000000001,0.0,271.9498077390661,,,,,,,,,,,
1,454,propio,2,274.26398988485766,231.80959823053865,72.70000000000002,0.0,271.9498077390661,,,,,,,,,,,
1,454,rival,1,521.9030702145783,525.9016546226346,72.80000000000001,0.0,272.7264209033392,384.4674911347923,137.95126683009124,,,,,,,,,
1,455,propio,2,274.26398988485766,231.80959823053865,72.60000000000002,0.0,271.9498077390661,,,,,,,,,,,
1,456,propio,2,274.26398988485766,231.80959823053865,72.50000000000003,0.0,271.9498077390661,,,,,,,,,,,
1,457,propio,2,274.26398988485766,231.80959823053865,72.40000000000003,0.0,271.9498077390661,,,,,,,,,,,
1,458,propio,2,274.26398988485766,231.80959823053865,72.30000000000004,0.0,271.9498077390661,,,,,,,,,,,
1,459,propio,2,274.26398988485766,231.80959823053865,72.20000000000005,0.0,271.9498077390661,,,,,,,,,,,
1,460,propio,2,274.26398988485766,231.80959823053865,72.10000000000005,0.0,271.9498077390661,,,,,,,,,,,
1,461,propio,2,274.26398988485766,231.80959823053865,72.00000000000006,0.0,271.9498077390661,,,,,,,,,,,
1,462,propio,2,274.26398988485766,231.80959823053865,71.90000000000006,0.0,271.9498077390661,,,,,,,,,,,
1,462,rival,1,521.9030702145783,525.9016546226346,72.00000000000006,0.0,272.7264209033392,384.4674911347923,137.95126683009124,,,,,,,,,
1,463,propio,2,274.26398988485766,231.80959823053865,70.80000000000007,0.0,271.9498077390661,,,,,,,,,,,
1,463,disparo,2,274.26398988485766,231.80959823053865,70.80000000000007,,271.9498077390661,,,,1.0,,,,,,,
1,464,propio,2,274.26398988485766,231.80959823053865,70.70000000000007,0.0,271.9498077390661,,,,,,,,,,,
1,465,propio,2,274.26398988485766,231.80959823053865,70.60000000000008,0.0,271.9498077390661,,,,,,,,,,,
1,466,propio,2,274.26398988485766,231.80959823053865,70.50000000000009,0.0,271.9498077390661,,,,,,,,,,,
1,467,propio,2,274.26398988485766,231.80959823053865,70.40000000000009,0.0,271.9498077390661,,,,,,,,,,,
1,468,propio,2,274.26398988485766,231.80959823053865,70.3000000000001,0.0,271.9498077390661,,,,,,,,,,,
1,469,propio,2,274.26398988485766,231.80959823053865,70.2000000000001,0.0,271.9498077390661,,,,,,,,,,,
1,470,propio,2,274.26398988485766,231.80959823053865,70.10000000000011,0.0,271.9498077390661,,,,,,,,,,,
1,470,rival,1,521.9030702145783,525.9016546226346,70.2000000000001,0.0,272.7264209033392,384.4674911347923,137.95126683009124,,,,,,,,,
1,471,propio,2,274.26398988485766,231.80959823053865,70.00000000000011,0.0,271.9498077390661,,,,,,,,,,,
1,472,propio,2,274.26398988485766,231.80959823053865,69.90000000000012,0.0,271.9498077390661,,,,,,,,,,,
1,473,propio,2,274.26398988485766,231.80959823053865,69.80000000000013,0.0,271.9498077390661,,,,,,,,,,,
1,474,propio,2,274.26398988485766,231.80959823053865,69.70000000000013,0.0,271.9498077390661,,,,,,,,,,,
1,475,propio,2,274.26398988485766,231.80959823053865,69.60000000000014,0.0,271.9498077390661,,,,,,,,,,,
1,476,propio,2,274.26398988485766,231.80959823053865,69.50000000000014,0.0,271.9498077390661,,,,,,,,,,,
1,477,propio,2,274.26398988485766,231.80959823053865,69.40000000000015,0.0,271.9498077390661,,,,,,,,,,,
1,478,propio,2,274.26398988485766,231.80959823053865,69.30000000000015,0.0,271.9498077390661,,,,,,,,,,,
1,478,rival,1,521.9030702145783,525.9016546226346,69.40000000000015,0.0,272.7264209033392,384.4674911347923,137.95126683009124,,,,,,,,,
1,479,propio,2,274.26398988485766,231.80959823053865,68.20000000000016,0.0,271.9498077390661,,,,,,,,,,,
1,479,disparo,2,274.26398988485766,231.80959823053865,68.20000000000016,,271.9498077390661,,,,1.0,,,,,,,
1,480,propio,2,274.26398988485766,231.80959823053865,68.10000000000016,0.0,271.9498077390661,,,,,,,,,,,
1,481,propio,2,274.26398988485766,231.80959823053865,68.00000000000017,0.0,271.9498077390661,,,,,,,,,,,
1,482,propio,2,274.26398988485766,231.80959823053865,67.90000000000018,0.0,271.9498077390661,,,,,,,,,,,
1,483,propio,2,274.26398988485766,231.80959823053865,67.80000000000018,0.0,271.9498077390661,,,,,,,,,,,
1,484,propio,2,274.26398988485766,231.80959823053865,67.70000000000019,0.0,271.9498077390661,,,,,,,,,,,
1,485,propio,2,274.26398988485766,231.80959823053865,67.6000000000002,0.0,271.9498077390661,,,,,,,,,,,
1,486,propio,2,274.26398988485766,231.80959823053865,67.5000000000002,0.0,271.9498077390661,,,,,,,,,,,
1,486,rival,1,521.9030702145783,525.9016546226346,67.6000000000002,0.0,272.7264209033392,384.4674911347923,137.95126683009124,,,,,,,,,
1,487,propio,2,274.26398988485766,231.80959823053865,67.4000000000002,0.0,271.9498077390661,,,,,,,,,,,
1,488,propio,2,274.26398988485766,231.80959823053865,67.30000000000021,0.0,271.9498077390661,,,,,,,,,,,
1,489,propio,2,274.26398988485766,231.80959823053865,67.20000000000022,0.0,271.9498077390661,,,,,,,,,,,
1,490,propio,2,274.26398988485766,231.80959823053865,67.10000000000022,0.0,271.9498077390661,,,,,,,,,,,
1,491,propio,2,274.26398988485766,231.80959823053865,67.00000000000023,0.0,271.9498077390661,,,,,,,,,,,
1,492,propio,2,274.26398988485766,231.80959823053865,66.90000000000023,0.0,271.9498077390661,,,,,,,,,,,
1,493,propio,2,274.26398988485766,231.80959823053865,66.80000000000024,0.0,271.9498077390661,,,,,,,,,,,
1,494,propio,2,274.26398988485766,231.80959823053865,66.70000000000024,0.0,271.9498077390661,,,,,,,,,,,
1,494,rival,1,521.9030702145783,525.9016546226346,66.80000000000024,0.0,272.7264209033392,384.4674911347923,137.95126683009124,,,,,,,,,
1,495,propio,2,274.26398988485766,231.80959823053865,65.60000000000025,0.0,271.9498077390661,,,,,,,,,,,
1,495,disparo,2,274.26398988485766,231.80959823053865,65.60000000000025,,271.9498077390661,,,,1.0,,,,,,,
1,496,propio,2,274.26398988485766,231.80959823053865,65.50000000000026,0.0,271.9498077390661,,,,,,,,,,,
1,497,propio,2,274.26398988485766,231.80959823053865,65.40000000000026,0.0,271.9498077390661,,,,,,,,,,,
1,498,propio,2,274.26398988485766,231.80959823053865,65.30000000000027,0.0,271.9498077390661,,,,,,,,,,,
1,499,propio,2,274.26398988485766,231.80959823053865,65.20000000000027,0.0,271.9498077390661,,,,,,,,,,,
1,500,propio,2,274.26398988485766,231.80959823053865,65.10000000000028,0.0,271.9498077390661,,,,,,,,,,,
1,501,propio,2,274.26398988485766,231.80959823053865,65.00000000000028,0.0,271.9498077390661,,,,,,,,,,,
1,502,propio,2,274.26398988485766,231.80959823053865,64.90000000000029,0.0,271.9498077390661,,,,,,,,,,,
1,502,rival,1,521.9030702145783,525.9016546226346,65.00000000000028,0.0,272.7264209033392,384.4674911347923,137.95126683009124,,,,,,,,,
1,503,propio,2,274.26398988485766,231.80959823053865,64.8000000000003,0.0,271.9498077390661,,,,,,,,,,,
1,504,propio,2,274.26398988485766,231.80959823053865,64.7000000000003,0.0,271.9498077390661,,,,,,,,,,,
1,505,propio,2,274.26398988485766,231.80959823053865,64.6000000000003,0.0,271.9498077390661,,,,,,,,,,,
1,506,propio,2,274.26398988485766,231.80959823053865,64.50000000000031,0.0,271.9498077390661,,,,,,,,,,,
1,507,propio,2,274.26398988485766,231.80959823053865,64.40000000000032,0.0,271.9498077390661,,,,,,,,,,,
1,508,propio,2,274.26398988485766,231.80959823053865,64.30000000000032,0.0,271.9498077390661,,,,,,,,,,,
1,509,propio,2,274.26398988485766,231.80959823053865,64.20000000000033,0.0,271.9498077390661,,,,,,,,,,,
1,510,propio,2,274.26398988485766,231.80959823053865,64.10000000000034,0.0,271.9498077390661,,,,,,,,,,,
1,510,rival,1,521.9030702145783,525.9016546226346,64.20000000000033,0.0,272.7264209033392,384.4674911347923,137.95126683009124,,,,,,,,,
1,511,propio,2,274.26398988485766,231.80959823053865,63.000000000000334,0.0,271.9498077390661,,,,,,,,,,,
1,511,disparo,2,274.26398988485766,231.80959823053865,63.000000000000334,,271.9498077390661,,,,1.0,,,,,,,
1,512,propio,2,274.26398988485766,231.80959823053865,62.90000000000033,0.0,271.9498077390661,,,,,,,,,,,
1,513,propio,2,274.26398988485766,231.80959823053865,62.80000000000033,0.0,271.9498077390661,,,,,,,,,,,
1,514,propio,2,274.26398988485766,231.80959823053865,62.70000000000033,0.0,271.9498077390661,,,,,,,,,,,
1,515,propio,2,274.26398988485766,231.80959823053865,62.60000000000033,0.0,271.9498077390661,,,,,,,,,,,
1,516,propio,2,274.26398988485766,231.80959823053865,62.50000000000033,0.0,271.9498077390661,,,,,,,,,,,
1,517,propio,2,274.26398988485766,231.80959823053865,62.400000000000325,0.0,271.9498077390661,,,,,,,,,,,
1,518,propio,2,274.26398988485766,231.80959823053865,62.300000000000324,0.0,271.9498077390661,,,,,,,,,,,
1,518,rival,1,521.9030702145783,525.9016546226346,62.40000000000033,0.0,272.7264209033392,384.4674911347923,137.95126683009124,,,,,,,,,
1,519,propio,2,274.26398988485766,231.80959823053865,62.20000000000032,0.0,271.9498077390661,,,,,,,,,,,
1,520,propio,2,274.26398988485766,231.80959823053865,62.10000000000032,0.0,271.9498077390661,,,,,,,,,,,
1,521,propio,2,274.26398988485766,231.80959823053865,62.00000000000032,0.0,271.9498077390661,,,,,,,,,,,
1,522,propio,2,274.26398988485766,231.80959823053865,61.90000000000032,0.0,271.9498077390661,,,,,,,,,,,
1,523,propio,2,274.26398988485766,231.80959823053865,61.80000000000032,0.0,271.9498077390661,,,,,,,,,,,
1,524,propio,2,274.26398988485766,231.80959823053865,61.700000000000315,0.0,271.9498077390661,,,,,,,,,,,
1,525,propio,2,274.26398988485766,231.80959823053865,61.600000000000314,0.0,271.9498077390661,,,,,,,,,,,
1,526,propio,2,274.26398988485766,231.80959823053865,61.50000000000031,0.0,271.9498077390661,,,,,,,,,,,
1,526,rival,1,521.9030702145783,525.9016546226346,61.60000000000032,0.0,272.7264209033392,384.4674911347923,137.95126683009124,,,,,,,,,
1,527,propio,2,274.26398988485766,231.80959823053865,60.40000000000031,0.0,271.9498077390661,,,,,,,,,,,
1,527,disparo,2,274.26398988485766,231.80959823053865,60.40000000000031,,271.9498077390661,,,,1.0,,,,,,,
1,528,propio,2,274.26398988485766,231.80959823053865,60.30000000000031,0.0,271.9498077390661,,,,,,,,,,,
1,529,propio,2,274.26398988485766,231.80959823053865,60.20000000000031,0.0,271.9498077390661,,,,,,,,,,,
1,530,propio,2,274.26398988485766,231.80959823053865,60.10000000000031,0.0,271.9498077390661,,,,,,,,,,,
1,531,propio,2,274.26398988485766,231.80959823053865,60.000000000000306,0.0,271.9498077390661,,,,,,,,,,,
1,532,propio,2,274.26398988485766,231.80959823053865,59.900000000000304,0.0,271.9498077390661,,,,,,,,,,,
1,533,propio,2,274.26398988485766,231.80959823053865,59.8000000000003,0.0,271.9498077390661,,,,,,,,,,,
1,534,propio,2,274.26398988485766,231.80959823053865,59.7000000000003,0.0,271.9498077390661,,,,,,,,,,,
1,534,rival,1,521.9030702145783,525.9016546226346,59.80000000000031,0.0,272.7264209033392,384.4674911347923,137.95126683009124,,,,,,,,,
1,535,propio,2,274.26398988485766,231.80959823053865,59.6000000000003,0.0,271.9498077390661,,,,,,,,,,,
1,536,propio,2,274.26398988485766,231.80959823053865,59.5000000000003,0.0,271.9498077390661,,,,,,,,,,,
1,537,propio,2,274.26398988485766,231.80959823053865,59.4000000000003,0.0,271.9498077390661,,,,,,,,,,,
1,538,propio,2,274.26398988485766,231.80959823053865,59.300000000000296,0.0,271.9498077390661,,,,,,,,,,,
1,539,propio,2,274.26398988485766,231.80959823053865,59.200000000000294,0.0,271.9498077390661,,,,,,,,,,,
1,540,propio,2,274.26398988485766,231.80959823053865,59.10000000000029,0.0,271.9498077390661,,,,,,,,,,,
1,541,propio,2,274.26398988485766,231.80959823053865,59.00000000000029,0.0,271.9498077390661,,,,,,,,,,,
1,542,propio,2,274.26398988485766,231.80959823053865,58.90000000000029,0.0,271.9498077390661,,,,,,,,,,,
1,542,rival,1,521.9030702145783,525.9016546226346,59.0000000000003,0.0,272.7264209033392,384.4674911347923,137.95126683009124,,,,,,,,,
1,543,propio,2,274.26398988485766,231.80959823053865,57.80000000000029,0.0,271.9498077390661,,,,,,,,,,,
1,543,disparo,2,274.26398988485766,231.80959823053865,57.80000000000029,,271.9498077390661,,,,1.0,,,,,,,
1,544,propio,2,274.26398988485766,231.80959823053865,57.70000000000029,0.0,271.9498077390661,,,,,,,,,,,
1,545,propio,2,274.26398988485766,231.80959823053865,57.600000000000286,0.0,271.9498077390661,,,,,,,,,,,
1,546,propio,2,274.26398988485766,231.80959823053865,57.500000000000284,0.0,271.9498077390661,,,,,,,,,,,
1,547,propio,2,274.26398988485766,231.80959823053865,57.40000000000028,0.0,271.9498077390661,,,,,,,,,,,
1,548,propio,2,274.26398988485766,231.80959823053865,57.30000000000028,0.0,271.9498077390661,,,,,,,,,,,
1,549,propio,2,274.26398988485766,231.80959823053865,57.20000000000028,0.0,271.9498077390661,,,,,,,,,,,
1,550,propio,2,274.26398988485766,231.80959823053865,57.10000000000028,0.0,271.9498077390661,,,,,,,,,,,
1,550,rival,1,521.9030702145783,525.9016546226346,57.20000000000029,0.0,272.7264209033392,384.4674911347923,137.95126683009124,,,,,,,,,
1,551,propio,2,274.26398988485766,231.80959823053865,57.00000000000028,0.0,271.9498077390661,,,,,,,,,,,
1,552,propio,2,274.26398988485766,231.80959823053865,56.900000000000276,0.0,271.9498077390661,,,,,,,,,,,
1,553,propio,2,274.26398988485766,231.80959823053865,56.800000000000274,0.0,271.9498077390661,,,,,,,,,,,
1,554,propio,2,274.26398988485766,231.80959823053865,56.70000000000027,0.0,271.9498077390661,,,,,,,,,,,
1,555,propio,2,274.26398988485766,231.80959823053865,56.60000000000027,0.0,271.9498077390661,,,,,,,,,,,
1,556,propio,2,274.26398988485766,231.80959823053865,56.50000000000027,0.0,271.9498077390661,,,,,,,,,,,
1,557,propio,2,274.26398988485766,231.80959823053865,56.40000000000027,0.0,271.9498077390661,,,,,,,,,,,
1,558,propio,2,274.26398988485766,231.80959823053865,56.30000000000027,0.0,271.9498077390661,,,,,,,,,,,
1,558,rival,1,521.9030702145783,525.9016546226346,56.400000000000276,0.0,272.7264209033392,384.4674911347923,137.95126683009124,,,,,,,,,
1,559,propio,2,274.26398988485766,231.80959823053865,55.200000000000266,0.0,271.9498077390661,,,,,,,,,,,
1,559,disparo,2,274.26398988485766,231.80959823053865,55.200000000000266,,271.9498077390661,,,,1.0,,,,,,,
1,560,propio,2,274.26398988485766,231.80959823053865,55.100000000000264,0.0,271.9498077390661,,,,,,,,,,,
1,561,propio,2,274.26398988485766,231.80959823053865,55.00000000000026,0.0,271.9498077390661,,,,,,,,,,,
1,562,propio,2,274.26398988485766,231.80959823053865,54.90000000000026,0.0,271.9498077390661,,,,,,,,,,,
1,563,propio,2,274.26398988485766,231.80959823053865,54.80000000000026,0.0,271.9498077390661,,,,,,,,,,,
1,564,propio,2,274.26398988485766,231.80959823053865,54.70000000000026,0.0,271.9498077390661,,,,,,,,,,,
1,565,propio,2,274.26398988485766,231.80959823053865,54.60000000000026,0.0,271.9498077390661,,,,,,,,,,,
1,566,propio,2,274.26398988485766,231.80959823053865,54.500000000000256,0.0,271.9498077390661,,,,,,,,,,,
1,566,rival,1,521.9030702145783,525.9016546226346,54.600000000000264,0.0,272.7264209033392,384.4674911347923,137.95126683009124,,,,,,,,,
1,567,propio,2,274.26398988485766,231.80959823053865,54.400000000000254,0.0,271.9498077390661,,,,,,,,,,,
1,568,propio,2,274.26398988485766,231.80959823053865,54.30000000000025,0.0,271.9498077390661,,,,,,,,,,,
1,569,propio,2,274.26398988485766,231.80959823053865,54.20000000000025,0.0,271.9498077390661,,,,,,,,,,,
1,570,propio,2,274.26398988485766,231.80959823053865,54.10000000000025,0.0,271.9498077390661,,,,,,,,,,,
1,571,propio,2,274.26398988485766,231.80959823053865,54.00000000000025,0.0,271.9498077390661,,,,,,,,,,,
1,572,propio,2,274.26398988485766,231.80959823053865,53.90000000000025,0.0,271.9498077390661,,,,,,,,,,,
1,573,propio,2,274.26398988485766,231.80959823053865,53.800000000000246,0.0,271.9498077390661,,,,,,,,,,,
1,574,propio,2,274.26398988485766,231.80959823053865,53.700000000000244,0.0,271.9498077390661,,,,,,,,,,,
1,574,rival,1,521.9030702145783,525.9016546226346,53.80000000000025,0.0,272.7264209033392,384.4674911347923,137.95126683009124,,,,,,,,,
1,575,propio,2,274.26398988485766,231.80959823053865,52.60000000000024,0.0,271.9498077390661,,,,,,,,,,,
1,575,disparo,2,274.26398988485766,231.80959823053865,52.60000000000024,,271.9498077390661,,,,1.0,,,,,,,
1,576,propio,2,274.26398988485766,231.80959823053865,52.50000000000024,0.0,271.9498077390661,,,,,,,,,,,
1,577,propio,2,274.26398988485766,231.80959823053865,52.40000000000024,0.0,271.9498077390661,,,,,,,,,,,
1,578,propio,2,274.26398988485766,231.80959823053865,52.30000000000024,0.0,271.9498077390661,,,,,,,,,,,
1,579,propio,2,274.26398988485766,231.80959823053865,52.20000000000024,0.0,271.9498077390661,,,,,,,,,,,
1,580,propio,2,274.26398988485766,231.80959823053865,52.100000000000236,0.0,271.9498077390661,,,,,,,,,,,
1,581,propio,2,274.26398988485766,231.80959823053865,52.000000000000234,0.0,271.9498077390661,,,,,,,,,,,
1,582,propio,2,274.26398988485766,231.80959823053865,51.90000000000023,0.0,271.9498077390661,,,,,,,,,,,
1,582,rival,1,521.9030702145783,525.9016546226346,52.00000000000024,0.0,272.7264209033392,384.4674911347923,137.95126683009124,,,,,,,,,
1,583,propio,2,274.26398988485766,231.80959823053865,51.80000000000023,0.0,271.9498077390661,,,,,,,,,,,
1,584,propio,2,274.26398988485766,231.80959823053865,51.70000000000023,0.0,271.9498077390661,,,,,,,,,,,
1,585,propio,2,274.26398988485766,231.80959823053865,51.60000000000023,0.0,271.9498077390661,,,,,,,,,,,
1,586,propio,2,274.26398988485766,231.80959823053865,51.50000000000023,0.0,271.9498077390661,,,,,,,,,,,
1,587,propio,2,274.26398988485766,231.80959823053865,51.400000000000226,0.0,271.9498077390661,,,,,,,,,,,
1,588,propio,2,274.26398988485766,231.80959823053865,51.300000000000225,0.0,271.9498077390661,,,,,,,,,,,
1,589,propio,2,274.26398988485766,231.80959823053865,51.20000000000022,0.0,271.9498077390661,,,,,,,,,,,
1,590,propio,2,274.26398988485766,231.80959823053865,51.10000000000022,0.0,271.9498077390661,,,,,,,,,,,
1,590,rival,1,521.9030702145783,525.9016546226346,51.20000000000023,0.0,272.7264209033392,384.4674911347923,137.95126683009124,,,,,,,,,
1,591,propio,2,274.26398988485766,231.80959823053865,50.00000000000022,0.0,271.9498077390661,,,,,,,,,,,
1,591,disparo,2,274.26398988485766,231.80959823053865,50.00000000000022,,271.9498077390661,,,,1.0,,,,,,,
1,592,propio,2,274.26398988485766,231.80959823053865,49.90000000000022,0.0,271.9498077390661,,,,,,,,,,,
1,593,propio,2,274.26398988485766,231.80959823053865,49.80000000000022,0.0,271.9498077390661,,,,,,,,,,,
1,594,propio,2,274.26398988485766,231.80959823053865,49.700000000000216,0.0,271.9498077390661,,,,,,,,,,,
1,595,propio,2,274.26398988485766,231.80959823053865,49.600000000000215,0.0,271.9498077390661,,,,,,,,,,,
1,596,propio,2,274.26398988485766,231.80959823053865,49.50000000000021,0.0,271.9498077390661,,,,,,,,,,,
1,597,propio,2,274.26398988485766,231.80959823053865,49.40000000000021,0.0,271.9498077390661,,,,,,,,,,,
1,598,propio,2,274.26398988485766,231.80959823053865,49.30000000000021,0.0,271.9498077390661,,,,,,,,,,,
1,598,rival,1,521.9030702145783,525.9016546226346,49.40000000000022,0.0,272.7264209033392,384.4674911347923,137.95126683009124,,,,,,,,,
1,599,propio,2,274.26398988485766,231.80959823053865,49.20000000000021,0.0,271.9498077390661,,,,,,,,,,,
1,600,propio,2,274.26398988485766,231.80959823053865,49.10000000000021,0.0,271.9498077390661,,,,,,,,,,,
1,601,propio,2,274.26398988485766,231.80959823053865,49.000000000000206,0.0,271.9498077390661,,,,,,,,,,,
1,602,propio,2,274.26398988485766,231.80959823053865,48.900000000000205,0.0,271.9498077390661,,,,,,,,,,,
1,603,propio,2,274.26398988485766,231.80959823053865,48.8000000000002,0.0,271.9498077390661,,,,,,,,,,,
1,604,propio,2,274.26398988485766,231.80959823053865,48.7000000000002,0.0,271.9498077390661,,,,,,,,,,,
1,605,propio,2,274.26398988485766,231.80959823053865,48.6000000000002,0.0,271.9498077390661,,,,,,,,,,,
1,606,propio,2,274.26398988485766,231.80959823053865,48.5000000000002,0.0,271.9498077390661,,,,,,,,,,,
1,606,rival,1,521.9030702145783,525.9016546226346,48.60000000000021,0.0,272.7264209033392,384.4674911347923,137.95126683009124,,,,,,,,,
1,607,propio,2,274.26398988485766,231.80959823053865,47.4000000000002,0.0,271.9498077390661,,,,,,,,,,,
1,607,disparo,2,274.26398988485766,231.80959823053865,47.4000000000002,,271.9498077390661,,,,1.0,,,,,,,
1,608,propio,2,274.26398988485766,231.80959823053865,47.300000000000196,0.0,271.9498077390661,,,,,,,,,,,
1,609,propio,2,274.26398988485766,231.80959823053865,47.200000000000195,0.0,271.9498077390661,,,,,,,,,,,
1,610,propio,2,274.26398988485766,231.80959823053865,47.10000000000019,0.0,271.9498077390661,,,,,,,,,,,
1,611,propio,2,274.26398988485766,231.80959823053865,47.00000000000019,0.0,271.9498077390661,,,,,,,,,,,
1,612,propio,2,274.26398988485766,231.80959823053865,46.90000000000019,0.0,271.9498077390661,,,,,,,,,,,
1,613,propio,2,274.26398988485766,231.80959823053865,46.80000000000019,0.0,271.9498077390661,,,,,,,,,,,
1,614,propio,2,274.26398988485766,231.80959823053865,46.70000000000019,0.0,271.9498077390661,,,,,,,,,,,
1,614,rival,1,521.9030702145783,525.9016546226346,46.800000000000196,0.0,272.7264209033392,384.4674911347923,137.95126683009124,,,,,,,,,
1,615,propio,2,274.26398988485766,231.80959823053865,46.600000000000186,0.0,271.9498077390661,,,,,,,,,,,
1,616,propio,2,274.26398988485766,231.80959823053865,46.500000000000185,0.0,271.9498077390661,,,,,,,,,,,
1,617,propio,2,274.26398988485766,231.80959823053865,46.40000000000018,0.0,271.9498077390661,,,,,,,,,,,
1,618,propio,2,274.26398988485766,231.80959823053865,46.30000000000018,0.0,271.9498077390661,,,,,,,,,,,
1,619,propio,2,274.26398988485766,231.80959823053865,46.20000000000018,0.0,271.9498077390661,,,,,,,,,,,
1,620,propio,2,274.26398988485766,231.80959823053865,46.10000000000018,0.0,271.9498077390661,,,,,,,,,,,
1,621,propio,2,274.26398988485766,231.80959823053865,46.00000000000018,0.0,271.9498077390661,,,,,,,,,,,
1,622,propio,2,274.26398988485766,231.80959823053865,45.900000000000176,0.0,271.9498077390661,,,,,,,,,,,
1,622,rival,1,521.9030702145783,525.9016546226346,46.000000000000185,0.0,272.7264209033392,384.4674911347923,137.95126683009124,,,,,,,,,
1,623,propio,2,274.26398988485766,231.80959823053865,44.800000000000175,0.0,271.9498077390661,,,,,,,,,,,
1,623,disparo,2,274.26398988485766,231.80959823053865,44.800000000000175,,271.9498077390661,,,,1.0,,,,,,,
1,624,propio,2,274.26398988485766,231.80959823053865,44.70000000000017,0.0,271.9498077390661,,,,,,,,,,,
1,625,propio,2,274.26398988485766,231.80959823053865,44.60000000000017,0.0,271.9498077390661,,,,,,,,,,,
1,626,propio,2,274.26398988485766,231.80959823053865,44.50000000000017,0.0,271.9498077390661,,,,,,,,,,,
1,627,propio,2,274.26398988485766,231.80959823053865,44.40000000000017,0.0,271.9498077390661,,,,,,,,,,,
1,628,propio,2,274.26398988485766,231.80959823053865,44.30000000000017,0.0,271.9498077390661,,,,,,,,,,,
1,629,propio,2,274.26398988485766,231.80959823053865,44.200000000000166,0.0,271.9498077390661,,,,,,,,,,,
1,630,propio,2,274.26398988485766,231.80959823053865,44.100000000000165,0.0,271.9498077390661,,,,,,,,,,,
1,630,rival,1,521.9030702145783,525.9016546226346,44.20000000000017,0.0,272.7264209033392,384.4674911347923,137.95126683009124,,,,,,,,,
1,631,propio,2,274.26398988485766,231.80959823053865,44.00000000000016,0.0,271.9498077390661,,,,,,,,,,,
1,632,propio,2,274.26398988485766,231.80959823053865,43.90000000000016,0.0,271.9498077390661,,,,,,,,,,,
1,633,propio,2,274.26398988485766,231.80959823053865,43.80000000000016,0.0,271.9498077390661,,,,,,,,,,,
1,634,propio,2,274.26398988485766,231.80959823053865,43.70000000000016,0.0,271.9498077390661,,,,,,,,,,,
1,635,propio,2,274.26398988485766,231.80959823053865,43.60000000000016,0.0,271.9498077390661,,,,,,,,,,,
1,636,propio,2,274.26398988485766,231.80959823053865,43.500000000000156,0.0,271.9498077390661,,,,,,,,,,,
1,637,propio,2,274.26398988485766,231.80959823053865,43.400000000000155,0.0,271.9498077390661,,,,,,,,,,,
1,638,propio,2,274.26398988485766,231.80959823053865,43.30000000000015,0.0,271.9498077390661,,,,,,,,,,,
1,638,rival,1,521.9030702145783,525.9016546226346,43.40000000000016,0.0,272.7264209033392,384.4674911347923,137.95126683009124,,,,,,,,,
1,639,propio,2,274.26398988485766,231.80959823053865,42.20000000000015,0.0,271.9498077390661,,,,,,,,,,,
1,639,disparo,2,274.26398988485766,231.80959823053865,42.20000000000015,,271.9498077390661,,,,1.0,,,,,,,
1,640,propio,2,274.26398988485766,231.80959823053865,42.10000000000015,0.0,271.9498077390661,,,,,,,,,,,
1,641,propio,2,274.26398988485766,231.80959823053865,42.00000000000015,0.0,271.9498077390661,,,,,,,,,,,
1,642,propio,2,274.26398988485766,231.80959823053865,41.90000000000015,0.0,271.9498077390661,,,,,,,,,,,
1,643,propio,2,274.26398988485766,231.80959823053865,41.800000000000146,0.0,271.9498077390661,,,,,,,,,,,
1,644,propio,2,274.26398988485766,231.80959823053865,41.700000000000145,0.0,271.9498077390661,,,,,,,,,,,
1,645,propio,2,274.26398988485766,231.80959823053865,41.60000000000014,0.0,271.9498077390661,,,,,,,,,,,
1,646,propio,2,274.26398988485766,231.80959823053865,41.50000000000014,0.0,271.9498077390661,,,,,,,,,,,
1,646,rival,1,521.9030702145783,525.9016546226346,41.60000000000015,0.0,272.7264209033392,384.4674911347923,137.95126683009124,,,,,,,,,
1,647,propio,2,274.26398988485766,231.80959823053865,41.40000000000014,0.0,271.9498077390661,,,,,,,,,,,
1,648,propio,2,274.26398988485766,231.80959823053865,41.30000000000014,0.0,271.9498077390661,,,,,,,,,,,
1,649,propio,2,274.26398988485766,231.80959823053865,41.20000000000014,0.0,271.9498077390661,,,,,,,,,,,
1,650,propio,2,274.26398988485766,231.80959823053865,41.100000000000136,0.0,271.9498077390661,,,,,,,,,,,
1,651,propio,2,274.26398988485766,231.80959823053865,41.000000000000135,0.0,271.9498077390661,,,,,,,,,,,
1,652,propio,2,274.26398988485766,231.80959823053865,40.900000000000134,0.0,271.9498077390661,,,,,,,,,,,
1,653,propio,2,274.26398988485766,231.80959823053865,40.80000000000013,0.0,271.9498077390661,,,,,,,,,,,
1,654,propio,2,274.26398988485766,231.80959823053865,40.70000000000013,0.0,271.9498077390661,,,,,,,,,,,
1,654,rival,1,521.9030702145783,525.9016546226346,40.80000000000014,0.0,272.7264209033392,384.4674911347923,137.95126683009124,,,,,,,,,
1,655,propio,2,274.26398988485766,231.80959823053865,39.60000000000013,0.0,271.9498077390661,,,,,,,,,,,
1,655,disparo,2,274.26398988485766,231.80959823053865,39.60000000000013,,271.9498077390661,,,,1.0,,,,,,,
1,656,propio,2,274.26398988485766,231.80959823053865,39.50000000000013,0.0,271.9498077390661,,,,,,,,,,,
1,657,propio,2,274.26398988485766,231.80959823053865,39.40000000000013,0.0,271.9498077390661,,,,,,,,,,,
1,658,propio,2,274.26398988485766,231.80959823053865,39.300000000000125,0.0,271.9498077390661,,,,,,,,,,,
1,659,propio,2,274.26398988485766,231.80959823053865,39.200000000000124,0.0,271.9498077390661,,,,,,,,,,,
1,660,propio,2,274.26398988485766,231.80959823053865,39.10000000000012,0.0,271.9498077390661,,,,,,,,,,,
1,661,propio,2,274.26398988485766,231.80959823053865,39.00000000000012,0.0,271.9498077390661,,,,,,,,,,,
1,662,propio,2,274.26398988485766,231.80959823053865,38.90000000000012,0.0,271.9498077390661,,,,,,,,,,,
1,662,rival,1,521.9030702145783,525.9016546226346,39.00000000000013,0.0,272.7264209033392,384.4674911347923,137.95126683009124,,,,,,,,,
1,663,propio,2,274.26398988485766,231.80959823053865,38.80000000000012,0.0,271.9498077390661,,,,,,,,,,,
1,664,propio,2,274.26398988485766,231.80959823053865,38.70000000000012,0.0,271.9498077390661,,,,,,,,,,,
1,665,propio,2,274.26398988485766,231.80959823053865,38.600000000000115,0.0,271.9498077390661,,,,,,,,,,,
1,666,propio,2,274.26398988485766,231.80959823053865,38.500000000000114,0.0,271.9498077390661,,,,,,,,,,,
1,667,propio,2,274.26398988485766,231.80959823053865,38.40000000000011,0.0,271.9498077390661,,,,,,,,,,,
1,668,propio,2,274.26398988485766,231.80959823053865,38.30000000000011,0.0,271.9498077390661,,,,,,,,,,,
1,669,propio,2,274.26398988485766,231.80959823053865,38.20000000000011,0.0,271.9498077390661,,,,,,,,,,,
1,670,propio,2,274.26398988485766,231.80959823053865,38.10000000000011,0.0,271.9498077390661,,,,,,,,,,,
1,670,rival,1,521.9030702145783,525.9016546226346,38.20000000000012,0.0,272.7264209033392,384.4674911347923,137.95126683009124,,,,,,,,,
1,671,propio,2,274.26398988485766,231.80959823053865,37.00000000000011,0.0,271.9498077390661,,,,,,,,,,,
1,671,disparo,2,274.26398988485766,231.80959823053865,37.00000000000011,,271.9498077390661,,,,1.0,,,,,,,
1,672,propio,2,274.26398988485766,231.80959823053865,36.900000000000105,0.0,271.9498077390661,,,,,,,,,,,
1,673,propio,2,274.26398988485766,231.80959823053865,36.800000000000104,0.0,271.9498077390661,,,,,,,,,,,
1,674,propio,2,274.26398988485766,231.80959823053865,36.7000000000001,0.0,271.9498077390661,,,,,,,,,,,
1,675,propio,2,274.26398988485766,231.80959823053865,36.6000000000001,0.0,271.9498077390661,,,,,,,,,,,
1,676,propio,2,274.26398988485766,231.80959823053865,36.5000000000001,0.0,271.9498077390661,,,,,,,,,,,
1,677,propio,2,274.26398988485766,231.80959823053865,36.4000000000001,0.0,271.9498077390661,,,,,,,,,,,
1,678,propio,2,274.26398988485766,231.80959823053865,36.3000000000001,0.0,271.9498077390661,,,,,,,,,,,
1,678,rival,1,521.9030702145783,525.9016546226346,36.400000000000105,0.0,272.7264209033392,384.4674911347923,137.95126683009124,,,,,,,,,
1,679,propio,2,274.26398988485766,231.80959823053865,36.200000000000095,0.0,271.9498077390661,,,,,,,,,,,
1,680,propio,2,274.26398988485766,231.80959823053865,36.100000000000094,0.0,271.9498077390661,,,,,,,,,,,
1,681,propio,2,274.26398988485766,231.80959823053865,36.00000000000009,0.0,271.9498077390661,,,,,,,,,,,
1,682,propio,2,274.26398988485766,231.80959823053865,35.90000000000009,0.0,271.9498077390661,,,,,,,,,,,
1,683,propio,2,274.26398988485766,231.80959823053865,35.80000000000009,0.0,271.9498077390661,,,,,,,,,,,
1,684,propio,2,274.26398988485766,231.80959823053865,35.70000000000009,0.0,271.9498077390661,,,,,,,,,,,
1,685,propio,2,274.26398988485766,231.80959823053865,35.60000000000009,0.0,271.9498077390661,,,,,,,,,,,
1,686,propio,2,274.26398988485766,231.80959823053865,35.500000000000085,0.0,271.9498077390661,,,,,,,,,,,
1,686,rival,1,521.9030702145783,525.9016546226346,35.600000000000094,0.0,272.7264209033392,384.4674911347923,137.95126683009124,,,,,,,,,
1,687,propio,2,274.26398988485766,231.80959823053865,34.400000000000084,0.0,271.9498077390661,,,,,,,,,,,
1,687,disparo,2,274.26398988485766,231.80959823053865,34.400000000000084,,271.9498077390661,,,,1.0,,,,,,,
1,688,propio,2,274.26398988485766,231.80959823053865,34.30000000000008,0.0,271.9498077390661,,,,,,,,,,,
1,689,propio,2,274.26398988485766,231.80959823053865,34.20000000000008,0.0,271.9498077390661,,,,,,,,,,,
1,690,propio,2,274.26398988485766,231.80959823053865,34.10000000000008,0.0,271.9498077390661,,,,,,,,,,,
1,691,propio,2,274.26398988485766,231.80959823053865,34.00000000000008,0.0,271.9498077390661,,,,,,,,,,,
1,692,propio,2,274.26398988485766,231.80959823053865,33.90000000000008,0.0,271.9498077390661,,,,,,,,,,,
1,693,propio,2,274.26398988485766,231.80959823053865,33.800000000000075,0.0,271.9498077390661,,,,,,,,,,,
1,694,propio,2,274.26398988485766,231.80959823053865,33.700000000000074,0.0,271.9498077390661,,,,,,,,,,,
1,694,rival,1,521.9030702145783,525.9016546226346,33.80000000000008,0.0,272.7264209033392,384.4674911347923,137.95126683009124,,,,,,,,,
1,695,propio,2,274.26398988485766,231.80959823053865,33.60000000000007,0.0,271.9498077390661,,,,,,,,,,,
1,696,propio,2,274.26398988485766,231.80959823053865,33.50000000000007,0.0,271.9498077390661,,,,,,,,,,,
1,697,propio,2,274.26398988485766,231.80959823053865,33.40000000000007,0.0,271.9498077390661,,,,,,,,,,,
1,698,propio,2,274.26398988485766,231.80959823053865,33.30000000000007,0.0,271.9498077390661,,,,,,,,,,,
1,699,propio,2,274.26398988485766,231.80959823053865,33.20000000000007,0.0,271.9498077390661,,,,,,,,,,,
1,700,propio,2,274.26398988485766,231.80959823053865,33.100000000000065,0.0,271.9498077390661,,,,,,,,,,,
1,701,propio,2,274.26398988485766,231.80959823053865,33.000000000000064,0.0,271.9498077390661,,,,,,,,,,,
1,702,propio,2,274.26398988485766,231.80959823053865,32.90000000000006,0.0,271.9498077390661,,,,,,,,,,,
1,702,rival,1,521.9030702145783,525.9016546226346,33.00000000000007,0.0,272.7264209033392,384.4674911347923,137.95126683009124,,,,,,,,,
1,703,propio,2,274.26398988485766,231.80959823053865,31.80000000000006,0.0,271.9498077390661,,,,,,,,,,,
1,703,disparo,2,274.26398988485766,231.80959823053865,31.80000000000006,,271.9498077390661,,,,1.0,,,,,,,
1,704,propio,2,274.26398988485766,231.80959823053865,31.70000000000006,0.0,271.9498077390661,,,,,,,,,,,
1,705,propio,2,274.26398988485766,231.80959823053865,31.60000000000006,0.0,271.9498077390661,,,,,,,,,,,
1,706,propio,2,274.26398988485766,231.80959823053865,31.500000000000057,0.0,271.9498077390661,,,,,,,,,,,
1,707,propio,2,274.26398988485766,231.80959823053865,31.400000000000055,0.0,271.9498077390661,,,,,,,,,,,
1,708,propio,2,274.26398988485766,231.80959823053865,31.300000000000054,0.0,271.9498077390661,,,,,,,,,,,
1,709,propio,2,274.26398988485766,231.80959823053865,31.200000000000053,0.0,271.9498077390661,,,,,,,,,,,
1,710,propio,2,274.26398988485766,231.80959823053865,31.10000000000005,0.0,271.9498077390661,,,,,,,,,,,
1,710,rival,1,521.9030702145783,525.9016546226346,31.20000000000006,0.0,272.7264209033392,384.4674911347923,137.95126683009124,,,,,,,,,
1,711,propio,2,274.26398988485766,231.80959823053865,31.00000000000005,0.0,271.9498077390661,,,,,,,,,,,
1,712,propio,2,274.26398988485766,231.80959823053865,30.90000000000005,0.0,271.9498077390661,,,,,,,,,,,
1,713,propio,2,274.26398988485766,231.80959823053865,30.800000000000047,0.0,271.9498077390661,,,,,,,,,,,
1,714,propio,2,274.26398988485766,231.80959823053865,30.700000000000045,0.0,271.9498077390661,,,,,,,,,,,
1,715,propio,2,274.26398988485766,231.80959823053865,30.600000000000044,0.0,271.9498077390661,,,,,,,,,,,
1,716,propio,2,274.26398988485766,231.80959823053865,30.500000000000043,0.0,271.9498077390661,,,,,,,,,,,
1,717,propio,2,274.26398988485766,231.80959823053865,30.40000000000004,0.0,271.9498077390661,,,,,,,,,,,
1,718,propio,2,274.26398988485766,231.80959823053865,30.30000000000004,0.0,271.9498077390661,,,,,,,,,,,
1,718,rival,1,521.9030702145783,525.9016546226346,30.40000000000005,0.0,272.7264209033392,384.4674911347923,137.95126683009124,,,,,,,,,
1,719,propio,2,274.26398988485766,231.80959823053865,29.20000000000004,0.0,271.9498077390661,,,,,,,,,,,
1,719,disparo,2,274.26398988485766,231.80959823053865,29.20000000000004,,271.9498077390661,,,,1.0,,,,,,,
1,720,propio,2,274.26398988485766,231.80959823053865,29.100000000000037,0.0,271.9498077390661,,,,,,,,,,,
1,721,propio,2,274.26398988485766,231.80959823053865,29.000000000000036,0.0,271.9498077390661,,,,,,,,,,,
1,722,propio,2,274.26398988485766,231.80959823053865,28.900000000000034,0.0,271.9498077390661,,,,,,,,,,,
1,723,propio,2,274.26398988485766,231.80959823053865,28.800000000000033,0.0,271.9498077390661,,,,,,,,,,,
1,724,propio,2,274.26398988485766,231.80959823053865,28.70000000000003,0.0,271.9498077390661,,,,,,,,,,,
1,725,propio,2,274.26398988485766,231.80959823053865,28.60000000000003,0.0,271.9498077390661,,,,,,,,,,,
1,726,propio,2,274.26398988485766,231.80959823053865,28.50000000000003,0.0,271.9498077390661,,,,,,,,,,,
1,726,rival,1,521.9030702145783,525.9016546226346,28.600000000000037,0.0,272.7264209033392,384.4674911347923,137.95126683009124,,,,,,,,,
1,727,propio,2,274.26398988485766,231.80959823053865,28.400000000000027,0.0,271.9498077390661,,,,,,,,,,,
1,728,propio,2,274.26398988485766,231.80959823053865,28.300000000000026,0.0,271.9498077390661,,,,,,,,,,,
1,729,propio,2,274.26398988485766,231.80959823053865,28.200000000000024,0.0,271.9498077390661,,,,,,,,,,,
1,730,propio,2,274.26398988485766,231.80959823053865,28.100000000000023,0.0,271.9498077390661,,,,,,,,,,,
1,731,propio,2,274.26398988485766,231.80959823053865,28.00000000000002,0.0,271.9498077390661,,,,,,,,,,,
1,732,propio,2,274.26398988485766,231.80959823053865,27.90000000000002,0.0,271.9498077390661,,,,,,,,,,,
1,733,propio,2,274.26398988485766,231.80959823053865,27.80000000000002,0.0,271.9498077390661,,,,,,,,,,,
1,734,propio,2,274.26398988485766,231.80959823053865,27.700000000000017,0.0,271.9498077390661,,,,,,,,,,,
1,734,rival,1,521.9030702145783,525.9016546226346,27.800000000000026,0.0,272.7264209033392,384.4674911347923,137.95126683009124,,,,,,,,,
1,735,propio,2,274.26398988485766,231.80959823053865,26.600000000000016,0.0,271.9498077390661,,,,,,,,,,,
1,735,disparo,2,274.26398988485766,231.80959823053865,26.600000000000016,,271.9498077390661,,,,1.0,,,,,,,
1,736,propio,2,274.26398988485766,231.80959823053865,26.500000000000014,0.0,271.9498077390661,,,,,,,,,,,
1,737,propio,2,274.26398988485766,231.80959823053865,26.400000000000013,0.0,271.9498077390661,,,,,,,,,,,
1,738,propio,2,274.26398988485766,231.80959823053865,26.30000000000001,0.0,271.9498077390661,,,,,,,,,,,
1,739,propio,2,274.26398988485766,231.80959823053865,26.20000000000001,0.0,271.9498077390661,,,,,,,,,,,
1,740,propio,2,274.26398988485766,231.80959823053865,26.10000000000001,0.0,271.9498077390661,,,,,,,,,,,
1,741,propio,2,274.26398988485766,231.80959823053865,26.000000000000007,0.0,271.9498077390661,,,,,,,,,,,
1,742,propio,2,274.26398988485766,231.80959823053865,25.900000000000006,0.0,271.9498077390661,,,,,,,,,,,
1,742,rival,1,521.9030702145783,525.9016546226346,26.000000000000014,0.0,272.7264209033392,384.4674911347923,137.95126683009124,,,,,,,,,
1,743,propio,2,274.26398988485766,231.80959823053865,25.800000000000004,0.0,271.9498077390661,,,,,,,,,,,
1,744,propio,2,274.26398988485766,231.80959823053865,25.700000000000003,0.0,271.9498077390661,,,,,,,,,,,
1,745,propio,2,274.26398988485766,231.80959823053865,25.6,0.0,271.9498077390661,,,,,,,,,,,
1,746,propio,2,274.26398988485766,231.80959823053865,25.5,0.0,271.9498077390661,,,,,,,,,,,
1,747,propio,2,274.26398988485766,231.80959823053865,25.4,0.0,271.9498077390661,,,,,,,,,,,
1,748,propio,2,274.26398988485766,231.80959823053865,25.299999999999997,0.0,271.9498077390661,,,,,,,,,,,
1,749,propio,2,274.26398988485766,231.80959823053865,25.199999999999996,0.0,271.9498077390661,,,,,,,,,,,
1,750,propio,2,274.26398988485766,231.80959823053865,25.099999999999994,0.0,271.9498077390661,,,,,,,,,,,
1,750,rival,1,521.9030702145783,525.9016546226346,25.200000000000003,0.0,272.7264209033392,384.4674911347923,137.95126683009124,,,,,,,,,
1,751,propio,2,274.26398988485766,231.80959823053865,23.999999999999993,0.0,271.9498077390661,,,,,,,,,,,
1,751,disparo,2,274.26398988485766,231.80959823053865,23.999999999999993,,271.9498077390661,,,,1.0,,,,,,,
1,752,propio,2,274.26398988485766,231.80959823053865,23.89999999999999,0.0,271.9498077390661,,,,,,,,,,,
1,753,propio,2,274.26398988485766,231.80959823053865,23.79999999999999,0.0,271.9498077390661,,,,,,,,,,,
1,754,propio,2,274.26398988485766,231.80959823053865,23.69999999999999,0.0,271.9498077390661,,,,,,,,,,,
1,755,propio,2,274.26398988485766,231.80959823053865,23.599999999999987,0.0,271.9498077390661,,,,,,,,,,,
1,756,propio,2,274.26398988485766,231.80959823053865,23.499999999999986,0.0,271.9498077390661,,,,,,,,,,,
1,757,propio,2,274.26398988485766,231.80959823053865,23.399999999999984,0.0,271.9498077390661,,,,,,,,,,,
1,758,propio,2,274.26398988485766,231.80959823053865,23.299999999999983,0.0,271.9498077390661,,,,,,,,,,,
1,758,rival,1,521.9030702145783,525.9016546226346,23.39999999999999,0.0,272.7264209033392,384.4674911347923,137.95126683009124,,,,,,,,,
1,759,propio,2,274.26398988485766,231.80959823053865,23.19999999999998,0.0,271.9498077390661,,,,,,,,,,,
1,760,propio,2,274.26398988485766,231.80959823053865,23.09999999999998,0.0,271.9498077390661,,,,,,,,,,,
1,761,propio,2,274.26398988485766,231.80959823053865,22.99999999999998,0.0,271.9498077390661,,,,,,,,,,,
1,762,propio,2,274.26398988485766,231.80959823053865,22.899999999999977,0.0,271.9498077390661,,,,,,,,,,,
1,763,propio,2,274.26398988485766,231.80959823053865,22.799999999999976,0.0,271.9498077390661,,,,,,,,,,,
1,764,propio,2,274.26398988485766,231.80959823053865,22.699999999999974,0.0,271.9498077390661,,,,,,,,,,,
1,765,propio,2,274.26398988485766,231.80959823053865,22.599999999999973,0.0,271.9498077390661,,,,,,,,,,,
1,766,propio,2,274.26398988485766,231.80959823053865,22.49999999999997,0.0,271.9498077390661,,,,,,,,,,,
1,766,rival,1,521.9030702145783,525.9016546226346,22.59999999999998,0.0,272.7264209033392,384.4674911347923,137.95126683009124,,,,,,,,,
1,767,propio,2,274.26398988485766,231.80959823053865,21.39999999999997,0.0,271.9498077390661,,,,,,,,,,,
1,767,disparo,2,274.26398988485766,231.80959823053865,21.39999999999997,,271.9498077390661,,,,1.0,,,,,,,
1,768,propio,2,274.26398988485766,231.80959823053865,21.29999999999997,0.0,271.9498077390661,,,,,,,,,,,
1,769,propio,2,274.26398988485766,231.80959823053865,21.199999999999967,0.0,271.9498077390661,,,,,,,,,,,
1,770,propio,2,274.26398988485766,231.80959823053865,21.099999999999966,0.0,271.9498077390661,,,,,,,,,,,
1,771,propio,2,274.26398988485766,231.80959823053865,20.999999999999964,0.0,271.9498077390661,,,,,,,,,,,
1,772,propio,2,274.26398988485766,231.80959823053865,20.899999999999963,0.0,271.9498077390661,,,,,,,,,,,
1,773,propio,2,274.26398988485766,231.80959823053865,20.79999999999996,0.0,271.9498077390661,,,,,,,,,,,
1,774,propio,2,274.26398988485766,231.80959823053865,20.69999999999996,0.0,271.9498077390661,,,,,,,,,,,
1,774,rival,1,521.9030702145783,525.9016546226346,20.79999999999997,0.0,272.7264209033392,384.4674911347923,137.95126683009124,,,,,,,,,
1,775,propio,2,274.26398988485766,231.80959823053865,20.59999999999996,0.0,271.9498077390661,,,,,,,,,,,
1,776,propio,2,274.26398988485766,231.80959823053865,20.499999999999957,0.0,271.9498077390661,,,,,,,,,,,
1,777,propio,2,274.26398988485766,231.80959823053865,20.399999999999956,0.0,271.9498077390661,,,,,,,,,,,
1,778,propio,2,274.26398988485766,231.80959823053865,20.299999999999955,0.0,271.9498077390661,,,,,,,,,,,
1,779,propio,2,274.26398988485766,231.80959823053865,20.199999999999953,0.0,271.9498077390661,,,,,,,,,,,
1,780,propio,2,274.26398988485766,231.80959823053865,20.09999999999995,0.0,271.9498077390661,,,,,,,,,,,
1,781,propio,2,274.26398988485766,231.80959823053865,19.99999999999995,0.0,271.9498077390661,,,,,,,,,,,
1,782,propio,2,274.26398988485766,231.80959823053865,19.89999999999995,0.0,271.9498077390661,,,,,,,,,,,
1,782,rival,1,521.9030702145783,525.9016546226346,19.999999999999957,0.0,272.7264209033392,384.4674911347923,137.95126683009124,,,,,,,,,
1,783,propio,2,274.26398988485766,231.80959823053865,18.799999999999947,0.0,271.9498077390661,,,,,,,,,,,
1,783,disparo,2,274.26398988485766,231.80959823053865,18.799999999999947,,271.9498077390661,,,,1.0,,,,,,,
1,784,propio,2,274.26398988485766,231.80959823053865,18.699999999999946,0.0,271.9498077390661,,,,,,,,,,,
1,785,propio,2,274.26398988485766,231.80959823053865,18.599999999999945,0.0,271.9498077390661,,,,,,,,,,,
1,786,propio,2,274.26398988485766,231.80959823053865,18.499999999999943,0.0,271.9498077390661,,,,,,,,,,,
1,787,propio,2,274.26398988485766,231.80959823053865,18.39999999999994,0.0,271.9498077390661,,,,,,,,,,,
1,788,propio,2,274.26398988485766,231.80959823053865,18.29999999999994,0.0,271.9498077390661,,,,,,,,,,,
1,789,propio,2,274.26398988485766,231.80959823053865,18.19999999999994,0.0,271.9498077390661,,,,,,,,,,,
1,790,propio,2,274.26398988485766,231.80959823053865,18.099999999999937,0.0,271.9498077390661,,,,,,,,,,,
1,790,rival,1,521.9030702145783,525.9016546226346,18.199999999999946,0.0,272.7264209033392,384.4674911347923,137.95126683009124,,,,,,,,,
1,791,propio,2,274.26398988485766,231.80959823053865,17.999999999999936,0.0,271.9498077390661,,,,,,,,,,,
1,792,propio,2,274.26398988485766,231.80959823053865,17.899999999999935,0.0,271.9498077390661,,,,,,,,,,,
1,793,propio,2,274.26398988485766,231.80959823053865,17.799999999999933,0.0,271.9498077390661,,,,,,,,,,,
1,794,propio,2,274.26398988485766,231.80959823053865,17.699999999999932,0.0,271.9498077390661,,,,,,,,,,,
1,795,propio,2,274.26398988485766,231.80959823053865,17.59999999999993,0.0,271.9498077390661,,,,,,,,,,,
1,796,propio,2,274.26398988485766,231.80959823053865,17.49999999999993,0.0,271.9498077390661,,,,,,,,,,,
1,797,propio,2,274.26398988485766,231.80959823053865,17.399999999999928,0.0,271.9498077390661,,,,,,,,,,,
1,798,propio,2,274.26398988485766,231.80959823053865,17.299999999999926,0.0,271.9498077390661,,,,,,,,,,,
1,798,rival,1,521.9030702145783,525.9016546226346,17.399999999999935,0.0,272.7264209033392,384.4674911347923,137.95126683009124,,,,,,,,,
1,799,propio,2,274.26398988485766,231.80959823053865,16.199999999999925,0.0,271.9498077390661,,,,,,,,,,,
1,799,disparo,2,274.26398988485766,231.80959823053865,16.199999999999925,,271.9498077390661,,,,1.0,,,,,,,
1,800,propio,2,274.26398988485766,231.80959823053865,16.099999999999923,0.0,271.9498077390661,,,,,,,,,,,
1,801,propio,2,274.26398988485766,231.80959823053865,15.999999999999924,0.0,271.9498077390661,,,,,,,,,,,
1,802,propio,2,274.26398988485766,231.80959823053865,15.899999999999924,0.0,271.9498077390661,,,,,,,,,,,
1,803,propio,2,274.26398988485766,231.80959823053865,15.799999999999924,0.0,271.9498077390661,,,,,,,,,,,
1,804,propio,2,274.26398988485766,231.80959823053865,15.699999999999925,0.0,271.9498077390661,,,,,,,,,,,
1,805,propio,2,274.26398988485766,231.80959823053865,15.599999999999925,0.0,271.9498077390661,,,,,,,,,,,
1,806,propio,2,274.26398988485766,231.80959823053865,15.499999999999925,0.0,271.9498077390661,,,,,,,,,,,
1,806,rival,1,521.9030702145783,525.9016546226346,15.599999999999929,0.0,272.7264209033392,384.4674911347923,137.95126683009124,,,,,,,,,
1,807,propio,2,274.26398988485766,231.80959823053865,15.399999999999926,0.0,271.9498077390661,,,,,,,,,,,
1,808,propio,2,274.26398988485766,231.80959823053865,15.299999999999926,0.0,271.9498077390661,,,,,,,,,,,
1,809,propio,2,274.26398988485766,231.80959823053865,15.199999999999926,0.0,271.9498077390661,,,,,,,,,,,
1,810,propio,2,274.26398988485766,231.80959823053865,15.099999999999927,0.0,271.9498077390661,,,,,,,,,,,
1,811,propio,2,274.26398988485766,231.80959823053865,14.999999999999927,0.0,271.9498077390661,,,,,,,,,,,
1,812,propio,2,274.26398988485766,231.80959823053865,14.899999999999928,0.0,271.9498077390661,,,,,,,,,,,
1,813,propio,2,274.26398988485766,231.80959823053865,14.799999999999928,0.0,271.9498077390661,,,,,,,,,,,
1,814,propio,2,274.26398988485766,231.80959823053865,14.699999999999928,0.0,271.9498077390661,,,,,,,,,,,
1,814,rival,1,521.9030702145783,525.9016546226346,14.799999999999931,0.0,272.7264209033392,384.4674911347923,137.95126683009124,,,,,,,,,
1,815,propio,2,274.26398988485766,231.80959823053865,13.599999999999929,0.0,271.9498077390661,,,,,,,,,,,
1,815,disparo,2,274.26398988485766,231.80959823053865,13.599999999999929,,271.9498077390661,,,,1.0,,,,,,,
1,816,propio,2,274.26398988485766,231.80959823053865,13.499999999999929,0.0,271.9498077390661,,,,,,,,,,,
1,817,propio,2,274.26398988485766,231.80959823053865,13.39999999999993,0.0,271.9498077390661,,,,,,,,,,,
1,818,propio,2,274.26398988485766,231.80959823053865,13.29999999999993,0.0,271.9498077390661,,,,,,,,,,,
1,819,propio,2,274.26398988485766,231.80959823053865,13.19999999999993,0.0,271.9498077390661,,,,,,,,,,,
1,820,propio,2,274.26398988485766,231.80959823053865,13.09999999999993,0.0,271.9498077390661,,,,,,,,,,,
1,821,propio,2,274.26398988485766,231.80959823053865,12.99999999999993,0.0,271.9498077390661,,,,,,,,,,,
1,822,propio,2,274.26398988485766,231.80959823053865,12.899999999999931,0.0,271.9498077390661,,,,,,,,,,,
1,822,rival,1,521.9030702145783,525.9016546226346,12.999999999999934,0.0,272.7264209033392,384.4674911347923,137.95126683009124,,,,,,,,,
1,823,propio,2,274.26398988485766,231.80959823053865,12.799999999999931,0.0,271.9498077390661,,,,,,,,,,,
1,824,propio,2,274.26398988485766,231.80959823053865,12.699999999999932,0.0,271.9498077390661,,,,,,,,,,,
1,825,propio,2,274.26398988485766,231.80959823053865,12.599999999999932,0.0,271.9498077390661,,,,,,,,,,,
1,826,propio,2,274.26398988485766,231.80959823053865,12.499999999999932,0.0,271.9498077390661,,,,,,,,,,,
1,827,propio,2,274.26398988485766,231.80959823053865,12.399999999999933,0.0,271.9498077390661,,,,,,,,,,,
1,828,propio,2,274.26398988485766,231.80959823053865,12.299999999999933,0.0,271.9498077390661,,,,,,,,,,,
1,829,propio,2,274.26398988485766,231.80959823053865,12.199999999999934,0.0,271.9498077390661,,,,,,,,,,,
1,830,propio,2,274.26398988485766,231.80959823053865,12.099999999999934,0.0,271.9498077390661,,,,,,,,,,,
1,830,rival,1,521.9030702145783,525.9016546226346,12.199999999999937,0.0,272.7264209033392,384.4674911347923,137.95126683009124,,,,,,,,,
1,831,propio,2,274.26398988485766,231.80959823053865,10.999999999999934,0.0,271.9498077390661,,,,,,,,,,,
1,831,disparo,2,274.26398988485766,231.80959823053865,10.999999999999934,,271.9498077390661,,,,1.0,,,,,,,
1,832,propio,2,274.26398988485766,231.80959823053865,10.899999999999935,0.0,271.9498077390661,,,,,,,,,,,
1,833,propio,2,274.26398988485766,231.80959823053865,10.799999999999935,0.0,271.9498077390661,,,,,,,,,,,
1,834,propio,2,274.26398988485766,231.80959823053865,10.699999999999935,0.0,271.9498077390661,,,,,,,,,,,
1,835,propio,2,274.26398988485766,231.80959823053865,10.599999999999936,0.0,271.9498077390661,,,,,,,,,,,
1,836,propio,2,274.26398988485766,231.80959823053865,10.499999999999936,0.0,271.9498077390661,,,,,,,,,,,
1,837,propio,2,274.26398988485766,231.80959823053865,10.399999999999936,0.0,271.9498077390661,,,,,,,,,,,
1,838,propio,2,274.26398988485766,231.80959823053865,10.299999999999937,0.0,271.9498077390661,,,,,,,,,,,
1,838,rival,1,521.9030702145783,525.9016546226346,10.39999999999994,0.0,272.7264209033392,384.4674911347923,137.95126683009124,,,,,,,,,
1,839,propio,2,274.26398988485766,231.80959823053865,10.199999999999937,0.0,271.9498077390661,,,,,,,,,,,
1,840,propio,2,274.26398988485766,231.80959823053865,10.099999999999937,0.0,271.9498077390661,,,,,,,,,,,
1,841,propio,2,274.26398988485766,231.80959823053865,9.999999999999938,0.0,271.9498077390661,,,,,,,,,,,
1,842,propio,2,274.26398988485766,231.80959823053865,9.899999999999938,0.0,271.9498077390661,,,,,,,,,,,
1,843,propio,2,274.26398988485766,231.80959823053865,9.799999999999939,0.0,271.9498077390661,,,,,,,,,,,
1,844,propio,2,274.26398988485766,231.80959823053865,9.699999999999939,0.0,271.9498077390661,,,,,,,,,,,
1,845,propio,2,274.26398988485766,231.80959823053865,9.59999999999994,0.0,271.9498077390661,,,,,,,,,,,
1,846,propio,2,274.26398988485766,231.80959823053865,9.49999999999994,0.0,271.9498077390661,,,,,,,,,,,
1,846,rival,1,521.9030702145783,525.9016546226346,9.599999999999943,0.0,272.7264209033392,384.4674911347923,137.95126683009124,,,,,,,,,
1,847,propio,2,274.26398988485766,231.80959823053865,8.39999999999994,0.0,271.9498077390661,,,,,,,,,,,
1,847,disparo,2,274.26398988485766,231.80959823053865,8.39999999999994,,271.9498077390661,,,,1.0,,,,,,,
1,848,propio,2,274.26398988485766,231.80959823053865,8.29999999999994,0.0,271.9498077390661,,,,,,,,,,,
1,849,propio,2,274.26398988485766,231.80959823053865,8.19999999999994,0.0,271.9498077390661,,,,,,,,,,,
1,850,propio,2,274.26398988485766,231.80959823053865,8.099999999999941,0.0,271.9498077390661,,,,,,,,,,,
1,851,propio,2,274.26398988485766,231.80959823053865,7.999999999999941,0.0,271.9498077390661,,,,,,,,,,,
1,852,propio,2,274.26398988485766,231.80959823053865,7.899999999999942,0.0,271.9498077390661,,,,,,,,,,,
1,853,propio,2,274.26398988485766,231.80959823053865,7.799999999999942,0.0,271.9498077390661,,,,,,,,,,,
1,854,propio,2,274.26398988485766,231.80959823053865,7.6999999999999424,0.0,271.9498077390661,,,,,,,,,,,
1,854,rival,1,521.9030702145783,525.9016546226346,7.799999999999946,0.0,272.7264209033392,384.4674911347923,137.95126683009124,,,,,,,,,
1,855,propio,2,274.26398988485766,231.80959823053865,7.599999999999943,0.0,271.9498077390661,,,,,,,,,,,
1,856,propio,2,274.26398988485766,231.80959823053865,7.499999999999943,0.0,271.9498077390661,,,,,,,,,,,
1,857,propio,2,274.26398988485766,231.80959823053865,7.3999999999999435,0.0,271.9498077390661,,,,,,,,,,,
1,858,propio,2,274.26398988485766,231.80959823053865,7.299999999999944,0.0,271.9498077390661,,,,,,,,,,,
1,859,propio,2,274.26398988485766,231.80959823053865,7.199999999999944,0.0,271.9498077390661,,,,,,,,,,,
1,860,propio,2,274.26398988485766,231.80959823053865,7.099999999999945,0.0,271.9498077390661,,,,,,,,,,,
1,861,propio,2,274.26398988485766,231.80959823053865,6.999999999999945,0.0,271.9498077390661,,,,,,,,,,,
1,862,propio,2,274.26398988485766,231.80959823053865,6.899999999999945,0.0,271.9498077390661,,,,,,,,,,,
1,862,rival,1,521.9030702145783,525.9016546226346,6.9999999999999485,0.0,272.7264209033392,384.4674911347923,137.95126683009124,,,,,,,,,
1,863,propio,2,274.26398988485766,231.80959823053865,5.799999999999946,0.0,271.9498077390661,,,,,,,,,,,
1,863,disparo,2,274.26398988485766,231.80959823053865,5.799999999999946,,271.9498077390661,,,,1.0,,,,,,,
1,864,propio,2,274.26398988485766,231.80959823053865,5.699999999999946,0.0,271.9498077390661,,,,,,,,,,,
1,865,propio,2,274.26398988485766,231.80959823053865,5.599999999999946,0.0,271.9498077390661,,,,,,,,,,,
1,866,propio,2,274.26398988485766,231.80959823053865,5.499999999999947,0.0,271.9498077390661,,,,,,,,,,,
1,867,propio,2,274.26398988485766,231.80959823053865,5.399999999999947,0.0,271.9498077390661,,,,,,,,,,,
1,868,propio,2,274.26398988485766,231.80959823053865,5.299999999999947,0.0,271.9498077390661,,,,,,,,,,,
1,869,propio,2,274.26398988485766,231.80959823053865,5.199999999999948,0.0,271.9498077390661,,,,,,,,,,,
1,870,propio,2,274.26398988485766,231.80959823053865,5.099999999999948,0.0,271.9498077390661,,,,,,,,,,,
1,870,rival,1,521.9030702145783,525.9016546226346,5.199999999999951,0.0,272.7264209033392,384.4674911347923,137.95126683009124,,,,,,,,,
1,871,propio,2,274.26398988485766,231.80959823053865,4.9999999999999485,0.0,271.9498077390661,,,,,,,,,,,
1,872,propio,2,274.26398988485766,231.80959823053865,4.899999999999949,0.0,271.9498077390661,,,,,,,,,,,
1,873,propio,2,274.26398988485766,231.80959823053865,4.799999999999949,0.0,271.9498077390661,,,,,,,,,,,
1,874,propio,2,274.26398988485766,231.80959823053865,4.6999999999999496,0.0,271.9498077390661,,,,,,,,,,,
1,875,propio,2,274.26398988485766,231.80959823053865,4.59999999999995,0.0,271.9498077390661,,,,,,,,,,,
1,876,propio,2,274.26398988485766,231.80959823053865,4.49999999999995,0.0,271.9498077390661,,,,,,,,,,,
1,877,propio,2,274.26398988485766,231.80959823053865,4.399999999999951,0.0,271.9498077390661,,,,,,,,,,,
1,878,propio,2,274.26398988485766,231.80959823053865,4.299999999999951,0.0,271.9498077390661,,,,,,,,,,,
1,878,rival,1,521.9030702145783,525.9016546226346,4.399999999999954,0.0,272.7264209033392,384.4674911347923,137.95126683009124,,,,,,,,,
1,879,propio,2,274.26398988485766,231.80959823053865,3.199999999999951,0.0,271.9498077390661,,,,,,,,,,,
1,879,disparo,2,274.26398988485766,231.80959823053865,3.199999999999951,,271.9498077390661,,,,1.0,,,,,,,
1,880,propio,2,274.26398988485766,231.80959823053865,3.099999999999951,0.0,271.9498077390661,,,,,,,,,,,
1,881,propio,2,274.26398988485766,231.80959823053865,2.9999999999999507,0.0,271.9498077390661,,,,,,,,,,,
1,882,propio,2,274.26398988485766,231.80959823053865,2.8999999999999506,0.0,271.9498077390661,,,,,,,,,,,
1,883,propio,2,274.26398988485766,231.80959823053865,2.7999999999999505,0.0,271.9498077390661,,,,,,,,,,,
1,884,propio,2,274.26398988485766,231.80959823053865,2.6999999999999504,0.0,271.9498077390661,,,,,,,,,,,
1,885,propio,2,274.26398988485766,231.80959823053865,2.5999999999999504,0.0,271.9498077390661,,,,,,,,,,,
1,886,propio,2,274.26398988485766,231.80959823053865,2.4999999999999503,0.0,271.9498077390661,,,,,,,,,,,
1,886,rival,1,521.9030702145783,525.9016546226346,2.599999999999955,0.0,272.7264209033392,384.4674911347923,137.95126683009124,,,,,,,,,
1,887,propio,2,274.26398988485766,231.80959823053865,2.39999999999995,0.0,271.9498077390661,,,,,,,,,,,
1,888,propio,2,274.26398988485766,231.80959823053865,2.29999999999995,0.0,271.9498077390661,,,,,,,,,,,
1,889,propio,2,274.26398988485766,231.80959823053865,2.19999999999995,0.0,271.9498077390661,,,,,,,,,,,
1,890,propio,2,274.26398988485766,231.80959823053865,2.09999999999995,0.0,271.9498077390661,,,,,,,,,,,
1,891,propio,2,274.26398988485766,231.80959823053865,1.9999999999999498,0.0,271.9498077390661,,,,,,,,,,,
1,892,propio,2,274.26398988485766,231.80959823053865,1.8999999999999497,0.0,271.9498077390661,,,,,,,,,,,
1,893,propio,2,274.26398988485766,231.80959823053865,1.7999999999999496,0.0,271.9498077390661,,,,,,,,,,,
1,894,propio,2,274.26398988485766,231.80959823053865,1.6999999999999496,0.0,271.9498077390661,,,,,,,,,,,
1,894,rival,1,521.9030702145783,525.9016546226346,1.799999999999954,0.0,272.7264209033392,384.4674911347923,137.95126683009124,,,,,,,,,
1,895,propio,2,274.26398988485766,231.80959823053865,0.5999999999999496,0.0,271.9498077390661,,,,,,,,,,,
1,895,disparo,2,274.26398988485766,231.80959823053865,0.5999999999999496,,271.9498077390661,,,,1.0,,,,,,,
1,896,propio,2,274.26398988485766,231.80959823053865,0.4999999999999496,0.0,271.9498077390661,,,,,,,,,,,
1,897,propio,2,274.26398988485766,231.80959823053865,0.3999999999999496,0.0,271.9498077390661,,,,,,,,,,,
1,898,propio,2,274.26398988485766,231.80959823053865,0.29999999999994964,0.0,271.9498077390661,,,,,,,,,,,
1,899,propio,2,274.26398988485766,231.80959823053865,0.19999999999994963,0.0,271.9498077390661,,,,,,,,,,,
1,900,propio,2,274.26398988485766,231.80959823053865,0.09999999999994963,0.0,271.9498077390661,,,,,,,,,,,
1,901,propio,2,274.26398988485766,231.80959823053865,-5.037636974236648e-14,0.0,271.9498077390661,,,,,,,,,,,
1,901,fin_ronda,2,,,,,,,,,,,0,2,0.0,0.0,0.0,20.0
2,1,propio,2,329.2855288387328,180.44037706767782,100.0,0.0,255.34952420948235,,,,,,,,,,,
2,2,propio,2,329.2855288387328,180.44037706767782,100.0,0.0,255.34952420948235,,,,,,,,,,,
2,3,propio,2,329.2855288387328,180.44037706767782,100.0,0.0,255.34952420948235,,,,,,,,,,,
2,4,propio,2,329.2855288387328,180.44037706767782,100.0,0.0,255.34952420948235,,,,,,,,,,,
2,5,propio,2,329.2855288387328,180.44037706767782,100.0,0.0,255.34952420948235,,,,,,,,,,,
2,5,rival,1,277.94263273196157,475.63971472941404,100.0,0.0,136.92155453355255,299.63100963778504,-155.48298613812966,,,,,,,,,
2,6,propio,2,329.2855288387328,180.44037706767782,100.0,0.0,255.34952420948235,,,,,,,,,,,
2,7,propio,2,329.2855288387328,180.44037706767782,100.0,0.0,255.34952420948235,,,,,,,,,,,
2,8,propio,2,329.2855288387328,180.44037706767782,100.0,0.0,255.34952420948235,,,,,,,,,,,
2,9,propio,2,329.2855288387328,180.44037706767782,100.0,0.0,255.34952420948235,,,,,,,,,,,
2,10,propio,2,329.2855288387328,180.44037706767782,100.0,0.0,255.34952420948235,,,,,,,,,,,
2,11,propio,2,329.2855288387328,180.44037706767782,100.0,0.0,255.34952420948235,,,,,,,,,,,
2,12,propio,2,329.2855288387328,180.44037706767782,100.0,0.0,255.34952420948235,,,,,,,,,,,
2,13,propio,2,329.2855288387328,180.44037706767782,100.0,0.0,255.34952420948235,,,,,,,,,,,
2,13,rival,1,277.94263273196157,475.63971472941404,100.0,0.0,136.92155453355255,299.63100963778504,-155.48298613812966,,,,,,,,,
2,14,propio,2,329.2855288387328,180.44037706767782,100.0,0.0,255.34952420948235,,,,,,,,,,,
2,15,propio,2,329.2855288387328,180.44037706767782,100.0,0.0,255.34952420948235,,,,,,,,,,,
2,16,propio,2,329.2855288387328,180.44037706767782,100.0,0.0,255.34952420948235,,,,,,,,,,,
2,17,propio,2,329.2855288387328,180.44037706767782,100.0,0.0,255.34952420948235,,,,,,,,,,,
2,18,propio,2,329.2855288387328,180.44037706767782,100.0,0.0,255.34952420948235,,,,,,,,,,,
2,19,propio,2,329.2855288387328,180.44037706767782,100.0,0.0,255.34952420948235,,,,,,,,,,,
2,20,propio,2,329.2855288387328,180.44037706767782,100.0,0.0,255.34952420948235,,,,,,,,,,,
2,21,propio,2,329.2855288387328,180.44037706767782,100.0,0.0,255.34952420948235,,,,,,,,,,,
2,21,rival,1,277.94263273196157,475.63971472941404,100.0,0.0,136.92155453355255,299.63100963778504,-155.48298613812966,,,,,,,,,
2,22,propio,2,329.2855288387328,180.44037706767782,100.0,0.0,255.34952420948235,,,,,,,,,,,
2,23,propio,2,329.2855288387328,180.44037706767782,100.0,0.0,255.34952420948235,,,,,,,,,,,
2,24,propio,2,329.2855288387328,180.44037706767782,100.0,0.0,255.34952420948235,,,,,,,,,,,
2,25,propio,2,329.2855288387328,180.44037706767782,100.0,0.0,255.34952420948235,,,,,,,,,,,
2,26,propio,2,329.2855288387328,180.44037706767782,100.0,0.0,255.34952420948235,,,,,,,,,,,
2,27,propio,2,329.2855288387328,180.44037706767782,100.0,0.0,255.34952420948235,,,,,,,,,,,
2,28,propio,2,329.2855288387328,180.44037706767782,100.0,0.0,255.34952420948235,,,,,,,,,,,
2,29,propio,2,329.2855288387328,180.44037706767782,100.0,0.0,255.34952420948235,,,,,,,,,,,
2,29,rival,1,277.94263273196157,475.63971472941404,100.0,0.0,136.92155453355255,299.63100963778504,-155.48298613812966,,,,,,,,,
2,30,propio,2,329.2855288387328,180.44037706767782,100.0,0.0,255.34952420948235,,,,,,,,,,,
2,31,propio,2,329.2855288387328,180.44037706767782,100.0,0.0,255.34952420948235,,,,,,,,,,,
2,32,propio,2,329.2855288387328,180.44037706767782,100.0,0.0,255.34952420948235,,,,,,,,,,,
2,33,propio,2,329.2855288387328,180.44037706767782,100.0,0.0,255.34952420948235,,,,,,,,,,,
2,34,propio,2,329.2855288387328,180.44037706767782,100.0,0.0,255.34952420948235,,,,,,,,,,,
2,35,propio,2,329.2855288387328,180.44037706767782,100.0,0.0,255.34952420948235,,,,,,,,,,,
2,36,propio,2,329.2855288387328,180.44037706767782,100.0,0.0,255.34952420948235,,,,,,,,,,,
2,37,propio,2,329.2855288387328,180.44037706767782,100.0,0.0,255.34952420948235,,,,,,,,,,,
2,37,rival,1,277.94263273196157,475.63971472941404,99.0,0.0,136.92155453355255,299.63100963778504,-155.48298613812966,,,,,,,,,
2,38,propio,2,329.2855288387328,180.44037706767782,99.0,0.0,255.34952420948235,,,,,,,,,,,
2,38,disparo,2,329.2855288387328,180.44037706767782,99.0,,255.34952420948235,,,,1.0,,,,,,,
2,39,propio,2,329.2855288387328,180.44037706767782,99.0,0.0,255.34952420948235,,,,,,,,,,,
2,40,propio,2,329.2855288387328,180.44037706767782,99.0,0.0,255.34952420948235,,,,,,,,,,,
2,41,propio,2,329.2855288387328,180.44037706767782,99.0,0.0,255.34952420948235,,,,,,,,,,,
2,42,propio,2,329.2855288387328,180.44037706767782,99.0,0.0,255.34952420948235,,,,,,,,,,,
2,43,propio,2,329.2855288387328,180.44037706767782,99.0,0.0,255.34952420948235,,,,,,,,,,,
2,44,propio,2,329.2855288387328,180.44037706767782,99.0,0.0,255.34952420948235,,,,,,,,,,,
2,45,propio,2,329.2855288387328,180.44037706767782,99.0,0.0,255.34952420948235,,,,,,,,,,,
2,45,rival,1,277.94263273196157,475.63971472941404,99.0,0.0,136.92155453355255,299.63100963778504,-155.48298613812966,,,,,,,,,
2,46,propio,2,329.2855288387328,180.44037706767782,99.0,0.0,255.34952420948235,,,,,,,,,,,
2,47,propio,2,329.2855288387328,180.44037706767782,99.0,0.0,255.34952420948235,,,,,,,,,,,
2,48,propio,2,329.2855288387328,180.44037706767782,99.0,0.0,255.34952420948235,,,,,,,,,,,
2,49,propio,2,329.2855288387328,180.44037706767782,99.0,0.0,255.34952420948235,,,,,,,,,,,
2,50,propio,2,329.2855288387328,180.44037706767782,99.0,0.0,255.34952420948235,,,,,,,,,,,
2,51,propio,2,329.2855288387328,180.44037706767782,99.0,0.0,255.34952420948235,,,,,,,,,,,
2,52,propio,2,329.2855288387328,180.44037706767782,99.0,0.0,255.34952420948235,,,,,,,,,,,
2,53,propio,2,329.2855288387328,180.44037706767782,99.0,0.0,255.34952420948235,,,,,,,,,,,
2,53,rival,1,277.94263273196157,475.63971472941404,98.0,0.0,136.92155453355255,299.63100963778504,-155.48298613812966,,,,,,,,,
2,54,propio,2,329.2855288387328,180.44037706767782,98.0,0.0,255.34952420948235,,,,,,,,,,,
2,54,disparo,2,329.2855288387328,180.44037706767782,98.0,,255.34952420948235,,,,1.0,,,,,,,
2,55,propio,2,329.2855288387328,180.44037706767782,98.0,0.0,255.34952420948235,,,,,,,,,,,
2,56,propio,2,329.2855288387328,180.44037706767782,98.0,0.0,255.34952420948235,,,,,,,,,,,
2,57,propio,2,329.2855288387328,180.44037706767782,98.0,0.0,255.34952420948235,,,,,,,,,,,
2,58,propio,2,329.2855288387328,180.44037706767782,98.0,0.0,255.34952420948235,,,,,,,,,,,
2,59,propio,2,329.2855288387328,180.44037706767782,98.0,0.0,255.34952420948235,,,,,,,,,,,
2,60,propio,2,329.2855288387328,180.44037706767782,98.0,0.0,255.34952420948235,,,,,,,,,,,
2,61,propio,2,329.2855288387328,180.44037706767782,98.0,0.0,255.34952420948235,,,,,,,,,,,
2,61,rival,1,277.94263273196157,475.63971472941404,98.0,0.0,136.92155453355255,299.63100963778504,-155.48298613812966,,,,,,,,,
2,62,propio,2,329.2855288387328,180.44037706767782,98.0,0.0,255.34952420948235,,,,,,,,,,,
2,63,propio,2,329.2855288387328,180.44037706767782,98.0,0.0,255.34952420948235,,,,,,,,,,,
2,64,propio,2,329.2855288387328,180.44037706767782,98.0,0.0,255.34952420948235,,,,,,,,,,,
2,65,propio,2,329.2855288387328,180.44037706767782,98.0,0.0,255.34952420948235,,,,,,,,,,,
2,66,propio,2,329.2855288387328,180.44037706767782,98.0,0.0,255.34952420948235,,,,,,,,,,,
2,67,propio,2,329.2855288387328,180.44037706767782,98.0,0.0,255.34952420948235,,,,,,,,,,,
2,68,propio,2,329.2855288387328,180.44037706767782,98.0,0.0,255.34952420948235,,,,,,,,,,,
2,69,propio,2,329.2855288387328,180.44037706767782,98.0,0.0,255.34952420948235,,,,,,,,,,,
2,69,rival,1,277.94263273196157,475.63971472941404,97.0,0.0,136.92155453355255,299.63100963778504,-155.48298613812966,,,,,,,,,
2,70,propio,2,329.2855288387328,180.44037706767782,97.0,0.0,255.34952420948235,,,,,,,,,,,
2,70,disparo,2,329.2855288387328,180.44037706767782,97.0,,255.34952420948235,,,,1.0,,,,,,,
2,71,propio,2,329.2855288387328,180.44037706767782,97.0,0.0,255.34952420948235,,,,,,,,,,,
2,72,propio,2,329.2855288387328,180.44037706767782,97.0,0.0,255.34952420948235,,,,,,,,,,,
2,73,propio,2,329.2855288387328,180.44037706767782,97.0,0.0,255.34952420948235,,,,,,,,,,,
2,74,propio,2,329.2855288387328,180.44037706767782,97.0,0.0,255.34952420948235,,,,,,,,,,,
2,75,propio,2,329.2855288387328,180.44037706767782,97.0,0.0,255.34952420948235,,,,,,,,,,,
2,76,propio,2,329.2855288387328,180.44037706767782,97.0,0.0,255.34952420948235,,,,,,,,,,,
2,77,propio,2,329.2855288387328,180.44037706767782,97.0,0.0,255.34952420948235,,,,,,,,,,,
2,77,rival,1,277.94263273196157,475.63971472941404,97.0,0.0,136.92155453355255,299.63100963778504,-155.48298613812966,,,,,,,,,
2,78,propio,2,329.2855288387328,180.44037706767782,97.0,0.0,255.34952420948235,,,,,,,,,,,
2,79,propio,2,329.2855288387328,180.44037706767782,97.0,0.0,255.34952420948235,,,,,,,,,,,
2,80,propio,2,329.2855288387328,180.44037706767782,97.0,0.0,255.34952420948235,,,,,,,,,,,
2,81,propio,2,329.2855288387328,180.44037706767782,97.0,0.0,255.34952420948235,,,,,,,,,,,
2,82,propio,2,329.2855288387328,180.44037706767782,97.0,0.0,255.34952420948235,,,,,,,,,,,
2,83,propio,2,329.2855288387328,180.44037706767782,97.0,0.0,255.34952420948235,,,,,,,,,,,
2,84,propio,2,329.2855288387328,180.44037706767782,97.0,0.0,255.34952420948235,,,,,,,,,,,
2,85,propio,2,329.2855288387328,180.44037706767782,97.0,0.0,255.34952420948235,,,,,,,,,,,
2,85,rival,1,277.94263273196157,475.63971472941404,96.0,0.0,136.92155453355255,299.63100963778504,-155.48298613812966,,,,,,,,,
2,86,propio,2,329.2855288387328,180.44037706767782,96.0,0.0,255.34952420948235,,,,,,,,,,,
2,86,disparo,2,329.2855288387328,180.44037706767782,96.0,,255.34952420948235,,,,1.0,,,,,,,
2,87,propio,2,329.2855288387328,180.44037706767782,96.0,0.0,255.34952420948235,,,,,,,,,,,
2,88,propio,2,329.2855288387328,180.44037706767782,96.0,0.0,255.34952420948235,,,,,,,,,,,
2,89,propio,2,329.2855288387328,180.44037706767782,96.0,0.0,255.34952420948235,,,,,,,,,,,
2,90,propio,2,329.2855288387328,180.44037706767782,96.0,0.0,255.34952420948235,,,,,,,,,,,
2,91,propio,2,329.2855288387328,180.44037706767782,96.0,0.0,255.34952420948235,,,,,,,,,,,
2,92,propio,2,329.2855288387328,180.44037706767782,96.0,0.0,255.34952420948235,,,,,,,,,,,
2,93,propio,2,329.2855288387328,180.44037706767782,96.0,0.0,255.34952420948235,,,,,,,,,,,
2,93,rival,1,277.94263273196157,475.63971472941404,96.0,0.0,136.92155453355255,299.63100963778504,-155.48298613812966,,,,,,,,,
2,94,propio,2,329.2855288387328,180.44037706767782,96.0,0.0,255.34952420948235,,,,,,,,,,,
2,95,propio,2,329.2855288387328,180.44037706767782,96.0,0.0,255.34952420948235,,,,,,,,,,,
2,96,propio,2,329.2855288387328,180.44037706767782,96.0,0.0,255.34952420948235,,,,,,,,,,,
2,97,propio,2,329.2855288387328,180.44037706767782,96.0,0.0,255.34952420948235,,,,,,,,,,,
2,98,propio,2,329.2855288387328,180.44037706767782,96.0,0.0,255.34952420948235,,,,,,,,,,,
2,99,propio,2,329.2855288387328,180.44037706767782,96.0,0.0,255.34952420948235,,,,,,,,,,,
2,100,propio,2,329.2855288387328,180.44037706767782,96.0,0.0,255.34952420948235,,,,,,,,,,,
2,101,propio,2,329.2855288387328,180.44037706767782,96.0,0.0,255.34952420948235,,,,,,,,,,,
2,101,rival,1,277.94263273196157,475.63971472941404,95.0,0.0,136.92155453355255,299.63100963778504,-155.48298613812966,,,,,,,,,
2,102,propio,2,329.2855288387328,180.44037706767782,95.0,0.0,255.34952420948235,,,,,,,,,,,
2,102,disparo,2,329.2855288387328,180.44037706767782,95.0,,255.34952420948235,,,,1.0,,,,,,,
2,103,propio,2,329.2855288387328,180.44037706767782,95.0,0.0,255.34952420948235,,,,,,,,,,,
2,104,propio,2,329.2855288387328,180.44037706767782,95.0,0.0,255.34952420948235,,,,,,,,,,,
2,105,propio,2,329.2855288387328,180.44037706767782,95.0,0.0,255.34952420948235,,,,,,,,,,,
2,106,propio,2,329.2855288387328,180.44037706767782,95.0,0.0,255.34952420948235,,,,,,,,,,,
2,107,propio,2,329.2855288387328,180.44037706767782,95.0,0.0,255.34952420948235,,,,,,,,,,,
2,108,propio,2,329.2855288387328,180.44037706767782,95.0,0.0,255.34952420948235,,,,,,,,,,,
2,109,propio,2,329.2855288387328,180.44037706767782,95.0,0.0,255.34952420948235,,,,,,,,,,,
2,109,rival,1,277.94263273196157,475.63971472941404,95.0,0.0,136.92155453355255,299.63100963778504,-155.48298613812966,,,,,,,,,
2,110,propio,2,329.2855288387328,180.44037706767782,95.0,0.0,255.34952420948235,,,,,,,,,,,
2,111,propio,2,329.2855288387328,180.44037706767782,95.0,0.0,255.34952420948235,,,,,,,,,,,
2,112,propio,2,329.2855288387328,180.44037706767782,95.0,0.0,255.34952420948235,,,,,,,,,,,
2,113,propio,2,329.2855288387328,180.44037706767782,95.0,0.0,255.34952420948235,,,,,,,,,,,
2,114,propio,2,329.2855288387328,180.44037706767782,95.0,0.0,255.34952420948235,,,,,,,,,,,
2,115,propio,2,329.2855288387328,180.44037706767782,95.0,0.0,255.34952420948235,,,,,,,,,,,
2,116,propio,2,329.2855288387328,180.44037706767782,95.0,0.0,255.34952420948235,,,,,,,,,,,
2,117,propio,2,329.2855288387328,180.44037706767782,95.0,0.0,255.34952420948235,,,,,,,,,,,
2,117,rival,1,277.94263273196157,475.63971472941404,94.0,0.0,136.92155453355255,299.63100963778504,-155.48298613812966,,,,,,,,,
2,118,propio,2,329.2855288387328,180.44037706767782,94.0,0.0,255.34952420948235,,,,,,,,,,,
2,118,disparo,2,329.2855288387328,180.44037706767782,94.0,,255.34952420948235,,,,1.0,,,,,,,
2,119,propio,2,329.2855288387328,180.44037706767782,94.0,0.0,255.34952420948235,,,,,,,,,,,
2,120,propio,2,329.2855288387328,180.44037706767782,94.0,0.0,255.34952420948235,,,,,,,,,,,
2,121,propio,2,329.2855288387328,180.44037706767782,94.0,0.0,255.34952420948235,,,,,,,,,,,
2,122,propio,2,329.2855288387328,180.44037706767782,94.0,0.0,255.34952420948235,,,,,,,,,,,
2,123,propio,2,329.2855288387328,180.44037706767782,94.0,0.0,255.34952420948235,,,,,,,,,,,
2,124,propio,2,329.2855288387328,180.44037706767782,94.0,0.0,255.34952420948235,,,,,,,,,,,
2,125,propio,2,329.2855288387328,180.44037706767782,94.0,0.0,255.34952420948235,,,,,,,,,,,
2,125,rival,1,277.94263273196157,475.63971472941404,94.0,0.0,136.92155453355255,299.63100963778504,-155.48298613812966,,,,,,,,,
2,126,propio,2,329.2855288387328,180.44037706767782,94.0,0.0,255.34952420948235,,,,,,,,,,,
2,127,propio,2,329.2855288387328,180.44037706767782,94.0,0.0,255.34952420948235,,,,,,,,,,,
2,128,propio,2,329.2855288387328,180.44037706767782,94.0,0.0,255.34952420948235,,,,,,,,,,,
2,129,propio,2,329.2855288387328,180.44037706767782,94.0,0.0,255.34952420948235,,,,,,,,,,,
2,130,propio,2,329.2855288387328,180.44037706767782,94.0,0.0,255.34952420948235,,,,,,,,,,,
2,131,propio,2,329.2855288387328,180.44037706767782,94.0,0.0,255.34952420948235,,,,,,,,,,,
2,132,propio,2,329.2855288387328,180.44037706767782,94.0,0.0,255.34952420948235,,,,,,,,,,,
2,133,propio,2,329.2855288387328,180.44037706767782,94.0,0.0,255.34952420948235,,,,,,,,,,,
2,133,rival,1,277.94263273196157,475.63971472941404,93.0,0.0,136.92155453355255,299.63100963778504,-155.48298613812966,,,,,,,,,
2,134,propio,2,329.2855288387328,180.44037706767782,93.0,0.0,255.34952420948235,,,,,,,,,,,
2,134,disparo,2,329.2855288387328,180.44037706767782,93.0,,255.34952420948235,,,,1.0,,,,,,,
2,135,propio,2,329.2855288387328,180.44037706767782,93.0,0.0,255.34952420948235,,,,,,,,,,,
2,136,propio,2,329.2855288387328,180.44037706767782,93.0,0.0,255.34952420948235,,,,,,,,,,,
2,137,propio,2,329.2855288387328,180.44037706767782,93.0,0.0,255.34952420948235,,,,,,,,,,,
2,138,propio,2,329.2855288387328,180.44037706767782,93.0,0.0,255.34952420948235,,,,,,,,,,,
2,139,propio,2,329.2855288387328,180.44037706767782,93.0,0.0,255.34952420948235,,,,,,,,,,,
2,140,propio,2,329.2855288387328,180.44037706767782,93.0,0.0,255.34952420948235,,,,,,,,,,,
2,141,propio,2,329.2855288387328,180.44037706767782,93.0,0.0,255.34952420948235,,,,,,,,,,,
2,141,rival,1,277.94263273196157,475.63971472941404,93.0,0.0,136.92155453355255,299.63100963778504,-155.48298613812966,,,,,,,,,
2,142,propio,2,329.2855288387328,180.44037706767782,93.0,0.0,255.34952420948235,,,,,,,,,,,
2,143,propio,2,329.2855288387328,180.44037706767782,93.0,0.0,255.34952420948235,,,,,,,,,,,
2,144,propio,2,329.2855288387328,180.44037706767782,93.0,0.0,255.34952420948235,,,,,,,,,,,
2,145,propio,2,329.2855288387328,180.44037706767782,93.0,0.0,255.34952420948235,,,,,,,,,,,
2,146,propio,2,329.2855288387328,180.44037706767782,93.0,0.0,255.34952420948235,,,,,,,,,,,
2,147,propio,2,329.2855288387328,180.44037706767782,93.0,0.0,255.34952420948235,,,,,,,,,,,
2,148,propio,2,329.2855288387328,180.44037706767782,93.0,0.0,255.34952420948235,,,,,,,,,,,
2,149,propio,2,329.2855288387328,180.44037706767782,93.0,0.0,255.34952420948235,,,,,,,,,,,
2,149,rival,1,277.94263273196157,475.63971472941404,92.0,0.0,136.92155453355255,299.63100963778504,-155.48298613812966,,,,,,,,,
2,150,propio,2,329.2855288387328,180.44037706767782,92.0,0.0,255.34952420948235,,,,,,,,,,,
2,150,disparo,2,329.2855288387328,180.44037706767782,92.0,,255.34952420948235,,,,1.0,,,,,,,
2,151,propio,2,329.2855288387328,180.44037706767782,92.0,0.0,255.34952420948235,,,,,,,,,,,
2,152,propio,2,329.2855288387328,180.44037706767782,92.0,0.0,255.34952420948235,,,,,,,,,,,
2,153,propio,2,329.2855288387328,180.44037706767782,92.0,0.0,255.34952420948235,,,,,,,,,,,
2,154,propio,2,329.2855288387328,180.44037706767782,92.0,0.0,255.34952420948235,,,,,,,,,,,
2,155,propio,2,329.2855288387328,180.44037706767782,92.0,0.0,255.34952420948235,,,,,,,,,,,
2,156,propio,2,329.2855288387328,180.44037706767782,92.0,0.0,255.34952420948235,,,,,,,,,,,
2,157,propio,2,329.2855288387328,180.44037706767782,92.0,0.0,255.34952420948235,,,,,,,,,,,
2,157,rival,1,277.94263273196157,475.63971472941404,92.0,0.0,136.92155453355255,299.63100963778504,-155.48298613812966,,,,,,,,,
2,158,propio,2,329.2855288387328,180.44037706767782,92.0,0.0,255.34952420948235,,,,,,,,,,,
2,159,propio,2,329.2855288387328,180.44037706767782,92.0,0.0,255.34952420948235,,,,,,,,,,,
2,160,propio,2,329.2855288387328,180.44037706767782,92.0,0.0,255.34952420948235,,,,,,,,,,,
2,161,propio,2,329.2855288387328,180.44037706767782,92.0,0.0,255.34952420948235,,,,,,,,,,,
2,162,propio,2,329.2855288387328,180.44037706767782,92.0,0.0,255.34952420948235,,,,,,,,,,,
2,163,propio,2,329.2855288387328,180.44037706767782,92.0,0.0,255.34952420948235,,,,,,,,,,,
2,164,propio,2,329.2855288387328,180.44037706767782,92.0,0.0,255.34952420948235,,,,,,,,,,,
2,165,propio,2,329.2855288387328,180.44037706767782,92.0,0.0,255.34952420948235,,,,,,,,,,,
2,165,rival,1,277.94263273196157,475.63971472941404,91.0,0.0,136.92155453355255,299.63100963778504,-155.48298613812966,,,,,,,,,
2,166,propio,2,329.2855288387328,180.44037706767782,91.0,0.0,255.34952420948235,,,,,,,,,,,
2,166,disparo,2,329.2855288387328,180.44037706767782,91.0,,255.34952420948235,,,,1.0,,,,,,,
2,167,propio,2,329.2855288387328,180.44037706767782,91.0,0.0,255.34952420948235,,,,,,,,,,,
2,168,propio,2,329.2855288387328,180.44037706767782,91.0,0.0,255.34952420948235,,,,,,,,,,,
2,169,propio,2,329.2855288387328,180.44037706767782,91.0,0.0,255.34952420948235,,,,,,,,,,,
2,170,propio,2,329.2855288387328,180.44037706767782,91.0,0.0,255.34952420948235,,,,,,,,,,,
2,171,propio,2,329.2855288387328,180.44037706767782,91.0,0.0,255.34952420948235,,,,,,,,,,,
2,172,propio,2,329.2855288387328,180.44037706767782,91.0,0.0,255.34952420948235,,,,,,,,,,,
2,173,propio,2,329.2855288387328,180.44037706767782,91.0,0.0,255.34952420948235,,,,,,,,,,,
2,173,rival,1,277.94263273196157,475.63971472941404,91.0,0.0,136.92155453355255,299.63100963778504,-155.48298613812966,,,,,,,,,
2,174,propio,2,329.2855288387328,180.44037706767782,91.0,0.0,255.34952420948235,,,,,,,,,,,
2,175,propio,2,329.2855288387328,180.44037706767782,91.0,0.0,255.34952420948235,,,,,,,,,,,
2,176,propio,2,329.2855288387328,180.44037706767782,91.0,0.0,255.34952420948235,,,,,,,,,,,
2,177,propio,2,329.2855288387328,180.44037706767782,91.0,0.0,255.34952420948235,,,,,,,,,,,
2,178,propio,2,329.2855288387328,180.44037706767782,91.0,0.0,255.34952420948235,,,,,,,,,,,
2,179,propio,2,329.2855288387328,180.44037706767782,91.0,0.0,255.34952420948235,,,,,,,,,,,
2,180,propio,2,329.2855288387328,180.44037706767782,91.0,0.0,255.34952420948235,,,,,,,,,,,
2,181,propio,2,329.2855288387328,180.44037706767782,91.0,0.0,255.34952420948235,,,,,,,,,,,
2,181,rival,1,277.94263273196157,475.63971472941404,90.0,0.0,136.92155453355255,299.63100963778504,-155.48298613812966,,,,,,,,,
2,182,propio,2,329.2855288387328,180.44037706767782,90.0,0.0,255.34952420948235,,,,,,,,,,,
2,182,disparo,2,329.2855288387328,180.44037706767782,90.0,,255.34952420948235,,,,1.0,,,,,,,
2,183,propio,2,329.2855288387328,180.44037706767782,90.0,0.0,255.34952420948235,,,,,,,,,,,
2,184,propio,2,329.2855288387328,180.44037706767782,90.0,0.0,255.34952420948235,,,,,,,,,,,
2,185,propio,2,329.2855288387328,180.44037706767782,90.0,0.0,255.34952420948235,,,,,,,,,,,
2,186,propio,2,329.2855288387328,180.44037706767782,90.0,0.0,255.34952420948235,,,,,,,,,,,
2,187,propio,2,329.2855288387328,180.44037706767782,90.0,0.0,255.34952420948235,,,,,,,,,,,
2,188,propio,2,329.2855288387328,180.44037706767782,90.0,0.0,255.34952420948235,,,,,,,,,,,
2,189,propio,2,329.2855288387328,180.44037706767782,90.0,0.0,255.34952420948235,,,,,,,,,,,
2,189,rival,1,277.94263273196157,475.63971472941404,90.0,0.0,136.92155453355255,299.63100963778504,-155.48298613812966,,,,,,,,,
2,190,propio,2,329.2855288387328,180.44037706767782,90.0,0.0,255.34952420948235,,,,,,,,,,,
2,191,propio,2,329.2855288387328,180.44037706767782,90.0,0.0,255.34952420948235,,,,,,,,,,,
2,192,propio,2,329.2855288387328,180.44037706767782,90.0,0.0,255.34952420948235,,,,,,,,,,,
2,193,propio,2,329.2855288387328,180.44037706767782,90.0,0.0,255.34952420948235,,,,,,,,,,,
2,194,propio,2,329.2855288387328,180.44037706767782,90.0,0.0,255.34952420948235,,,,,,,,,,,
2,195,propio,2,329.2855288387328,180.44037706767782,90.0,0.0,255.34952420948235,,,,,,,,,,,
2,196,propio,2,329.2855288387328,180.44037706767782,90.0,0.0,255.34952420948235,,,,,,,,,,,
2,197,propio,2,329.2855288387328,180.44037706767782,90.0,0.0,255.34952420948235,,,,,,,,,,,
2,197,rival,1,277.94263273196157,475.63971472941404,89.0,0.0,136.92155453355255,299.63100963778504,-155.48298613812966,,,,,,,,,
2,198,propio,2,329.2855288387328,180.44037706767782,89.0,0.0,255.34952420948235,,,,,,,,,,,
2,198,disparo,2,329.2855288387328,180.44037706767782,89.0,,255.34952420948235,,,,1.0,,,,,,,
2,199,propio,2,329.2855288387328,180.44037706767782,89.0,0.0,255.34952420948235,,,,,,,,,,,
2,200,propio,2,329.2855288387328,180.44037706767782,89.0,0.0,255.34952420948235,,,,,,,,,,,
2,201,propio,2,329.2855288387328,180.44037706767782,89.0,0.0,255.34952420948235,,,,,,,,,,,
2,202,propio,2,329.2855288387328,180.44037706767782,89.0,0.0,255.34952420948235,,,,,,,,,,,
2,203,propio,2,329.2855288387328,180.44037706767782,89.0,0.0,255.34952420948235,,,,,,,,,,,
2,204,propio,2,329.2855288387328,180.44037706767782,89.0,0.0,255.34952420948235,,,,,,,,,,,
2,205,propio,2,329.2855288387328,180.44037706767782,89.0,0.0,255.34952420948235,,,,,,,,,,,
2,205,rival,1,277.94263273196157,475.63971472941404,89.0,0.0,136.92155453355255,299.63100963778504,-155.48298613812966,,,,,,,,,
2,206,propio,2,329.2855288387328,180.44037706767782,89.0,0.0,255.34952420948235,,,,,,,,,,,
2,207,propio,2,329.2855288387328,180.44037706767782,89.0,0.0,255.34952420948235,,,,,,,,,,,
2,208,propio,2,329.2855288387328,180.44037706767782,89.0,0.0,255.34952420948235,,,,,,,,,,,
2,209,propio,2,329.2855288387328,180.44037706767782,89.0,0.0,255.34952420948235,,,,,,,,,,,
2,210,propio,2,329.2855288387328,180.44037706767782,89.0,0.0,255.34952420948235,,,,,,,,,,,
2,211,propio,2,329.2855288387328,180.44037706767782,89.0,0.0,255.34952420948235,,,,,,,,,,,
2,212,propio,2,329.2855288387328,180.44037706767782,89.0,0.0,255.34952420948235,,,,,,,,,,,
2,213,propio,2,329.2855288387328,180.44037706767782,89.0,0.0,255.34952420948235,,,,,,,,,,,
2,213,rival,1,277.94263273196157,475.63971472941404,88.0,0.0,136.92155453355255,299.63100963778504,-155.48298613812966,,,,,,,,,
2,214,propio,2,329.2855288387328,180.44037706767782,88.0,0.0,255.34952420948235,,,,,,,,,,,
2,214,disparo,2,329.2855288387328,180.44037706767782,88.0,,255.34952420948235,,,,1.0,,,,,,,
2,215,propio,2,329.2855288387328,180.44037706767782,88.0,0.0,255.34952420948235,,,,,,,,,,,
2,216,propio,2,329.2855288387328,180.44037706767782,88.0,0.0,255.34952420948235,,,,,,,,,,,
2,217,propio,2,329.2855288387328,180.44037706767782,88.0,0.0,255.34952420948235,,,,,,,,,,,
2,218,propio,2,329.2855288387328,180.44037706767782,88.0,0.0,255.34952420948235,,,,,,,,,,,
2,219,propio,2,329.2855288387328,180.44037706767782,88.0,0.0,255.34952420948235,,,,,,,,,,,
2,220,propio,2,329.2855288387328,180.44037706767782,88.0,0.0,255.34952420948235,,,,,,,,,,,
2,221,propio,2,329.2855288387328,180.44037706767782,88.0,0.0,255.34952420948235,,,,,,,,,,,
2,221,rival,1,277.94263273196157,475.63971472941404,88.0,0.0,136.92155453355255,299.63100963778504,-155.48298613812966,,,,,,,,,
2,222,propio,2,329.2855288387328,180.44037706767782,88.0,0.0,255.34952420948235,,,,,,,,,,,
2,223,propio,2,329.2855288387328,180.44037706767782,88.0,0.0,255.34952420948235,,,,,,,,,,,
2,224,propio,2,329.2855288387328,180.44037706767782,88.0,0.0,255.34952420948235,,,,,,,,,,,
2,225,propio,2,329.2855288387328,180.44037706767782,88.0,0.0,255.34952420948235,,,,,,,,,,,
2,226,propio,2,329.2855288387328,180.44037706767782,88.0,0.0,255.34952420948235,,,,,,,,,,,
2,227,propio,2,329.2855288387328,180.44037706767782,88.0,0.0,255.34952420948235,,,,,,,,,,,
2,228,propio,2,329.2855288387328,180.44037706767782,88.0,0.0,255.34952420948235,,,,,,,,,,,
2,229,propio,2,329.2855288387328,180.44037706767782,88.0,0.0,255.34952420948235,,,,,,,,,,,
2,229,rival,1,277.94263273196157,475.63971472941404,87.0,0.0,136.92155453355255,299.63100963778504,-155.48298613812966,,,,,,,,,
2,230,propio,2,329.2855288387328,180.44037706767782,87.0,0.0,255.34952420948235,,,,,,,,,,,
2,230,disparo,2,329.2855288387328,180.44037706767782,87.0,,255.34952420948235,,,,1.0,,,,,,,
2,231,propio,2,329.2855288387328,180.44037706767782,87.0,0.0,255.34952420948235,,,,,,,,,,,
2,232,propio,2,329.2855288387328,180.44037706767782,87.0,0.0,255.34952420948235,,,,,,,,,,,
2,233,propio,2,329.2855288387328,180.44037706767782,87.0,0.0,255.34952420948235,,,,,,,,,,,
2,234,propio,2,329.2855288387328,180.44037706767782,87.0,0.0,255.34952420948235,,,,,,,,,,,
2,235,propio,2,329.2855288387328,180.44037706767782,87.0,0.0,255.34952420948235,,,,,,,,,,,
2,236,propio,2,329.2855288387328,180.44037706767782,87.0,0.0,255.34952420948235,,,,,,,,,,,
2,237,propio,2,329.2855288387328,180.44037706767782,87.0,0.0,255.34952420948235,,,,,,,,,,,
2,237,rival,1,277.94263273196157,475.63971472941404,87.0,0.0,136.92155453355255,299.63100963778504,-155.48298613812966,,,,,,,,,
2,238,propio,2,329.2855288387328,180.44037706767782,87.0,0.0,255.34952420948235,,,,,,,,,,,
2,239,propio,2,329.2855288387328,180.44037706767782,87.0,0.0,255.34952420948235,,,,,,,,,,,
2,240,propio,2,329.2855288387328,180.44037706767782,87.0,0.0,255.34952420948235,,,,,,,,,,,
2,241,propio,2,329.2855288387328,180.44037706767782,87.0,0.0,255.34952420948235,,,,,,,,,,,
2,242,propio,2,329.2855288387328,180.44037706767782,87.0,0.0,255.34952420948235,,,,,,,,,,,
2,243,propio,2,329.2855288387328,180.44037706767782,87.0,0.0,255.34952420948235,,,,,,,,,,,
2,244,propio,2,329.2855288387328,180.44037706767782,87.0,0.0,255.34952420948235,,,,,,,,,,,
2,245,propio,2,329.2855288387328,180.44037706767782,87.0,0.0,255.34952420948235,,,,,,,,,,,
2,245,rival,1,277.94263273196157,475.63971472941404,86.0,0.0,136.92155453355255,299.63100963778504,-155.48298613812966,,,,,,,,,
2,246,propio,2,329.2855288387328,180.44037706767782,86.0,0.0,255.34952420948235,,,,,,,,,,,
2,246,disparo,2,329.2855288387328,180.44037706767782,86.0,,255.34952420948235,,,,1.0,,,,,,,
2,247,propio,2,329.2855288387328,180.44037706767782,86.0,0.0,255.34952420948235,,,,,,,,,,,
2,248,propio,2,329.2855288387328,180.44037706767782,86.0,0.0,255.34952420948235,,,,,,,,,,,
2,249,propio,2,329.2855288387328,180.44037706767782,86.0,0.0,255.34952420948235,,,,,,,,,,,
2,250,propio,2,329.2855288387328,180.44037706767782,86.0,0.0,255.34952420948235,,,,,,,,,,,
2,251,propio,2,329.2855288387328,180.44037706767782,86.0,0.0,255.34952420948235,,,,,,,,,,,
2,252,propio,2,329.2855288387328,180.44037706767782,86.0,0.0,255.34952420948235,,,,,,,,,,,
2,253,propio,2,329.2855288387328,180.44037706767782,86.0,0.0,255.34952420948235,,,,,,,,,,,
2,253,rival,1,277.94263273196157,475.63971472941404,86.0,0.0,136.92155453355255,299.63100963778504,-155.48298613812966,,,,,,,,,
2,254,propio,2,329.2855288387328,180.44037706767782,86.0,0.0,255.34952420948235,,,,,,,,,,,
2,255,propio,2,329.2855288387328,180.44037706767782,86.0,0.0,255.34952420948235,,,,,,,,,,,
2,256,propio,2,329.2855288387328,180.44037706767782,86.0,0.0,255.34952420948235,,,,,,,,,,,
2,257,propio,2,329.2855288387328,180.44037706767782,86.0,0.0,255.34952420948235,,,,,,,,,,,
2,258,propio,2,329.2855288387328,180.44037706767782,86.0,0.0,255.34952420948235,,,,,,,,,,,
2,259,propio,2,329.2855288387328,180.44037706767782,86.0,0.0,255.34952420948235,,,,,,,,,,,
2,260,propio,2,329.2855288387328,180.44037706767782,86.0,0.0,255.34952420948235,,,,,,,,,,,
2,261,propio,2,329.2855288387328,180.44037706767782,86.0,0.0,255.34952420948235,,,,,,,,,,,
2,261,rival,1,277.94263273196157,475.63971472941404,85.0,0.0,136.92155453355255,299.63100963778504,-155.48298613812966,,,,,,,,,
2,262,propio,2,329.2855288387328,180.44037706767782,85.0,0.0,255.34952420948235,,,,,,,,,,,
2,262,disparo,2,329.2855288387328,180.44037706767782,85.0,,255.34952420948235,,,,1.0,,,,,,,
2,263,propio,2,329.2855288387328,180.44037706767782,85.0,0.0,255.34952420948235,,,,,,,,,,,
2,264,propio,2,329.2855288387328,180.44037706767782,85.0,0.0,255.34952420948235,,,,,,,,,,,
2,265,propio,2,329.2855288387328,180.44037706767782,85.0,0.0,255.34952420948235,,,,,,,,,,,
2,266,propio,2,329.2855288387328,180.44037706767782,85.0,0.0,255.34952420948235,,,,,,,,,,,
2,267,propio,2,329.2855288387328,180.44037706767782,85.0,0.0,255.34952420948235,,,,,,,,,,,
2,268,propio,2,329.2855288387328,180.44037706767782,85.0,0.0,255.34952420948235,,,,,,,,,,,
2,269,propio,2,329.2855288387328,180.44037706767782,85.0,0.0,255.34952420948235,,,,,,,,,,,
2,269,rival,1,277.94263273196157,475.63971472941404,85.0,0.0,136.92155453355255,299.63100963778504,-155.48298613812966,,,,,,,,,
2,270,propio,2,329.2855288387328,180.44037706767782,85.0,0.0,255.34952420948235,,,,,,,,,,,
2,271,propio,2,329.2855288387328,180.44037706767782,85.0,0.0,255.34952420948235,,,,,,,,,,,
2,272,propio,2,329.2855288387328,180.44037706767782,85.0,0.0,255.34952420948235,,,,,,,,,,,
2,273,propio,2,329.2855288387328,180.44037706767782,85.0,0.0,255.34952420948235,,,,,,,,,,,
2,274,propio,2,329.2855288387328,180.44037706767782,85.0,0.0,255.34952420948235,,,,,,,,,,,
2,275,propio,2,329.2855288387328,180.44037706767782,85.0,0.0,255.34952420948235,,,,,,,,,,,
2,276,propio,2,329.2855288387328,180.44037706767782,85.0,0.0,255.34952420948235,,,,,,,,,,,
2,277,propio,2,329.2855288387328,180.44037706767782,85.0,0.0,255.34952420948235,,,,,,,,,,,
2,277,rival,1,277.94263273196157,475.63971472941404,84.0,0.0,136.92155453355255,299.63100963778504,-155.48298613812966,,,,,,,,,
2,278,propio,2,329.2855288387328,180.44037706767782,84.0,0.0,255.34952420948235,,,,,,,,,,,
2,278,disparo,2,329.2855288387328,180.44037706767782,84.0,,255.34952420948235,,,,1.0,,,,,,,
2,279,propio,2,329.2855288387328,180.44037706767782,84.0,0.0,255.34952420948235,,,,,,,,,,,
2,280,propio,2,329.2855288387328,180.44037706767782,84.0,0.0,255.34952420948235,,,,,,,,,,,
2,281,propio,2,329.2855288387328,180.44037706767782,84.0,0.0,255.34952420948235,,,,,,,,,,,
2,282,propio,2,329.2855288387328,180.44037706767782,84.0,0.0,255.34952420948235,,,,,,,,,,,
2,283,propio,2,329.2855288387328,180.44037706767782,84.0,0.0,255.34952420948235,,,,,,,,,,,
2,284,propio,2,329.2855288387328,180.44037706767782,84.0,0.0,255.34952420948235,,,,,,,,,,,
2,285,propio,2,329.2855288387328,180.44037706767782,84.0,0.0,255.34952420948235,,,,,,,,,,,
2,285,rival,1,277.94263273196157,475.63971472941404,84.0,0.0,136.92155453355255,299.63100963778504,-155.48298613812966,,,,,,,,,
2,286,propio,2,329.2855288387328,180.44037706767782,84.0,0.0,255.34952420948235,,,,,,,,,,,
2,287,propio,2,329.2855288387328,180.44037706767782,84.0,0.0,255.34952420948235,,,,,,,,,,,
2,288,propio,2,329.2855288387328,180.44037706767782,84.0,0.0,255.34952420948235,,,,,,,,,,,
2,289,propio,2,329.2855288387328,180.44037706767782,84.0,0.0,255.34952420948235,,,,,,,,,,,
2,290,propio,2,329.2855288387328,180.44037706767782,84.0,0.0,255.34952420948235,,,,,,,,,,,
2,291,propio,2,329.2855288387328,180.44037706767782,84.0,0.0,255.34952420948235,,,,,,,,,,,
2,292,propio,2,329.2855288387328,180.44037706767782,84.0,0.0,255.34952420948235,,,,,,,,,,,
2,293,propio,2,329.2855288387328,180.44037706767782,84.0,0.0,255.34952420948235,,,,,,,,,,,
2,293,rival,1,277.94263273196157,475.63971472941404,83.0,0.0,136.92155453355255,299.63100963778504,-155.48298613812966,,,,,,,,,
2,294,propio,2,329.2855288387328,180.44037706767782,83.0,0.0,255.34952420948235,,,,,,,,,,,
2,294,disparo,2,329.2855288387328,180.44037706767782,83.0,,255.34952420948235,,,,1.0,,,,,,,
2,295,propio,2,329.2855288387328,180.44037706767782,83.0,0.0,255.34952420948235,,,,,,,,,,,
2,296,propio,2,329.2855288387328,180.44037706767782,83.0,0.0,255.34952420948235,,,,,,,,,,,
2,297,propio,2,329.2855288387328,180.44037706767782,83.0,0.0,255.34952420948235,,,,,,,,,,,
2,298,propio,2,329.2855288387328,180.44037706767782,83.0,0.0,255.34952420948235,,,,,,,,,,,
2,299,propio,2,329.2855288387328,180.44037706767782,83.0,0.0,255.34952420948235,,,,,,,,,,,
2,300,propio,2,329.2855288387328,180.44037706767782,83.0,0.0,255.34952420948235,,,,,,,,,,,
2,301,propio,2,329.2855288387328,180.44037706767782,83.0,0.0,255.34952420948235,,,,,,,,,,,
2,301,rival,1,277.94263273196157,475.63971472941404,83.0,0.0,136.92155453355255,299.63100963778504,-155.48298613812966,,,,,,,,,
2,302,propio,2,329.2855288387328,180.44037706767782,83.0,0.0,255.34952420948235,,,,,,,,,,,
2,303,propio,2,329.2855288387328,180.44037706767782,83.0,0.0,255.34952420948235,,,,,,,,,,,
2,304,propio,2,329.2855288387328,180.44037706767782,83.0,0.0,255.34952420948235,,,,,,,,,,,
2,305,propio,2,329.2855288387328,180.44037706767782,83.0,0.0,255.34952420948235,,,,,,,,,,,
2,306,propio,2,329.2855288387328,180.44037706767782,83.0,0.0,255.34952420948235,,,,,,,,,,,
2,307,propio,2,329.2855288387328,180.44037706767782,83.0,0.0,255.34952420948235,,,,,,,,,,,
2,308,propio,2,329.2855288387328,180.44037706767782,83.0,0.0,255.34952420948235,,,,,,,,,,,
2,309,propio,2,329.2855288387328,180.44037706767782,83.0,0.0,255.34952420948235,,,,,,,,,,,
2,309,rival,1,277.94263273196157,475.63971472941404,82.0,0.0,136.92155453355255,299.63100963778504,-155.48298613812966,,,,,,,,,
2,310,propio,2,329.2855288387328,180.44037706767782,82.0,0.0,255.34952420948235,,,,,,,,,,,
2,310,disparo,2,329.2855288387328,180.44037706767782,82.0,,255.34952420948235,,,,1.0,,,,,,,
2,311,propio,2,329.2855288387328,180.44037706767782,82.0,0.0,255.34952420948235,,,,,,,,,,,
2,312,propio,2,329.2855288387328,180.44037706767782,82.0,0.0,255.34952420948235,,,,,,,,,,,
2,313,propio,2,329.2855288387328,180.44037706767782,82.0,0.0,255.34952420948235,,,,,,,,,,,
2,314,propio,2,329.2855288387328,180.44037706767782,82.0,0.0,255.34952420948235,,,,,,,,,,,
2,315,propio,2,329.2855288387328,180.44037706767782,82.0,0.0,255.34952420948235,,,,,,,,,,,
2,316,propio,2,329.2855288387328,180.44037706767782,82.0,0.0,255.34952420948235,,,,,,,,,,,
2,317,propio,2,329.2855288387328,180.44037706767782,82.0,0.0,255.34952420948235,,,,,,,,,,,
2,317,rival,1,277.94263273196157,475.63971472941404,82.0,0.0,136.92155453355255,299.63100963778504,-155.48298613812966,,,,,,,,,
2,318,propio,2,329.2855288387328,180.44037706767782,82.0,0.0,255.34952420948235,,,,,,,,,,,
2,319,propio,2,329.2855288387328,180.44037706767782,82.0,0.0,255.34952420948235,,,,,,,,,,,
2,320,propio,2,329.2855288387328,180.44037706767782,82.0,0.0,255.34952420948235,,,,,,,,,,,
2,321,propio,2,329.2855288387328,180.44037706767782,82.0,0.0,255.34952420948235,,,,,,,,,,,
2,322,propio,2,329.2855288387328,180.44037706767782,82.0,0.0,255.34952420948235,,,,,,,,,,,
2,323,propio,2,329.2855288387328,180.44037706767782,82.0,0.0,255.34952420948235,,,,,,,,,,,
2,324,propio,2,329.2855288387328,180.44037706767782,82.0,0.0,255.34952420948235,,,,,,,,,,,
2,325,propio,2,329.2855288387328,180.44037706767782,82.0,0.0,255.34952420948235,,,,,,,,,,,
2,325,rival,1,277.94263273196157,475.63971472941404,81.0,0.0,136.92155453355255,299.63100963778504,-155.48298613812966,,,,,,,,,
2,326,propio,2,329.2855288387328,180.44037706767782,81.0,0.0,255.34952420948235,,,,,,,,,,,
2,326,disparo,2,329.2855288387328,180.44037706767782,81.0,,255.34952420948235,,,,1.0,,,,,,,
2,327,propio,2,329.2855288387328,180.44037706767782,81.0,0.0,255.34952420948235,,,,,,,,,,,
2,328,propio,2,329.2855288387328,180.44037706767782,81.0,0.0,255.34952420948235,,,,,,,,,,,
2,329,propio,2,329.2855288387328,180.44037706767782,81.0,0.0,255.34952420948235,,,,,,,,,,,
2,330,propio,2,329.2855288387328,180.44037706767782,81.0,0.0,255.34952420948235,,,,,,,,,,,
2,331,propio,2,329.2855288387328,180.44037706767782,81.0,0.0,255.34952420948235,,,,,,,,,,,
2,332,propio,2,329.2855288387328,180.44037706767782,81.0,0.0,255.34952420948235,,,,,,,,,,,
2,333,propio,2,329.2855288387328,180.44037706767782,81.0,0.0,255.34952420948235,,,,,,,,,,,
2,333,rival,1,277.94263273196157,475.63971472941404,81.0,0.0,136.92155453355255,299.63100963778504,-155.48298613812966,,,,,,,,,
2,334,propio,2,329.2855288387328,180.44037706767782,81.0,0.0,255.34952420948235,,,,,,,,,,,
2,335,propio,2,329.2855288387328,180.44037706767782,81.0,0.0,255.34952420948235,,,,,,,,,,,
2,336,propio,2,329.2855288387328,180.44037706767782,81.0,0.0,255.34952420948235,,,,,,,,,,,
2,337,propio,2,329.2855288387328,180.44037706767782,81.0,0.0,255.34952420948235,,,,,,,,,,,
2,338,propio,2,329.2855288387328,180.44037706767782,81.0,0.0,255.34952420948235,,,,,,,,,,,
2,339,propio,2,329.2855288387328,180.44037706767782,81.0,0.0,255.34952420948235,,,,,,,,,,,
2,340,propio,2,329.2855288387328,180.44037706767782,81.0,0.0,255.34952420948235,,,,,,,,,,,
2,341,propio,2,329.2855288387328,180.44037706767782,81.0,0.0,255.34952420948235,,,,,,,,,,,
2,341,rival,1,277.94263273196157,475.63971472941404,80.0,0.0,136.92155453355255,299.63100963778504,-155.48298613812966,,,,,,,,,
2,342,propio,2,329.2855288387328,180.44037706767782,80.0,0.0,255.34952420948235,,,,,,,,,,,
2,342,disparo,2,329.2855288387328,180.44037706767782,80.0,,255.34952420948235,,,,1.0,,,,,,,
2,343,propio,2,329.2855288387328,180.44037706767782,80.0,0.0,255.34952420948235,,,,,,,,,,,
2,344,propio,2,329.2855288387328,180.44037706767782,80.0,0.0,255.34952420948235,,,,,,,,,,,
2,345,propio,2,329.2855288387328,180.44037706767782,80.0,0.0,255.34952420948235,,,,,,,,,,,
2,346,propio,2,329.2855288387328,180.44037706767782,80.0,0.0,255.34952420948235,,,,,,,,,,,
2,347,propio,2,329.2855288387328,180.44037706767782,80.0,0.0,255.34952420948235,,,,,,,,,,,
2,348,propio,2,329.2855288387328,180.44037706767782,80.0,0.0,255.34952420948235,,,,,,,,,,,
2,349,propio,2,329.2855288387328,180.44037706767782,80.0,0.0,255.34952420948235,,,,,,,,,,,
2,349,rival,1,277.94263273196157,475.63971472941404,80.0,0.0,136.92155453355255,299.63100963778504,-155.48298613812966,,,,,,,,,
2,350,propio,2,329.2855288387328,180.44037706767782,80.0,0.0,255.34952420948235,,,,,,,,,,,
2,351,propio,2,329.2855288387328,180.44037706767782,80.0,0.0,255.34952420948235,,,,,,,,,,,
2,352,propio,2,329.2855288387328,180.44037706767782,80.0,0.0,255.34952420948235,,,,,,,,,,,
2,353,propio,2,329.2855288387328,180.44037706767782,80.0,0.0,255.34952420948235,,,,,,,,,,,
2,354,propio,2,329.2855288387328,180.44037706767782,80.0,0.0,255.34952420948235,,,,,,,,,,,
2,355,propio,2,329.2855288387328,180.44037706767782,80.0,0.0,255.34952420948235,,,,,,,,,,,
2,356,propio,2,329.2855288387328,180.44037706767782,80.0,0.0,255.34952420948235,,,,,,,,,,,
2,357,propio,2,329.2855288387328,180.44037706767782,80.0,0.0,255.34952420948235,,,,,,,,,,,
2,357,rival,1,277.94263273196157,475.63971472941404,79.0,0.0,136.92155453355255,299.63100963778504,-155.48298613812966,,,,,,,,,
2,358,propio,2,329.2855288387328,180.44037706767782,79.0,0.0,255.34952420948235,,,,,,,,,,,
2,358,disparo,2,329.2855288387328,180.44037706767782,79.0,,255.34952420948235,,,,1.0,,,,,,,
2,359,propio,2,329.2855288387328,180.44037706767782,79.0,0.0,255.34952420948235,,,,,,,,,,,
2,360,propio,2,329.2855288387328,180.44037706767782,79.0,0.0,255.34952420948235,,,,,,,,,,,
2,361,propio,2,329.2855288387328,180.44037706767782,79.0,0.0,255.34952420948235,,,,,,,,,,,
2,362,propio,2,329.2855288387328,180.44037706767782,79.0,0.0,255.34952420948235,,,,,,,,,,,
2,363,propio,2,329.2855288387328,180.44037706767782,79.0,0.0,255.34952420948235,,,,,,,,,,,
2,364,propio,2,329.2855288387328,180.44037706767782,79.0,0.0,255.34952420948235,,,,,,,,,,,
2,365,propio,2,329.2855288387328,180.44037706767782,79.0,0.0,255.34952420948235,,,,,,,,,,,
2,365,rival,1,277.94263273196157,475.63971472941404,79.0,0.0,136.92155453355255,299.63100963778504,-155.48298613812966,,,,,,,,,
2,366,propio,2,329.2855288387328,180.44037706767782,79.0,0.0,255.34952420948235,,,,,,,,,,,
2,367,propio,2,329.2855288387328,180.44037706767782,79.0,0.0,255.34952420948235,,,,,,,,,,,
2,368,propio,2,329.2855288387328,180.44037706767782,79.0,0.0,255.34952420948235,,,,,,,,,,,
2,369,propio,2,329.2855288387328,180.44037706767782,79.0,0.0,255.34952420948235,,,,,,,,,,,
2,370,propio,2,329.2855288387328,180.44037706767782,79.0,0.0,255.34952420948235,,,,,,,,,,,
2,371,propio,2,329.2855288387328,180.44037706767782,79.0,0.0,255.34952420948235,,,,,,,,,,,
2,372,propio,2,329.2855288387328,180.44037706767782,79.0,0.0,255.34952420948235,,,,,,,,,,,
2,373,propio,2,329.2855288387328,180.44037706767782,79.0,0.0,255.34952420948235,,,,,,,,,,,
2,373,rival,1,277.94263273196157,475.63971472941404,78.0,0.0,136.92155453355255,299.63100963778504,-155.48298613812966,,,,,,,,,
2,374,propio,2,329.2855288387328,180.44037706767782,78.0,0.0,255.34952420948235,,,,,,,,,,,
2,374,disparo,2,329.2855288387328,180.44037706767782,78.0,,255.34952420948235,,,,1.0,,,,,,,
2,375,propio,2,329.2855288387328,180.44037706767782,78.0,0.0,255.34952420948235,,,,,,,,,,,
2,376,propio,2,329.2855288387328,180.44037706767782,78.0,0.0,255.34952420948235,,,,,,,,,,,
2,377,propio,2,329.2855288387328,180.44037706767782,78.0,0.0,255.34952420948235,,,,,,,,,,,
2,378,propio,2,329.2855288387328,180.44037706767782,78.0,0.0,255.34952420948235,,,,,,,,,,,
2,379,propio,2,329.2855288387328,180.44037706767782,78.0,0.0,255.34952420948235,,,,,,,,,,,
2,380,propio,2,329.2855288387328,180.44037706767782,78.0,0.0,255.34952420948235,,,,,,,,,,,
2,381,propio,2,329.2855288387328,180.44037706767782,78.0,0.0,255.34952420948235,,,,,,,,,,,
2,381,rival,1,277.94263273196157,475.63971472941404,78.0,0.0,136.92155453355255,299.63100963778504,-155.48298613812966,,,,,,,,,
2,382,propio,2,329.2855288387328,180.44037706767782,78.0,0.0,255.34952420948235,,,,,,,,,,,
2,383,propio,2,329.2855288387328,180.44037706767782,78.0,0.0,255.34952420948235,,,,,,,,,,,
2,384,propio,2,329.2855288387328,180.44037706767782,78.0,0.0,255.34952420948235,,,,,,,,,,,
2,385,propio,2,329.2855288387328,180.44037706767782,78.0,0.0,255.34952420948235,,,,,,,,,,,
2,386,propio,2,329.2855288387328,180.44037706767782,78.0,0.0,255.34952420948235,,,,,,,,,,,
2,387,propio,2,329.2855288387328,180.44037706767782,78.0,0.0,255.34952420948235,,,,,,,,,,,
2,388,propio,2,329.2855288387328,180.44037706767782,78.0,0.0,255.34952420948235,,,,,,,,,,,
2,389,propio,2,329.2855288387328,180.44037706767782,78.0,0.0,255.34952420948235,,,,,,,,,,,
2,389,rival,1,277.94263273196157,475.63971472941404,77.0,0.0,136.92155453355255,299.63100963778504,-155.48298613812966,,,,,,,,,
2,390,propio,2,329.2855288387328,180.44037706767782,77.0,0.0,255.34952420948235,,,,,,,,,,,
2,390,disparo,2,329.2855288387328,180.44037706767782,77.0,,255.34952420948235,,,,1.0,,,,,,,
2,391,propio,2,329.2855288387328,180.44037706767782,77.0,0.0,255.34952420948235,,,,,,,,,,,
2,392,propio,2,329.2855288387328,180.44037706767782,77.0,0.0,255.34952420948235,,,,,,,,,,,
2,393,propio,2,329.2855288387328,180.44037706767782,77.0,0.0,255.34952420948235,,,,,,,,,,,
2,394,propio,2,329.2855288387328,180.44037706767782,77.0,0.0,255.34952420948235,,,,,,,,,,,
2,395,propio,2,329.2855288387328,180.44037706767782,77.0,0.0,255.34952420948235,,,,,,,,,,,
2,396,propio,2,329.2855288387328,180.44037706767782,77.0,0.0,255.34952420948235,,,,,,,,,,,
2,397,propio,2,329.2855288387328,180.44037706767782,77.0,0.0,255.34952420948235,,,,,,,,,,,
2,397,rival,1,277.94263273196157,475.63971472941404,77.0,0.0,136.92155453355255,299.63100963778504,-155.48298613812966,,,,,,,,,
2,398,propio,2,329.2855288387328,180.44037706767782,77.0,0.0,255.34952420948235,,,,,,,,,,,
2,399,propio,2,329.2855288387328,180.44037706767782,77.0,0.0,255.34952420948235,,,,,,,,,,,
2,400,propio,2,329.2855288387328,180.44037706767782,77.0,0.0,255.34952420948235,,,,,,,,,,,
2,401,propio,2,329.2855288387328,180.44037706767782,77.0,0.0,255.34952420948235,,,,,,,,,,,
2,402,propio,2,329.2855288387328,180.44037706767782,77.0,0.0,255.34952420948235,,,,,,,,,,,
2,403,propio,2,329.2855288387328,180.44037706767782,77.0,0.0,255.34952420948235,,,,,,,,,,,
2,404,propio,2,329.2855288387328,180.44037706767782,77.0,0.0,255.34952420948235,,,,,,,,,,,
2,405,propio,2,329.2855288387328,180.44037706767782,77.0,0.0,255.34952420948235,,,,,,,,,,,
2,405,rival,1,277.94263273196157,475.63971472941404,76.0,0.0,136.92155453355255,299.63100963778504,-155.48298613812966,,,,,,,,,
2,406,propio,2,329.2855288387328,180.44037706767782,76.0,0.0,255.34952420948235,,,,,,,,,,,
2,406,disparo,2,329.2855288387328,180.44037706767782,76.0,,255.34952420948235,,,,1.0,,,,,,,
2,407,propio,2,329.2855288387328,180.44037706767782,76.0,0.0,255.34952420948235,,,,,,,,,,,
2,408,propio,2,329.2855288387328,180.44037706767782,76.0,0.0,255.34952420948235,,,,,,,,,,,
2,409,propio,2,329.2855288387328,180.44037706767782,76.0,0.0,255.34952420948235,,,,,,,,,,,
2,410,propio,2,329.2855288387328,180.44037706767782,76.0,0.0,255.34952420948235,,,,,,,,,,,
2,411,propio,2,329.2855288387328,180.44037706767782,76.0,0.0,255.34952420948235,,,,,,,,,,,
2,412,propio,2,329.2855288387328,180.44037706767782,76.0,0.0,255.34952420948235,,,,,,,,,,,
2,413,propio,2,329.2855288387328,180.44037706767782,76.0,0.0,255.34952420948235,,,,,,,,,,,
2,413,rival,1,277.94263273196157,475.63971472941404,76.0,0.0,136.92155453355255,299.63100963778504,-155.48298613812966,,,,,,,,,
2,414,propio,2,329.2855288387328,180.44037706767782,76.0,0.0,255.34952420948235,,,,,,,,,,,
2,415,propio,2,329.2855288387328,180.44037706767782,76.0,0.0,255.34952420948235,,,,,,,,,,,
2,416,propio,2,329.2855288387328,180.44037706767782,76.0,0.0,255.34952420948235,,,,,,,,,,,
2,417,propio,2,329.2855288387328,180.44037706767782,76.0,0.0,255.34952420948235,,,,,,,,,,,
2,418,propio,2,329.2855288387328,180.44037706767782,76.0,0.0,255.34952420948235,,,,,,,,,,,
2,419,propio,2,329.2855288387328,180.44037706767782,76.0,0.0,255.34952420948235,,,,,,,,,,,
2,420,propio,2,329.2855288387328,180.44037706767782,76.0,0.0,255.34952420948235,,,,,,,,,,,
2,421,propio,2,329.2855288387328,180.44037706767782,76.0,0.0,255.34952420948235,,,,,,,,,,,
2,421,rival,1,277.94263273196157,475.63971472941404,75.0,0.0,136.92155453355255,299.63100963778504,-155.48298613812966,,,,,,,,,
2,422,propio,2,329.2855288387328,180.44037706767782,75.0,0.0,255.34952420948235,,,,,,,,,,,
2,422,disparo,2,329.2855288387328,180.44037706767782,75.0,,255.34952420948235,,,,1.0,,,,,,,
2,423,propio,2,329.2855288387328,180.44037706767782,75.0,0.0,255.34952420948235,,,,,,,,,,,
2,424,propio,2,329.2855288387328,180.44037706767782,75.0,0.0,255.34952420948235,,,,,,,,,,,
2,425,propio,2,329.2855288387328,180.44037706767782,75.0,0.0,255.34952420948235,,,,,,,,,,,
2,426,propio,2,329.2855288387328,180.44037706767782,75.0,0.0,255.34952420948235,,,,,,,,,,,
2,427,propio,2,329.2855288387328,180.44037706767782,75.0,0.0,255.34952420948235,,,,,,,,,,,
2,428,propio,2,329.2855288387328,180.44037706767782,75.0,0.0,255.34952420948235,,,,,,,,,,,
2,429,propio,2,329.2855288387328,180.44037706767782,75.0,0.0,255.34952420948235,,,,,,,,,,,
2,429,rival,1,277.94263273196157,475.63971472941404,75.0,0.0,136.92155453355255,299.63100963778504,-155.48298613812966,,,,,,,,,
2,430,propio,2,329.2855288387328,180.44037706767782,75.0,0.0,255.34952420948235,,,,,,,,,,,
2,431,propio,2,329.2855288387328,180.44037706767782,75.0,0.0,255.34952420948235,,,,,,,,,,,
2,432,propio,2,329.2855288387328,180.44037706767782,75.0,0.0,255.34952420948235,,,,,,,,,,,
2,433,propio,2,329.2855288387328,180.44037706767782,75.0,0.0,255.34952420948235,,,,,,,,,,,
2,434,propio,2,329.2855288387328,180.44037706767782,75.0,0.0,255.34952420948235,,,,,,,,,,,
2,435,propio,2,329.2855288387328,180.44037706767782,75.0,0.0,255.34952420948235,,,,,,,,,,,
2,436,propio,2,329.2855288387328,180.44037706767782,75.0,0.0,255.34952420948235,,,,,,,,,,,
2,437,propio,2,329.2855288387328,180.44037706767782,75.0,0.0,255.34952420948235,,,,,,,,,,,
2,437,rival,1,277.94263273196157,475.63971472941404,74.0,0.0,136.92155453355255,299.63100963778504,-155.48298613812966,,,,,,,,,
2,438,propio,2,329.2855288387328,180.44037706767782,74.0,0.0,255.34952420948235,,,,,,,,,,,
2,438,disparo,2,329.2855288387328,180.44037706767782,74.0,,255.34952420948235,,,,1.0,,,,,,,
2,439,propio,2,329.2855288387328,180.44037706767782,74.0,0.0,255.34952420948235,,,,,,,,,,,
2,440,propio,2,329.2855288387328,180.44037706767782,74.0,0.0,255.34952420948235,,,,,,,,,,,
2,441,propio,2,329.2855288387328,180.44037706767782,74.0,0.0,255.34952420948235,,,,,,,,,,,
2,442,propio,2,329.2855288387328,180.44037706767782,74.0,0.0,255.34952420948235,,,,,,,,,,,
2,443,propio,2,329.2855288387328,180.44037706767782,74.0,0.0,255.34952420948235,,,,,,,,,,,
2,444,propio,2,329.2855288387328,180.44037706767782,74.0,0.0,255.34952420948235,,,,,,,,,,,
2,445,propio,2,329.2855288387328,180.44037706767782,74.0,0.0,255.34952420948235,,,,,,,,,,,
2,445,rival,1,277.94263273196157,475.63971472941404,74.0,0.0,136.92155453355255,299.63100963778504,-155.48298613812966,,,,,,,,,
2,446,propio,2,329.2855288387328,180.44037706767782,74.0,0.0,255.34952420948235,,,,,,,,,,,
2,447,propio,2,329.2855288387328,180.44037706767782,74.0,0.0,255.34952420948235,,,,,,,,,,,
2,448,propio,2,329.2855288387328,180.44037706767782,74.0,0.0,255.34952420948235,,,,,,,,,,,
2,449,propio,2,329.2855288387328,180.44037706767782,74.0,0.0,255.34952420948235,,,,,,,,,,,
2,450,propio,2,329.2855288387328,180.44037706767782,74.0,0.0,255.34952420948235,,,,,,,,,,,
2,451,propio,2,329.2855288387328,180.44037706767782,74.0,0.0,255.34952420948235,,,,,,,,,,,
2,452,propio,2,329.2855288387328,180.44037706767782,73.9,0.0,255.34952420948235,,,,,,,,,,,
2,453,propio,2,329.2855288387328,180.44037706767782,73.80000000000001,0.0,255.34952420948235,,,,,,,,,,,
2,453,rival,1,277.94263273196157,475.63971472941404,72.9,0.0,136.92155453355255,299.63100963778504,-155.48298613812966,,,,,,,,,
2,454,propio,2,329.2855288387328,180.44037706767782,72.70000000000002,0.0,255.34952420948235,,,,,,,,,,,
2,454,disparo,2,329.2855288387328,180.44037706767782,72.70000000000002,,255.34952420948235,,,,1.0,,,,,,,
2,455,propio,2,329.2855288387328,180.44037706767782,72.60000000000002,0.0,255.34952420948235,,,,,,,,,,,
2,456,propio,2,329.2855288387328,180.44037706767782,72.50000000000003,0.0,255.34952420948235,,,,,,,,,,,
2,457,propio,2,329.2855288387328,180.44037706767782,72.40000000000003,0.0,255.34952420948235,,,,,,,,,,,
2,458,propio,2,329.2855288387328,180.44037706767782,72.30000000000004,0.0,255.34952420948235,,,,,,,,,,,
2,459,propio,2,329.2855288387328,180.44037706767782,72.20000000000005,0.0,255.34952420948235,,,,,,,,,,,
2,460,propio,2,329.2855288387328,180.44037706767782,72.10000000000005,0.0,255.34952420948235,,,,,,,,,,,
2,461,propio,2,329.2855288387328,180.44037706767782,72.00000000000006,0.0,255.34952420948235,,,,,,,,,,,
2,461,rival,1,277.94263273196157,475.63971472941404,72.10000000000005,0.0,136.92155453355255,299.63100963778504,-155.48298613812966,,,,,,,,,
2,462,propio,2,329.2855288387328,180.44037706767782,71.90000000000006,0.0,255.34952420948235,,,,,,,,,,,
2,463,propio,2,329.2855288387328,180.44037706767782,71.80000000000007,0.0,255.34952420948235,,,,,,,,,,,
2,464,propio,2,329.2855288387328,180.44037706767782,71.70000000000007,0.0,255.34952420948235,,,,,,,,,,,
2,465,propio,2,329.2855288387328,180.44037706767782,71.60000000000008,0.0,255.34952420948235,,,,,,,,,,,
2,466,propio,2,329.2855288387328,180.44037706767782,71.50000000000009,0.0,255.34952420948235,,,,,,,,,,,
2,467,propio,2,329.2855288387328,180.44037706767782,71.40000000000009,0.0,255.34952420948235,,,,,,,,,,,
2,468,propio,2,329.2855288387328,180.44037706767782,71.3000000000001,0.0,255.34952420948235,,,,,,,,,,,
2,469,propio,2,329.2855288387328,180.44037706767782,71.2000000000001,0.0,255.34952420948235,,,,,,,,,,,
2,469,rival,1,277.94263273196157,475.63971472941404,70.3000000000001,0.0,136.92155453355255,299.63100963778504,-155.48298613812966,,,,,,,,,
2,470,propio,2,329.2855288387328,180.44037706767782,70.10000000000011,0.0,255.34952420948235,,,,,,,,,,,
2,470,disparo,2,329.2855288387328,180.44037706767782,70.10000000000011,,255.34952420948235,,,,1.0,,,,,,,
2,471,propio,2,329.2855288387328,180.44037706767782,70.00000000000011,0.0,255.34952420948235,,,,,,,,,,,
2,472,propio,2,329.2855288387328,180.44037706767782,69.90000000000012,0.0,255.34952420948235,,,,,,,,,,,
2,473,propio,2,329.2855288387328,180.44037706767782,69.80000000000013,0.0,255.34952420948235,,,,,,,,,,,
2,474,propio,2,329.2855288387328,180.44037706767782,69.70000000000013,0.0,255.34952420948235,,,,,,,,,,,
2,475,propio,2,329.2855288387328,180.44037706767782,69.60000000000014,0.0,255.34952420948235,,,,,,,,,,,
2,476,propio,2,329.2855288387328,180.44037706767782,69.50000000000014,0.0,255.34952420948235,,,,,,,,,,,
2,477,propio,2,329.2855288387328,180.44037706767782,69.40000000000015,0.0,255.34952420948235,,,,,,,,,,,
2,477,rival,1,277.94263273196157,475.63971472941404,69.50000000000014,0.0,136.92155453355255,299.63100963778504,-155.48298613812966,,,,,,,,,
2,478,propio,2,329.2855288387328,180.44037706767782,69.30000000000015,0.0,255.34952420948235,,,,,,,,,,,
2,479,propio,2,329.2855288387328,180.44037706767782,69.20000000000016,0.0,255.34952420948235,,,,,,,,,,,
2,480,propio,2,329.2855288387328,180.44037706767782,69.10000000000016,0.0,255.34952420948235,,,,,,,,,,,
2,481,propio,2,329.2855288387328,180.44037706767782,69.00000000000017,0.0,255.34952420948235,,,,,,,,,,,
2,482,propio,2,329.2855288387328,180.44037706767782,68.90000000000018,0.0,255.34952420948235,,,,,,,,,,,
2,483,propio,2,329.2855288387328,180.44037706767782,68.80000000000018,0.0,255.34952420948235,,,,,,,,,,,
2,484,propio,2,329.2855288387328,180.44037706767782,68.70000000000019,0.0,255.34952420948235,,,,,,,,,,,
2,485,propio,2,329.2855288387328,180.44037706767782,68.6000000000002,0.0,255.34952420948235,,,,,,,,,,,
2,485,rival,1,277.94263273196157,475.63971472941404,67.70000000000019,0.0,136.92155453355255,299.63100963778504,-155.48298613812966,,,,,,,,,
2,486,propio,2,329.2855288387328,180.44037706767782,67.5000000000002,0.0,255.34952420948235,,,,,,,,,,,
2,486,disparo,2,329.2855288387328,180.44037706767782,67.5000000000002,,255.34952420948235,,,,1.0,,,,,,,
2,487,propio,2,329.2855288387328,180.44037706767782,67.4000000000002,0.0,255.34952420948235,,,,,,,,,,,
2,488,propio,2,329.2855288387328,180.44037706767782,67.30000000000021,0.0,255.34952420948235,,,,,,,,,,,
2,489,propio,2,329.2855288387328,180.44037706767782,67.20000000000022,0.0,255.34952420948235,,,,,,,,,,,
2,490,propio,2,329.2855288387328,180.44037706767782,67.10000000000022,0.0,255.34952420948235,,,,,,,,,,,
2,491,propio,2,329.2855288387328,180.44037706767782,67.00000000000023,0.0,255.34952420948235,,,,,,,,,,,
2,492,propio,2,329.2855288387328,180.44037706767782,66.90000000000023,0.0,255.34952420948235,,,,,,,,,,,
2,493,propio,2,329.2855288387328,180.44037706767782,66.80000000000024,0.0,255.34952420948235,,,,,,,,,,,
2,493,rival,1,277.94263273196157,475.63971472941404,66.90000000000023,0.0,136.92155453355255,299.63100963778504,-155.48298613812966,,,,,,,,,
2,494,propio,2,329.2855288387328,180.44037706767782,66.70000000000024,0.0,255.34952420948235,,,,,,,,,,,
2,495,propio,2,329.2855288387328,180.44037706767782,66.60000000000025,0.0,255.34952420948235,,,,,,,,,,,
2,496,propio,2,329.2855288387328,180.44037706767782,66.50000000000026,0.0,255.34952420948235,,,,,,,,,,,
2,497,propio,2,329.2855288387328,180.44037706767782,66.40000000000026,0.0,255.34952420948235,,,,,,,,,,,
2,498,propio,2,329.2855288387328,180.44037706767782,66.30000000000027,0.0,255.34952420948235,,,,,,,,,,,
2,499,propio,2,329.2855288387328,180.44037706767782,66.20000000000027,0.0,255.34952420948235,,,,,,,,,,,
2,500,propio,2,329.2855288387328,180.44037706767782,66.10000000000028,0.0,255.34952420948235,,,,,,,,,,,
2,501,propio,2,329.2855288387328,180.44037706767782,66.00000000000028,0.0,255.34952420948235,,,,,,,,,,,
2,501,rival,1,277.94263273196157,475.63971472941404,65.10000000000028,0.0,136.92155453355255,299.63100963778504,-155.48298613812966,,,,,,,,,
2,502,propio,2,329.2855288387328,180.44037706767782,64.90000000000029,0.0,255.34952420948235,,,,,,,,,,,
2,502,disparo,2,329.2855288387328,180.44037706767782,64.90000000000029,,255.34952420948235,,,,1.0,,,,,,,
2,503,propio,2,329.2855288387328,180.44037706767782,64.8000000000003,0.0,255.34952420948235,,,,,,,,,,,
2,504,propio,2,329.2855288387328,180.44037706767782,64.7000000000003,0.0,255.34952420948235,,,,,,,,,,,
2,505,propio,2,329.2855288387328,180.44037706767782,64.6000000000003,0.0,255.34952420948235,,,,,,,,,,,
2,506,propio,2,329.2855288387328,180.44037706767782,64.50000000000031,0.0,255.34952420948235,,,,,,,,,,,
2,507,propio,2,329.2855288387328,180.44037706767782,64.40000000000032,0.0,255.34952420948235,,,,,,,,,,,
2,508,propio,2,329.2855288387328,180.44037706767782,64.30000000000032,0.0,255.34952420948235,,,,,,,,,,,
2,509,propio,2,329.2855288387328,180.44037706767782,64.20000000000033,0.0,255.34952420948235,,,,,,,,,,,
2,509,rival,1,277.94263273196157,475.63971472941404,64.30000000000032,0.0,136.92155453355255,299.63100963778504,-155.48298613812966,,,,,,,,,
2,510,propio,2,329.2855288387328,180.44037706767782,64.10000000000034,0.0,255.34952420948235,,,,,,,,,,,
2,511,propio,2,329.2855288387328,180.44037706767782,64.00000000000034,0.0,255.34952420948235,,,,,,,,,,,
2,512,propio,2,329.2855288387328,180.44037706767782,63.90000000000034,0.0,255.34952420948235,,,,,,,,,,,
2,513,propio,2,329.2855288387328,180.44037706767782,63.80000000000034,0.0,255.34952420948235,,,,,,,,,,,
2,514,propio,2,329.2855288387328,180.44037706767782,63.70000000000034,0.0,255.34952420948235,,,,,,,,,,,
2,515,propio,2,329.2855288387328,180.44037706767782,63.600000000000335,0.0,255.34952420948235,,,,,,,,,,,
2,516,propio,2,329.2855288387328,180.44037706767782,63.500000000000334,0.0,255.34952420948235,,,,,,,,,,,
2,517,propio,2,329.2855288387328,180.44037706767782,63.40000000000033,0.0,255.34952420948235,,,,,,,,,,,
2,517,rival,1,277.94263273196157,475.63971472941404,62.50000000000033,0.0,136.92155453355255,299.63100963778504,-155.48298613812966,,,,,,,,,
2,518,propio,2,329.2855288387328,180.44037706767782,62.30000000000033,0.0,255.34952420948235,,,,,,,,,,,
2,518,disparo,2,329.2855288387328,180.44037706767782,62.30000000000033,,255.34952420948235,,,,1.0,,,,,,,
2,519,propio,2,329.2855288387328,180.44037706767782,62.20000000000033,0.0,255.34952420948235,,,,,,,,,,,
2,520,propio,2,329.2855288387328,180.44037706767782,62.10000000000033,0.0,255.34952420948235,,,,,,,,,,,
2,521,propio,2,329.2855288387328,180.44037706767782,62.00000000000033,0.0,255.34952420948235,,,,,,,,,,,
2,522,propio,2,329.2855288387328,180.44037706767782,61.900000000000325,0.0,255.34952420948235,,,,,,,,,,,
2,523,propio,2,329.2855288387328,180.44037706767782,61.800000000000324,0.0,255.34952420948235,,,,,,,,,,,
2,524,propio,2,329.2855288387328,180.44037706767782,61.70000000000032,0.0,255.34952420948235,,,,,,,,,,,
2,525,propio,2,329.2855288387328,180.44037706767782,61.60000000000032,0.0,255.34952420948235,,,,,,,,,,,
2,525,rival,1,277.94263273196157,475.63971472941404,61.700000000000315,0.0,136.92155453355255,299.63100963778504,-155.48298613812966,,,,,,,,,
2,526,propio,2,329.2855288387328,180.44037706767782,61.50000000000032,0.0,255.34952420948235,,,,,,,,,,,
2,527,propio,2,329.2855288387328,180.44037706767782,61.40000000000032,0.0,255.34952420948235,,,,,,,,,,,
2,528,propio,2,329.2855288387328,180.44037706767782,61.30000000000032,0.0,255.34952420948235,,,,,,,,,,,
2,529,propio,2,329.2855288387328,180.44037706767782,61.200000000000315,0.0,255.34952420948235,,,,,,,,,,,
2,530,propio,2,329.2855288387328,180.44037706767782,61.100000000000314,0.0,255.34952420948235,,,,,,,,,,,
2,531,propio,2,329.2855288387328,180.44037706767782,61.00000000000031,0.0,255.34952420948235,,,,,,,,,,,
2,532,propio,2,329.2855288387328,180.44037706767782,60.90000000000031,0.0,255.34952420948235,,,,,,,,,,,
2,533,propio,2,329.2855288387328,180.44037706767782,60.80000000000031,0.0,255.34952420948235,,,,,,,,,,,
2,533,rival,1,277.94263273196157,475.63971472941404,59.900000000000304,0.0,136.92155453355255,299.63100963778504,-155.48298613812966,,,,,,,,,
2,534,propio,2,329.2855288387328,180.44037706767782,59.70000000000031,0.0,255.34952420948235,,,,,,,,,,,
2,534,disparo,2,329.2855288387328,180.44037706767782,59.70000000000031,,255.34952420948235,,,,1.0,,,,,,,
2,535,propio,2,329.2855288387328,180.44037706767782,59.60000000000031,0.0,255.34952420948235,,,,,,,,,,,
2,536,propio,2,329.2855288387328,180.44037706767782,59.500000000000306,0.0,255.34952420948235,,,,,,,,,,,
2,537,propio,2,329.2855288387328,180.44037706767782,59.400000000000304,0.0,255.34952420948235,,,,,,,,,,,
2,538,propio,2,329.2855288387328,180.44037706767782,59.3000000000003,0.0,255.34952420948235,,,,,,,,,,,
2,539,propio,2,329.2855288387328,180.44037706767782,59.2000000000003,0.0,255.34952420948235,,,,,,,,,,,
2,540,propio,2,329.2855288387328,180.44037706767782,59.1000000000003,0.0,255.34952420948235,,,,,,,,,,,
2,541,propio,2,329.2855288387328,180.44037706767782,59.0000000000003,0.0,255.34952420948235,,,,,,,,,,,
2,541,rival,1,277.94263273196157,475.63971472941404,59.10000000000029,0.0,136.92155453355255,299.63100963778504,-155.48298613812966,,,,,,,,,
2,542,propio,2,329.2855288387328,180.44037706767782,58.9000000000003,0.0,255.34952420948235,,,,,,,,,,,
2,543,propio,2,329.2855288387328,180.44037706767782,58.800000000000296,0.0,255.34952420948235,,,,,,,,,,,
2,544,propio,2,329.2855288387328,180.44037706767782,58.700000000000294,0.0,255.34952420948235,,,,,,,,,,,
2,545,propio,2,329.2855288387328,180.44037706767782,58.60000000000029,0.0,255.34952420948235,,,,,,,,,,,
2,546,propio,2,329.2855288387328,180.44037706767782,58.50000000000029,0.0,255.34952420948235,,,,,,,,,,,
2,547,propio,2,329.2855288387328,180.44037706767782,58.40000000000029,0.0,255.34952420948235,,,,,,,,,,,
2,548,propio,2,329.2855288387328,180.44037706767782,58.30000000000029,0.0,255.34952420948235,,,,,,,,,,,
2,549,propio,2,329.2855288387328,180.44037706767782,58.20000000000029,0.0,255.34952420948235,,,,,,,,,,,
2,549,rival,1,277.94263273196157,475.63971472941404,57.30000000000028,0.0,136.92155453355255,299.63100963778504,-155.48298613812966,,,,,,,,,
2,550,propio,2,329.2855288387328,180.44037706767782,57.100000000000286,0.0,255.34952420948235,,,,,,,,,,,
2,550,disparo,2,329.2855288387328,180.44037706767782,57.100000000000286,,255.34952420948235,,,,1.0,,,,,,,
2,551,propio,2,329.2855288387328,180.44037706767782,57.000000000000284,0.0,255.34952420948235,,,,,,,,,,,
2,552,propio,2,329.2855288387328,180.44037706767782,56.90000000000028,0.0,255.34952420948235,,,,,,,,,,,
2,553,propio,2,329.2855288387328,180.44037706767782,56.80000000000028,0.0,255.34952420948235,,,,,,,,,,,
2,554,propio,2,329.2855288387328,180.44037706767782,56.70000000000028,0.0,255.34952420948235,,,,,,,,,,,
2,555,propio,2,329.2855288387328,180.44037706767782,56.60000000000028,0.0,255.34952420948235,,,,,,,,,,,
2,556,propio,2,329.2855288387328,180.44037706767782,56.50000000000028,0.0,255.34952420948235,,,,,,,,,,,
2,557,propio,2,329.2855288387328,180.44037706767782,56.400000000000276,0.0,255.34952420948235,,,,,,,,,,,
2,557,rival,1,277.94263273196157,475.63971472941404,56.50000000000027,0.0,136.92155453355255,299.63100963778504,-155.48298613812966,,,,,,,,,
2,558,propio,2,329.2855288387328,180.44037706767782,56.300000000000274,0.0,255.34952420948235,,,,,,,,,,,
2,559,propio,2,329.2855288387328,180.44037706767782,56.20000000000027,0.0,255.34952420948235,,,,,,,,,,,
2,560,propio,2,329.2855288387328,180.44037706767782,56.10000000000027,0.0,255.34952420948235,,,,,,,,,,,
2,561,propio,2,329.2855288387328,180.44037706767782,56.00000000000027,0.0,255.34952420948235,,,,,,,,,,,
2,562,propio,2,329.2855288387328,180.44037706767782,55.90000000000027,0.0,255.34952420948235,,,,,,,,,,,
2,563,propio,2,329.2855288387328,180.44037706767782,55.80000000000027,0.0,255.34952420948235,,,,,,,,,,,
2,564,propio,2,329.2855288387328,180.44037706767782,55.700000000000266,0.0,255.34952420948235,,,,,,,,,,,
2,565,propio,2,329.2855288387328,180.44037706767782,55.600000000000264,0.0,255.34952420948235,,,,,,,,,,,
2,565,rival,1,277.94263273196157,475.63971472941404,54.70000000000026,0.0,136.92155453355255,299.63100963778504,-155.48298613812966,,,,,,,,,
2,566,propio,2,329.2855288387328,180.44037706767782,54.50000000000026,0.0,255.34952420948235,,,,,,,,,,,
2,566,disparo,2,329.2855288387328,180.44037706767782,54.50000000000026,,255.34952420948235,,,,1.0,,,,,,,
2,567,propio,2,329.2855288387328,180.44037706767782,54.40000000000026,0.0,255.34952420948235,,,,,,,,,,,
2,568,propio,2,329.2855288387328,180.44037706767782,54.30000000000026,0.0,255.34952420948235,,,,,,,,,,,
2,569,propio,2,329.2855288387328,180.44037706767782,54.20000000000026,0.0,255.34952420948235,,,,,,,,,,,
2,570,propio,2,329.2855288387328,180.44037706767782,54.10000000000026,0.0,255.34952420948235,,,,,,,,,,,
2,571,propio,2,329.2855288387328,180.44037706767782,54.000000000000256,0.0,255.34952420948235,,,,,,,,,,,
2,572,propio,2,329.2855288387328,180.44037706767782,53.900000000000254,0.0,255.34952420948235,,,,,,,,,,,
2,573,propio,2,329.2855288387328,180.44037706767782,53.80000000000025,0.0,255.34952420948235,,,,,,,,,,,
2,573,rival,1,277.94263273196157,475.63971472941404,53.90000000000025,0.0,136.92155453355255,299.63100963778504,-155.48298613812966,,,,,,,,,
2,574,propio,2,329.2855288387328,180.44037706767782,53.70000000000025,0.0,255.34952420948235,,,,,,,,,,,
2,575,propio,2,329.2855288387328,180.44037706767782,53.60000000000025,0.0,255.34952420948235,,,,,,,,,,,
2,576,propio,2,329.2855288387328,180.44037706767782,53.50000000000025,0.0,255.34952420948235,,,,,,,,,,,
2,577,propio,2,329.2855288387328,180.44037706767782,53.40000000000025,0.0,255.34952420948235,,,,,,,,,,,
2,578,propio,2,329.2855288387328,180.44037706767782,53.300000000000246,0.0,255.34952420948235,,,,,,,,,,,
2,579,propio,2,329.2855288387328,180.44037706767782,53.200000000000244,0.0,255.34952420948235,,,,,,,,,,,
2,580,propio,2,329.2855288387328,180.44037706767782,53.10000000000024,0.0,255.34952420948235,,,,,,,,,,,
2,581,propio,2,329.2855288387328,180.44037706767782,53.00000000000024,0.0,255.34952420948235,,,,,,,,,,,
2,581,rival,1,277.94263273196157,475.63971472941404,52.100000000000236,0.0,136.92155453355255,299.63100963778504,-155.48298613812966,,,,,,,,,
2,582,propio,2,329.2855288387328,180.44037706767782,51.90000000000024,0.0,255.34952420948235,,,,,,,,,,,
2,582,disparo,2,329.2855288387328,180.44037706767782,51.90000000000024,,255.34952420948235,,,,1.0,,,,,,,
2,583,propio,2,329.2855288387328,180.44037706767782,51.80000000000024,0.0,255.34952420948235,,,,,,,,,,,
2,584,propio,2,329.2855288387328,180.44037706767782,51.70000000000024,0.0,255.34952420948235,,,,,,,,,,,
2,585,propio,2,329.2855288387328,180.44037706767782,51.600000000000236,0.0,255.34952420948235,,,,,,,,,,,
2,586,propio,2,329.2855288387328,180.44037706767782,51.500000000000234,0.0,255.34952420948235,,,,,,,,,,,
2,587,propio,2,329.2855288387328,180.44037706767782,51.40000000000023,0.0,255.34952420948235,,,,,,,,,,,
2,588,propio,2,329.2855288387328,180.44037706767782,51.30000000000023,0.0,255.34952420948235,,,,,,,,,,,
2,589,propio,2,329.2855288387328,180.44037706767782,51.20000000000023,0.0,255.34952420948235,,,,,,,,,,,
2,589,rival,1,277.94263273196157,475.63971472941404,51.300000000000225,0.0,136.92155453355255,299.63100963778504,-155.48298613812966,,,,,,,,,
2,590,propio,2,329.2855288387328,180.44037706767782,51.10000000000023,0.0,255.34952420948235,,,,,,,,,,,
2,591,propio,2,329.2855288387328,180.44037706767782,51.00000000000023,0.0,255.34952420948235,,,,,,,,,,,
2,592,propio,2,329.2855288387328,180.44037706767782,50.900000000000226,0.0,255.34952420948235,,,,,,,,,,,
2,593,propio,2,329.2855288387328,180.44037706767782,50.800000000000225,0.0,255.34952420948235,,,,,,,,,,,
2,594,propio,2,329.2855288387328,180.44037706767782,50.70000000000022,0.0,255.34952420948235,,,,,,,,,,,
2,595,propio,2,329.2855288387328,180.44037706767782,50.60000000000022,0.0,255.34952420948235,,,,,,,,,,,
2,596,propio,2,329.2855288387328,180.44037706767782,50.50000000000022,0.0,255.34952420948235,,,,,,,,,,,
2,597,propio,2,329.2855288387328,180.44037706767782,50.40000000000022,0.0,255.34952420948235,,,,,,,,,,,
2,597,rival,1,277.94263273196157,475.63971472941404,49.50000000000021,0.0,136.92155453355255,299.63100963778504,-155.48298613812966,,,,,,,,,
2,598,propio,2,329.2855288387328,180.44037706767782,49.30000000000022,0.0,255.34952420948235,,,,,,,,,,,
2,598,disparo,2,329.2855288387328,180.44037706767782,49.30000000000022,,255.34952420948235,,,,1.0,,,,,,,
2,599,propio,2,329.2855288387328,180.44037706767782,49.200000000000216,0.0,255.34952420948235,,,,,,,,,,,
2,600,propio,2,329.2855288387328,180.44037706767782,49.100000000000215,0.0,255.34952420948235,,,,,,,,,,,
2,601,propio,2,329.2855288387328,180.44037706767782,49.00000000000021,0.0,255.34952420948235,,,,,,,,,,,
2,602,propio,2,329.2855288387328,180.44037706767782,48.90000000000021,0.0,255.34952420948235,,,,,,,,,,,
2,603,propio,2,329.2855288387328,180.44037706767782,48.80000000000021,0.0,255.34952420948235,,,,,,,,,,,
2,604,propio,2,329.2855288387328,180.44037706767782,48.70000000000021,0.0,255.34952420948235,,,,,,,,,,,
2,605,propio,2,329.2855288387328,180.44037706767782,48.60000000000021,0.0,255.34952420948235,,,,,,,,,,,
2,605,rival,1,277.94263273196157,475.63971472941404,48.7000000000002,0.0,136.92155453355255,299.63100963778504,-155.48298613812966,,,,,,,,,
2,606,propio,2,329.2855288387328,180.44037706767782,48.500000000000206,0.0,255.34952420948235,,,,,,,,,,,
2,607,propio,2,329.2855288387328,180.44037706767782,48.400000000000205,0.0,255.34952420948235,,,,,,,,,,,
2,608,propio,2,329.2855288387328,180.44037706767782,48.3000000000002,0.0,255.34952420948235,,,,,,,,,,,
2,609,propio,2,329.2855288387328,180.44037706767782,48.2000000000002,0.0,255.34952420948235,,,,,,,,,,,
2,610,propio,2,329.2855288387328,180.44037706767782,48.1000000000002,0.0,255.34952420948235,,,,,,,,,,,
2,611,propio,2,329.2855288387328,180.44037706767782,48.0000000000002,0.0,255.34952420948235,,,,,,,,,,,
2,612,propio,2,329.2855288387328,180.44037706767782,47.9000000000002,0.0,255.34952420948235,,,,,,,,,,,
2,613,propio,2,329.2855288387328,180.44037706767782,47.800000000000196,0.0,255.34952420948235,,,,,,,,,,,
2,613,rival,1,277.94263273196157,475.63971472941404,46.90000000000019,0.0,136.92155453355255,299.63100963778504,-155.48298613812966,,,,,,,,,
2,614,propio,2,329.2855288387328,180.44037706767782,46.700000000000195,0.0,255.34952420948235,,,,,,,,,,,
2,614,disparo,2,329.2855288387328,180.44037706767782,46.700000000000195,,255.34952420948235,,,,1.0,,,,,,,
2,615,propio,2,329.2855288387328,180.44037706767782,46.60000000000019,0.0,255.34952420948235,,,,,,,,,,,
2,616,propio,2,329.2855288387328,180.44037706767782,46.50000000000019,0.0,255.34952420948235,,,,,,,,,,,
2,617,propio,2,329.2855288387328,180.44037706767782,46.40000000000019,0.0,255.34952420948235,,,,,,,,,,,
2,618,propio,2,329.2855288387328,180.44037706767782,46.30000000000019,0.0,255.34952420948235,,,,,,,,,,,
2,619,propio,2,329.2855288387328,180.44037706767782,46.20000000000019,0.0,255.34952420948235,,,,,,,,,,,
2,620,propio,2,329.2855288387328,180.44037706767782,46.100000000000186,0.0,255.34952420948235,,,,,,,,,,,
2,621,propio,2,329.2855288387328,180.44037706767782,46.000000000000185,0.0,255.34952420948235,,,,,,,,,,,
2,621,rival,1,277.94263273196157,475.63971472941404,46.10000000000018,0.0,136.92155453355255,299.63100963778504,-155.48298613812966,,,,,,,,,
2,622,propio,2,329.2855288387328,180.44037706767782,45.90000000000018,0.0,255.34952420948235,,,,,,,,,,,
2,623,propio,2,329.2855288387328,180.44037706767782,45.80000000000018,0.0,255.34952420948235,,,,,,,,,,,
2,624,propio,2,329.2855288387328,180.44037706767782,45.70000000000018,0.0,255.34952420948235,,,,,,,,,,,
2,625,propio,2,329.2855288387328,180.44037706767782,45.60000000000018,0.0,255.34952420948235,,,,,,,,,,,
2,626,propio,2,329.2855288387328,180.44037706767782,45.50000000000018,0.0,255.34952420948235,,,,,,,,,,,
2,627,propio,2,329.2855288387328,180.44037706767782,45.400000000000176,0.0,255.34952420948235,,,,,,,,,,,
2,628,propio,2,329.2855288387328,180.44037706767782,45.300000000000175,0.0,255.34952420948235,,,,,,,,,,,
2,629,propio,2,329.2855288387328,180.44037706767782,45.20000000000017,0.0,255.34952420948235,,,,,,,,,,,
2,629,rival,1,277.94263273196157,475.63971472941404,44.30000000000017,0.0,136.92155453355255,299.63100963778504,-155.48298613812966,,,,,,,,,
2,630,propio,2,329.2855288387328,180.44037706767782,44.10000000000017,0.0,255.34952420948235,,,,,,,,,,,
2,630,disparo,2,329.2855288387328,180.44037706767782,44.10000000000017,,255.34952420948235,,,,1.0,,,,,,,
2,631,propio,2,329.2855288387328,180.44037706767782,44.00000000000017,0.0,255.34952420948235,,,,,,,,,,,
2,632,propio,2,329.2855288387328,180.44037706767782,43.90000000000017,0.0,255.34952420948235,,,,,,,,,,,
2,633,propio,2,329.2855288387328,180.44037706767782,43.80000000000017,0.0,255.34952420948235,,,,,,,,,,,
2,634,propio,2,329.2855288387328,180.44037706767782,43.700000000000166,0.0,255.34952420948235,,,,,,,,,,,
2,635,propio,2,329.2855288387328,180.44037706767782,43.600000000000165,0.0,255.34952420948235,,,,,,,,,,,
2,636,propio,2,329.2855288387328,180.44037706767782,43.50000000000016,0.0,255.34952420948235,,,,,,,,,,,
2,637,propio,2,329.2855288387328,180.44037706767782,43.40000000000016,0.0,255.34952420948235,,,,,,,,,,,
2,637,rival,1,277.94263273196157,475.63971472941404,43.500000000000156,0.0,136.92155453355255,299.63100963778504,-155.48298613812966,,,,,,,,,
2,638,propio,2,329.2855288387328,180.44037706767782,43.30000000000016,0.0,255.34952420948235,,,,,,,,,,,
2,639,propio,2,329.2855288387328,180.44037706767782,43.20000000000016,0.0,255.34952420948235,,,,,,,,,,,
2,640,propio,2,329.2855288387328,180.44037706767782,43.10000000000016,0.0,255.34952420948235,,,,,,,,,,,
2,641,propio,2,329.2855288387328,180.44037706767782,43.000000000000156,0.0,255.34952420948235,,,,,,,,,,,
2,642,propio,2,329.2855288387328,180.44037706767782,42.900000000000155,0.0,255.34952420948235,,,,,,,,,,,
2,643,propio,2,329.2855288387328,180.44037706767782,42.80000000000015,0.0,255.34952420948235,,,,,,,,,,,
2,644,propio,2,329.2855288387328,180.44037706767782,42.70000000000015,0.0,255.34952420948235,,,,,,,,,,,
2,645,propio,2,329.2855288387328,180.44037706767782,42.60000000000015,0.0,255.34952420948235,,,,,,,,,,,
2,645,rival,1,277.94263273196157,475.63971472941404,41.700000000000145,0.0,136.92155453355255,299.63100963778504,-155.48298613812966,,,,,,,,,
2,646,propio,2,329.2855288387328,180.44037706767782,41.50000000000015,0.0,255.34952420948235,,,,,,,,,,,
2,646,disparo,2,329.2855288387328,180.44037706767782,41.50000000000015,,255.34952420948235,,,,1.0,,,,,,,
2,647,propio,2,329.2855288387328,180.44037706767782,41.40000000000015,0.0,255.34952420948235,,,,,,,,,,,
2,648,propio,2,329.2855288387328,180.44037706767782,41.300000000000146,0.0,255.34952420948235,,,,,,,,,,,
2,649,propio,2,329.2855288387328,180.44037706767782,41.200000000000145,0.0,255.34952420948235,,,,,,,,,,,
2,650,propio,2,329.2855288387328,180.44037706767782,41.10000000000014,0.0,255.34952420948235,,,,,,,,,,,
2,651,propio,2,329.2855288387328,180.44037706767782,41.00000000000014,0.0,255.34952420948235,,,,,,,,,,,
2,652,propio,2,329.2855288387328,180.44037706767782,40.90000000000014,0.0,255.34952420948235,,,,,,,,,,,
2,653,propio,2,329.2855288387328,180.44037706767782,40.80000000000014,0.0,255.34952420948235,,,,,,,,,,,
2,653,rival,1,277.94263273196157,475.63971472941404,40.900000000000134,0.0,136.92155453355255,299.63100963778504,-155.48298613812966,,,,,,,,,
2,654,propio,2,329.2855288387328,180.44037706767782,40.70000000000014,0.0,255.34952420948235,,,,,,,,,,,
2,655,propio,2,329.2855288387328,180.44037706767782,40.600000000000136,0.0,255.34952420948235,,,,,,,,,,,
2,656,propio,2,329.2855288387328,180.44037706767782,40.500000000000135,0.0,255.34952420948235,,,,,,,,,,,
2,657,propio,2,329.2855288387328,180.44037706767782,40.400000000000134,0.0,255.34952420948235,,,,,,,,,,,
2,658,propio,2,329.2855288387328,180.44037706767782,40.30000000000013,0.0,255.34952420948235,,,,,,,,,,,
2,659,propio,2,329.2855288387328,180.44037706767782,40.20000000000013,0.0,255.34952420948235,,,,,,,,,,,
2,660,propio,2,329.2855288387328,180.44037706767782,40.10000000000013,0.0,255.34952420948235,,,,,,,,,,,
2,661,propio,2,329.2855288387328,180.44037706767782,40.00000000000013,0.0,255.34952420948235,,,,,,,,,,,
2,661,rival,1,277.94263273196157,475.63971472941404,39.10000000000012,0.0,136.92155453355255,299.63100963778504,-155.48298613812966,,,,,,,,,
2,662,propio,2,329.2855288387328,180.44037706767782,38.90000000000013,0.0,255.34952420948235,,,,,,,,,,,
2,662,disparo,2,329.2855288387328,180.44037706767782,38.90000000000013,,255.34952420948235,,,,1.0,,,,,,,
2,663,propio,2,329.2855288387328,180.44037706767782,38.800000000000125,0.0,255.34952420948235,,,,,,,,,,,
2,664,propio,2,329.2855288387328,180.44037706767782,38.700000000000124,0.0,255.34952420948235,,,,,,,,,,,
2,665,propio,2,329.2855288387328,180.44037706767782,38.60000000000012,0.0,255.34952420948235,,,,,,,,,,,
2,666,propio,2,329.2855288387328,180.44037706767782,38.50000000000012,0.0,255.34952420948235,,,,,,,,,,,
2,667,propio,2,329.2855288387328,180.44037706767782,38.40000000000012,0.0,255.34952420948235,,,,,,,,,,,
2,668,propio,2,329.2855288387328,180.44037706767782,38.30000000000012,0.0,255.34952420948235,,,,,,,,,,,
2,669,propio,2,329.2855288387328,180.44037706767782,38.20000000000012,0.0,255.34952420948235,,,,,,,,,,,
2,669,rival,1,277.94263273196157,475.63971472941404,38.30000000000011,0.0,136.92155453355255,299.63100963778504,-155.48298613812966,,,,,,,,,
2,670,propio,2,329.2855288387328,180.44037706767782,38.100000000000115,0.0,255.34952420948235,,,,,,,,,,,
2,671,propio,2,329.2855288387328,180.44037706767782,38.000000000000114,0.0,255.34952420948235,,,,,,,,,,,
2,672,propio,2,329.2855288387328,180.44037706767782,37.90000000000011,0.0,255.34952420948235,,,,,,,,,,,
2,673,propio,2,329.2855288387328,180.44037706767782,37.80000000000011,0.0,255.34952420948235,,,,,,,,,,,
2,674,propio,2,329.2855288387328,180.44037706767782,37.70000000000011,0.0,255.34952420948235,,,,,,,,,,,
2,675,propio,2,329.2855288387328,180.44037706767782,37.60000000000011,0.0,255.34952420948235,,,,,,,,,,,
2,676,propio,2,329.2855288387328,180.44037706767782,37.50000000000011,0.0,255.34952420948235,,,,,,,,,,,
2,677,propio,2,329.2855288387328,180.44037706767782,37.400000000000105,0.0,255.34952420948235,,,,,,,,,,,
2,677,rival,1,277.94263273196157,475.63971472941404,36.5000000000001,0.0,136.92155453355255,299.63100963778504,-155.48298613812966,,,,,,,,,
2,678,propio,2,329.2855288387328,180.44037706767782,36.300000000000104,0.0,255.34952420948235,,,,,,,,,,,
2,678,disparo,2,329.2855288387328,180.44037706767782,36.300000000000104,,255.34952420948235,,,,1.0,,,,,,,
2,679,propio,2,329.2855288387328,180.44037706767782,36.2000000000001,0.0,255.34952420948235,,,,,,,,,,,
2,680,propio,2,329.2855288387328,180.44037706767782,36.1000000000001,0.0,255.34952420948235,,,,,,,,,,,
2,681,propio,2,329.2855288387328,180.44037706767782,36.0000000000001,0.0,255.34952420948235,,,,,,,,,,,
2,682,propio,2,329.2855288387328,180.44037706767782,35.9000000000001,0.0,255.34952420948235,,,,,,,,,,,
2,683,propio,2,329.2855288387328,180.44037706767782,35.8000000000001,0.0,255.34952420948235,,,,,,,,,,,
2,684,propio,2,329.2855288387328,180.44037706767782,35.700000000000095,0.0,255.34952420948235,,,,,,,,,,,
2,685,propio,2,329.2855288387328,180.44037706767782,35.600000000000094,0.0,255.34952420948235,,,,,,,,,,,
2,685,rival,1,277.94263273196157,475.63971472941404,35.70000000000009,0.0,136.92155453355255,299.63100963778504,-155.48298613812966,,,,,,,,,
2,686,propio,2,329.2855288387328,180.44037706767782,35.50000000000009,0.0,255.34952420948235,,,,,,,,,,,
2,687,propio,2,329.2855288387328,180.44037706767782,35.40000000000009,0.0,255.34952420948235,,,,,,,,,,,
2,688,propio,2,329.2855288387328,180.44037706767782,35.30000000000009,0.0,255.34952420948235,,,,,,,,,,,
2,689,propio,2,329.2855288387328,180.44037706767782,35.20000000000009,0.0,255.34952420948235,,,,,,,,,,,
2,690,propio,2,329.2855288387328,180.44037706767782,35.10000000000009,0.0,255.34952420948235,,,,,,,,,,,
2,691,propio,2,329.2855288387328,180.44037706767782,35.000000000000085,0.0,255.34952420948235,,,,,,,,,,,
2,692,propio,2,329.2855288387328,180.44037706767782,34.900000000000084,0.0,255.34952420948235,,,,,,,,,,,
2,693,propio,2,329.2855288387328,180.44037706767782,34.80000000000008,0.0,255.34952420948235,,,,,,,,,,,
2,693,rival,1,277.94263273196157,475.63971472941404,33.90000000000008,0.0,136.92155453355255,299.63100963778504,-155.48298613812966,,,,,,,,,
2,694,propio,2,329.2855288387328,180.44037706767782,33.70000000000008,0.0,255.34952420948235,,,,,,,,,,,
2,694,disparo,2,329.2855288387328,180.44037706767782,33.70000000000008,,255.34952420948235,,,,1.0,,,,,,,
2,695,propio,2,329.2855288387328,180.44037706767782,33.60000000000008,0.0,255.34952420948235,,,,,,,,,,,
2,696,propio,2,329.2855288387328,180.44037706767782,33.50000000000008,0.0,255.34952420948235,,,,,,,,,,,
2,697,propio,2,329.2855288387328,180.44037706767782,33.40000000000008,0.0,255.34952420948235,,,,,,,,,,,
2,698,propio,2,329.2855288387328,180.44037706767782,33.300000000000075,0.0,255.34952420948235,,,,,,,,,,,
2,699,propio,2,329.2855288387328,180.44037706767782,33.200000000000074,0.0,255.34952420948235,,,,,,,,,,,
2,700,propio,2,329.2855288387328,180.44037706767782,33.10000000000007,0.0,255.34952420948235,,,,,,,,,,,
2,701,propio,2,329.2855288387328,180.44037706767782,33.00000000000007,0.0,255.34952420948235,,,,,,,,,,,
2,701,rival,1,277.94263273196157,475.63971472941404,33.100000000000065,0.0,136.92155453355255,299.63100963778504,-155.48298613812966,,,,,,,,,
2,702,propio,2,329.2855288387328,180.44037706767782,32.90000000000007,0.0,255.34952420948235,,,,,,,,,,,
2,703,propio,2,329.2855288387328,180.44037706767782,32.80000000000007,0.0,255.34952420948235,,,,,,,,,,,
2,704,propio,2,329.2855288387328,180.44037706767782,32.70000000000007,0.0,255.34952420948235,,,,,,,,,,,
2,705,propio,2,329.2855288387328,180.44037706767782,32.600000000000065,0.0,255.34952420948235,,,,,,,,,,,
2,706,propio,2,329.2855288387328,180.44037706767782,32.500000000000064,0.0,255.34952420948235,,,,,,,,,,,
2,707,propio,2,329.2855288387328,180.44037706767782,32.40000000000006,0.0,255.34952420948235,,,,,,,,,,,
2,708,propio,2,329.2855288387328,180.44037706767782,32.30000000000006,0.0,255.34952420948235,,,,,,,,,,,
2,709,propio,2,329.2855288387328,180.44037706767782,32.20000000000006,0.0,255.34952420948235,,,,,,,,,,,
2,709,rival,1,277.94263273196157,475.63971472941404,31.300000000000054,0.0,136.92155453355255,299.63100963778504,-155.48298613812966,,,,,,,,,
2,710,propio,2,329.2855288387328,180.44037706767782,31.10000000000006,0.0,255.34952420948235,,,,,,,,,,,
2,710,disparo,2,329.2855288387328,180.44037706767782,31.10000000000006,,255.34952420948235,,,,1.0,,,,,,,
2,711,propio,2,329.2855288387328,180.44037706767782,31.000000000000057,0.0,255.34952420948235,,,,,,,,,,,
2,712,propio,2,329.2855288387328,180.44037706767782,30.900000000000055,0.0,255.34952420948235,,,,,,,,,,,
2,713,propio,2,329.2855288387328,180.44037706767782,30.800000000000054,0.0,255.34952420948235,,,,,,,,,,,
2,714,propio,2,329.2855288387328,180.44037706767782,30.700000000000053,0.0,255.34952420948235,,,,,,,,,,,
2,715,propio,2,329.2855288387328,180.44037706767782,30.60000000000005,0.0,255.34952420948235,,,,,,,,,,,
2,716,propio,2,329.2855288387328,180.44037706767782,30.50000000000005,0.0,255.34952420948235,,,,,,,,,,,
2,717,propio,2,329.2855288387328,180.44037706767782,30.40000000000005,0.0,255.34952420948235,,,,,,,,,,,
2,717,rival,1,277.94263273196157,475.63971472941404,30.500000000000043,0.0,136.92155453355255,299.63100963778504,-155.48298613812966,,,,,,,,,
2,718,propio,2,329.2855288387328,180.44037706767782,30.300000000000047,0.0,255.34952420948235,,,,,,,,,,,
2,719,propio,2,329.2855288387328,180.44037706767782,30.200000000000045,0.0,255.34952420948235,,,,,,,,,,,
2,720,propio,2,329.2855288387328,180.44037706767782,30.100000000000044,0.0,255.34952420948235,,,,,,,,,,,
2,721,propio,2,329.2855288387328,180.44037706767782,30.000000000000043,0.0,255.34952420948235,,,,,,,,,,,
2,722,propio,2,329.2855288387328,180.44037706767782,29.90000000000004,0.0,255.34952420948235,,,,,,,,,,,
2,723,propio,2,329.2855288387328,180.44037706767782,29.80000000000004,0.0,255.34952420948235,,,,,,,,,,,
2,724,propio,2,329.2855288387328,180.44037706767782,29.70000000000004,0.0,255.34952420948235,,,,,,,,,,,
2,725,propio,2,329.2855288387328,180.44037706767782,29.600000000000037,0.0,255.34952420948235,,,,,,,,,,,
2,725,rival,1,277.94263273196157,475.63971472941404,28.70000000000003,0.0,136.92155453355255,299.63100963778504,-155.48298613812966,,,,,,,,,
2,726,propio,2,329.2855288387328,180.44037706767782,28.500000000000036,0.0,255.34952420948235,,,,,,,,,,,
2,726,disparo,2,329.2855288387328,180.44037706767782,28.500000000000036,,255.34952420948235,,,,1.0,,,,,,,
2,727,propio,2,329.2855288387328,180.44037706767782,28.400000000000034,0.0,255.34952420948235,,,,,,,,,,,
2,728,propio,2,329.2855288387328,180.44037706767782,28.300000000000033,0.0,255.34952420948235,,,,,,,,,,,
2,729,propio,2,329.2855288387328,180.44037706767782,28.20000000000003,0.0,255.34952420948235,,,,,,,,,,,
2,730,propio,2,329.2855288387328,180.44037706767782,28.10000000000003,0.0,255.34952420948235,,,,,,,,,,,
2,731,propio,2,329.2855288387328,180.44037706767782,28.00000000000003,0.0,255.34952420948235,,,,,,,,,,,
2,732,propio,2,329.2855288387328,180.44037706767782,27.900000000000027,0.0,255.34952420948235,,,,,,,,,,,
2,733,propio,2,329.2855288387328,180.44037706767782,27.800000000000026,0.0,255.34952420948235,,,,,,,,,,,
2,733,rival,1,277.94263273196157,475.63971472941404,27.90000000000002,0.0,136.92155453355255,299.63100963778504,-155.48298613812966,,,,,,,,,
2,734,propio,2,329.2855288387328,180.44037706767782,27.700000000000024,0.0,255.34952420948235,,,,,,,,,,,
2,735,propio,2,329.2855288387328,180.44037706767782,27.600000000000023,0.0,255.34952420948235,,,,,,,,,,,
2,736,propio,2,329.2855288387328,180.44037706767782,27.50000000000002,0.0,255.34952420948235,,,,,,,,,,,
2,737,propio,2,329.2855288387328,180.44037706767782,27.40000000000002,0.0,255.34952420948235,,,,,,,,,,,
2,738,propio,2,329.2855288387328,180.44037706767782,27.30000000000002,0.0,255.34952420948235,,,,,,,,,,,
2,739,propio,2,329.2855288387328,180.44037706767782,27.200000000000017,0.0,255.34952420948235,,,,,,,,,,,
2,740,propio,2,329.2855288387328,180.44037706767782,27.100000000000016,0.0,255.34952420948235,,,,,,,,,,,
2,741,propio,2,329.2855288387328,180.44037706767782,27.000000000000014,0.0,255.34952420948235,,,,,,,,,,,
2,741,rival,1,277.94263273196157,475.63971472941404,26.10000000000001,0.0,136.92155453355255,299.63100963778504,-155.48298613812966,,,,,,,,,
2,742,propio,2,329.2855288387328,180.44037706767782,25.900000000000013,0.0,255.34952420948235,,,,,,,,,,,
2,742,disparo,2,329.2855288387328,180.44037706767782,25.900000000000013,,255.34952420948235,,,,1.0,,,,,,,
2,743,propio,2,329.2855288387328,180.44037706767782,25.80000000000001,0.0,255.34952420948235,,,,,,,,,,,
2,744,propio,2,329.2855288387328,180.44037706767782,25.70000000000001,0.0,255.34952420948235,,,,,,,,,,,
2,745,propio,2,329.2855288387328,180.44037706767782,25.60000000000001,0.0,255.34952420948235,,,,,,,,,,,
2,746,propio,2,329.2855288387328,180.44037706767782,25.500000000000007,0.0,255.34952420948235,,,,,,,,,,,
2,747,propio,2,329.2855288387328,180.44037706767782,25.400000000000006,0.0,255.34952420948235,,,,,,,,,,,
2,748,propio,2,329.2855288387328,180.44037706767782,25.300000000000004,0.0,255.34952420948235,,,,,,,,,,,
2,749,propio,2,329.2855288387328,180.44037706767782,25.200000000000003,0.0,255.34952420948235,,,,,,,,,,,
2,749,rival,1,277.94263273196157,475.63971472941404,25.299999999999997,0.0,136.92155453355255,299.63100963778504,-155.48298613812966,,,,,,,,,
2,750,propio,2,329.2855288387328,180.44037706767782,25.1,0.0,255.34952420948235,,,,,,,,,,,
2,751,propio,2,329.2855288387328,180.44037706767782,25.0,0.0,255.34952420948235,,,,,,,,,,,
2,752,propio,2,329.2855288387328,180.44037706767782,24.9,0.0,255.34952420948235,,,,,,,,,,,
2,753,propio,2,329.2855288387328,180.44037706767782,24.799999999999997,0.0,255.34952420948235,,,,,,,,,,,
2,754,propio,2,329.2855288387328,180.44037706767782,24.699999999999996,0.0,255.34952420948235,,,,,,,,,,,
2,755,propio,2,329.2855288387328,180.44037706767782,24.599999999999994,0.0,255.34952420948235,,,,,,,,,,,
2,756,propio,2,329.2855288387328,180.44037706767782,24.499999999999993,0.0,255.34952420948235,,,,,,,,,,,
2,757,propio,2,329.2855288387328,180.44037706767782,24.39999999999999,0.0,255.34952420948235,,,,,,,,,,,
2,757,rival,1,277.94263273196157,475.63971472941404,23.499999999999986,0.0,136.92155453355255,299.63100963778504,-155.48298613812966,,,,,,,,,
2,758,propio,2,329.2855288387328,180.44037706767782,23.29999999999999,0.0,255.34952420948235,,,,,,,,,,,
2,758,disparo,2,329.2855288387328,180.44037706767782,23.29999999999999,,255.34952420948235,,,,1.0,,,,,,,
2,759,propio,2,329.2855288387328,180.44037706767782,23.19999999999999,0.0,255.34952420948235,,,,,,,,,,,
2,760,propio,2,329.2855288387328,180.44037706767782,23.099999999999987,0.0,255.34952420948235,,,,,,,,,,,
2,761,propio,2,329.2855288387328,180.44037706767782,22.999999999999986,0.0,255.34952420948235,,,,,,,,,,,
2,762,propio,2,329.2855288387328,180.44037706767782,22.899999999999984,0.0,255.34952420948235,,,,,,,,,,,
2,763,propio,2,329.2855288387328,180.44037706767782,22.799999999999983,0.0,255.34952420948235,,,,,,,,,,,
2,764,propio,2,329.2855288387328,180.44037706767782,22.69999999999998,0.0,255.34952420948235,,,,,,,,,,,
2,765,propio,2,329.2855288387328,180.44037706767782,22.59999999999998,0.0,255.34952420948235,,,,,,,,,,,
2,765,rival,1,277.94263273196157,475.63971472941404,22.699999999999974,0.0,136.92155453355255,299.63100963778504,-155.48298613812966,,,,,,,,,
2,766,propio,2,329.2855288387328,180.44037706767782,22.49999999999998,0.0,255.34952420948235,,,,,,,,,,,
2,767,propio,2,329.2855288387328,180.44037706767782,22.399999999999977,0.0,255.34952420948235,,,,,,,,,,,
2,768,propio,2,329.2855288387328,180.44037706767782,22.299999999999976,0.0,255.34952420948235,,,,,,,,,,,
2,769,propio,2,329.2855288387328,180.44037706767782,22.199999999999974,0.0,255.34952420948235,,,,,,,,,,,
2,770,propio,2,329.2855288387328,180.44037706767782,22.099999999999973,0.0,255.34952420948235,,,,,,,,,,,
2,771,propio,2,329.2855288387328,180.44037706767782,21.99999999999997,0.0,255.34952420948235,,,,,,,,,,,
2,772,propio,2,329.2855288387328,180.44037706767782,21.89999999999997,0.0,255.34952420948235,,,,,,,,,,,
2,773,propio,2,329.2855288387328,180.44037706767782,21.79999999999997,0.0,255.34952420948235,,,,,,,,,,,
2,773,rival,1,277.94263273196157,475.63971472941404,20.899999999999963,0.0,136.92155453355255,299.63100963778504,-155.48298613812966,,,,,,,,,
2,774,propio,2,329.2855288387328,180.44037706767782,20.699999999999967,0.0,255.34952420948235,,,,,,,,,,,
2,774,disparo,2,329.2855288387328,180.44037706767782,20.699999999999967,,255.34952420948235,,,,1.0,,,,,,,
2,775,propio,2,329.2855288387328,180.44037706767782,20.599999999999966,0.0,255.34952420948235,,,,,,,,,,,
2,776,propio,2,329.2855288387328,180.44037706767782,20.499999999999964,0.0,255.34952420948235,,,,,,,,,,,
2,777,propio,2,329.2855288387328,180.44037706767782,20.399999999999963,0.0,255.34952420948235,,,,,,,,,,,
2,778,propio,2,329.2855288387328,180.44037706767782,20.29999999999996,0.0,255.34952420948235,,,,,,,,,,,
2,779,propio,2,329.2855288387328,180.44037706767782,20.19999999999996,0.0,255.34952420948235,,,,,,,,,,,
2,780,propio,2,329.2855288387328,180.44037706767782,20.09999999999996,0.0,255.34952420948235,,,,,,,,,,,
2,781,propio,2,329.2855288387328,180.44037706767782,19.999999999999957,0.0,255.34952420948235,,,,,,,,,,,
2,781,rival,1,277.94263273196157,475.63971472941404,20.09999999999995,0.0,136.92155453355255,299.63100963778504,-155.48298613812966,,,,,,,,,
2,782,propio,2,329.2855288387328,180.44037706767782,19.899999999999956,0.0,255.34952420948235,,,,,,,,,,,
2,783,propio,2,329.2855288387328,180.44037706767782,19.799999999999955,0.0,255.34952420948235,,,,,,,,,,,
2,784,propio,2,329.2855288387328,180.44037706767782,19.699999999999953,0.0,255.34952420948235,,,,,,,,,,,
2,785,propio,2,329.2855288387328,180.44037706767782,19.59999999999995,0.0,255.34952420948235,,,,,,,,,,,
2,786,propio,2,329.2855288387328,180.44037706767782,19.49999999999995,0.0,255.34952420948235,,,,,,,,,,,
2,787,propio,2,329.2855288387328,180.44037706767782,19.39999999999995,0.0,255.34952420948235,,,,,,,,,,,
2,788,propio,2,329.2855288387328,180.44037706767782,19.299999999999947,0.0,255.34952420948235,,,,,,,,,,,
2,789,propio,2,329.2855288387328,180.44037706767782,19.199999999999946,0.0,255.34952420948235,,,,,,,,,,,
2,789,rival,1,277.94263273196157,475.63971472941404,18.29999999999994,0.0,136.92155453355255,299.63100963778504,-155.48298613812966,,,,,,,,,
2,790,propio,2,329.2855288387328,180.44037706767782,18.099999999999945,0.0,255.34952420948235,,,,,,,,,,,
2,790,disparo,2,329.2855288387328,180.44037706767782,18.099999999999945,,255.34952420948235,,,,1.0,,,,,,,
2,791,propio,2,329.2855288387328,180.44037706767782,17.999999999999943,0.0,255.34952420948235,,,,,,,,,,,
2,792,propio,2,329.2855288387328,180.44037706767782,17.89999999999994,0.0,255.34952420948235,,,,,,,,,,,
2,793,propio,2,329.2855288387328,180.44037706767782,17.79999999999994,0.0,255.34952420948235,,,,,,,,,,,
2,794,propio,2,329.2855288387328,180.44037706767782,17.69999999999994,0.0,255.34952420948235,,,,,,,,,,,
2,795,propio,2,329.2855288387328,180.44037706767782,17.599999999999937,0.0,255.34952420948235,,,,,,,,,,,
2,796,propio,2,329.2855288387328,180.44037706767782,17.499999999999936,0.0,255.34952420948235,,,,,,,,,,,
2,797,propio,2,329.2855288387328,180.44037706767782,17.399999999999935,0.0,255.34952420948235,,,,,,,,,,,
2,797,rival,1,277.94263273196157,475.63971472941404,17.49999999999993,0.0,136.92155453355255,299.63100963778504,-155.48298613812966,,,,,,,,,
2,798,propio,2,329.2855288387328,180.44037706767782,17.299999999999933,0.0,255.34952420948235,,,,,,,,,,,
2,799,propio,2,329.2855288387328,180.44037706767782,17.199999999999932,0.0,255.34952420948235,,,,,,,,,,,
2,800,propio,2,329.2855288387328,180.44037706767782,17.09999999999993,0.0,255.34952420948235,,,,,,,,,,,
2,801,propio,2,329.2855288387328,180.44037706767782,16.99999999999993,0.0,255.34952420948235,,,,,,,,,,,
2,802,propio,2,329.2855288387328,180.44037706767782,16.899999999999928,0.0,255.34952420948235,,,,,,,,,,,
2,803,propio,2,329.2855288387328,180.44037706767782,16.799999999999926,0.0,255.34952420948235,,,,,,,,,,,
2,804,propio,2,329.2855288387328,180.44037706767782,16.699999999999925,0.0,255.34952420948235,,,,,,,,,,,
2,805,propio,2,329.2855288387328,180.44037706767782,16.599999999999923,0.0,255.34952420948235,,,,,,,,,,,
2,805,rival,1,277.94263273196157,475.63971472941404,15.699999999999925,0.0,136.92155453355255,299.63100963778504,-155.48298613812966,,,,,,,,,
2,806,propio,2,329.2855288387328,180.44037706767782,15.499999999999924,0.0,255.34952420948235,,,,,,,,,,,
2,806,disparo,2,329.2855288387328,180.44037706767782,15.499999999999924,,255.34952420948235,,,,1.0,,,,,,,
2,807,propio,2,329.2855288387328,180.44037706767782,15.399999999999924,0.0,255.34952420948235,,,,,,,,,,,
2,808,propio,2,329.2855288387328,180.44037706767782,15.299999999999924,0.0,255.34952420948235,,,,,,,,,,,
2,809,propio,2,329.2855288387328,180.44037706767782,15.199999999999925,0.0,255.34952420948235,,,,,,,,,,,
2,810,propio,2,329.2855288387328,180.44037706767782,15.099999999999925,0.0,255.34952420948235,,,,,,,,,,,
2,811,propio,2,329.2855288387328,180.44037706767782,14.999999999999925,0.0,255.34952420948235,,,,,,,,,,,
2,812,propio,2,329.2855288387328,180.44037706767782,14.899999999999926,0.0,255.34952420948235,,,,,,,,,,,
2,813,propio,2,329.2855288387328,180.44037706767782,14.799999999999926,0.0,255.34952420948235,,,,,,,,,,,
2,813,rival,1,277.94263273196157,475.63971472941404,14.899999999999928,0.0,136.92155453355255,299.63100963778504,-155.48298613812966,,,,,,,,,
2,814,propio,2,329.2855288387328,180.44037706767782,14.699999999999926,0.0,255.34952420948235,,,,,,,,,,,
2,815,propio,2,329.2855288387328,180.44037706767782,14.599999999999927,0.0,255.34952420948235,,,,,,,,,,,
2,816,propio,2,329.2855288387328,180.44037706767782,14.499999999999927,0.0,255.34952420948235,,,,,,,,,,,
2,817,propio,2,329.2855288387328,180.44037706767782,14.399999999999928,0.0,255.34952420948235,,,,,,,,,,,
2,818,propio,2,329.2855288387328,180.44037706767782,14.299999999999928,0.0,255.34952420948235,,,,,,,,,,,
2,819,propio,2,329.2855288387328,180.44037706767782,14.199999999999928,0.0,255.34952420948235,,,,,,,,,,,
2,820,propio,2,329.2855288387328,180.44037706767782,14.099999999999929,0.0,255.34952420948235,,,,,,,,,,,
2,821,propio,2,329.2855288387328,180.44037706767782,13.999999999999929,0.0,255.34952420948235,,,,,,,,,,,
2,821,rival,1,277.94263273196157,475.63971472941404,13.09999999999993,0.0,136.92155453355255,299.63100963778504,-155.48298613812966,,,,,,,,,
2,822,propio,2,329.2855288387328,180.44037706767782,12.89999999999993,0.0,255.34952420948235,,,,,,,,,,,
2,822,disparo,2,329.2855288387328,180.44037706767782,12.89999999999993,,255.34952420948235,,,,1.0,,,,,,,
2,823,propio,2,329.2855288387328,180.44037706767782,12.79999999999993,0.0,255.34952420948235,,,,,,,,,,,
2,824,propio,2,329.2855288387328,180.44037706767782,12.69999999999993,0.0,255.34952420948235,,,,,,,,,,,
2,825,propio,2,329.2855288387328,180.44037706767782,12.59999999999993,0.0,255.34952420948235,,,,,,,,,,,
2,826,propio,2,329.2855288387328,180.44037706767782,12.49999999999993,0.0,255.34952420948235,,,,,,,,,,,
2,827,propio,2,329.2855288387328,180.44037706767782,12.399999999999931,0.0,255.34952420948235,,,,,,,,,,,
2,828,propio,2,329.2855288387328,180.44037706767782,12.299999999999931,0.0,255.34952420948235,,,,,,,,,,,
2,829,propio,2,329.2855288387328,180.44037706767782,12.199999999999932,0.0,255.34952420948235,,,,,,,,,,,
2,829,rival,1,277.94263273196157,475.63971472941404,12.299999999999933,0.0,136.92155453355255,299.63100963778504,-155.48298613812966,,,,,,,,,
2,830,propio,2,329.2855288387328,180.44037706767782,12.099999999999932,0.0,255.34952420948235,,,,,,,,,,,
2,831,propio,2,329.2855288387328,180.44037706767782,11.999999999999932,0.0,255.34952420948235,,,,,,,,,,,
2,832,propio,2,329.2855288387328,180.44037706767782,11.899999999999933,0.0,255.34952420948235,,,,,,,,,,,
2,833,propio,2,329.2855288387328,180.44037706767782,11.799999999999933,0.0,255.34952420948235,,,,,,,,,,,
2,834,propio,2,329.2855288387328,180.44037706767782,11.699999999999934,0.0,255.34952420948235,,,,,,,,,,,
2,835,propio,2,329.2855288387328,180.44037706767782,11.599999999999934,0.0,255.34952420948235,,,,,,,,,,,
2,836,propio,2,329.2855288387328,180.44037706767782,11.499999999999934,0.0,255.34952420948235,,,,,,,,,,,
2,837,propio,2,329.2855288387328,180.44037706767782,11.399999999999935,0.0,255.34952420948235,,,,,,,,,,,
2,837,rival,1,277.94263273196157,475.63971472941404,10.499999999999936,0.0,136.92155453355255,299.63100963778504,-155.48298613812966,,,,,,,,,
2,838,propio,2,329.2855288387328,180.44037706767782,10.299999999999935,0.0,255.34952420948235,,,,,,,,,,,
2,838,disparo,2,329.2855288387328,180.44037706767782,10.299999999999935,,255.34952420948235,,,,1.0,,,,,,,
2,839,propio,2,329.2855288387328,180.44037706767782,10.199999999999935,0.0,255.34952420948235,,,,,,,,,,,
2,840,propio,2,329.2855288387328,180.44037706767782,10.099999999999936,0.0,255.34952420948235,,,,,,,,,,,
2,841,propio,2,329.2855288387328,180.44037706767782,9.999999999999936,0.0,255.34952420948235,,,,,,,,,,,
2,842,propio,2,329.2855288387328,180.44037706767782,9.899999999999936,0.0,255.34952420948235,,,,,,,,,,,
2,843,propio,2,329.2855288387328,180.44037706767782,9.799999999999937,0.0,255.34952420948235,,,,,,,,,,,
2,844,propio,2,329.2855288387328,180.44037706767782,9.699999999999937,0.0,255.34952420948235,,,,,,,,,,,
2,845,propio,2,329.2855288387328,180.44037706767782,9.599999999999937,0.0,255.34952420948235,,,,,,,,,,,
2,845,rival,1,277.94263273196157,475.63971472941404,9.699999999999939,0.0,136.92155453355255,299.63100963778504,-155.48298613812966,,,,,,,,,
2,846,propio,2,329.2855288387328,180.44037706767782,9.499999999999938,0.0,255.34952420948235,,,,,,,,,,,
2,847,propio,2,329.2855288387328,180.44037706767782,9.399999999999938,0.0,255.34952420948235,,,,,,,,,,,
2,848,propio,2,329.2855288387328,180.44037706767782,9.299999999999939,0.0,255.34952420948235,,,,,,,,,,,
2,849,propio,2,329.2855288387328,180.44037706767782,9.199999999999939,0.0,255.34952420948235,,,,,,,,,,,
2,850,propio,2,329.2855288387328,180.44037706767782,9.09999999999994,0.0,255.34952420948235,,,,,,,,,,,
2,851,propio,2,329.2855288387328,180.44037706767782,8.99999999999994,0.0,255.34952420948235,,,,,,,,,,,
2,852,propio,2,329.2855288387328,180.44037706767782,8.89999999999994,0.0,255.34952420948235,,,,,,,,,,,
2,853,propio,2,329.2855288387328,180.44037706767782,8.79999999999994,0.0,255.34952420948235,,,,,,,,,,,
2,853,rival,1,277.94263273196157,475.63971472941404,7.899999999999942,0.0,136.92155453355255,299.63100963778504,-155.48298613812966,,,,,,,,,
2,854,propio,2,329.2855288387328,180.44037706767782,7.699999999999941,0.0,255.34952420948235,,,,,,,,,,,
2,854,disparo,2,329.2855288387328,180.44037706767782,7.699999999999941,,255.34952420948235,,,,1.0,,,,,,,
2,855,propio,2,329.2855288387328,180.44037706767782,7.599999999999941,0.0,255.34952420948235,,,,,,,,,,,
2,856,propio,2,329.2855288387328,180.44037706767782,7.499999999999941,0.0,255.34952420948235,,,,,,,,,,,
2,857,propio,2,329.2855288387328,180.44037706767782,7.399999999999942,0.0,255.34952420948235,,,,,,,,,,,
2,858,propio,2,329.2855288387328,180.44037706767782,7.299999999999942,0.0,255.34952420948235,,,,,,,,,,,
2,859,propio,2,329.2855288387328,180.44037706767782,7.1999999999999424,0.0,255.34952420948235,,,,,,,,,,,
2,860,propio,2,329.2855288387328,180.44037706767782,7.099999999999943,0.0,255.34952420948235,,,,,,,,,,,
2,861,propio,2,329.2855288387328,180.44037706767782,6.999999999999943,0.0,255.34952420948235,,,,,,,,,,,
2,861,rival,1,277.94263273196157,475.63971472941404,7.099999999999945,0.0,136.92155453355255,299.63100963778504,-155.48298613812966,,,,,,,,,
2,862,propio,2,329.2855288387328,180.44037706767782,6.8999999999999435,0.0,255.34952420948235,,,,,,,,,,,
2,863,propio,2,329.2855288387328,180.44037706767782,6.799999999999944,0.0,255.34952420948235,,,,,,,,,,,
2,864,propio,2,329.2855288387328,180.44037706767782,6.699999999999944,0.0,255.34952420948235,,,,,,,,,,,
2,865,propio,2,329.2855288387328,180.44037706767782,6.599999999999945,0.0,255.34952420948235,,,,,,,,,,,
2,866,propio,2,329.2855288387328,180.44037706767782,6.499999999999945,0.0,255.34952420948235,,,,,,,,,,,
2,867,propio,2,329.2855288387328,180.44037706767782,6.399999999999945,0.0,255.34952420948235,,,,,,,,,,,
2,868,propio,2,329.2855288387328,180.44037706767782,6.299999999999946,0.0,255.34952420948235,,,,,,,,,,,
2,869,propio,2,329.2855288387328,180.44037706767782,6.199999999999946,0.0,255.34952420948235,,,,,,,,,,,
2,869,rival,1,277.94263273196157,475.63971472941404,5.299999999999947,0.0,136.92155453355255,299.63100963778504,-155.48298613812966,,,,,,,,,
2,870,propio,2,329.2855288387328,180.44037706767782,5.099999999999946,0.0,255.34952420948235,,,,,,,,,,,
2,870,disparo,2,329.2855288387328,180.44037706767782,5.099999999999946,,255.34952420948235,,,,1.0,,,,,,,
2,871,propio,2,329.2855288387328,180.44037706767782,4.999999999999947,0.0,255.34952420948235,,,,,,,,,,,
2,872,propio,2,329.2855288387328,180.44037706767782,4.899999999999947,0.0,255.34952420948235,,,,,,,,,,,
2,873,propio,2,329.2855288387328,180.44037706767782,4.799999999999947,0.0,255.34952420948235,,,,,,,,,,,
2,874,propio,2,329.2855288387328,180.44037706767782,4.699999999999948,0.0,255.34952420948235,,,,,,,,,,,
2,875,propio,2,329.2855288387328,180.44037706767782,4.599999999999948,0.0,255.34952420948235,,,,,,,,,,,
2,876,propio,2,329.2855288387328,180.44037706767782,4.4999999999999485,0.0,255.34952420948235,,,,,,,,,,,
2,877,propio,2,329.2855288387328,180.44037706767782,4.399999999999949,0.0,255.34952420948235,,,,,,,,,,,
2,877,rival,1,277.94263273196157,475.63971472941404,4.49999999999995,0.0,136.92155453355255,299.63100963778504,-155.48298613812966,,,,,,,,,
2,878,propio,2,329.2855288387328,180.44037706767782,4.299999999999949,0.0,255.34952420948235,,,,,,,,,,,
2,879,propio,2,329.2855288387328,180.44037706767782,4.1999999999999496,0.0,255.34952420948235,,,,,,,,,,,
2,880,propio,2,329.2855288387328,180.44037706767782,4.09999999999995,0.0,255.34952420948235,,,,,,,,,,,
2,881,propio,2,329.2855288387328,180.44037706767782,3.99999999999995,0.0,255.34952420948235,,,,,,,,,,,
2,882,propio,2,329.2855288387328,180.44037706767782,3.8999999999999497,0.0,255.34952420948235,,,,,,,,,,,
2,883,propio,2,329.2855288387328,180.44037706767782,3.7999999999999496,0.0,255.34952420948235,,,,,,,,,,,
2,884,propio,2,329.2855288387328,180.44037706767782,3.6999999999999496,0.0,255.34952420948235,,,,,,,,,,,
2,885,propio,2,329.2855288387328,180.44037706767782,3.5999999999999495,0.0,255.34952420948235,,,,,,,,,,,
2,885,rival,1,277.94263273196157,475.63971472941404,2.6999999999999504,0.0,136.92155453355255,299.63100963778504,-155.48298613812966,,,,,,,,,
2,886,propio,2,329.2855288387328,180.44037706767782,2.4999999999999494,0.0,255.34952420948235,,,,,,,,,,,
2,886,disparo,2,329.2855288387328,180.44037706767782,2.4999999999999494,,255.34952420948235,,,,1.0,,,,,,,
2,887,propio,2,329.2855288387328,180.44037706767782,2.3999999999999493,0.0,255.34952420948235,,,,,,,,,,,
2,888,propio,2,329.2855288387328,180.44037706767782,2.299999999999949,0.0,255.34952420948235,,,,,,,,,,,
2,889,propio,2,329.2855288387328,180.44037706767782,2.199999999999949,0.0,255.34952420948235,,,,,,,,,,,
2,890,propio,2,329.2855288387328,180.44037706767782,2.099999999999949,0.0,255.34952420948235,,,,,,,,,,,
2,891,propio,2,329.2855288387328,180.44037706767782,1.999999999999949,0.0,255.34952420948235,,,,,,,,,,,
2,892,propio,2,329.2855288387328,180.44037706767782,1.8999999999999488,0.0,255.34952420948235,,,,,,,,,,,
2,893,propio,2,329.2855288387328,180.44037706767782,1.7999999999999488,0.0,255.34952420948235,,,,,,,,,,,
2,893,rival,1,277.94263273196157,475.63971472941404,1.8999999999999497,0.0,136.92155453355255,299.63100963778504,-155.48298613812966,,,,,,,,,
2,894,propio,2,329.2855288387328,180.44037706767782,1.6999999999999487,0.0,255.34952420948235,,,,,,,,,,,
2,895,propio,2,329.2855288387328,180.44037706767782,1.5999999999999486,0.0,255.34952420948235,,,,,,,,,,,
2,896,propio,2,329.2855288387328,180.44037706767782,1.4999999999999485,0.0,255.34952420948235,,,,,,,,,,,
2,897,propio,2,329.2855288387328,180.44037706767782,1.3999999999999484,0.0,255.34952420948235,,,,,,,,,,,
2,898,propio,2,329.2855288387328,180.44037706767782,1.2999999999999483,0.0,255.34952420948235,,,,,,,,,,,
2,899,propio,2,329.2855288387328,180.44037706767782,1.1999999999999482,0.0,255.34952420948235,,,,,,,,,,,
2,900,propio,2,329.2855288387328,180.44037706767782,1.0999999999999481,0.0,255.34952420948235,,,,,,,,,,,
2,900,fin_ronda,2,,,,,,,,,,,1,2,50.0,0.0,0.0,60.0
2,901,propio,2,329.2855288387328,180.44037706767782,0.9999999999999482,0.0,255.34952420948235,,,,,,,,,,,
2,901,rival,1,277.94263273196157,475.63971472941404,0.09999999999994963,0.0,136.92155453355255,299.63100963778504,-155.48298613812966,,,,,,,,,
3,1,propio,2,68.76912223102273,176.371778688985,100.0,0.0,338.53593012412944,,,,,,,,,,,
3,2,propio,2,68.76912223102273,176.371778688985,100.0,0.0,338.53593012412944,,,,,,,,,,,
3,3,propio,2,68.76912223102273,176.371778688985,100.0,0.0,338.53593012412944,,,,,,,,,,,
3,4,propio,2,68.76912223102273,176.371778688985,100.0,0.0,338.53593012412944,,,,,,,,,,,
3,5,propio,2,68.76912223102273,176.371778688985,100.0,0.0,338.53593012412944,,,,,,,,,,,
3,6,propio,2,68.76912223102273,176.371778688985,100.0,0.0,338.53593012412944,,,,,,,,,,,
3,7,propio,2,68.76912223102273,176.371778688985,100.0,0.0,338.53593012412944,,,,,,,,,,,
3,8,propio,2,68.76912223102273,176.371778688985,100.0,0.0,338.53593012412944,,,,,,,,,,,
3,9,propio,2,68.76912223102273,176.371778688985,100.0,0.0,338.53593012412944,,,,,,,,,,,
3,9,rival,1,523.8016451018632,121.63632488490148,100.0,0.0,84.37891458311074,458.3127390476299,14.604967807243554,,,,,,,,,
3,10,propio,2,68.76912223102273,176.371778688985,100.0,0.0,338.53593012412944,,,,,,,,,,,
3,11,propio,2,68.76912223102273,176.371778688985,100.0,0.0,338.53593012412944,,,,,,,,,,,
3,12,propio,2,68.76912223102273,176.371778688985,100.0,0.0,338.53593012412944,,,,,,,,,,,
3,13,propio,2,68.76912223102273,176.371778688985,100.0,0.0,338.53593012412944,,,,,,,,,,,
3,14,propio,2,68.76912223102273,176.371778688985,100.0,0.0,338.53593012412944,,,,,,,,,,,
3,15,propio,2,68.76912223102273,176.371778688985,100.0,0.0,338.53593012412944,,,,,,,,,,,
3,16,propio,2,68.76912223102273,176.371778688985,100.0,0.0,338.53593012412944,,,,,,,,,,,
3,17,propio,2,68.76912223102273,176.371778688985,100.0,0.0,338.53593012412944,,,,,,,,,,,
3,17,rival,1,523.8016451018632,121.63632488490148,100.0,0.0,84.37891458311074,458.3127390476299,14.604967807243554,,,,,,,,,
3,18,propio,2,68.76912223102273,176.371778688985,100.0,0.0,338.53593012412944,,,,,,,,,,,
3,19,propio,2,68.76912223102273,176.371778688985,100.0,0.0,338.53593012412944,,,,,,,,,,,
3,20,propio,2,68.76912223102273,176.371778688985,100.0,0.0,338.53593012412944,,,,,,,,,,,
3,21,propio,2,68.76912223102273,176.371778688985,100.0,0.0,338.53593012412944,,,,,,,,,,,
3,22,propio,2,68.76912223102273,176.371778688985,100.0,0.0,338.53593012412944,,,,,,,,,,,
3,23,propio,2,68.76912223102273,176.371778688985,100.0,0.0,338.53593012412944,,,,,,,,,,,
3,24,propio,2,68.76912223102273,176.371778688985,100.0,0.0,338.53593012412944,,,,,,,,,,,
3,25,propio,2,68.76912223102273,176.371778688985,100.0,0.0,338.53593012412944,,,,,,,,,,,
3,25,rival,1,523.8016451018632,121.63632488490148,100.0,0.0,84.37891458311074,458.3127390476299,14.604967807243554,,,,,,,,,
3,26,propio,2,68.76912223102273,176.371778688985,100.0,0.0,338.53593012412944,,,,,,,,,,,
3,27,propio,2,68.76912223102273,176.371778688985,100.0,0.0,338.53593012412944,,,,,,,,,,,
3,28,propio,2,68.76912223102273,176.371778688985,100.0,0.0,338.53593012412944,,,,,,,,,,,
3,29,propio,2,68.76912223102273,176.371778688985,100.0,0.0,338.53593012412944,,,,,,,,,,,
3,30,propio,2,68.76912223102273,176.371778688985,100.0,0.0,338.53593012412944,,,,,,,,,,,
3,31,propio,2,68.76912223102273,176.371778688985,100.0,0.0,338.53593012412944,,,,,,,,,,,
3,32,propio,2,68.76912223102273,176.371778688985,100.0,0.0,338.53593012412944,,,,,,,,,,,
3,33,propio,2,68.76912223102273,176.371778688985,100.0,0.0,338.53593012412944,,,,,,,,,,,
3,33,rival,1,523.8016451018632,121.63632488490148,99.0,0.0,84.37891458311074,458.3127390476299,14.604967807243554,,,,,,,,,
3,34,propio,2,68.76912223102273,176.371778688985,99.0,0.0,338.53593012412944,,,,,,,,,,,
3,34,disparo,2,68.76912223102273,176.371778688985,99.0,,353.140897931373,,,,1.0,,,,,,,
3,35,propio,2,68.76912223102273,176.371778688985,99.0,0.0,338.53593012412944,,,,,,,,,,,
3,36,propio,2,68.76912223102273,176.371778688985,99.0,0.0,338.53593012412944,,,,,,,,,,,
3,37,propio,2,68.76912223102273,176.371778688985,99.0,0.0,338.53593012412944,,,,,,,,,,,
3,38,propio,2,68.76912223102273,176.371778688985,99.0,0.0,338.53593012412944,,,,,,,,,,,
3,39,propio,2,68.76912223102273,176.371778688985,99.0,0.0,338.53593012412944,,,,,,,,,,,
3,40,propio,2,68.76912223102273,176.371778688985,99.0,0.0,338.53593012412944,,,,,,,,,,,
3,41,propio,2,68.76912223102273,176.371778688985,99.0,0.0,338.53593012412944,,,,,,,,,,,
3,41,rival,1,523.8016451018632,121.63632488490148,99.0,0.0,84.37891458311074,458.3127390476299,14.604967807243554,,,,,,,,,
3,42,propio,2,68.76912223102273,176.371778688985,99.0,0.0,338.53593012412944,,,,,,,,,,,
3,43,propio,2,68.76912223102273,176.371778688985,99.0,0.0,338.53593012412944,,,,,,,,,,,
3,44,propio,2,68.76912223102273,176.371778688985,99.0,0.0,338.53593012412944,,,,,,,,,,,
3,45,propio,2,68.76912223102273,176.371778688985,99.0,0.0,338.53593012412944,,,,,,,,,,,
3,46,propio,2,68.76912223102273,176.371778688985,99.0,0.0,338.53593012412944,,,,,,,,,,,
3,47,propio,2,68.76912223102273,176.371778688985,99.0,0.0,338.53593012412944,,,,,,,,,,,
3,48,propio,2,68.76912223102273,176.371778688985,99.0,0.0,338.53593012412944,,,,,,,,,,,
3,49,propio,2,68.76912223102273,176.371778688985,99.0,0.0,338.53593012412944,,,,,,,,,,,
3,49,rival,1,523.8016451018632,121.63632488490148,98.0,0.0,84.37891458311074,458.3127390476299,14.604967807243554,,,,,,,,,
3,50,propio,2,68.76912223102273,176.371778688985,98.0,0.0,338.53593012412944,,,,,,,,,,,
3,50,disparo,2,68.76912223102273,176.371778688985,98.0,,353.140897931373,,,,1.0,,,,,,,
3,51,propio,2,68.76912223102273,176.371778688985,98.0,0.0,338.53593012412944,,,,,,,,,,,
3,52,propio,2,68.76912223102273,176.371778688985,98.0,0.0,338.53593012412944,,,,,,,,,,,
3,53,propio,2,68.76912223102273,176.371778688985,98.0,0.0,338.53593012412944,,,,,,,,,,,
3,54,propio,2,68.76912223102273,176.371778688985,98.0,0.0,338.53593012412944,,,,,,,,,,,
3,55,propio,2,68.76912223102273,176.371778688985,98.0,0.0,338.53593012412944,,,,,,,,,,,
3,56,propio,2,68.76912223102273,176.371778688985,98.0,0.0,338.53593012412944,,,,,,,,,,,
3,57,propio,2,68.76912223102273,176.371778688985,98.0,0.0,338.53593012412944,,,,,,,,,,,
3,57,rival,1,523.8016451018632,121.63632488490148,98.0,0.0,84.37891458311074,458.3127390476299,14.604967807243554,,,,,,,,,
3,58,propio,2,68.76912223102273,176.371778688985,101.0,0.0,338.53593012412944,,,,,,,,,,,
3,58,impacto_dado,2,,,94.0,,,,,1,1.0,4.0,,,,,,
3,59,propio,2,68.76912223102273,176.371778688985,101.0,0.0,338.53593012412944,,,,,,,,,,,
3,60,propio,2,68.76912223102273,176.371778688985,101.0,0.0,338.53593012412944,,,,,,,,,,,
3,61,propio,2,68.76912223102273,176.371778688985,101.0,0.0,338.53593012412944,,,,,,,,,,,
3,62,propio,2,68.76912223102273,176.371778688985,101.0,0.0,338.53593012412944,,,,,,,,,,,
3,63,propio,2,68.76912223102273,176.371778688985,101.0,0.0,338.53593012412944,,,,,,,,,,,
3,64,propio,2,68.76912223102273,176.371778688985,101.0,0.0,338.53593012412944,,,,,,,,,,,
3,65,propio,2,68.76912223102273,176.371778688985,101.0,0.0,338.53593012412944,,,,,,,,,,,
3,65,rival,1,523.8016451018632,121.63632488490148,93.0,0.0,84.37891458311074,458.3127390476299,14.604967807243554,,,,,,,,,
3,66,propio,2,68.76912223102273,176.371778688985,100.0,0.0,338.53593012412944,,,,,,,,,,,
3,66,disparo,2,68.76912223102273,176.371778688985,100.0,,353.140897931373,,,,1.0,,,,,,,
3,67,propio,2,68.76912223102273,176.371778688985,100.0,0.0,338.53593012412944,,,,,,,,,,,
3,68,propio,2,68.76912223102273,176.371778688985,100.0,0.0,338.53593012412944,,,,,,,,,,,
3,69,propio,2,68.76912223102273,176.371778688985,100.0,0.0,338.53593012412944,,,,,,,,,,,
3,70,propio,2,68.76912223102273,176.371778688985,100.0,0.0,338.53593012412944,,,,,,,,,,,
3,71,propio,2,68.76912223102273,176.371778688985,100.0,0.0,338.53593012412944,,,,,,,,,,,
3,72,propio,2,68.76912223102273,176.371778688985,100.0,0.0,338.53593012412944,,,,,,,,,,,
3,73,propio,2,68.76912223102273,176.371778688985,100.0,0.0,338.53593012412944,,,,,,,,,,,
3,73,rival,1,523.8016451018632,121.63632488490148,93.0,0.0,84.37891458311074,458.3127390476299,14.604967807243554,,,,,,,,,
3,74,propio,2,68.76912223102273,176.371778688985,103.0,0.0,338.53593012412944,,,,,,,,,,,
3,74,impacto_dado,2,,,89.0,,,,,1,1.0,4.0,,,,,,
3,75,propio,2,68.76912223102273,176.371778688985,103.0,0.0,338.53593012412944,,,,,,,,,,,
3,76,propio,2,68.76912223102273,176.371778688985,103.0,0.0,338.53593012412944,,,,,,,,,,,
3,77,propio,2,68.76912223102273,176.371778688985,103.0,0.0,338.53593012412944,,,,,,,,,,,
3,78,propio,2,68.76912223102273,176.371778688985,103.0,0.0,338.53593012412944,,,,,,,,,,,
3,79,propio,2,68.76912223102273,176.371778688985,103.0,0.0,338.53593012412944,,,,,,,,,,,
3,80,propio,2,68.76912223102273,176.371778688985,103.0,0.0,338.53593012412944,,,,,,,,,,,
3,81,propio,2,68.76912223102273,176.371778688985,103.0,0.0,338.53593012412944,,,,,,,,,,,
3,81,rival,1,523.8016451018632,121.63632488490148,88.0,0.0,84.37891458311074,458.3127390476299,14.604967807243554,,,,,,,,,
3,82,propio,2,68.76912223102273,176.371778688985,102.0,0.0,338.53593012412944,,,,,,,,,,,
3,82,disparo,2,68.76912223102273,176.371778688985,102.0,,353.140897931373,,,,1.0,,,,,,,
3,83,propio,2,68.76912223102273,176.371778688985,102.0,0.0,338.53593012412944,,,,,,,,,,,
3,84,propio,2,68.76912223102273,176.371778688985,102.0,0.0,338.53593012412944,,,,,,,,,,,
3,85,propio,2,68.76912223102273,176.371778688985,102.0,0.0,338.53593012412944,,,,,,,,,,,
3,86,propio,2,68.76912223102273,176.371778688985,102.0,0.0,338.53593012412944,,,,,,,,,,,
3,87,propio,2,68.76912223102273,176.371778688985,102.0,0.0,338.53593012412944,,,,,,,,,,,
3,88,propio,2,68.76912223102273,176.371778688985,102.0,0.0,338.53593012412944,,,,,,,,,,,
3,89,propio,2,68.76912223102273,176.371778688985,102.0,0.0,338.53593012412944,,,,,,,,,,,
3,89,rival,1,523.8016451018632,121.63632488490148,88.0,0.0,84.37891458311074,458.3127390476299,14.604967807243554,,,,,,,,,
3,90,propio,2,68.76912223102273,176.371778688985,105.0,0.0,338.53593012412944,,,,,,,,,,,
3,90,impacto_dado,2,,,84.0,,,,,1,1.0,4.0,,,,,,
3,91,propio,2,68.76912223102273,176.371778688985,105.0,0.0,338.53593012412944,,,,,,,,,,,
3,92,propio,2,68.76912223102273,176.371778688985,105.0,0.0,338.53593012412944,,,,,,,,,,,
3,93,propio,2,68.76912223102273,176.371778688985,105.0,0.0,338.53593012412944,,,,,,,,,,,
3,94,propio,2,68.76912223102273,176.371778688985,105.0,0.0,338.53593012412944,,,,,,,,,,,
3,95,propio,2,68.76912223102273,176.371778688985,105.0,0.0,338.53593012412944,,,,,,,,,,,
3,96,propio,2,68.76912223102273,176.371778688985,105.0,0.0,338.53593012412944,,,,,,,,,,,
3,97,propio,2,68.76912223102273,176.371778688985,105.0,0.0,338.53593012412944,,,,,,,,,,,
3,97,rival,1,523.8016451018632,121.63632488490148,83.0,0.0,84.37891458311074,458.3127390476299,14.604967807243554,,,,,,,,,
3,98,propio,2,68.76912223102273,176.371778688985,104.0,0.0,338.53593012412944,,,,,,,,,,,
3,98,disparo,2,68.76912223102273,176.371778688985,104.0,,353.140897931373,,,,1.0,,,,,,,
3,99,propio,2,68.76912223102273,176.371778688985,104.0,0.0,338.53593012412944,,,,,,,,,,,
3,100,propio,2,68.76912223102273,176.371778688985,104.0,0.0,338.53593012412944,,,,,,,,,,,
3,101,propio,2,68.76912223102273,176.371778688985,104.0,0.0,338.53593012412944,,,,,,,,,,,
3,102,propio,2,68.76912223102273,176.371778688985,104.0,0.0,338.53593012412944,,,,,,,,,,,
3,103,propio,2,68.76912223102273,176.371778688985,104.0,0.0,338.53593012412944,,,,,,,,,,,
3,104,propio,2,68.76912223102273,176.371778688985,104.0,0.0,338.53593012412944,,,,,,,,,,,
3,105,propio,2,68.76912223102273,176.371778688985,104.0,0.0,338.53593012412944,,,,,,,,,,,
3,105,rival,1,523.8016451018632,121.63632488490148,83.0,0.0,84.37891458311074,458.3127390476299,14.604967807243554,,,,,,,,,
3,106,propio,2,68.76912223102273,176.371778688985,107.0,0.0,338.53593012412944,,,,,,,,,,,
3,106,impacto_dado,2,,,79.0,,,,,1,1.0,4.0,,,,,,
3,107,propio,2,68.76912223102273,176.371778688985,107.0,0.0,338.53593012412944,,,,,,,,,,,
3,108,propio,2,68.76912223102273,176.371778688985,107.0,0.0,338.53593012412944,,,,,,,,,,,
3,109,propio,2,68.76912223102273,176.371778688985,107.0,0.0,338.53593012412944,,,,,,,,,,,
3,110,propio,2,68.76912223102273,176.371778688985,107.0,0.0,338.53593012412944,,,,,,,,,,,
3,111,propio,2,68.76912223102273,176.371778688985,107.0,0.0,338.53593012412944,,,,,,,,,,,
3,112,propio,2,68.76912223102273,176.371778688985,107.0,0.0,338.53593012412944,,,,,,,,,,,
3,113,propio,2,68.76912223102273,176.371778688985,107.0,0.0,338.53593012412944,,,,,,,,,,,
3,113,rival,1,523.8016451018632,121.63632488490148,78.0,0.0,84.37891458311074,458.3127390476299,14.604967807243554,,,,,,,,,
3,114,propio,2,68.76912223102273,176.371778688985,106.0,0.0,338.53593012412944,,,,,,,,,,,
3,114,disparo,2,68.76912223102273,176.371778688985,106.0,,353.140897931373,,,,1.0,,,,,,,
3,115,propio,2,68.76912223102273,176.371778688985,106.0,0.0,338.53593012412944,,,,,,,,,,,
3,116,propio,2,68.76912223102273,176.371778688985,106.0,0.0,338.53593012412944,,,,,,,,,,,
3,117,propio,2,68.76912223102273,176.371778688985,106.0,0.0,338.53593012412944,,,,,,,,,,,
3,118,propio,2,68.76912223102273,176.371778688985,106.0,0.0,338.53593012412944,,,,,,,,,,,
3,119,propio,2,68.76912223102273,176.371778688985,106.0,0.0,338.53593012412944,,,,,,,,,,,
3,120,propio,2,68.76912223102273,176.371778688985,106.0,0.0,338.53593012412944,,,,,,,,,,,
3,121,propio,2,68.76912223102273,176.371778688985,106.0,0.0,338.53593012412944,,,,,,,,,,,
3,121,rival,1,523.8016451018632,121.63632488490148,78.0,0.0,84.37891458311074,458.3127390476299,14.604967807243554,,,,,,,,,
3,122,propio,2,68.76912223102273,176.371778688985,109.0,0.0,338.53593012412944,,,,,,,,,,,
3,122,impacto_dado,2,,,74.0,,,,,1,1.0,4.0,,,,,,
3,123,propio,2,68.76912223102273,176.371778688985,109.0,0.0,338.53593012412944,,,,,,,,,,,
3,124,propio,2,68.76912223102273,176.371778688985,109.0,0.0,338.53593012412944,,,,,,,,,,,
3,125,propio,2,68.76912223102273,176.371778688985,109.0,0.0,338.53593012412944,,,,,,,,,,,
3,126,propio,2,68.76912223102273,176.371778688985,109.0,0.0,338.53593012412944,,,,,,,,,,,
3,127,propio,2,68.76912223102273,176.371778688985,109.0,0.0,338.53593012412944,,,,,,,,,,,
3,128,propio,2,68.76912223102273,176.371778688985,109.0,0.0,338.53593012412944,,,,,,,,,,,
3,129,propio,2,68.76912223102273,176.371778688985,109.0,0.0,338.53593012412944,,,,,,,,,,,
3,129,rival,1,523.8016451018632,121.63632488490148,73.0,0.0,84.37891458311074,458.3127390476299,14.604967807243554,,,,,,,,,
3,130,propio,2,68.76912223102273,176.371778688985,108.0,0.0,338.53593012412944,,,,,,,,,,,
3,130,disparo,2,68.76912223102273,176.371778688985,108.0,,353.140897931373,,,,1.0,,,,,,,
3,131,propio,2,68.76912223102273,176.371778688985,108.0,0.0,338.53593012412944,,,,,,,,,,,
3,132,propio,2,68.76912223102273,176.371778688985,108.0,0.0,338.53593012412944,,,,,,,,,,,
3,133,propio,2,68.76912223102273,176.371778688985,108.0,0.0,338.53593012412944,,,,,,,,,,,
3,134,propio,2,68.76912223102273,176.371778688985,108.0,0.0,338.53593012412944,,,,,,,,,,,
3,135,propio,2,68.76912223102273,176.371778688985,108.0,0.0,338.53593012412944,,,,,,,,,,,
3,136,propio,2,68.76912223102273,176.371778688985,108.0,0.0,338.53593012412944,,,,,,,,,,,
3,137,propio,2,68.76912223102273,176.371778688985,108.0,0.0,338.53593012412944,,,,,,,,,,,
3,137,rival,1,523.8016451018632,121.63632488490148,73.0,0.0,84.37891458311074,458.3127390476299,14.604967807243554,,,,,,,,,
3,138,propio,2,68.76912223102273,176.371778688985,111.0,0.0,338.53593012412944,,,,,,,,,,,
3,138,impacto_dado,2,,,69.0,,,,,1,1.0,4.0,,,,,,
3,139,propio,2,68.76912223102273,176.371778688985,111.0,0.0,338.53593012412944,,,,,,,,,,,
3,140,propio,2,68.76912223102273,176.371778688985,111.0,0.0,338.53593012412944,,,,,,,,,,,
3,141,propio,2,68.76912223102273,176.371778688985,111.0,0.0,338.53593012412944,,,,,,,,,,,
3,142,propio,2,68.76912223102273,176.371778688985,111.0,0.0,338.53593012412944,,,,,,,,,,,
3,143,propio,2,68.76912223102273,176.371778688985,111.0,0.0,338.53593012412944,,,,,,,,,,,
3,144,propio,2,68.76912223102273,176.371778688985,111.0,0.0,338.53593012412944,,,,,,,,,,,
3,145,propio,2,68.76912223102273,176.371778688985,111.0,0.0,338.53593012412944,,,,,,,,,,,
3,145,rival,1,523.8016451018632,121.63632488490148,68.0,0.0,84.37891458311074,458.3127390476299,14.604967807243554,,,,,,,,,
3,146,propio,2,68.76912223102273,176.371778688985,110.0,0.0,338.53593012412944,,,,,,,,,,,
3,146,disparo,2,68.76912223102273,176.371778688985,110.0,,353.140897931373,,,,1.0,,,,,,,
3,147,propio,2,68.76912223102273,176.371778688985,110.0,0.0,338.53593012412944,,,,,,,,,,,
3,148,propio,2,68.76912223102273,176.371778688985,110.0,0.0,338.53593012412944,,,,,,,,,,,
3,149,propio,2,68.76912223102273,176.371778688985,110.0,0.0,338.53593012412944,,,,,,,,,,,
3,150,propio,2,68.76912223102273,176.371778688985,110.0,0.0,338.53593012412944,,,,,,,,,,,
3,151,propio,2,68.76912223102273,176.371778688985,110.0,0.0,338.53593012412944,,,,,,,,,,,
3,152,propio,2,68.76912223102273,176.371778688985,110.0,0.0,338.53593012412944,,,,,,,,,,,
3,153,propio,2,68.76912223102273,176.371778688985,110.0,0.0,338.53593012412944,,,,,,,,,,,
3,153,rival,1,523.8016451018632,121.63632488490148,68.0,0.0,84.37891458311074,458.3127390476299,14.604967807243554,,,,,,,,,
3,154,propio,2,68.76912223102273,176.371778688985,113.0,0.0,338.53593012412944,,,,,,,,,,,
3,154,impacto_dado,2,,,64.0,,,,,1,1.0,4.0,,,,,,
3,155,propio,2,68.76912223102273,176.371778688985,113.0,0.0,338.53593012412944,,,,,,,,,,,
3,156,propio,2,68.76912223102273,176.371778688985,113.0,0.0,338.53593012412944,,,,,,,,,,,
3,157,propio,2,68.76912223102273,176.371778688985,113.0,0.0,338.53593012412944,,,,,,,,,,,
3,158,propio,2,68.76912223102273,176.371778688985,113.0,0.0,338.53593012412944,,,,,,,,,,,
3,159,propio,2,68.76912223102273,176.371778688985,113.0,0.0,338.53593012412944,,,,,,,,,,,
3,160,propio,2,68.76912223102273,176.371778688985,113.0,0.0,338.53593012412944,,,,,,,,,,,
3,161,propio,2,68.76912223102273,176.371778688985,113.0,0.0,338.53593012412944,,,,,,,,,,,
3,161,rival,1,523.8016451018632,121.63632488490148,63.0,0.0,84.37891458311074,458.3127390476299,14.604967807243554,,,,,,,,,
3,162,propio,2,68.76912223102273,176.371778688985,112.0,0.0,338.53593012412944,,,,,,,,,,,
3,162,disparo,2,68.76912223102273,176.371778688985,112.0,,353.140897931373,,,,1.0,,,,,,,
3,163,propio,2,68.76912223102273,176.371778688985,112.0,0.0,338.53593012412944,,,,,,,,,,,
3,164,propio,2,68.76912223102273,176.371778688985,112.0,0.0,338.53593012412944,,,,,,,,,,,
3,165,propio,2,68.76912223102273,176.371778688985,112.0,0.0,338.53593012412944,,,,,,,,,,,
3,166,propio,2,68.76912223102273,176.371778688985,112.0,0.0,338.53593012412944,,,,,,,,,,,
3,167,propio,2,68.76912223102273,176.371778688985,112.0,0.0,338.53593012412944,,,,,,,,,,,
3,168,propio,2,68.76912223102273,176.371778688985,112.0,0.0,338.53593012412944,,,,,,,,,,,
3,169,propio,2,68.76912223102273,176.371778688985,112.0,0.0,338.53593012412944,,,,,,,,,,,
3,169,rival,1,523.8016451018632,121.63632488490148,63.0,0.0,84.37891458311074,458.3127390476299,14.604967807243554,,,,,,,,,
3,170,propio,2,68.76912223102273,176.371778688985,115.0,0.0,338.53593012412944,,,,,,,,,,,
3,170,impacto_dado,2,,,59.0,,,,,1,1.0,4.0,,,,,,
3,171,propio,2,68.76912223102273,176.371778688985,115.0,0.0,338.53593012412944,,,,,,,,,,,
3,172,propio,2,68.76912223102273,176.371778688985,115.0,0.0,338.53593012412944,,,,,,,,,,,
3,173,propio,2,68.76912223102273,176.371778688985,115.0,0.0,338.53593012412944,,,,,,,,,,,
3,174,propio,2,68.76912223102273,176.371778688985,115.0,0.0,338.53593012412944,,,,,,,,,,,
3,175,propio,2,68.76912223102273,176.371778688985,115.0,0.0,338.53593012412944,,,,,,,,,,,
3,176,propio,2,68.76912223102273,176.371778688985,115.0,0.0,338.53593012412944,,,,,,,,,,,
3,177,propio,2,68.76912223102273,176.371778688985,115.0,0.0,338.53593012412944,,,,,,,,,,,
3,177,rival,1,523.8016451018632,121.63632488490148,58.0,0.0,84.37891458311074,458.3127390476299,14.604967807243554,,,,,,,,,
3,178,propio,2,68.76912223102273,176.371778688985,114.0,0.0,338.53593012412944,,,,,,,,,,,
3,178,disparo,2,68.76912223102273,176.371778688985,114.0,,353.140897931373,,,,1.0,,,,,,,
3,179,propio,2,68.76912223102273,176.371778688985,114.0,0.0,338.53593012412944,,,,,,,,,,,
3,180,propio,2,68.76912223102273,176.371778688985,114.0,0.0,338.53593012412944,,,,,,,,,,,
3,181,propio,2,68.76912223102273,176.371778688985,114.0,0.0,338.53593012412944,,,,,,,,,,,
3,182,propio,2,68.76912223102273,176.371778688985,114.0,0.0,338.53593012412944,,,,,,,,,,,
3,183,propio,2,68.76912223102273,176.371778688985,114.0,0.0,338.53593012412944,,,,,,,,,,,
3,184,propio,2,68.76912223102273,176.371778688985,114.0,0.0,338.53593012412944,,,,,,,,,,,
3,185,propio,2,68.76912223102273,176.371778688985,114.0,0.0,338.53593012412944,,,,,,,,,,,
3,185,rival,1,523.8016451018632,121.63632488490148,58.0,0.0,84.37891458311074,458.3127390476299,14.604967807243554,,,,,,,,,
3,186,propio,2,68.76912223102273,176.371778688985,117.0,0.0,338.53593012412944,,,,,,,,,,,
3,186,impacto_dado,2,,,54.0,,,,,1,1.0,4.0,,,,,,
3,187,propio,2,68.76912223102273,176.371778688985,117.0,0.0,338.53593012412944,,,,,,,,,,,
3,188,propio,2,68.76912223102273,176.371778688985,117.0,0.0,338.53593012412944,,,,,,,,,,,
3,189,propio,2,68.76912223102273,176.371778688985,117.0,0.0,338.53593012412944,,,,,,,,,,,
3,190,propio,2,68.76912223102273,176.371778688985,117.0,0.0,338.53593012412944,,,,,,,,,,,
3,191,propio,2,68.76912223102273,176.371778688985,117.0,0.0,338.53593012412944,,,,,,,,,,,
3,192,propio,2,68.76912223102273,176.371778688985,117.0,0.0,338.53593012412944,,,,,,,,,,,
3,193,propio,2,68.76912223102273,176.371778688985,117.0,0.0,338.53593012412944,,,,,,,,,,,
3,193,rival,1,523.8016451018632,121.63632488490148,53.0,0.0,84.37891458311074,458.3127390476299,14.604967807243554,,,,,,,,,
3,194,propio,2,68.76912223102273,176.371778688985,116.0,0.0,338.53593012412944,,,,,,,,,,,
3,194,disparo,2,68.76912223102273,176.371778688985,116.0,,353.140897931373,,,,1.0,,,,,,,
3,195,propio,2,68.76912223102273,176.371778688985,116.0,0.0,338.53593012412944,,,,,,,,,,,
3,196,propio,2,68.76912223102273,176.371778688985,116.0,0.0,338.53593012412944,,,,,,,,,,,
3,197,propio,2,68.76912223102273,176.371778688985,116.0,0.0,338.53593012412944,,,,,,,,,,,
3,198,propio,2,68.76912223102273,176.371778688985,116.0,0.0,338.53593012412944,,,,,,,,,,,
3,199,propio,2,68.76912223102273,176.371778688985,116.0,0.0,338.53593012412944,,,,,,,,,,,
3,200,propio,2,68.76912223102273,176.371778688985,116.0,0.0,338.53593012412944,,,,,,,,,,,
3,201,propio,2,68.76912223102273,176.371778688985,116.0,0.0,338.53593012412944,,,,,,,,,,,
3,201,rival,1,523.8016451018632,121.63632488490148,53.0,0.0,84.37891458311074,458.3127390476299,14.604967807243554,,,,,,,,,
3,202,propio,2,68.76912223102273,176.371778688985,119.0,0.0,338.53593012412944,,,,,,,,,,,
3,202,impacto_dado,2,,,49.0,,,,,1,1.0,4.0,,,,,,
3,203,propio,2,68.76912223102273,176.371778688985,119.0,0.0,338.53593012412944,,,,,,,,,,,
3,204,propio,2,68.76912223102273,176.371778688985,119.0,0.0,338.53593012412944,,,,,,,,,,,
3,205,propio,2,68.76912223102273,176.371778688985,119.0,0.0,338.53593012412944,,,,,,,,,,,
3,206,propio,2,68.76912223102273,176.371778688985,119.0,0.0,338.53593012412944,,,,,,,,,,,
3,207,propio,2,68.76912223102273,176.371778688985,119.0,0.0,338.53593012412944,,,,,,,,,,,
3,208,propio,2,68.76912223102273,176.371778688985,119.0,0.0,338.53593012412944,,,,,,,,,,,
3,209,propio,2,68.76912223102273,176.371778688985,119.0,0.0,338.53593012412944,,,,,,,,,,,
3,209,rival,1,523.8016451018632,121.63632488490148,48.0,0.0,84.37891458311074,458.3127390476299,14.604967807243554,,,,,,,,,
3,210,propio,2,68.76912223102273,176.371778688985,118.0,0.0,338.53593012412944,,,,,,,,,,,
3,210,disparo,2,68.76912223102273,176.371778688985,118.0,,353.140897931373,,,,1.0,,,,,,,
3,211,propio,2,68.76912223102273,176.371778688985,118.0,0.0,338.53593012412944,,,,,,,,,,,
3,212,propio,2,68.76912223102273,176.371778688985,118.0,0.0,338.53593012412944,,,,,,,,,,,
3,213,propio,2,68.76912223102273,176.371778688985,118.0,0.0,338.53593012412944,,,,,,,,,,,
3,214,propio,2,68.76912223102273,176.371778688985,118.0,0.0,338.53593012412944,,,,,,,,,,,
3,215,propio,2,68.76912223102273,176.371778688985,118.0,0.0,338.53593012412944,,,,,,,,,,,
3,216,propio,2,68.76912223102273,176.371778688985,118.0,0.0,338.53593012412944,,,,,,,,,,,
3,217,propio,2,68.76912223102273,176.371778688985,118.0,0.0,338.53593012412944,,,,,,,,,,,
3,217,rival,1,523.8016451018632,121.63632488490148,48.0,0.0,84.37891458311074,458.3127390476299,14.604967807243554,,,,,,,,,
3,218,propio,2,68.76912223102273,176.371778688985,121.0,0.0,338.53593012412944,,,,,,,,,,,
3,218,impacto_dado,2,,,44.0,,,,,1,1.0,4.0,,,,,,
3,219,propio,2,68.76912223102273,176.371778688985,121.0,0.0,338.53593012412944,,,,,,,,,,,
3,220,propio,2,68.76912223102273,176.371778688985,121.0,0.0,338.53593012412944,,,,,,,,,,,
3,221,propio,2,68.76912223102273,176.371778688985,121.0,0.0,338.53593012412944,,,,,,,,,,,
3,222,propio,2,68.76912223102273,176.371778688985,121.0,0.0,338.53593012412944,,,,,,,,,,,
3,223,propio,2,68.76912223102273,176.371778688985,121.0,0.0,338.53593012412944,,,,,,,,,,,
3,224,propio,2,68.76912223102273,176.371778688985,121.0,0.0,338.53593012412944,,,,,,,,,,,
3,225,propio,2,68.76912223102273,176.371778688985,121.0,0.0,338.53593012412944,,,,,,,,,,,
3,225,rival,1,523.8016451018632,121.63632488490148,43.0,0.0,84.37891458311074,458.3127390476299,14.604967807243554,,,,,,,,,
3,226,propio,2,68.76912223102273,176.371778688985,120.0,0.0,338.53593012412944,,,,,,,,,,,
3,226,disparo,2,68.76912223102273,176.371778688985,120.0,,353.140897931373,,,,1.0,,,,,,,
3,227,propio,2,68.76912223102273,176.371778688985,120.0,0.0,338.53593012412944,,,,,,,,,,,
3,228,propio,2,68.76912223102273,176.371778688985,120.0,0.0,338.53593012412944,,,,,,,,,,,
3,229,propio,2,68.76912223102273,176.371778688985,120.0,0.0,338.53593012412944,,,,,,,,,,,
3,230,propio,2,68.76912223102273,176.371778688985,120.0,0.0,338.53593012412944,,,,,,,,,,,
3,231,propio,2,68.76912223102273,176.371778688985,120.0,0.0,338.53593012412944,,,,,,,,,,,
3,232,propio,2,68.76912223102273,176.371778688985,120.0,0.0,338.53593012412944,,,,,,,,,,,
3,233,propio,2,68.76912223102273,176.371778688985,120.0,0.0,338.53593012412944,,,,,,,,,,,
3,233,rival,1,523.8016451018632,121.63632488490148,43.0,0.0,84.37891458311074,458.3127390476299,14.604967807243554,,,,,,,,,
3,234,propio,2,68.76912223102273,176.371778688985,123.0,0.0,338.53593012412944,,,,,,,,,,,
3,234,impacto_dado,2,,,39.0,,,,,1,1.0,4.0,,,,,,
3,235,propio,2,68.76912223102273,176.371778688985,123.0,0.0,338.53593012412944,,,,,,,,,,,
3,236,propio,2,68.76912223102273,176.371778688985,123.0,0.0,338.53593012412944,,,,,,,,,,,
3,237,propio,2,68.76912223102273,176.371778688985,123.0,0.0,338.53593012412944,,,,,,,,,,,
3,238,propio,2,68.76912223102273,176.371778688985,123.0,0.0,338.53593012412944,,,,,,,,,,,
3,239,propio,2,68.76912223102273,176.371778688985,123.0,0.0,338.53593012412944,,,,,,,,,,,
3,240,propio,2,68.76912223102273,176.371778688985,123.0,0.0,338.53593012412944,,,,,,,,,,,
3,241,propio,2,68.76912223102273,176.371778688985,123.0,0.0,338.53593012412944,,,,,,,,,,,
3,241,rival,1,523.8016451018632,121.63632488490148,38.0,0.0,84.37891458311074,458.3127390476299,14.604967807243554,,,,,,,,,
3,242,propio,2,68.76912223102273,176.371778688985,122.0,0.0,338.53593012412944,,,,,,,,,,,
3,242,disparo,2,68.76912223102273,176.371778688985,122.0,,353.140897931373,,,,1.0,,,,,,,
3,243,propio,2,68.76912223102273,176.371778688985,122.0,0.0,338.53593012412944,,,,,,,,,,,
3,244,propio,2,68.76912223102273,176.371778688985,122.0,0.0,338.53593012412944,,,,,,,,,,,
3,245,propio,2,68.76912223102273,176.371778688985,122.0,0.0,338.53593012412944,,,,,,,,,,,
3,246,propio,2,68.76912223102273,176.371778688985,122.0,0.0,338.53593012412944,,,,,,,,,,,
3,247,propio,2,68.76912223102273,176.371778688985,122.0,0.0,338.53593012412944,,,,,,,,,,,
3,248,propio,2,68.76912223102273,176.371778688985,122.0,0.0,338.53593012412944,,,,,,,,,,,
3,249,propio,2,68.76912223102273,176.371778688985,122.0,0.0,338.53593012412944,,,,,,,,,,,
3,249,rival,1,523.8016451018632,121.63632488490148,38.0,0.0,84.37891458311074,458.3127390476299,14.604967807243554,,,,,,,,,
3,250,propio,2,68.76912223102273,176.371778688985,125.0,0.0,338.53593012412944,,,,,,,,,,,
3,250,impacto_dado,2,,,34.0,,,,,1,1.0,4.0,,,,,,
3,251,propio,2,68.76912223102273,176.371778688985,125.0,0.0,338.53593012412944,,,,,,,,,,,
3,252,propio,2,68.76912223102273,176.371778688985,125.0,0.0,338.53593012412944,,,,,,,,,,,
3,253,propio,2,68.76912223102273,176.371778688985,125.0,0.0,338.53593012412944,,,,,,,,,,,
3,254,propio,2,68.76912223102273,176.371778688985,125.0,0.0,338.53593012412944,,,,,,,,,,,
3,255,propio,2,68.76912223102273,176.371778688985,125.0,0.0,338.53593012412944,,,,,,,,,,,
3,256,propio,2,68.76912223102273,176.371778688985,125.0,0.0,338.53593012412944,,,,,,,,,,,
3,257,propio,2,68.76912223102273,176.371778688985,125.0,0.0,338.53593012412944,,,,,,,,,,,
3,257,rival,1,523.8016451018632,121.63632488490148,33.0,0.0,84.37891458311074,458.3127390476299,14.604967807243554,,,,,,,,,
3,258,propio,2,68.76912223102273,176.371778688985,124.0,0.0,338.53593012412944,,,,,,,,,,,
3,258,disparo,2,68.76912223102273,176.371778688985,124.0,,353.140897931373,,,,1.0,,,,,,,
3,259,propio,2,68.76912223102273,176.371778688985,124.0,0.0,338.53593012412944,,,,,,,,,,,
3,260,propio,2,68.76912223102273,176.371778688985,124.0,0.0,338.53593012412944,,,,,,,,,,,
3,261,propio,2,68.76912223102273,176.371778688985,124.0,0.0,338.53593012412944,,,,,,,,,,,
3,262,propio,2,68.76912223102273,176.371778688985,124.0,0.0,338.53593012412944,,,,,,,,,,,
3,263,propio,2,68.76912223102273,176.371778688985,124.0,0.0,338.53593012412944,,,,,,,,,,,
3,264,propio,2,68.76912223102273,176.371778688985,124.0,0.0,338.53593012412944,,,,,,,,,,,
3,265,propio,2,68.76912223102273,176.371778688985,124.0,0.0,338.53593012412944,,,,,,,,,,,
3,265,rival,1,523.8016451018632,121.63632488490148,33.0,0.0,84.37891458311074,458.3127390476299,14.604967807243554,,,,,,,,,
3,266,propio,2,68.76912223102273,176.371778688985,127.0,0.0,338.53593012412944,,,,,,,,,,,
3,266,impacto_dado,2,,,29.0,,,,,1,1.0,4.0,,,,,,
3,267,propio,2,68.76912223102273,176.371778688985,127.0,0.0,338.53593012412944,,,,,,,,,,,
3,268,propio,2,68.76912223102273,176.371778688985,127.0,0.0,338.53593012412944,,,,,,,,,,,
3,269,propio,2,68.76912223102273,176.371778688985,127.0,0.0,338.53593012412944,,,,,,,,,,,
3,270,propio,2,68.76912223102273,176.371778688985,127.0,0.0,338.53593012412944,,,,,,,,,,,
3,271,propio,2,68.76912223102273,176.371778688985,127.0,0.0,338.53593012412944,,,,,,,,,,,
3,272,propio,2,68.76912223102273,176.371778688985,127.0,0.0,338.53593012412944,,,,,,,,,,,
3,273,propio,2,68.76912223102273,176.371778688985,127.0,0.0,338.53593012412944,,,,,,,,,,,
3,273,rival,1,523.8016451018632,121.63632488490148,28.0,0.0,84.37891458311074,458.3127390476299,14.604967807243554,,,,,,,,,
3,274,propio,2,68.76912223102273,176.371778688985,126.0,0.0,338.53593012412944,,,,,,,,,,,
3,274,disparo,2,68.76912223102273,176.371778688985,126.0,,353.140897931373,,,,1.0,,,,,,,
3,275,propio,2,68.76912223102273,176.371778688985,126.0,0.0,338.53593012412944,,,,,,,,,,,
3,276,propio,2,68.76912223102273,176.371778688985,126.0,0.0,338.53593012412944,,,,,,,,,,,
3,277,propio,2,68.76912223102273,176.371778688985,126.0,0.0,338.53593012412944,,,,,,,,,,,
3,278,propio,2,68.76912223102273,176.371778688985,126.0,0.0,338.53593012412944,,,,,,,,,,,
3,279,propio,2,68.76912223102273,176.371778688985,126.0,0.0,338.53593012412944,,,,,,,,,,,
3,280,propio,2,68.76912223102273,176.371778688985,126.0,0.0,338.53593012412944,,,,,,,,,,,
3,281,propio,2,68.76912223102273,176.371778688985,126.0,0.0,338.53593012412944,,,,,,,,,,,
3,281,rival,1,523.8016451018632,121.63632488490148,28.0,0.0,84.37891458311074,458.3127390476299,14.604967807243554,,,,,,,,,
3,282,propio,2,68.76912223102273,176.371778688985,129.0,0.0,338.53593012412944,,,,,,,,,,,
3,282,impacto_dado,2,,,24.0,,,,,1,1.0,4.0,,,,,,
3,283,propio,2,68.76912223102273,176.371778688985,129.0,0.0,338.53593012412944,,,,,,,,,,,
3,284,propio,2,68.76912223102273,176.371778688985,129.0,0.0,338.53593012412944,,,,,,,,,,,
3,285,propio,2,68.76912223102273,176.371778688985,129.0,0.0,338.53593012412944,,,,,,,,,,,
3,286,propio,2,68.76912223102273,176.371778688985,129.0,0.0,338.53593012412944,,,,,,,,,,,
3,287,propio,2,68.76912223102273,176.371778688985,129.0,0.0,338.53593012412944,,,,,,,,,,,
3,288,propio,2,68.76912223102273,176.371778688985,129.0,0.0,338.53593012412944,,,,,,,,,,,
3,289,propio,2,68.76912223102273,176.371778688985,129.0,0.0,338.53593012412944,,,,,,,,,,,
3,289,rival,1,523.8016451018632,121.63632488490148,23.0,0.0,84.37891458311074,458.3127390476299,14.604967807243554,,,,,,,,,
3,290,propio,2,68.76912223102273,176.371778688985,128.0,0.0,338.53593012412944,,,,,,,,,,,
3,290,disparo,2,68.76912223102273,176.371778688985,128.0,,353.140897931373,,,,1.0,,,,,,,
3,291,propio,2,68.76912223102273,176.371778688985,128.0,0.0,338.53593012412944,,,,,,,,,,,
3,292,propio,2,68.76912223102273,176.371778688985,128.0,0.0,338.53593012412944,,,,,,,,,,,
3,293,propio,2,68.76912223102273,176.371778688985,128.0,0.0,338.53593012412944,,,,,,,,,,,
3,294,propio,2,68.76912223102273,176.371778688985,128.0,0.0,338.53593012412944,,,,,,,,,,,
3,295,propio,2,68.76912223102273,176.371778688985,128.0,0.0,338.53593012412944,,,,,,,,,,,
3,296,propio,2,68.76912223102273,176.371778688985,128.0,0.0,338.53593012412944,,,,,,,,,,,
3,297,propio,2,68.76912223102273,176.371778688985,128.0,0.0,338.53593012412944,,,,,,,,,,,
3,297,rival,1,523.8016451018632,121.63632488490148,23.0,0.0,84.37891458311074,458.3127390476299,14.604967807243554,,,,,,,,,
3,298,propio,2,68.76912223102273,176.371778688985,131.0,0.0,338.53593012412944,,,,,,,,,,,
3,298,impacto_dado,2,,,19.0,,,,,1,1.0,4.0,,,,,,
3,299,propio,2,68.76912223102273,176.371778688985,131.0,0.0,338.53593012412944,,,,,,,,,,,
3,300,propio,2,68.76912223102273,176.371778688985,131.0,0.0,338.53593012412944,,,,,,,,,,,
3,301,propio,2,68.76912223102273,176.371778688985,131.0,0.0,338.53593012412944,,,,,,,,,,,
3,302,propio,2,68.76912223102273,176.371778688985,131.0,0.0,338.53593012412944,,,,,,,,,,,
3,303,propio,2,68.76912223102273,176.371778688985,131.0,0.0,338.53593012412944,,,,,,,,,,,
3,304,propio,2,68.76912223102273,176.371778688985,131.0,0.0,338.53593012412944,,,,,,,,,,,
3,305,propio,2,68.76912223102273,176.371778688985,131.0,0.0,338.53593012412944,,,,,,,,,,,
3,305,rival,1,523.8016451018632,121.63632488490148,18.0,0.0,84.37891458311074,458.3127390476299,14.604967807243554,,,,,,,,,
3,306,propio,2,68.76912223102273,176.371778688985,130.0,0.0,338.53593012412944,,,,,,,,,,,
3,306,disparo,2,68.76912223102273,176.371778688985,130.0,,353.140897931373,,,,1.0,,,,,,,
3,307,propio,2,68.76912223102273,176.371778688985,130.0,0.0,338.53593012412944,,,,,,,,,,,
3,308,propio,2,68.76912223102273,176.371778688985,130.0,0.0,338.53593012412944,,,,,,,,,,,
3,309,propio,2,68.76912223102273,176.371778688985,130.0,0.0,338.53593012412944,,,,,,,,,,,
3,310,propio,2,68.76912223102273,176.371778688985,130.0,0.0,338.53593012412944,,,,,,,,,,,
3,311,propio,2,68.76912223102273,176.371778688985,130.0,0.0,338.53593012412944,,,,,,,,,,,
3,312,propio,2,68.76912223102273,176.371778688985,130.0,0.0,338.53593012412944,,,,,,,,,,,
3,313,propio,2,68.76912223102273,176.371778688985,130.0,0.0,338.53593012412944,,,,,,,,,,,
3,313,rival,1,523.8016451018632,121.63632488490148,18.0,0.0,84.37891458311074,458.3127390476299,14.604967807243554,,,,,,,,,
3,314,propio,2,68.76912223102273,176.371778688985,133.0,0.0,338.53593012412944,,,,,,,,,,,
3,314,impacto_dado,2,,,14.0,,,,,1,1.0,4.0,,,,,,
3,315,propio,2,68.76912223102273,176.371778688985,133.0,0.0,338.53593012412944,,,,,,,,,,,
3,316,propio,2,68.76912223102273,176.371778688985,133.0,0.0,338.53593012412944,,,,,,,,,,,
3,317,propio,2,68.76912223102273,176.371778688985,133.0,0.0,338.53593012412944,,,,,,,,,,,
3,318,propio,2,68.76912223102273,176.371778688985,133.0,0.0,338.53593012412944,,,,,,,,,,,
3,319,propio,2,68.76912223102273,176.371778688985,133.0,0.0,338.53593012412944,,,,,,,,,,,
3,320,propio,2,68.76912223102273,176.371778688985,133.0,0.0,338.53593012412944,,,,,,,,,,,
3,321,propio,2,68.76912223102273,176.371778688985,133.0,0.0,338.53593012412944,,,,,,,,,,,
3,321,rival,1,523.8016451018632,121.63632488490148,13.0,0.0,84.37891458311074,458.3127390476299,14.604967807243554,,,,,,,,,
3,322,propio,2,68.76912223102273,176.371778688985,132.0,0.0,338.53593012412944,,,,,,,,,,,
3,322,disparo,2,68.76912223102273,176.371778688985,132.0,,353.140897931373,,,,1.0,,,,,,,
3,323,propio,2,68.76912223102273,176.371778688985,132.0,0.0,338.53593012412944,,,,,,,,,,,
3,324,propio,2,68.76912223102273,176.371778688985,132.0,0.0,338.53593012412944,,,,,,,,,,,
3,325,propio,2,68.76912223102273,176.371778688985,132.0,0.0,338.53593012412944,,,,,,,,,,,
3,326,propio,2,68.76912223102273,176.371778688985,132.0,0.0,338.53593012412944,,,,,,,,,,,
3,327,propio,2,68.76912223102273,176.371778688985,132.0,0.0,338.53593012412944,,,,,,,,,,,
3,328,propio,2,68.76912223102273,176.371778688985,132.0,0.0,338.53593012412944,,,,,,,,,,,
3,329,propio,2,68.76912223102273,176.371778688985,132.0,0.0,338.53593012412944,,,,,,,,,,,
3,329,rival,1,523.8016451018632,121.63632488490148,13.0,0.0,84.37891458311074,458.3127390476299,14.604967807243554,,,,,,,,,
3,330,propio,2,68.76912223102273,176.371778688985,135.0,0.0,338.53593012412944,,,,,,,,,,,
3,330,impacto_dado,2,,,9.0,,,,,1,1.0,4.0,,,,,,
3,331,propio,2,68.76912223102273,176.371778688985,135.0,0.0,338.53593012412944,,,,,,,,,,,
3,332,propio,2,68.76912223102273,176.371778688985,135.0,0.0,338.53593012412944,,,,,,,,,,,
3,333,propio,2,68.76912223102273,176.371778688985,135.0,0.0,338.53593012412944,,,,,,,,,,,
3,334,propio,2,68.76912223102273,176.371778688985,135.0,0.0,338.53593012412944,,,,,,,,,,,
3,335,propio,2,68.76912223102273,176.371778688985,135.0,0.0,338.53593012412944,,,,,,,,,,,
3,336,propio,2,68.76912223102273,176.371778688985,135.0,0.0,338.53593012412944,,,,,,,,,,,
3,337,propio,2,68.76912223102273,176.371778688985,135.0,0.0,338.53593012412944,,,,,,,,,,,
3,337,rival,1,523.8016451018632,121.63632488490148,8.0,0.0,84.37891458311074,458.3127390476299,14.604967807243554,,,,,,,,,
3,338,propio,2,68.76912223102273,176.371778688985,134.0,0.0,338.53593012412944,,,,,,,,,,,
3,338,disparo,2,68.76912223102273,176.371778688985,134.0,,353.140897931373,,,,1.0,,,,,,,
3,339,propio,2,68.76912223102273,176.371778688985,134.0,0.0,338.53593012412944,,,,,,,,,,,
3,340,propio,2,68.76912223102273,176.371778688985,134.0,0.0,338.53593012412944,,,,,,,,,,,
3,341,propio,2,68.76912223102273,176.371778688985,134.0,0.0,338.53593012412944,,,,,,,,,,,
3,342,propio,2,68.76912223102273,176.371778688985,134.0,0.0,338.53593012412944,,,,,,,,,,,
3,343,propio,2,68.76912223102273,176.371778688985,134.0,0.0,338.53593012412944,,,,,,,,,,,
3,344,propio,2,68.76912223102273,176.371778688985,134.0,0.0,338.53593012412944,,,,,,,,,,,
3,345,propio,2,68.76912223102273,176.371778688985,134.0,0.0,338.53593012412944,,,,,,,,,,,
3,345,rival,1,523.8016451018632,121.63632488490148,8.0,0.0,84.37891458311074,458.3127390476299,14.604967807243554,,,,,,,,,
3,346,propio,2,68.76912223102273,176.371778688985,137.0,0.0,338.53593012412944,,,,,,,,,,,
3,346,impacto_dado,2,,,4.0,,,,,1,1.0,4.0,,,,,,
3,347,propio,2,68.76912223102273,176.371778688985,137.0,0.0,338.53593012412944,,,,,,,,,,,
3,348,propio,2,68.76912223102273,176.371778688985,137.0,0.0,338.53593012412944,,,,,,,,,,,
3,349,propio,2,68.76912223102273,176.371778688985,137.0,0.0,338.53593012412944,,,,,,,,,,,
3,350,propio,2,68.76912223102273,176.371778688985,137.0,0.0,338.53593012412944,,,,,,,,,,,
3,351,propio,2,68.76912223102273,176.371778688985,137.0,0.0,338.53593012412944,,,,,,,,,,,
3,352,propio,2,68.76912223102273,176.371778688985,137.0,0.0,338.53593012412944,,,,,,,,,,,
3,353,propio,2,68.76912223102273,176.371778688985,137.0,0.0,338.53593012412944,,,,,,,,,,,
3,353,rival,1,523.8016451018632,121.63632488490148,3.0,0.0,84.37891458311074,458.3127390476299,14.604967807243554,,,,,,,,,
3,354,propio,2,68.76912223102273,176.371778688985,136.0,0.0,338.53593012412944,,,,,,,,,,,
3,354,disparo,2,68.76912223102273,176.371778688985,136.0,,353.140897931373,,,,1.0,,,,,,,
3,355,propio,2,68.76912223102273,176.371778688985,136.0,0.0,338.53593012412944,,,,,,,,,,,
3,356,propio,2,68.76912223102273,176.371778688985,136.0,0.0,338.53593012412944,,,,,,,,,,,
3,357,propio,2,68.76912223102273,176.371778688985,136.0,0.0,338.53593012412944,,,,,,,,,,,
3,358,propio,2,68.76912223102273,176.371778688985,136.0,0.0,338.53593012412944,,,,,,,,,,,
3,359,propio,2,68.76912223102273,176.371778688985,136.0,0.0,338.53593012412944,,,,,,,,,,,
3,360,propio,2,68.76912223102273,176.371778688985,136.0,0.0,338.53593012412944,,,,,,,,,,,
3,361,propio,2,68.76912223102273,176.371778688985,136.0,0.0,338.53593012412944,,,,,,,,,,,
3,361,rival,1,523.8016451018632,121.63632488490148,3.0,0.0,84.37891458311074,458.3127390476299,14.604967807243554,,,,,,,,,
3,361,fin_ronda,2,,,,,,,,,,,1,2,50.0,79.0,0.0,155.0
3,362,propio,2,68.76912223102273,176.371778688985,139.0,0.0,338.53593012412944,,,,,,,,,,,
3,362,impacto_dado,2,,,-1.0,,,,,1,1.0,4.0,,,,,,
4,1,propio,2,378.9171221010299,229.68455274390556,100.0,0.0,118.77411973188894,,,,,,,,,,,
4,2,propio,2,378.9171221010299,229.68455274390556,100.0,0.0,118.77411973188894,,,,,,,,,,,
4,3,propio,2,378.9171221010299,229.68455274390556,100.0,0.0,118.77411973188894,,,,,,,,,,,
4,4,propio,2,378.9171221010299,229.68455274390556,100.0,0.0,118.77411973188894,,,,,,,,,,,
4,5,propio,2,378.9171221010299,229.68455274390556,100.0,0.0,118.77411973188894,,,,,,,,,,,
4,6,propio,2,378.9171221010299,229.68455274390556,100.0,0.0,118.77411973188894,,,,,,,,,,,
4,7,propio,2,378.9171221010299,229.68455274390556,100.0,0.0,118.77411973188894,,,,,,,,,,,
4,8,propio,2,378.9171221010299,229.68455274390556,100.0,0.0,118.77411973188894,,,,,,,,,,,
4,8,rival,1,176.61978905019745,229.81732128884585,100.0,0.0,292.42608050808326,202.29737661909004,61.18827682534571,,,,,,,,,
4,9,propio,2,378.9171221010299,229.68455274390556,100.0,0.0,118.77411973188894,,,,,,,,,,,
4,10,propio,2,378.9171221010299,229.68455274390556,100.0,0.0,118.77411973188894,,,,,,,,,,,
4,11,propio,2,378.9171221010299,229.68455274390556,100.0,0.0,118.77411973188894,,,,,,,,,,,
4,12,propio,2,378.9171221010299,229.68455274390556,100.0,0.0,118.77411973188894,,,,,,,,,,,
4,13,propio,2,378.9171221010299,229.68455274390556,100.0,0.0,118.77411973188894,,,,,,,,,,,
4,14,propio,2,378.9171221010299,229.68455274390556,100.0,0.0,118.77411973188894,,,,,,,,,,,
4,15,propio,2,378.9171221010299,229.68455274390556,100.0,0.0,118.77411973188894,,,,,,,,,,,
4,16,propio,2,378.9171221010299,229.68455274390556,100.0,0.0,118.77411973188894,,,,,,,,,,,
4,16,rival,1,176.61978905019745,229.81732128884585,100.0,0.0,292.42608050808326,202.29737661909004,61.18827682534571,,,,,,,,,
4,17,propio,2,378.9171221010299,229.68455274390556,100.0,0.0,118.77411973188894,,,,,,,,,,,
4,18,propio,2,378.9171221010299,229.68455274390556,100.0,0.0,118.77411973188894,,,,,,,,,,,
4,19,propio,2,378.9171221010299,229.68455274390556,100.0,0.0,118.77411973188894,,,,,,,,,,,
4,20,propio,2,378.9171221010299,229.68455274390556,100.0,0.0,118.77411973188894,,,,,,,,,,,
4,21,propio,2,378.9171221010299,229.68455274390556,100.0,0.0,118.77411973188894,,,,,,,,,,,
4,22,propio,2,378.9171221010299,229.68455274390556,100.0,0.0,118.77411973188894,,,,,,,,,,,
4,23,propio,2,378.9171221010299,229.68455274390556,100.0,0.0,118.77411973188894,,,,,,,,,,,
4,24,propio,2,378.9171221010299,229.68455274390556,100.0,0.0,118.77411973188894,,,,,,,,,,,
4,24,rival,1,176.61978905019745,229.81732128884585,100.0,0.0,292.42608050808326,202.29737661909004,61.18827682534571,,,,,,,,,
4,25,propio,2,378.9171221010299,229.68455274390556,100.0,0.0,118.77411973188894,,,,,,,,,,,
4,26,propio,2,378.9171221010299,229.68455274390556,100.0,0.0,118.77411973188894,,,,,,,,,,,
4,27,propio,2,378.9171221010299,229.68455274390556,100.0,0.0,118.77411973188894,,,,,,,,,,,
4,28,propio,2,378.9171221010299,229.68455274390556,100.0,0.0,118.77411973188894,,,,,,,,,,,
4,29,propio,2,378.9171221010299,229.68455274390556,100.0,0.0,118.77411973188894,,,,,,,,,,,
4,30,propio,2,378.9171221010299,229.68455274390556,100.0,0.0,118.77411973188894,,,,,,,,,,,
4,31,propio,2,378.9171221010299,229.68455274390556,100.0,0.0,118.77411973188894,,,,,,,,,,,
4,32,propio,2,378.9171221010299,229.68455274390556,100.0,0.0,118.77411973188894,,,,,,,,,,,
4,32,rival,1,176.61978905019745,229.81732128884585,100.0,0.0,292.42608050808326,202.29737661909004,61.18827682534571,,,,,,,,,
4,33,propio,2,378.9171221010299,229.68455274390556,99.0,0.0,118.77411973188894,,,,,,,,,,,
4,33,disparo,2,378.9171221010299,229.68455274390556,99.0,,118.77411973188894,,,,1.0,,,,,,,
4,34,propio,2,378.9171221010299,229.68455274390556,99.0,0.0,118.77411973188894,,,,,,,,,,,
4,35,propio,2,378.9171221010299,229.68455274390556,99.0,0.0,118.77411973188894,,,,,,,,,,,
4,36,propio,2,378.9171221010299,229.68455274390556,99.0,0.0,118.77411973188894,,,,,,,,,,,
4,37,propio,2,378.9171221010299,229.68455274390556,99.0,0.0,118.77411973188894,,,,,,,,,,,
4,38,propio,2,378.9171221010299,229.68455274390556,99.0,0.0,118.77411973188894,,,,,,,,,,,
4,39,propio,2,378.9171221010299,229.68455274390556,99.0,0.0,118.77411973188894,,,,,,,,,,,
4,40,propio,2,378.9171221010299,229.68455274390556,99.0,0.0,118.77411973188894,,,,,,,,,,,
4,40,rival,1,176.61978905019745,229.81732128884585,99.0,0.0,292.42608050808326,202.29737661909004,61.18827682534571,,,,,,,,,
4,41,propio,2,378.9171221010299,229.68455274390556,99.0,0.0,118.77411973188894,,,,,,,,,,,
4,42,propio,2,378.9171221010299,229.68455274390556,99.0,0.0,118.77411973188894,,,,,,,,,,,
4,43,propio,2,378.9171221010299,229.68455274390556,99.0,0.0,118.77411973188894,,,,,,,,,,,
4,44,propio,2,378.9171221010299,229.68455274390556,99.0,0.0,118.77411973188894,,,,,,,,,,,
4,45,propio,2,378.9171221010299,229.68455274390556,99.0,0.0,118.77411973188894,,,,,,,,,,,
4,46,propio,2,378.9171221010299,229.68455274390556,99.0,0.0,118.77411973188894,,,,,,,,,,,
4,47,propio,2,378.9171221010299,229.68455274390556,99.0,0.0,118.77411973188894,,,,,,,,,,,
4,48,propio,2,378.9171221010299,229.68455274390556,99.0,0.0,118.77411973188894,,,,,,,,,,,
4,48,rival,1,176.61978905019745,229.81732128884585,99.0,0.0,292.42608050808326,202.29737661909004,61.18827682534571,,,,,,,,,
4,49,propio,2,378.9171221010299,229.68455274390556,98.0,0.0,118.77411973188894,,,,,,,,,,,
4,49,disparo,2,378.9171221010299,229.68455274390556,98.0,,118.77411973188894,,,,1.0,,,,,,,
4,50,propio,2,378.9171221010299,229.68455274390556,98.0,0.0,118.77411973188894,,,,,,,,,,,
4,51,propio,2,378.9171221010299,229.68455274390556,98.0,0.0,118.77411973188894,,,,,,,,,,,
4,52,propio,2,378.9171221010299,229.68455274390556,98.0,0.0,118.77411973188894,,,,,,,,,,,
4,53,propio,2,378.9171221010299,229.68455274390556,98.0,0.0,118.77411973188894,,,,,,,,,,,
4,54,propio,2,378.9171221010299,229.68455274390556,98.0,0.0,118.77411973188894,,,,,,,,,,,
4,55,propio,2,378.9171221010299,229.68455274390556,98.0,0.0,118.77411973188894,,,,,,,,,,,
4,56,propio,2,378.9171221010299,229.68455274390556,98.0,0.0,118.77411973188894,,,,,,,,,,,
4,56,rival,1,176.61978905019745,229.81732128884585,98.0,0.0,292.42608050808326,202.29737661909004,61.18827682534571,,,,,,,,,
4,57,propio,2,378.9171221010299,229.68455274390556,98.0,0.0,118.77411973188894,,,,,,,,,,,
4,58,propio,2,378.9171221010299,229.68455274390556,98.0,0.0,118.77411973188894,,,,,,,,,,,
4,59,propio,2,378.9171221010299,229.68455274390556,98.0,0.0,118.77411973188894,,,,,,,,,,,
4,60,propio,2,378.9171221010299,229.68455274390556,98.0,0.0,118.77411973188894,,,,,,,,,,,
4,61,propio,2,378.9171221010299,229.68455274390556,98.0,0.0,118.77411973188894,,,,,,,,,,,
4,62,propio,2,378.9171221010299,229.68455274390556,98.0,0.0,118.77411973188894,,,,,,,,,,,
4,63,propio,2,378.9171221010299,229.68455274390556,98.0,0.0,118.77411973188894,,,,,,,,,,,
4,64,propio,2,378.9171221010299,229.68455274390556,98.0,0.0,118.77411973188894,,,,,,,,,,,
4,64,rival,1,176.61978905019745,229.81732128884585,98.0,0.0,292.42608050808326,202.29737661909004,61.18827682534571,,,,,,,,,
4,65,propio,2,378.9171221010299,229.68455274390556,97.0,0.0,118.77411973188894,,,,,,,,,,,
4,65,disparo,2,378.9171221010299,229.68455274390556,97.0,,118.77411973188894,,,,1.0,,,,,,,
4,66,propio,2,378.9171221010299,229.68455274390556,97.0,0.0,118.77411973188894,,,,,,,,,,,
4,67,propio,2,378.9171221010299,229.68455274390556,97.0,0.0,118.77411973188894,,,,,,,,,,,
4,68,propio,2,378.9171221010299,229.68455274390556,97.0,0.0,118.77411973188894,,,,,,,,,,,
4,69,propio,2,378.9171221010299,229.68455274390556,97.0,0.0,118.77411973188894,,,,,,,,,,,
4,70,propio,2,378.9171221010299,229.68455274390556,97.0,0.0,118.77411973188894,,,,,,,,,,,
4,71,propio,2,378.9171221010299,229.68455274390556,97.0,0.0,118.77411973188894,,,,,,,,,,,
4,72,propio,2,378.9171221010299,229.68455274390556,97.0,0.0,118.77411973188894,,,,,,,,,,,
4,72,rival,1,176.61978905019745,229.81732128884585,97.0,0.0,292.42608050808326,202.29737661909004,61.18827682534571,,,,,,,,,
4,73,propio,2,378.9171221010299,229.68455274390556,97.0,0.0,118.77411973188894,,,,,,,,,,,
4,74,propio,2,378.9171221010299,229.68455274390556,97.0,0.0,118.77411973188894,,,,,,,,,,,
4,75,propio,2,378.9171221010299,229.68455274390556,97.0,0.0,118.77411973188894,,,,,,,,,,,
4,76,propio,2,378.9171221010299,229.68455274390556,97.0,0.0,118.77411973188894,,,,,,,,,,,
4,77,propio,2,378.9171221010299,229.68455274390556,97.0,0.0,118.77411973188894,,,,,,,,,,,
4,78,propio,2,378.9171221010299,229.68455274390556,97.0,0.0,118.77411973188894,,,,,,,,,,,
4,79,propio,2,378.9171221010299,229.68455274390556,97.0,0.0,118.77411973188894,,,,,,,,,,,
4,80,propio,2,378.9171221010299,229.68455274390556,97.0,0.0,118.77411973188894,,,,,,,,,,,
4,80,rival,1,176.61978905019745,229.81732128884585,97.0,0.0,292.42608050808326,202.29737661909004,61.18827682534571,,,,,,,,,
4,81,propio,2,378.9171221010299,229.68455274390556,96.0,0.0,118.77411973188894,,,,,,,,,,,
4,81,disparo,2,378.9171221010299,229.68455274390556,96.0,,118.77411973188894,,,,1.0,,,,,,,
4,82,propio,2,378.9171221010299,229.68455274390556,96.0,0.0,118.77411973188894,,,,,,,,,,,
4,83,propio,2,378.9171221010299,229.68455274390556,96.0,0.0,118.77411973188894,,,,,,,,,,,
4,84,propio,2,378.9171221010299,229.68455274390556,96.0,0.0,118.77411973188894,,,,,,,,,,,
4,85,propio,2,378.9171221010299,229.68455274390556,96.0,0.0,118.77411973188894,,,,,,,,,,,
4,86,propio,2,378.9171221010299,229.68455274390556,96.0,0.0,118.77411973188894,,,,,,,,,,,
4,87,propio,2,378.9171221010299,229.68455274390556,96.0,0.0,118.77411973188894,,,,,,,,,,,
4,88,propio,2,378.9171221010299,229.68455274390556,96.0,0.0,118.77411973188894,,,,,,,,,,,
4,88,rival,1,176.61978905019745,229.81732128884585,96.0,0.0,292.42608050808326,202.29737661909004,61.18827682534571,,,,,,,,,
4,89,propio,2,378.9171221010299,229.68455274390556,96.0,0.0,118.77411973188894,,,,,,,,,,,
4,90,propio,2,378.9171221010299,229.68455274390556,96.0,0.0,118.77411973188894,,,,,,,,,,,
4,91,propio,2,378.9171221010299,229.68455274390556,96.0,0.0,118.77411973188894,,,,,,,,,,,
4,92,propio,2,378.9171221010299,229.68455274390556,96.0,0.0,118.77411973188894,,,,,,,,,,,
4,93,propio,2,378.9171221010299,229.68455274390556,96.0,0.0,118.77411973188894,,,,,,,,,,,
4,94,propio,2,378.9171221010299,229.68455274390556,96.0,0.0,118.77411973188894,,,,,,,,,,,
4,95,propio,2,378.9171221010299,229.68455274390556,96.0,0.0,118.77411973188894,,,,,,,,,,,
4,96,propio,2,378.9171221010299,229.68455274390556,96.0,0.0,118.77411973188894,,,,,,,,,,,
4,96,rival,1,176.61978905019745,229.81732128884585,96.0,0.0,292.42608050808326,202.29737661909004,61.18827682534571,,,,,,,,,
4,97,propio,2,378.9171221010299,229.68455274390556,95.0,0.0,118.77411973188894,,,,,,,,,,,
4,97,disparo,2,378.9171221010299,229.68455274390556,95.0,,118.77411973188894,,,,1.0,,,,,,,
4,98,propio,2,378.9171221010299,229.68455274390556,95.0,0.0,118.77411973188894,,,,,,,,,,,
4,99,propio,2,378.9171221010299,229.68455274390556,95.0,0.0,118.77411973188894,,,,,,,,,,,
4,100,propio,2,378.9171221010299,229.68455274390556,95.0,0.0,118.77411973188894,,,,,,,,,,,
4,101,propio,2,378.9171221010299,229.68455274390556,95.0,0.0,118.77411973188894,,,,,,,,,,,
4,102,propio,2,378.9171221010299,229.68455274390556,95.0,0.0,118.77411973188894,,,,,,,,,,,
4,103,propio,2,378.9171221010299,229.68455274390556,95.0,0.0,118.77411973188894,,,,,,,,,,,
4,104,propio,2,378.9171221010299,229.68455274390556,95.0,0.0,118.77411973188894,,,,,,,,,,,
4,104,rival,1,176.61978905019745,229.81732128884585,95.0,0.0,292.42608050808326,202.29737661909004,61.18827682534571,,,,,,,,,
4,105,propio,2,378.9171221010299,229.68455274390556,95.0,0.0,118.77411973188894,,,,,,,,,,,
4,106,propio,2,378.9171221010299,229.68455274390556,95.0,0.0,118.77411973188894,,,,,,,,,,,
4,107,propio,2,378.9171221010299,229.68455274390556,95.0,0.0,118.77411973188894,,,,,,,,,,,
4,108,propio,2,378.9171221010299,229.68455274390556,95.0,0.0,118.77411973188894,,,,,,,,,,,
4,109,propio,2,378.9171221010299,229.68455274390556,95.0,0.0,118.77411973188894,,,,,,,,,,,
4,110,propio,2,378.9171221010299,229.68455274390556,95.0,0.0,118.77411973188894,,,,,,,,,,,
4,111,propio,2,378.9171221010299,229.68455274390556,95.0,0.0,118.77411973188894,,,,,,,,,,,
4,112,propio,2,378.9171221010299,229.68455274390556,95.0,0.0,118.77411973188894,,,,,,,,,,,
4,112,rival,1,176.61978905019745,229.81732128884585,95.0,0.0,292.42608050808326,202.29737661909004,61.18827682534571,,,,,,,,,
4,113,propio,2,378.9171221010299,229.68455274390556,94.0,0.0,118.77411973188894,,,,,,,,,,,
4,113,disparo,2,378.9171221010299,229.68455274390556,94.0,,118.77411973188894,,,,1.0,,,,,,,
4,114,propio,2,378.9171221010299,229.68455274390556,94.0,0.0,118.77411973188894,,,,,,,,,,,
4,115,propio,2,378.9171221010299,229.68455274390556,94.0,0.0,118.77411973188894,,,,,,,,,,,
4,116,propio,2,378.9171221010299,229.68455274390556,94.0,0.0,118.77411973188894,,,,,,,,,,,
4,117,propio,2,378.9171221010299,229.68455274390556,94.0,0.0,118.77411973188894,,,,,,,,,,,
4,118,propio,2,378.9171221010299,229.68455274390556,94.0,0.0,118.77411973188894,,,,,,,,,,,
4,119,propio,2,378.9171221010299,229.68455274390556,94.0,0.0,118.77411973188894,,,,,,,,,,,
4,120,propio,2,378.9171221010299,229.68455274390556,94.0,0.0,118.77411973188894,,,,,,,,,,,
4,120,rival,1,176.61978905019745,229.81732128884585,94.0,0.0,292.42608050808326,202.29737661909004,61.18827682534571,,,,,,,,,
4,121,propio,2,378.9171221010299,229.68455274390556,94.0,0.0,118.77411973188894,,,,,,,,,,,
4,122,propio,2,378.9171221010299,229.68455274390556,94.0,0.0,118.77411973188894,,,,,,,,,,,
4,123,propio,2,378.9171221010299,229.68455274390556,94.0,0.0,118.77411973188894,,,,,,,,,,,
4,124,propio,2,378.9171221010299,229.68455274390556,94.0,0.0,118.77411973188894,,,,,,,,,,,
4,125,propio,2,378.9171221010299,229.68455274390556,94.0,0.0,118.77411973188894,,,,,,,,,,,
4,126,propio,2,378.9171221010299,229.68455274390556,94.0,0.0,118.77411973188894,,,,,,,,,,,
4,127,propio,2,378.9171221010299,229.68455274390556,94.0,0.0,118.77411973188894,,,,,,,,,,,
4,128,propio,2,378.9171221010299,229.68455274390556,94.0,0.0,118.77411973188894,,,,,,,,,,,
4,128,rival,1,176.61978905019745,229.81732128884585,94.0,0.0,292.42608050808326,202.29737661909004,61.18827682534571,,,,,,,,,
4,129,propio,2,378.9171221010299,229.68455274390556,93.0,0.0,118.77411973188894,,,,,,,,,,,
4,129,disparo,2,378.9171221010299,229.68455274390556,93.0,,118.77411973188894,,,,1.0,,,,,,,
4,130,propio,2,378.9171221010299,229.68455274390556,93.0,0.0,118.77411973188894,,,,,,,,,,,
4,131,propio,2,378.9171221010299,229.68455274390556,93.0,0.0,118.77411973188894,,,,,,,,,,,
4,132,propio,2,378.9171221010299,229.68455274390556,93.0,0.0,118.77411973188894,,,,,,,,,,,
4,133,propio,2,378.9171221010299,229.68455274390556,93.0,0.0,118.77411973188894,,,,,,,,,,,
4,134,propio,2,378.9171221010299,229.68455274390556,93.0,0.0,118.77411973188894,,,,,,,,,,,
4,135,propio,2,378.9171221010299,229.68455274390556,93.0,0.0,118.77411973188894,,,,,,,,,,,
4,136,propio,2,378.9171221010299,229.68455274390556,93.0,0.0,118.77411973188894,,,,,,,,,,,
4,136,rival,1,176.61978905019745,229.81732128884585,93.0,0.0,292.42608050808326,202.29737661909004,61.18827682534571,,,,,,,,,
4,137,propio,2,378.9171221010299,229.68455274390556,93.0,0.0,118.77411973188894,,,,,,,,,,,
4,138,propio,2,378.9171221010299,229.68455274390556,93.0,0.0,118.77411973188894,,,,,,,,,,,
4,139,propio,2,378.9171221010299,229.68455274390556,93.0,0.0,118.77411973188894,,,,,,,,,,,
4,140,propio,2,378.9171221010299,229.68455274390556,93.0,0.0,118.77411973188894,,,,,,,,,,,
4,141,propio,2,378.9171221010299,229.68455274390556,93.0,0.0,118.77411973188894,,,,,,,,,,,
4,142,propio,2,378.9171221010299,229.68455274390556,93.0,0.0,118.77411973188894,,,,,,,,,,,
4,143,propio,2,378.9171221010299,229.68455274390556,93.0,0.0,118.77411973188894,,,,,,,,,,,
4,144,propio,2,378.9171221010299,229.68455274390556,93.0,0.0,118.77411973188894,,,,,,,,,,,
4,144,rival,1,176.61978905019745,229.81732128884585,93.0,0.0,292.42608050808326,202.29737661909004,61.18827682534571,,,,,,,,,
4,145,propio,2,378.9171221010299,229.68455274390556,92.0,0.0,118.77411973188894,,,,,,,,,,,
4,145,disparo,2,378.9171221010299,229.68455274390556,92.0,,118.77411973188894,,,,1.0,,,,,,,
4,146,propio,2,378.9171221010299,229.68455274390556,92.0,0.0,118.77411973188894,,,,,,,,,,,
4,147,propio,2,378.9171221010299,229.68455274390556,92.0,0.0,118.77411973188894,,,,,,,,,,,
4,148,propio,2,378.9171221010299,229.68455274390556,92.0,0.0,118.77411973188894,,,,,,,,,,,
4,149,propio,2,378.9171221010299,229.68455274390556,92.0,0.0,118.77411973188894,,,,,,,,,,,
4,150,propio,2,378.9171221010299,229.68455274390556,92.0,0.0,118.77411973188894,,,,,,,,,,,
4,151,propio,2,378.9171221010299,229.68455274390556,92.0,0.0,118.77411973188894,,,,,,,,,,,
4,152,propio,2,378.9171221010299,229.68455274390556,92.0,0.0,118.77411973188894,,,,,,,,,,,
4,152,rival,1,176.61978905019745,229.81732128884585,92.0,0.0,292.42608050808326,202.29737661909004,61.18827682534571,,,,,,,,,
4,153,propio,2,378.9171221010299,229.68455274390556,92.0,0.0,118.77411973188894,,,,,,,,,,,
4,154,propio,2,378.9171221010299,229.68455274390556,92.0,0.0,118.77411973188894,,,,,,,,,,,
4,155,propio,2,378.9171221010299,229.68455274390556,92.0,0.0,118.77411973188894,,,,,,,,,,,
4,156,propio,2,378.9171221010299,229.68455274390556,92.0,0.0,118.77411973188894,,,,,,,,,,,
4,157,propio,2,378.9171221010299,229.68455274390556,92.0,0.0,118.77411973188894,,,,,,,,,,,
4,158,propio,2,378.9171221010299,229.68455274390556,92.0,0.0,118.77411973188894,,,,,,,,,,,
4,159,propio,2,378.9171221010299,229.68455274390556,92.0,0.0,118.77411973188894,,,,,,,,,,,
4,160,propio,2,378.9171221010299,229.68455274390556,92.0,0.0,118.77411973188894,,,,,,,,,,,
4,160,rival,1,176.61978905019745,229.81732128884585,92.0,0.0,292.42608050808326,202.29737661909004,61.18827682534571,,,,,,,,,
4,161,propio,2,378.9171221010299,229.68455274390556,91.0,0.0,118.77411973188894,,,,,,,,,,,
4,161,disparo,2,378.9171221010299,229.68455274390556,91.0,,118.77411973188894,,,,1.0,,,,,,,
4,162,propio,2,378.9171221010299,229.68455274390556,91.0,0.0,118.77411973188894,,,,,,,,,,,
4,163,propio,2,378.9171221010299,229.68455274390556,91.0,0.0,118.77411973188894,,,,,,,,,,,
4,164,propio,2,378.9171221010299,229.68455274390556,91.0,0.0,118.77411973188894,,,,,,,,,,,
4,165,propio,2,378.9171221010299,229.68455274390556,91.0,0.0,118.77411973188894,,,,,,,,,,,
4,166,propio,2,378.9171221010299,229.68455274390556,91.0,0.0,118.77411973188894,,,,,,,,,,,
4,167,propio,2,378.9171221010299,229.68455274390556,91.0,0.0,118.77411973188894,,,,,,,,,,,
4,168,propio,2,378.9171221010299,229.68455274390556,91.0,0.0,118.77411973188894,,,,,,,,,,,
4,168,rival,1,176.61978905019745,229.81732128884585,91.0,0.0,292.42608050808326,202.29737661909004,61.18827682534571,,,,,,,,,
4,169,propio,2,378.9171221010299,229.68455274390556,91.0,0.0,118.77411973188894,,,,,,,,,,,
4,170,propio,2,378.9171221010299,229.68455274390556,91.0,0.0,118.77411973188894,,,,,,,,,,,
4,171,propio,2,378.9171221010299,229.68455274390556,91.0,0.0,118.77411973188894,,,,,,,,,,,
4,172,propio,2,378.9171221010299,229.68455274390556,91.0,0.0,118.77411973188894,,,,,,,,,,,
4,173,propio,2,378.9171221010299,229.68455274390556,91.0,0.0,118.77411973188894,,,,,,,,,,,
4,174,propio,2,378.9171221010299,229.68455274390556,91.0,0.0,118.77411973188894,,,,,,,,,,,
4,175,propio,2,378.9171221010299,229.68455274390556,91.0,0.0,118.77411973188894,,,,,,,,,,,
4,176,propio,2,378.9171221010299,229.68455274390556,91.0,0.0,118.77411973188894,,,,,,,,,,,
4,176,rival,1,176.61978905019745,229.81732128884585,91.0,0.0,292.42608050808326,202.29737661909004,61.18827682534571,,,,,,,,,
4,177,propio,2,378.9171221010299,229.68455274390556,90.0,0.0,118.77411973188894,,,,,,,,,,,
4,177,disparo,2,378.9171221010299,229.68455274390556,90.0,,118.77411973188894,,,,1.0,,,,,,,
4,178,propio,2,378.9171221010299,229.68455274390556,90.0,0.0,118.77411973188894,,,,,,,,,,,
4,179,propio,2,378.9171221010299,229.68455274390556,90.0,0.0,118.77411973188894,,,,,,,,,,,
4,180,propio,2,378.9171221010299,229.68455274390556,90.0,0.0,118.77411973188894,,,,,,,,,,,
4,181,propio,2,378.9171221010299,229.68455274390556,90.0,0.0,118.77411973188894,,,,,,,,,,,
4,182,propio,2,378.9171221010299,229.68455274390556,90.0,0.0,118.77411973188894,,,,,,,,,,,
4,183,propio,2,378.9171221010299,229.68455274390556,90.0,0.0,118.77411973188894,,,,,,,,,,,
4,184,propio,2,378.9171221010299,229.68455274390556,90.0,0.0,118.77411973188894,,,,,,,,,,,
4,184,rival,1,176.61978905019745,229.81732128884585,90.0,0.0,292.42608050808326,202.29737661909004,61.18827682534571,,,,,,,,,
4,185,propio,2,378.9171221010299,229.68455274390556,90.0,0.0,118.77411973188894,,,,,,,,,,,
4,186,propio,2,378.9171221010299,229.68455274390556,90.0,0.0,118.77411973188894,,,,,,,,,,,
4,187,propio,2,378.9171221010299,229.68455274390556,90.0,0.0,118.77411973188894,,,,,,,,,,,
4,188,propio,2,378.9171221010299,229.68455274390556,90.0,0.0,118.77411973188894,,,,,,,,,,,
4,189,propio,2,378.9171221010299,229.68455274390556,90.0,0.0,118.77411973188894,,,,,,,,,,,
4,190,propio,2,378.9171221010299,229.68455274390556,90.0,0.0,118.77411973188894,,,,,,,,,,,
4,191,propio,2,378.9171221010299,229.68455274390556,90.0,0.0,118.77411973188894,,,,,,,,,,,
4,192,propio,2,378.9171221010299,229.68455274390556,90.0,0.0,118.77411973188894,,,,,,,,,,,
4,192,rival,1,176.61978905019745,229.81732128884585,90.0,0.0,292.42608050808326,202.29737661909004,61.18827682534571,,,,,,,,,
4,193,propio,2,378.9171221010299,229.68455274390556,89.0,0.0,118.77411973188894,,,,,,,,,,,
4,193,disparo,2,378.9171221010299,229.68455274390556,89.0,,118.77411973188894,,,,1.0,,,,,,,
4,194,propio,2,378.9171221010299,229.68455274390556,89.0,0.0,118.77411973188894,,,,,,,,,,,
4,195,propio,2,378.9171221010299,229.68455274390556,89.0,0.0,118.77411973188894,,,,,,,,,,,
4,196,propio,2,378.9171221010299,229.68455274390556,89.0,0.0,118.77411973188894,,,,,,,,,,,
4,197,propio,2,378.9171221010299,229.68455274390556,89.0,0.0,118.77411973188894,,,,,,,,,,,
4,198,propio,2,378.9171221010299,229.68455274390556,89.0,0.0,118.77411973188894,,,,,,,,,,,
4,199,propio,2,378.9171221010299,229.68455274390556,89.0,0.0,118.77411973188894,,,,,,,,,,,
4,200,propio,2,378.9171221010299,229.68455274390556,89.0,0.0,118.77411973188894,,,,,,,,,,,
4,200,rival,1,176.61978905019745,229.81732128884585,89.0,0.0,292.42608050808326,202.29737661909004,61.18827682534571,,,,,,,,,
4,201,propio,2,378.9171221010299,229.68455274390556,89.0,0.0,118.77411973188894,,,,,,,,,,,
4,202,propio,2,378.9171221010299,229.68455274390556,89.0,0.0,118.77411973188894,,,,,,,,,,,
4,203,propio,2,378.9171221010299,229.68455274390556,89.0,0.0,118.77411973188894,,,,,,,,,,,
4,204,propio,2,378.9171221010299,229.68455274390556,89.0,0.0,118.77411973188894,,,,,,,,,,,
4,205,propio,2,378.9171221010299,229.68455274390556,89.0,0.0,118.77411973188894,,,,,,,,,,,
4,206,propio,2,378.9171221010299,229.68455274390556,89.0,0.0,118.77411973188894,,,,,,,,,,,
4,207,propio,2,378.9171221010299,229.68455274390556,89.0,0.0,118.77411973188894,,,,,,,,,,,
4,208,propio,2,378.9171221010299,229.68455274390556,89.0,0.0,118.77411973188894,,,,,,,,,,,
4,208,rival,1,176.61978905019745,229.81732128884585,89.0,0.0,292.42608050808326,202.29737661909004,61.18827682534571,,,,,,,,,
4,209,propio,2,378.9171221010299,229.68455274390556,88.0,0.0,118.77411973188894,,,,,,,,,,,
4,209,disparo,2,378.9171221010299,229.68455274390556,88.0,,118.77411973188894,,,,1.0,,,,,,,
4,210,propio,2,378.9171221010299,229.68455274390556,88.0,0.0,118.77411973188894,,,,,,,,,,,
4,211,propio,2,378.9171221010299,229.68455274390556,88.0,0.0,118.77411973188894,,,,,,,,,,,
4,212,propio,2,378.9171221010299,229.68455274390556,88.0,0.0,118.77411973188894,,,,,,,,,,,
4,213,propio,2,378.9171221010299,229.68455274390556,88.0,0.0,118.77411973188894,,,,,,,,,,,
4,214,propio,2,378.9171221010299,229.68455274390556,88.0,0.0,118.77411973188894,,,,,,,,,,,
4,215,propio,2,378.9171221010299,229.68455274390556,88.0,0.0,118.77411973188894,,,,,,,,,,,
4,216,propio,2,378.9171221010299,229.68455274390556,88.0,0.0,118.77411973188894,,,,,,,,,,,
4,216,rival,1,176.61978905019745,229.81732128884585,88.0,0.0,292.42608050808326,202.29737661909004,61.18827682534571,,,,,,,,,
4,217,propio,2,378.9171221010299,229.68455274390556,88.0,0.0,118.77411973188894,,,,,,,,,,,
4,218,propio,2,378.9171221010299,229.68455274390556,88.0,0.0,118.77411973188894,,,,,,,,,,,
4,219,propio,2,378.9171221010299,229.68455274390556,88.0,0.0,118.77411973188894,,,,,,,,,,,
4,220,propio,2,378.9171221010299,229.68455274390556,88.0,0.0,118.77411973188894,,,,,,,,,,,
4,221,propio,2,378.9171221010299,229.68455274390556,88.0,0.0,118.77411973188894,,,,,,,,,,,
4,222,propio,2,378.9171221010299,229.68455274390556,88.0,0.0,118.77411973188894,,,,,,,,,,,
4,223,propio,2,378.9171221010299,229.68455274390556,88.0,0.0,118.77411973188894,,,,,,,,,,,
4,224,propio,2,378.9171221010299,229.68455274390556,88.0,0.0,118.77411973188894,,,,,,,,,,,
4,224,rival,1,176.61978905019745,229.81732128884585,88.0,0.0,292.42608050808326,202.29737661909004,61.18827682534571,,,,,,,,,
4,225,propio,2,378.9171221010299,229.68455274390556,87.0,0.0,118.77411973188894,,,,,,,,,,,
4,225,disparo,2,378.9171221010299,229.68455274390556,87.0,,118.77411973188894,,,,1.0,,,,,,,
4,226,propio,2,378.9171221010299,229.68455274390556,87.0,0.0,118.77411973188894,,,,,,,,,,,
4,227,propio,2,378.9171221010299,229.68455274390556,87.0,0.0,118.77411973188894,,,,,,,,,,,
4,228,propio,2,378.9171221010299,229.68455274390556,87.0,0.0,118.77411973188894,,,,,,,,,,,
4,229,propio,2,378.9171221010299,229.68455274390556,87.0,0.0,118.77411973188894,,,,,,,,,,,
4,230,propio,2,378.9171221010299,229.68455274390556,87.0,0.0,118.77411973188894,,,,,,,,,,,
4,231,propio,2,378.9171221010299,229.68455274390556,87.0,0.0,118.77411973188894,,,,,,,,,,,
4,232,propio,2,378.9171221010299,229.68455274390556,87.0,0.0,118.77411973188894,,,,,,,,,,,
4,232,rival,1,176.61978905019745,229.81732128884585,87.0,0.0,292.42608050808326,202.29737661909004,61.18827682534571,,,,,,,,,
4,233,propio,2,378.9171221010299,229.68455274390556,87.0,0.0,118.77411973188894,,,,,,,,,,,
4,234,propio,2,378.9171221010299,229.68455274390556,87.0,0.0,118.77411973188894,,,,,,,,,,,
4,235,propio,2,378.9171221010299,229.68455274390556,87.0,0.0,118.77411973188894,,,,,,,,,,,
4,236,propio,2,378.9171221010299,229.68455274390556,87.0,0.0,118.77411973188894,,,,,,,,,,,
4,237,propio,2,378.9171221010299,229.68455274390556,87.0,0.0,118.77411973188894,,,,,,,,,,,
4,238,propio,2,378.9171221010299,229.68455274390556,87.0,0.0,118.77411973188894,,,,,,,,,,,
4,239,propio,2,378.9171221010299,229.68455274390556,87.0,0.0,118.77411973188894,,,,,,,,,,,
4,240,propio,2,378.9171221010299,229.68455274390556,87.0,0.0,118.77411973188894,,,,,,,,,,,
4,240,rival,1,176.61978905019745,229.81732128884585,87.0,0.0,292.42608050808326,202.29737661909004,61.18827682534571,,,,,,,,,
4,241,propio,2,378.9171221010299,229.68455274390556,86.0,0.0,118.77411973188894,,,,,,,,,,,
4,241,disparo,2,378.9171221010299,229.68455274390556,86.0,,118.77411973188894,,,,1.0,,,,,,,
4,242,propio,2,378.9171221010299,229.68455274390556,86.0,0.0,118.77411973188894,,,,,,,,,,,
4,243,propio,2,378.9171221010299,229.68455274390556,86.0,0.0,118.77411973188894,,,,,,,,,,,
4,244,propio,2,378.9171221010299,229.68455274390556,86.0,0.0,118.77411973188894,,,,,,,,,,,
4,245,propio,2,378.9171221010299,229.68455274390556,86.0,0.0,118.77411973188894,,,,,,,,,,,
4,246,propio,2,378.9171221010299,229.68455274390556,86.0,0.0,118.77411973188894,,,,,,,,,,,
4,247,propio,2,378.9171221010299,229.68455274390556,86.0,0.0,118.77411973188894,,,,,,,,,,,
4,248,propio,2,378.9171221010299,229.68455274390556,86.0,0.0,118.77411973188894,,,,,,,,,,,
4,248,rival,1,176.61978905019745,229.81732128884585,86.0,0.0,292.42608050808326,202.29737661909004,61.18827682534571,,,,,,,,,
4,249,propio,2,378.9171221010299,229.68455274390556,86.0,0.0,118.77411973188894,,,,,,,,,,,
4,250,propio,2,378.9171221010299,229.68455274390556,86.0,0.0,118.77411973188894,,,,,,,,,,,
4,251,propio,2,378.9171221010299,229.68455274390556,86.0,0.0,118.77411973188894,,,,,,,,,,,
4,252,propio,2,378.9171221010299,229.68455274390556,86.0,0.0,118.77411973188894,,,,,,,,,,,
4,253,propio,2,378.9171221010299,229.68455274390556,86.0,0.0,118.77411973188894,,,,,,,,,,,
4,254,propio,2,378.9171221010299,229.68455274390556,86.0,0.0,118.77411973188894,,,,,,,,,,,
4,255,propio,2,378.9171221010299,229.68455274390556,86.0,0.0,118.77411973188894,,,,,,,,,,,
4,256,propio,2,378.9171221010299,229.68455274390556,86.0,0.0,118.77411973188894,,,,,,,,,,,
4,256,rival,1,176.61978905019745,229.81732128884585,86.0,0.0,292.42608050808326,202.29737661909004,61.18827682534571,,,,,,,,,
4,257,propio,2,378.9171221010299,229.68455274390556,85.0,0.0,118.77411973188894,,,,,,,,,,,
4,257,disparo,2,378.9171221010299,229.68455274390556,85.0,,118.77411973188894,,,,1.0,,,,,,,
4,258,propio,2,378.9171221010299,229.68455274390556,85.0,0.0,118.77411973188894,,,,,,,,,,,
4,259,propio,2,378.9171221010299,229.68455274390556,85.0,0.0,118.77411973188894,,,,,,,,,,,
4,260,propio,2,378.9171221010299,229.68455274390556,85.0,0.0,118.77411973188894,,,,,,,,,,,
4,261,propio,2,378.9171221010299,229.68455274390556,85.0,0.0,118.77411973188894,,,,,,,,,,,
4,262,propio,2,378.9171221010299,229.68455274390556,85.0,0.0,118.77411973188894,,,,,,,,,,,
4,263,propio,2,378.9171221010299,229.68455274390556,85.0,0.0,118.77411973188894,,,,,,,,,,,
4,264,propio,2,378.9171221010299,229.68455274390556,85.0,0.0,118.77411973188894,,,,,,,,,,,
4,264,rival,1,176.61978905019745,229.81732128884585,85.0,0.0,292.42608050808326,202.29737661909004,61.18827682534571,,,,,,,,,
4,265,propio,2,378.9171221010299,229.68455274390556,85.0,0.0,118.77411973188894,,,,,,,,,,,
4,266,propio,2,378.9171221010299,229.68455274390556,85.0,0.0,118.77411973188894,,,,,,,,,,,
4,267,propio,2,378.9171221010299,229.68455274390556,85.0,0.0,118.77411973188894,,,,,,,,,,,
4,268,propio,2,378.9171221010299,229.68455274390556,85.0,0.0,118.77411973188894,,,,,,,,,,,
4,269,propio,2,378.9171221010299,229.68455274390556,85.0,0.0,118.77411973188894,,,,,,,,,,,
4,270,propio,2,378.9171221010299,229.68455274390556,85.0,0.0,118.77411973188894,,,,,,,,,,,
4,271,propio,2,378.9171221010299,229.68455274390556,85.0,0.0,118.77411973188894,,,,,,,,,,,
4,272,propio,2,378.9171221010299,229.68455274390556,85.0,0.0,118.77411973188894,,,,,,,,,,,
4,272,rival,1,176.61978905019745,229.81732128884585,85.0,0.0,292.42608050808326,202.29737661909004,61.18827682534571,,,,,,,,,
4,273,propio,2,378.9171221010299,229.68455274390556,84.0,0.0,118.77411973188894,,,,,,,,,,,
4,273,disparo,2,378.9171221010299,229.68455274390556,84.0,,118.77411973188894,,,,1.0,,,,,,,
4,274,propio,2,378.9171221010299,229.68455274390556,84.0,0.0,118.77411973188894,,,,,,,,,,,
4,275,propio,2,378.9171221010299,229.68455274390556,84.0,0.0,118.77411973188894,,,,,,,,,,,
4,276,propio,2,378.9171221010299,229.68455274390556,84.0,0.0,118.77411973188894,,,,,,,,,,,
4,277,propio,2,378.9171221010299,229.68455274390556,84.0,0.0,118.77411973188894,,,,,,,,,,,
4,278,propio,2,378.9171221010299,229.68455274390556,84.0,0.0,118.77411973188894,,,,,,,,,,,
4,279,propio,2,378.9171221010299,229.68455274390556,84.0,0.0,118.77411973188894,,,,,,,,,,,
4,280,propio,2,378.9171221010299,229.68455274390556,84.0,0.0,118.77411973188894,,,,,,,,,,,
4,280,rival,1,176.61978905019745,229.81732128884585,84.0,0.0,292.42608050808326,202.29737661909004,61.18827682534571,,,,,,,,,
4,281,propio,2,378.9171221010299,229.68455274390556,84.0,0.0,118.77411973188894,,,,,,,,,,,
4,282,propio,2,378.9171221010299,229.68455274390556,84.0,0.0,118.77411973188894,,,,,,,,,,,
4,283,propio,2,378.9171221010299,229.68455274390556,84.0,0.0,118.77411973188894,,,,,,,,,,,
4,284,propio,2,378.9171221010299,229.68455274390556,84.0,0.0,118.77411973188894,,,,,,,,,,,
4,285,propio,2,378.9171221010299,229.68455274390556,84.0,0.0,118.77411973188894,,,,,,,,,,,
4,286,propio,2,378.9171221010299,229.68455274390556,84.0,0.0,118.77411973188894,,,,,,,,,,,
4,287,propio,2,378.9171221010299,229.68455274390556,84.0,0.0,118.77411973188894,,,,,,,,,,,
4,288,propio,2,378.9171221010299,229.68455274390556,84.0,0.0,118.77411973188894,,,,,,,,,,,
4,288,rival,1,176.61978905019745,229.81732128884585,84.0,0.0,292.42608050808326,202.29737661909004,61.18827682534571,,,,,,,,,
4,289,propio,2,378.9171221010299,229.68455274390556,83.0,0.0,118.77411973188894,,,,,,,,,,,
4,289,disparo,2,378.9171221010299,229.68455274390556,83.0,,118.77411973188894,,,,1.0,,,,,,,
4,290,propio,2,378.9171221010299,229.68455274390556,83.0,0.0,118.77411973188894,,,,,,,,,,,
4,291,propio,2,378.9171221010299,229.68455274390556,83.0,0.0,118.77411973188894,,,,,,,,,,,
4,292,propio,2,378.9171221010299,229.68455274390556,83.0,0.0,118.77411973188894,,,,,,,,,,,
4,293,propio,2,378.9171221010299,229.68455274390556,83.0,0.0,118.77411973188894,,,,,,,,,,,
4,294,propio,2,378.9171221010299,229.68455274390556,83.0,0.0,118.77411973188894,,,,,,,,,,,
4,295,propio,2,378.9171221010299,229.68455274390556,83.0,0.0,118.77411973188894,,,,,,,,,,,
4,296,propio,2,378.9171221010299,229.68455274390556,83.0,0.0,118.77411973188894,,,,,,,,,,,
4,296,rival,1,176.61978905019745,229.81732128884585,83.0,0.0,292.42608050808326,202.29737661909004,61.18827682534571,,,,,,,,,
4,297,propio,2,378.9171221010299,229.68455274390556,83.0,0.0,118.77411973188894,,,,,,,,,,,
4,298,propio,2,378.9171221010299,229.68455274390556,83.0,0.0,118.77411973188894,,,,,,,,,,,
4,299,propio,2,378.9171221010299,229.68455274390556,83.0,0.0,118.77411973188894,,,,,,,,,,,
4,300,propio,2,378.9171221010299,229.68455274390556,83.0,0.0,118.77411973188894,,,,,,,,,,,
4,301,propio,2,378.9171221010299,229.68455274390556,83.0,0.0,118.77411973188894,,,,,,,,,,,
4,302,propio,2,378.9171221010299,229.68455274390556,83.0,0.0,118.77411973188894,,,,,,,,,,,
4,303,propio,2,378.9171221010299,229.68455274390556,83.0,0.0,118.77411973188894,,,,,,,,,,,
4,304,propio,2,378.9171221010299,229.68455274390556,83.0,0.0,118.77411973188894,,,,,,,,,,,
4,304,rival,1,176.61978905019745,229.81732128884585,83.0,0.0,292.42608050808326,202.29737661909004,61.18827682534571,,,,,,,,,
4,305,propio,2,378.9171221010299,229.68455274390556,82.0,0.0,118.77411973188894,,,,,,,,,,,
4,305,disparo,2,378.9171221010299,229.68455274390556,82.0,,118.77411973188894,,,,1.0,,,,,,,
4,306,propio,2,378.9171221010299,229.68455274390556,82.0,0.0,118.77411973188894,,,,,,,,,,,
4,307,propio,2,378.9171221010299,229.68455274390556,82.0,0.0,118.77411973188894,,,,,,,,,,,
4,308,propio,2,378.9171221010299,229.68455274390556,82.0,0.0,118.77411973188894,,,,,,,,,,,
4,309,propio,2,378.9171221010299,229.68455274390556,82.0,0.0,118.77411973188894,,,,,,,,,,,
4,310,propio,2,378.9171221010299,229.68455274390556,82.0,0.0,118.77411973188894,,,,,,,,,,,
4,311,propio,2,378.9171221010299,229.68455274390556,82.0,0.0,118.77411973188894,,,,,,,,,,,
4,312,propio,2,378.9171221010299,229.68455274390556,82.0,0.0,118.77411973188894,,,,,,,,,,,
4,312,rival,1,176.61978905019745,229.81732128884585,82.0,0.0,292.42608050808326,202.29737661909004,61.18827682534571,,,,,,,,,
4,313,propio,2,378.9171221010299,229.68455274390556,82.0,0.0,118.77411973188894,,,,,,,,,,,
4,314,propio,2,378.9171221010299,229.68455274390556,82.0,0.0,118.77411973188894,,,,,,,,,,,
4,315,propio,2,378.9171221010299,229.68455274390556,82.0,0.0,118.77411973188894,,,,,,,,,,,
4,316,propio,2,378.9171221010299,229.68455274390556,82.0,0.0,118.77411973188894,,,,,,,,,,,
4,317,propio,2,378.9171221010299,229.68455274390556,82.0,0.0,118.77411973188894,,,,,,,,,,,
4,318,propio,2,378.9171221010299,229.68455274390556,82.0,0.0,118.77411973188894,,,,,,,,,,,
4,319,propio,2,378.9171221010299,229.68455274390556,82.0,0.0,118.77411973188894,,,,,,,,,,,
4,320,propio,2,378.9171221010299,229.68455274390556,82.0,0.0,118.77411973188894,,,,,,,,,,,
4,320,rival,1,176.61978905019745,229.81732128884585,82.0,0.0,292.42608050808326,202.29737661909004,61.18827682534571,,,,,,,,,
4,321,propio,2,378.9171221010299,229.68455274390556,81.0,0.0,118.77411973188894,,,,,,,,,,,
4,321,disparo,2,378.9171221010299,229.68455274390556,81.0,,118.77411973188894,,,,1.0,,,,,,,
4,322,propio,2,378.9171221010299,229.68455274390556,81.0,0.0,118.77411973188894,,,,,,,,,,,
4,323,propio,2,378.9171221010299,229.68455274390556,81.0,0.0,118.77411973188894,,,,,,,,,,,
4,324,propio,2,378.9171221010299,229.68455274390556,81.0,0.0,118.77411973188894,,,,,,,,,,,
4,325,propio,2,378.9171221010299,229.68455274390556,81.0,0.0,118.77411973188894,,,,,,,,,,,
4,326,propio,2,378.9171221010299,229.68455274390556,81.0,0.0,118.77411973188894,,,,,,,,,,,
4,327,propio,2,378.9171221010299,229.68455274390556,81.0,0.0,118.77411973188894,,,,,,,,,,,
4,328,propio,2,378.9171221010299,229.68455274390556,81.0,0.0,118.77411973188894,,,,,,,,,,,
4,328,rival,1,176.61978905019745,229.81732128884585,81.0,0.0,292.42608050808326,202.29737661909004,61.18827682534571,,,,,,,,,
4,329,propio,2,378.9171221010299,229.68455274390556,81.0,0.0,118.77411973188894,,,,,,,,,,,
4,330,propio,2,378.9171221010299,229.68455274390556,81.0,0.0,118.77411973188894,,,,,,,,,,,
4,331,propio,2,378.9171221010299,229.68455274390556,81.0,0.0,118.77411973188894,,,,,,,,,,,
4,332,propio,2,378.9171221010299,229.68455274390556,81.0,0.0,118.77411973188894,,,,,,,,,,,
4,333,propio,2,378.9171221010299,229.68455274390556,81.0,0.0,118.77411973188894,,,,,,,,,,,
4,334,propio,2,378.9171221010299,229.68455274390556,81.0,0.0,118.77411973188894,,,,,,,,,,,
4,335,propio,2,378.9171221010299,229.68455274390556,81.0,0.0,118.77411973188894,,,,,,,,,,,
4,336,propio,2,378.9171221010299,229.68455274390556,81.0,0.0,118.77411973188894,,,,,,,,,,,
4,336,rival,1,176.61978905019745,229.81732128884585,81.0,0.0,292.42608050808326,202.29737661909004,61.18827682534571,,,,,,,,,
4,337,propio,2,378.9171221010299,229.68455274390556,80.0,0.0,118.77411973188894,,,,,,,,,,,
4,337,disparo,2,378.9171221010299,229.68455274390556,80.0,,118.77411973188894,,,,1.0,,,,,,,
4,338,propio,2,378.9171221010299,229.68455274390556,80.0,0.0,118.77411973188894,,,,,,,,,,,
4,339,propio,2,378.9171221010299,229.68455274390556,80.0,0.0,118.77411973188894,,,,,,,,,,,
4,340,propio,2,378.9171221010299,229.68455274390556,80.0,0.0,118.77411973188894,,,,,,,,,,,
4,341,propio,2,378.9171221010299,229.68455274390556,80.0,0.0,118.77411973188894,,,,,,,,,,,
4,342,propio,2,378.9171221010299,229.68455274390556,80.0,0.0,118.77411973188894,,,,,,,,,,,
4,343,propio,2,378.9171221010299,229.68455274390556,80.0,0.0,118.77411973188894,,,,,,,,,,,
4,344,propio,2,378.9171221010299,229.68455274390556,80.0,0.0,118.77411973188894,,,,,,,,,,,
4,344,rival,1,176.61978905019745,229.81732128884585,80.0,0.0,292.42608050808326,202.29737661909004,61.18827682534571,,,,,,,,,
4,345,propio,2,378.9171221010299,229.68455274390556,80.0,0.0,118.77411973188894,,,,,,,,,,,
4,346,propio,2,378.9171221010299,229.68455274390556,80.0,0.0,118.77411973188894,,,,,,,,,,,
4,347,propio,2,378.9171221010299,229.68455274390556,80.0,0.0,118.77411973188894,,,,,,,,,,,
4,348,propio,2,378.9171221010299,229.68455274390556,80.0,0.0,118.77411973188894,,,,,,,,,,,
4,349,propio,2,378.9171221010299,229.68455274390556,80.0,0.0,118.77411973188894,,,,,,,,,,,
4,350,propio,2,378.9171221010299,229.68455274390556,80.0,0.0,118.77411973188894,,,,,,,,,,,
4,351,propio,2,378.9171221010299,229.68455274390556,80.0,0.0,118.77411973188894,,,,,,,,,,,
4,352,propio,2,378.9171221010299,229.68455274390556,80.0,0.0,118.77411973188894,,,,,,,,,,,
4,352,rival,1,176.61978905019745,229.81732128884585,80.0,0.0,292.42608050808326,202.29737661909004,61.18827682534571,,,,,,,,,
4,353,propio,2,378.9171221010299,229.68455274390556,79.0,0.0,118.77411973188894,,,,,,,,,,,
4,353,disparo,2,378.9171221010299,229.68455274390556,79.0,,118.77411973188894,,,,1.0,,,,,,,
4,354,propio,2,378.9171221010299,229.68455274390556,79.0,0.0,118.77411973188894,,,,,,,,,,,
4,355,propio,2,378.9171221010299,229.68455274390556,79.0,0.0,118.77411973188894,,,,,,,,,,,
4,356,propio,2,378.9171221010299,229.68455274390556,79.0,0.0,118.77411973188894,,,,,,,,,,,
4,357,propio,2,378.9171221010299,229.68455274390556,79.0,0.0,118.77411973188894,,,,,,,,,,,
4,358,propio,2,378.9171221010299,229.68455274390556,79.0,0.0,118.77411973188894,,,,,,,,,,,
4,359,propio,2,378.9171221010299,229.68455274390556,79.0,0.0,118.77411973188894,,,,,,,,,,,
4,360,propio,2,378.9171221010299,229.68455274390556,79.0,0.0,118.77411973188894,,,,,,,,,,,
4,360,rival,1,176.61978905019745,229.81732128884585,79.0,0.0,292.42608050808326,202.29737661909004,61.18827682534571,,,,,,,,,
4,361,propio,2,378.9171221010299,229.68455274390556,79.0,0.0,118.77411973188894,,,,,,,,,,,
4,362,propio,2,378.9171221010299,229.68455274390556,79.0,0.0,118.77411973188894,,,,,,,,,,,
4,363,propio,2,378.9171221010299,229.68455274390556,79.0,0.0,118.77411973188894,,,,,,,,,,,
4,364,propio,2,378.9171221010299,229.68455274390556,79.0,0.0,118.77411973188894,,,,,,,,,,,
4,365,propio,2,378.9171221010299,229.68455274390556,79.0,0.0,118.77411973188894,,,,,,,,,,,
4,366,propio,2,378.9171221010299,229.68455274390556,79.0,0.0,118.77411973188894,,,,,,,,,,,
4,367,propio,2,378.9171221010299,229.68455274390556,79.0,0.0,118.77411973188894,,,,,,,,,,,
4,368,propio,2,378.9171221010299,229.68455274390556,79.0,0.0,118.77411973188894,,,,,,,,,,,
4,368,rival,1,176.61978905019745,229.81732128884585,79.0,0.0,292.42608050808326,202.29737661909004,61.18827682534571,,,,,,,,,
4,369,propio,2,378.9171221010299,229.68455274390556,78.0,0.0,118.77411973188894,,,,,,,,,,,
4,369,disparo,2,378.9171221010299,229.68455274390556,78.0,,118.77411973188894,,,,1.0,,,,,,,
4,370,propio,2,378.9171221010299,229.68455274390556,78.0,0.0,118.77411973188894,,,,,,,,,,,
4,371,propio,2,378.9171221010299,229.68455274390556,78.0,0.0,118.77411973188894,,,,,,,,,,,
4,372,propio,2,378.9171221010299,229.68455274390556,78.0,0.0,118.77411973188894,,,,,,,,,,,
4,373,propio,2,378.9171221010299,229.68455274390556,78.0,0.0,118.77411973188894,,,,,,,,,,,
4,374,propio,2,378.9171221010299,229.68455274390556,78.0,0.0,118.77411973188894,,,,,,,,,,,
4,375,propio,2,378.9171221010299,229.68455274390556,78.0,0.0,118.77411973188894,,,,,,,,,,,
4,376,propio,2,378.9171221010299,229.68455274390556,78.0,0.0,118.77411973188894,,,,,,,,,,,
4,376,rival,1,176.61978905019745,229.81732128884585,78.0,0.0,292.42608050808326,202.29737661909004,61.18827682534571,,,,,,,,,
4,377,propio,2,378.9171221010299,229.68455274390556,78.0,0.0,118.77411973188894,,,,,,,,,,,
4,378,propio,2,378.9171221010299,229.68455274390556,78.0,0.0,118.77411973188894,,,,,,,,,,,
4,379,propio,2,378.9171221010299,229.68455274390556,78.0,0.0,118.77411973188894,,,,,,,,,,,
4,380,propio,2,378.9171221010299,229.68455274390556,78.0,0.0,118.77411973188894,,,,,,,,,,,
4,381,propio,2,378.9171221010299,229.68455274390556,78.0,0.0,118.77411973188894,,,,,,,,,,,
4,382,propio,2,378.9171221010299,229.68455274390556,78.0,0.0,118.77411973188894,,,,,,,,,,,
4,383,propio,2,378.9171221010299,229.68455274390556,78.0,0.0,118.77411973188894,,,,,,,,,,,
4,384,propio,2,378.9171221010299,229.68455274390556,78.0,0.0,118.77411973188894,,,,,,,,,,,
4,384,rival,1,176.61978905019745,229.81732128884585,78.0,0.0,292.42608050808326,202.29737661909004,61.18827682534571,,,,,,,,,
4,385,propio,2,378.9171221010299,229.68455274390556,77.0,0.0,118.77411973188894,,,,,,,,,,,
4,385,disparo,2,378.9171221010299,229.68455274390556,77.0,,118.77411973188894,,,,1.0,,,,,,,
4,386,propio,2,378.9171221010299,229.68455274390556,77.0,0.0,118.77411973188894,,,,,,,,,,,
4,387,propio,2,378.9171221010299,229.68455274390556,77.0,0.0,118.77411973188894,,,,,,,,,,,
4,388,propio,2,378.9171221010299,229.68455274390556,77.0,0.0,118.77411973188894,,,,,,,,,,,
4,389,propio,2,378.9171221010299,229.68455274390556,77.0,0.0,118.77411973188894,,,,,,,,,,,
4,390,propio,2,378.9171221010299,229.68455274390556,77.0,0.0,118.77411973188894,,,,,,,,,,,
4,391,propio,2,378.9171221010299,229.68455274390556,77.0,0.0,118.77411973188894,,,,,,,,,,,
4,392,propio,2,378.9171221010299,229.68455274390556,77.0,0.0,118.77411973188894,,,,,,,,,,,
4,392,rival,1,176.61978905019745,229.81732128884585,77.0,0.0,292.42608050808326,202.29737661909004,61.18827682534571,,,,,,,,,
4,393,propio,2,378.9171221010299,229.68455274390556,77.0,0.0,118.77411973188894,,,,,,,,,,,
4,394,propio,2,378.9171221010299,229.68455274390556,77.0,0.0,118.77411973188894,,,,,,,,,,,
4,395,propio,2,378.9171221010299,229.68455274390556,77.0,0.0,118.77411973188894,,,,,,,,,,,
4,396,propio,2,378.9171221010299,229.68455274390556,77.0,0.0,118.77411973188894,,,,,,,,,,,
4,397,propio,2,378.9171221010299,229.68455274390556,77.0,0.0,118.77411973188894,,,,,,,,,,,
4,398,propio,2,378.9171221010299,229.68455274390556,77.0,0.0,118.77411973188894,,,,,,,,,,,
4,399,propio,2,378.9171221010299,229.68455274390556,77.0,0.0,118.77411973188894,,,,,,,,,,,
4,400,propio,2,378.9171221010299,229.68455274390556,77.0,0.0,118.77411973188894,,,,,,,,,,,
4,400,rival,1,176.61978905019745,229.81732128884585,77.0,0.0,292.42608050808326,202.29737661909004,61.18827682534571,,,,,,,,,
4,401,propio,2,378.9171221010299,229.68455274390556,76.0,0.0,118.77411973188894,,,,,,,,,,,
4,401,disparo,2,378.9171221010299,229.68455274390556,76.0,,118.77411973188894,,,,1.0,,,,,,,
4,402,propio,2,378.9171221010299,229.68455274390556,76.0,0.0,118.77411973188894,,,,,,,,,,,
4,403,propio,2,378.9171221010299,229.68455274390556,76.0,0.0,118.77411973188894,,,,,,,,,,,
4,404,propio,2,378.9171221010299,229.68455274390556,76.0,0.0,118.77411973188894,,,,,,,,,,,
4,405,propio,2,378.9171221010299,229.68455274390556,76.0,0.0,118.77411973188894,,,,,,,,,,,
4,406,propio,2,378.9171221010299,229.68455274390556,76.0,0.0,118.77411973188894,,,,,,,,,,,
4,407,propio,2,378.9171221010299,229.68455274390556,76.0,0.0,118.77411973188894,,,,,,,,,,,
4,408,propio,2,378.9171221010299,229.68455274390556,76.0,0.0,118.77411973188894,,,,,,,,,,,
4,408,rival,1,176.61978905019745,229.81732128884585,76.0,0.0,292.42608050808326,202.29737661909004,61.18827682534571,,,,,,,,,
4,409,propio,2,378.9171221010299,229.68455274390556,76.0,0.0,118.77411973188894,,,,,,,,,,,
4,410,propio,2,378.9171221010299,229.68455274390556,76.0,0.0,118.77411973188894,,,,,,,,,,,
4,411,propio,2,378.9171221010299,229.68455274390556,76.0,0.0,118.77411973188894,,,,,,,,,,,
4,412,propio,2,378.9171221010299,229.68455274390556,76.0,0.0,118.77411973188894,,,,,,,,,,,
4,413,propio,2,378.9171221010299,229.68455274390556,76.0,0.0,118.77411973188894,,,,,,,,,,,
4,414,propio,2,378.9171221010299,229.68455274390556,76.0,0.0,118.77411973188894,,,,,,,,,,,
4,415,propio,2,378.9171221010299,229.68455274390556,76.0,0.0,118.77411973188894,,,,,,,,,,,
4,416,propio,2,378.9171221010299,229.68455274390556,76.0,0.0,118.77411973188894,,,,,,,,,,,
4,416,rival,1,176.61978905019745,229.81732128884585,76.0,0.0,292.42608050808326,202.29737661909004,61.18827682534571,,,,,,,,,
4,417,propio,2,378.9171221010299,229.68455274390556,75.0,0.0,118.77411973188894,,,,,,,,,,,
4,417,disparo,2,378.9171221010299,229.68455274390556,75.0,,118.77411973188894,,,,1.0,,,,,,,
4,418,propio,2,378.9171221010299,229.68455274390556,75.0,0.0,118.77411973188894,,,,,,,,,,,
4,419,propio,2,378.9171221010299,229.68455274390556,75.0,0.0,118.77411973188894,,,,,,,,,,,
4,420,propio,2,378.9171221010299,229.68455274390556,75.0,0.0,118.77411973188894,,,,,,,,,,,
4,421,propio,2,378.9171221010299,229.68455274390556,75.0,0.0,118.77411973188894,,,,,,,,,,,
4,422,propio,2,378.9171221010299,229.68455274390556,75.0,0.0,118.77411973188894,,,,,,,,,,,
4,423,propio,2,378.9171221010299,229.68455274390556,75.0,0.0,118.77411973188894,,,,,,,,,,,
4,424,propio,2,378.9171221010299,229.68455274390556,75.0,0.0,118.77411973188894,,,,,,,,,,,
4,424,rival,1,176.61978905019745,229.81732128884585,75.0,0.0,292.42608050808326,202.29737661909004,61.18827682534571,,,,,,,,,
4,425,propio,2,378.9171221010299,229.68455274390556,75.0,0.0,118.77411973188894,,,,,,,,,,,
4,426,propio,2,378.9171221010299,229.68455274390556,75.0,0.0,118.77411973188894,,,,,,,,,,,
4,427,propio,2,378.9171221010299,229.68455274390556,75.0,0.0,118.77411973188894,,,,,,,,,,,
4,428,propio,2,378.9171221010299,229.68455274390556,75.0,0.0,118.77411973188894,,,,,,,,,,,
4,429,propio,2,378.9171221010299,229.68455274390556,75.0,0.0,118.77411973188894,,,,,,,,,,,
4,430,propio,2,378.9171221010299,229.68455274390556,75.0,0.0,118.77411973188894,,,,,,,,,,,
4,431,propio,2,378.9171221010299,229.68455274390556,75.0,0.0,118.77411973188894,,,,,,,,,,,
4,432,propio,2,378.9171221010299,229.68455274390556,75.0,0.0,118.77411973188894,,,,,,,,,,,
4,432,rival,1,176.61978905019745,229.81732128884585,75.0,0.0,292.42608050808326,202.29737661909004,61.18827682534571,,,,,,,,,
4,433,propio,2,378.9171221010299,229.68455274390556,74.0,0.0,118.77411973188894,,,,,,,,,,,
4,433,disparo,2,378.9171221010299,229.68455274390556,74.0,,118.77411973188894,,,,1.0,,,,,,,
4,434,propio,2,378.9171221010299,229.68455274390556,74.0,0.0,118.77411973188894,,,,,,,,,,,
4,435,propio,2,378.9171221010299,229.68455274390556,74.0,0.0,118.77411973188894,,,,,,,,,,,
4,436,propio,2,378.9171221010299,229.68455274390556,74.0,0.0,118.77411973188894,,,,,,,,,,,
4,437,propio,2,378.9171221010299,229.68455274390556,74.0,0.0,118.77411973188894,,,,,,,,,,,
4,438,propio,2,378.9171221010299,229.68455274390556,74.0,0.0,118.77411973188894,,,,,,,,,,,
4,439,propio,2,378.9171221010299,229.68455274390556,74.0,0.0,118.77411973188894,,,,,,,,,,,
4,440,propio,2,378.9171221010299,229.68455274390556,74.0,0.0,118.77411973188894,,,,,,,,,,,
4,440,rival,1,176.61978905019745,229.81732128884585,74.0,0.0,292.42608050808326,202.29737661909004,61.18827682534571,,,,,,,,,
4,441,propio,2,378.9171221010299,229.68455274390556,74.0,0.0,118.77411973188894,,,,,,,,,,,
4,442,propio,2,378.9171221010299,229.68455274390556,74.0,0.0,118.77411973188894,,,,,,,,,,,
4,443,propio,2,378.9171221010299,229.68455274390556,74.0,0.0,118.77411973188894,,,,,,,,,,,
4,444,propio,2,378.9171221010299,229.68455274390556,74.0,0.0,118.77411973188894,,,,,,,,,,,
4,445,propio,2,378.9171221010299,229.68455274390556,74.0,0.0,118.77411973188894,,,,,,,,,,,
4,446,propio,2,378.9171221010299,229.68455274390556,74.0,0.0,118.77411973188894,,,,,,,,,,,
4,447,propio,2,378.9171221010299,229.68455274390556,74.0,0.0,118.77411973188894,,,,,,,,,,,
4,448,propio,2,378.9171221010299,229.68455274390556,74.0,0.0,118.77411973188894,,,,,,,,,,,
4,448,rival,1,176.61978905019745,229.81732128884585,74.0,0.0,292.42608050808326,202.29737661909004,61.18827682534571,,,,,,,,,
4,449,propio,2,378.9171221010299,229.68455274390556,73.0,0.0,118.77411973188894,,,,,,,,,,,
4,449,disparo,2,378.9171221010299,229.68455274390556,73.0,,118.77411973188894,,,,1.0,,,,,,,
4,450,propio,2,378.9171221010299,229.68455274390556,73.0,0.0,118.77411973188894,,,,,,,,,,,
4,451,propio,2,378.9171221010299,229.68455274390556,73.0,0.0,118.77411973188894,,,,,,,,,,,
4,452,propio,2,378.9171221010299,229.68455274390556,72.9,0.0,118.77411973188894,,,,,,,,,,,
4,453,propio,2,378.9171221010299,229.68455274390556,72.80000000000001,0.0,118.77411973188894,,,,,,,,,,,
4,454,propio,2,378.9171221010299,229.68455274390556,72.70000000000002,0.0,118.77411973188894,,,,,,,,,,,
4,455,propio,2,378.9171221010299,229.68455274390556,72.60000000000002,0.0,118.77411973188894,,,,,,,,,,,
4,456,propio,2,378.9171221010299,229.68455274390556,72.50000000000003,0.0,118.77411973188894,,,,,,,,,,,
4,456,rival,1,176.61978905019745,229.81732128884585,72.60000000000002,0.0,292.42608050808326,202.29737661909004,61.18827682534571,,,,,,,,,
4,457,propio,2,378.9171221010299,229.68455274390556,72.40000000000003,0.0,118.77411973188894,,,,,,,,,,,
4,458,propio,2,378.9171221010299,229.68455274390556,72.30000000000004,0.0,118.77411973188894,,,,,,,,,,,
4,459,propio,2,378.9171221010299,229.68455274390556,72.20000000000005,0.0,118.77411973188894,,,,,,,,,,,
4,460,propio,2,378.9171221010299,229.68455274390556,72.10000000000005,0.0,118.77411973188894,,,,,,,,,,,
4,461,propio,2,378.9171221010299,229.68455274390556,72.00000000000006,0.0,118.77411973188894,,,,,,,,,,,
4,462,propio,2,378.9171221010299,229.68455274390556,71.90000000000006,0.0,118.77411973188894,,,,,,,,,,,
4,463,propio,2,378.9171221010299,229.68455274390556,71.80000000000007,0.0,118.77411973188894,,,,,,,,,,,
4,464,propio,2,378.9171221010299,229.68455274390556,71.70000000000007,0.0,118.77411973188894,,,,,,,,,,,
4,464,rival,1,176.61978905019745,229.81732128884585,71.80000000000007,0.0,292.42608050808326,202.29737661909004,61.18827682534571,,,,,,,,,
4,465,propio,2,378.9171221010299,229.68455274390556,70.60000000000008,0.0,118.77411973188894,,,,,,,,,,,
4,465,disparo,2,378.9171221010299,229.68455274390556,70.60000000000008,,118.77411973188894,,,,1.0,,,,,,,
4,466,propio,2,378.9171221010299,229.68455274390556,70.50000000000009,0.0,118.77411973188894,,,,,,,,,,,
4,467,propio,2,378.9171221010299,229.68455274390556,70.40000000000009,0.0,118.77411973188894,,,,,,,,,,,
4,468,propio,2,378.9171221010299,229.68455274390556,70.3000000000001,0.0,118.77411973188894,,,,,,,,,,,
4,469,propio,2,378.9171221010299,229.68455274390556,70.2000000000001,0.0,118.77411973188894,,,,,,,,,,,
4,470,propio,2,378.9171221010299,229.68455274390556,70.10000000000011,0.0,118.77411973188894,,,,,,,,,,,
4,471,propio,2,378.9171221010299,229.68455274390556,70.00000000000011,0.0,118.77411973188894,,,,,,,,,,,
4,472,propio,2,378.9171221010299,229.68455274390556,69.90000000000012,0.0,118.77411973188894,,,,,,,,,,,
4,472,rival,1,176.61978905019745,229.81732128884585,70.00000000000011,0.0,292.42608050808326,202.29737661909004,61.18827682534571,,,,,,,,,
4,473,propio,2,378.9171221010299,229.68455274390556,69.80000000000013,0.0,118.77411973188894,,,,,,,,,,,
4,474,propio,2,378.9171221010299,229.68455274390556,69.70000000000013,0.0,118.77411973188894,,,,,,,,,,,
4,475,propio,2,378.9171221010299,229.68455274390556,69.60000000000014,0.0,118.77411973188894,,,,,,,,,,,
4,476,propio,2,378.9171221010299,229.68455274390556,69.50000000000014,0.0,118.77411973188894,,,,,,,,,,,
4,477,propio,2,378.9171221010299,229.68455274390556,69.40000000000015,0.0,118.77411973188894,,,,,,,,,,,
4,478,propio,2,378.9171221010299,229.68455274390556,69.30000000000015,0.0,118.77411973188894,,,,,,,,,,,
4,479,propio,2,378.9171221010299,229.68455274390556,69.20000000000016,0.0,118.77411973188894,,,,,,,,,,,
4,480,propio,2,378.9171221010299,229.68455274390556,69.10000000000016,0.0,118.77411973188894,,,,,,,,,,,
4,480,rival,1,176.61978905019745,229.81732128884585,69.20000000000016,0.0,292.42608050808326,202.29737661909004,61.18827682534571,,,,,,,,,
4,481,propio,2,378.9171221010299,229.68455274390556,68.00000000000017,0.0,118.77411973188894,,,,,,,,,,,
4,481,disparo,2,378.9171221010299,229.68455274390556,68.00000000000017,,118.77411973188894,,,,1.0,,,,,,,
4,482,propio,2,378.9171221010299,229.68455274390556,67.90000000000018,0.0,118.77411973188894,,,,,,,,,,,
4,483,propio,2,378.9171221010299,229.68455274390556,67.80000000000018,0.0,118.77411973188894,,,,,,,,,,,
4,484,propio,2,378.9171221010299,229.68455274390556,67.70000000000019,0.0,118.77411973188894,,,,,,,,,,,
4,485,propio,2,378.9171221010299,229.68455274390556,67.6000000000002,0.0,118.77411973188894,,,,,,,,,,,
4,486,propio,2,378.9171221010299,229.68455274390556,67.5000000000002,0.0,118.77411973188894,,,,,,,,,,,
4,487,propio,2,378.9171221010299,229.68455274390556,67.4000000000002,0.0,118.77411973188894,,,,,,,,,,,
4,488,propio,2,378.9171221010299,229.68455274390556,67.30000000000021,0.0,118.77411973188894,,,,,,,,,,,
4,488,rival,1,176.61978905019745,229.81732128884585,67.4000000000002,0.0,292.42608050808326,202.29737661909004,61.18827682534571,,,,,,,,,
4,489,propio,2,378.9171221010299,229.68455274390556,67.20000000000022,0.0,118.77411973188894,,,,,,,,,,,
4,490,propio,2,378.9171221010299,229.68455274390556,67.10000000000022,0.0,118.77411973188894,,,,,,,,,,,
4,491,propio,2,378.9171221010299,229.68455274390556,67.00000000000023,0.0,118.77411973188894,,,,,,,,,,,
4,492,propio,2,378.9171221010299,229.68455274390556,66.90000000000023,0.0,118.77411973188894,,,,,,,,,,,
4,493,propio,2,378.9171221010299,229.68455274390556,66.80000000000024,0.0,118.77411973188894,,,,,,,,,,,
4,494,propio,2,378.9171221010299,229.68455274390556,66.70000000000024,0.0,118.77411973188894,,,,,,,,,,,
4,495,propio,2,378.9171221010299,229.68455274390556,66.60000000000025,0.0,118.77411973188894,,,,,,,,,,,
4,496,propio,2,378.9171221010299,229.68455274390556,66.50000000000026,0.0,118.77411973188894,,,,,,,,,,,
4,496,rival,1,176.61978905019745,229.81732128884585,66.60000000000025,0.0,292.42608050808326,202.29737661909004,61.18827682534571,,,,,,,,,
4,497,propio,2,378.9171221010299,229.68455274390556,65.40000000000026,0.0,118.77411973188894,,,,,,,,,,,
4,497,disparo,2,378.9171221010299,229.68455274390556,65.40000000000026,,118.77411973188894,,,,1.0,,,,,,,
4,498,propio,2,378.9171221010299,229.68455274390556,65.30000000000027,0.0,118.77411973188894,,,,,,,,,,,
4,499,propio,2,378.9171221010299,229.68455274390556,65.20000000000027,0.0,118.77411973188894,,,,,,,,,,,
4,500,propio,2,378.9171221010299,229.68455274390556,65.10000000000028,0.0,118.77411973188894,,,,,,,,,,,
4,501,propio,2,378.9171221010299,229.68455274390556,65.00000000000028,0.0,118.77411973188894,,,,,,,,,,,
4,502,propio,2,378.9171221010299,229.68455274390556,64.90000000000029,0.0,118.77411973188894,,,,,,,,,,,
4,503,propio,2,378.9171221010299,229.68455274390556,64.8000000000003,0.0,118.77411973188894,,,,,,,,,,,
4,504,propio,2,378.9171221010299,229.68455274390556,64.7000000000003,0.0,118.77411973188894,,,,,,,,,,,
4,504,rival,1,176.61978905019745,229.81732128884585,64.8000000000003,0.0,292.42608050808326,202.29737661909004,61.18827682534571,,,,,,,,,
4,505,propio,2,378.9171221010299,229.68455274390556,64.6000000000003,0.0,118.77411973188894,,,,,,,,,,,
4,506,propio,2,378.9171221010299,229.68455274390556,64.50000000000031,0.0,118.77411973188894,,,,,,,,,,,
4,507,propio,2,378.9171221010299,229.68455274390556,64.40000000000032,0.0,118.77411973188894,,,,,,,,,,,
4,508,propio,2,378.9171221010299,229.68455274390556,64.30000000000032,0.0,118.77411973188894,,,,,,,,,,,
4,509,propio,2,378.9171221010299,229.68455274390556,64.20000000000033,0.0,118.77411973188894,,,,,,,,,,,
4,510,propio,2,378.9171221010299,229.68455274390556,64.10000000000034,0.0,118.77411973188894,,,,,,,,,,,
4,511,propio,2,378.9171221010299,229.68455274390556,64.00000000000034,0.0,118.77411973188894,,,,,,,,,,,
4,512,propio,2,378.9171221010299,229.68455274390556,63.90000000000034,0.0,118.77411973188894,,,,,,,,,,,
4,512,rival,1,176.61978905019745,229.81732128884585,64.00000000000034,0.0,292.42608050808326,202.29737661909004,61.18827682534571,,,,,,,,,
4,513,propio,2,378.9171221010299,229.68455274390556,62.80000000000034,0.0,118.77411973188894,,,,,,,,,,,
4,513,disparo,2,378.9171221010299,229.68455274390556,62.80000000000034,,118.77411973188894,,,,1.0,,,,,,,
4,514,propio,2,378.9171221010299,229.68455274390556,62.70000000000034,0.0,118.77411973188894,,,,,,,,,,,
4,515,propio,2,378.9171221010299,229.68455274390556,62.600000000000335,0.0,118.77411973188894,,,,,,,,,,,
4,516,propio,2,378.9171221010299,229.68455274390556,62.500000000000334,0.0,118.77411973188894,,,,,,,,,,,
4,517,propio,2,378.9171221010299,229.68455274390556,62.40000000000033,0.0,118.77411973188894,,,,,,,,,,,
4,518,propio,2,378.9171221010299,229.68455274390556,62.30000000000033,0.0,118.77411973188894,,,,,,,,,,,
4,519,propio,2,378.9171221010299,229.68455274390556,62.20000000000033,0.0,118.77411973188894,,,,,,,,,,,
4,520,propio,2,378.9171221010299,229.68455274390556,62.10000000000033,0.0,118.77411973188894,,,,,,,,,,,
4,520,rival,1,176.61978905019745,229.81732128884585,62.20000000000033,0.0,292.42608050808326,202.29737661909004,61.18827682534571,,,,,,,,,
4,521,propio,2,378.9171221010299,229.68455274390556,62.00000000000033,0.0,118.77411973188894,,,,,,,,,,,
4,522,propio,2,378.9171221010299,229.68455274390556,61.900000000000325,0.0,118.77411973188894,,,,,,,,,,,
4,523,propio,2,378.9171221010299,229.68455274390556,61.800000000000324,0.0,118.77411973188894,,,,,,,,,,,
4,524,propio,2,378.9171221010299,229.68455274390556,61.70000000000032,0.0,118.77411973188894,,,,,,,,,,,
4,525,propio,2,378.9171221010299,229.68455274390556,61.60000000000032,0.0,118.77411973188894,,,,,,,,,,,
4,526,propio,2,378.9171221010299,229.68455274390556,61.50000000000032,0.0,118.77411973188894,,,,,,,,,,,
4,527,propio,2,378.9171221010299,229.68455274390556,61.40000000000032,0.0,118.77411973188894,,,,,,,,,,,
4,528,propio,2,378.9171221010299,229.68455274390556,61.30000000000032,0.0,118.77411973188894,,,,,,,,,,,
4,528,rival,1,176.61978905019745,229.81732128884585,61.40000000000032,0.0,292.42608050808326,202.29737661909004,61.18827682534571,,,,,,,,,
4,529,propio,2,378.9171221010299,229.68455274390556,60.200000000000315,0.0,118.77411973188894,,,,,,,,,,,
4,529,disparo,2,378.9171221010299,229.68455274390556,60.200000000000315,,118.77411973188894,,,,1.0,,,,,,,
4,530,propio,2,378.9171221010299,229.68455274390556,60.100000000000314,0.0,118.77411973188894,,,,,,,,,,,
4,531,propio,2,378.9171221010299,229.68455274390556,60.00000000000031,0.0,118.77411973188894,,,,,,,,,,,
4,532,propio,2,378.9171221010299,229.68455274390556,59.90000000000031,0.0,118.77411973188894,,,,,,,,,,,
4,533,propio,2,378.9171221010299,229.68455274390556,59.80000000000031,0.0,118.77411973188894,,,,,,,,,,,
4,534,propio,2,378.9171221010299,229.68455274390556,59.70000000000031,0.0,118.77411973188894,,,,,,,,,,,
4,535,propio,2,378.9171221010299,229.68455274390556,59.60000000000031,0.0,118.77411973188894,,,,,,,,,,,
4,536,propio,2,378.9171221010299,229.68455274390556,59.500000000000306,0.0,118.77411973188894,,,,,,,,,,,
4,536,rival,1,176.61978905019745,229.81732128884585,59.60000000000031,0.0,292.42608050808326,202.29737661909004,61.18827682534571,,,,,,,,,
4,537,propio,2,378.9171221010299,229.68455274390556,59.400000000000304,0.0,118.77411973188894,,,,,,,,,,,
4,538,propio,2,378.9171221010299,229.68455274390556,59.3000000000003,0.0,118.77411973188894,,,,,,,,,,,
4,539,propio,2,378.9171221010299,229.68455274390556,59.2000000000003,0.0,118.77411973188894,,,,,,,,,,,
4,540,propio,2,378.9171221010299,229.68455274390556,59.1000000000003,0.0,118.77411973188894,,,,,,,,,,,
4,541,propio,2,378.9171221010299,229.68455274390556,59.0000000000003,0.0,118.77411973188894,,,,,,,,,,,
4,542,propio,2,378.9171221010299,229.68455274390556,58.9000000000003,0.0,118.77411973188894,,,,,,,,,,,
4,543,propio,2,378.9171221010299,229.68455274390556,58.800000000000296,0.0,118.77411973188894,,,,,,,,,,,
4,544,propio,2,378.9171221010299,229.68455274390556,58.700000000000294,0.0,118.77411973188894,,,,,,,,,,,
4,544,rival,1,176.61978905019745,229.81732128884585,58.800000000000296,0.0,292.42608050808326,202.29737661909004,61.18827682534571,,,,,,,,,
4,545,propio,2,378.9171221010299,229.68455274390556,57.60000000000029,0.0,118.77411973188894,,,,,,,,,,,
4,545,disparo,2,378.9171221010299,229.68455274390556,57.60000000000029,,118.77411973188894,,,,1.0,,,,,,,
4,546,propio,2,378.9171221010299,229.68455274390556,57.50000000000029,0.0,118.77411973188894,,,,,,,,,,,
4,547,propio,2,378.9171221010299,229.68455274390556,57.40000000000029,0.0,118.77411973188894,,,,,,,,,,,
4,548,propio,2,378.9171221010299,229.68455274390556,57.30000000000029,0.0,118.77411973188894,,,,,,,,,,,
4,549,propio,2,378.9171221010299,229.68455274390556,57.20000000000029,0.0,118.77411973188894,,,,,,,,,,,
4,550,propio,2,378.9171221010299,229.68455274390556,57.100000000000286,0.0,118.77411973188894,,,,,,,,,,,
4,551,propio,2,378.9171221010299,229.68455274390556,57.000000000000284,0.0,118.77411973188894,,,,,,,,,,,
4,552,propio,2,378.9171221010299,229.68455274390556,56.90000000000028,0.0,118.77411973188894,,,,,,,,,,,
4,552,rival,1,176.61978905019745,229.81732128884585,57.000000000000284,0.0,292.42608050808326,202.29737661909004,61.18827682534571,,,,,,,,,
4,553,propio,2,378.9171221010299,229.68455274390556,56.80000000000028,0.0,118.77411973188894,,,,,,,,,,,
4,554,propio,2,378.9171221010299,229.68455274390556,56.70000000000028,0.0,118.77411973188894,,,,,,,,,,,
4,555,propio,2,378.9171221010299,229.68455274390556,56.60000000000028,0.0,118.77411973188894,,,,,,,,,,,
4,556,propio,2,378.9171221010299,229.68455274390556,56.50000000000028,0.0,118.77411973188894,,,,,,,,,,,
4,557,propio,2,378.9171221010299,229.68455274390556,56.400000000000276,0.0,118.77411973188894,,,,,,,,,,,
4,558,propio,2,378.9171221010299,229.68455274390556,56.300000000000274,0.0,118.77411973188894,,,,,,,,,,,
4,559,propio,2,378.9171221010299,229.68455274390556,56.20000000000027,0.0,118.77411973188894,,,,,,,,,,,
4,560,propio,2,378.9171221010299,229.68455274390556,56.10000000000027,0.0,118.77411973188894,,,,,,,,,,,
4,560,rival,1,176.61978905019745,229.81732128884585,56.20000000000027,0.0,292.42608050808326,202.29737661909004,61.18827682534571,,,,,,,,,
4,561,propio,2,378.9171221010299,229.68455274390556,55.00000000000027,0.0,118.77411973188894,,,,,,,,,,,
4,561,disparo,2,378.9171221010299,229.68455274390556,55.00000000000027,,118.77411973188894,,,,1.0,,,,,,,
4,562,propio,2,378.9171221010299,229.68455274390556,54.90000000000027,0.0,118.77411973188894,,,,,,,,,,,
4,563,propio,2,378.9171221010299,229.68455274390556,54.80000000000027,0.0,118.77411973188894,,,,,,,,,,,
4,564,propio,2,378.9171221010299,229.68455274390556,54.700000000000266,0.0,118.77411973188894,,,,,,,,,,,
4,565,propio,2,378.9171221010299,229.68455274390556,54.600000000000264,0.0,118.77411973188894,,,,,,,,,,,
4,566,propio,2,378.9171221010299,229.68455274390556,54.50000000000026,0.0,118.77411973188894,,,,,,,,,,,
4,567,propio,2,378.9171221010299,229.68455274390556,54.40000000000026,0.0,118.77411973188894,,,,,,,,,,,
4,568,propio,2,378.9171221010299,229.68455274390556,54.30000000000026,0.0,118.77411973188894,,,,,,,,,,,
4,568,rival,1,176.61978905019745,229.81732128884585,54.40000000000026,0.0,292.42608050808326,202.29737661909004,61.18827682534571,,,,,,,,,
4,569,propio,2,378.9171221010299,229.68455274390556,54.20000000000026,0.0,118.77411973188894,,,,,,,,,,,
4,570,propio,2,378.9171221010299,229.68455274390556,54.10000000000026,0.0,118.77411973188894,,,,,,,,,,,
4,571,propio,2,378.9171221010299,229.68455274390556,54.000000000000256,0.0,118.77411973188894,,,,,,,,,,,
4,572,propio,2,378.9171221010299,229.68455274390556,53.900000000000254,0.0,118.77411973188894,,,,,,,,,,,
4,573,propio,2,378.9171221010299,229.68455274390556,53.80000000000025,0.0,118.77411973188894,,,,,,,,,,,
4,574,propio,2,378.9171221010299,229.68455274390556,53.70000000000025,0.0,118.77411973188894,,,,,,,,,,,
4,575,propio,2,378.9171221010299,229.68455274390556,53.60000000000025,0.0,118.77411973188894,,,,,,,,,,,
4,576,propio,2,378.9171221010299,229.68455274390556,53.50000000000025,0.0,118.77411973188894,,,,,,,,,,,
4,576,rival,1,176.61978905019745,229.81732128884585,53.60000000000025,0.0,292.42608050808326,202.29737661909004,61.18827682534571,,,,,,,,,
4,577,propio,2,378.9171221010299,229.68455274390556,52.40000000000025,0.0,118.77411973188894,,,,,,,,,,,
4,577,disparo,2,378.9171221010299,229.68455274390556,52.40000000000025,,118.77411973188894,,,,1.0,,,,,,,
4,578,propio,2,378.9171221010299,229.68455274390556,52.300000000000246,0.0,118.77411973188894,,,,,,,,,,,
4,579,propio,2,378.9171221010299,229.68455274390556,52.200000000000244,0.0,118.77411973188894,,,,,,,,,,,
4,580,propio,2,378.9171221010299,229.68455274390556,52.10000000000024,0.0,118.77411973188894,,,,,,,,,,,
4,581,propio,2,378.9171221010299,229.68455274390556,52.00000000000024,0.0,118.77411973188894,,,,,,,,,,,
4,582,propio,2,378.9171221010299,229.68455274390556,51.90000000000024,0.0,118.77411973188894,,,,,,,,,,,
4,583,propio,2,378.9171221010299,229.68455274390556,51.80000000000024,0.0,118.77411973188894,,,,,,,,,,,
4,584,propio,2,378.9171221010299,229.68455274390556,51.70000000000024,0.0,118.77411973188894,,,,,,,,,,,
4,584,rival,1,176.61978905019745,229.81732128884585,51.80000000000024,0.0,292.42608050808326,202.29737661909004,61.18827682534571,,,,,,,,,
4,585,propio,2,378.9171221010299,229.68455274390556,51.600000000000236,0.0,118.77411973188894,,,,,,,,,,,
4,586,propio,2,378.9171221010299,229.68455274390556,51.500000000000234,0.0,118.77411973188894,,,,,,,,,,,
4,587,propio,2,378.9171221010299,229.68455274390556,51.40000000000023,0.0,118.77411973188894,,,,,,,,,,,
4,588,propio,2,378.9171221010299,229.68455274390556,51.30000000000023,0.0,118.77411973188894,,,,,,,,,,,
4,589,propio,2,378.9171221010299,229.68455274390556,51.20000000000023,0.0,118.77411973188894,,,,,,,,,,,
4,590,propio,2,378.9171221010299,229.68455274390556,51.10000000000023,0.0,118.77411973188894,,,,,,,,,,,
4,591,propio,2,378.9171221010299,229.68455274390556,51.00000000000023,0.0,118.77411973188894,,,,,,,,,,,
4,592,propio,2,378.9171221010299,229.68455274390556,50.900000000000226,0.0,118.77411973188894,,,,,,,,,,,
4,592,rival,1,176.61978905019745,229.81732128884585,51.00000000000023,0.0,292.42608050808326,202.29737661909004,61.18827682534571,,,,,,,,,
4,593,propio,2,378.9171221010299,229.68455274390556,49.800000000000225,0.0,118.77411973188894,,,,,,,,,,,
4,593,disparo,2,378.9171221010299,229.68455274390556,49.800000000000225,,118.77411973188894,,,,1.0,,,,,,,
4,594,propio,2,378.9171221010299,229.68455274390556,49.70000000000022,0.0,118.77411973188894,,,,,,,,,,,
4,595,propio,2,378.9171221010299,229.68455274390556,49.60000000000022,0.0,118.77411973188894,,,,,,,,,,,
4,596,propio,2,378.9171221010299,229.68455274390556,49.50000000000022,0.0,118.77411973188894,,,,,,,,,,,
4,597,propio,2,378.9171221010299,229.68455274390556,49.40000000000022,0.0,118.77411973188894,,,,,,,,,,,
4,598,propio,2,378.9171221010299,229.68455274390556,49.30000000000022,0.0,118.77411973188894,,,,,,,,,,,
4,599,propio,2,378.9171221010299,229.68455274390556,49.200000000000216,0.0,118.77411973188894,,,,,,,,,,,
4,600,propio,2,378.9171221010299,229.68455274390556,49.100000000000215,0.0,118.77411973188894,,,,,,,,,,,
4,600,rival,1,176.61978905019745,229.81732128884585,49.200000000000216,0.0,292.42608050808326,202.29737661909004,61.18827682534571,,,,,,,,,
4,601,propio,2,378.9171221010299,229.68455274390556,49.00000000000021,0.0,118.77411973188894,,,,,,,,,,,
4,602,propio,2,378.9171221010299,229.68455274390556,48.90000000000021,0.0,118.77411973188894,,,,,,,,,,,
4,603,propio,2,378.9171221010299,229.68455274390556,48.80000000000021,0.0,118.77411973188894,,,,,,,,,,,
4,604,propio,2,378.9171221010299,229.68455274390556,48.70000000000021,0.0,118.77411973188894,,,,,,,,,,,
4,605,propio,2,378.9171221010299,229.68455274390556,48.60000000000021,0.0,118.77411973188894,,,,,,,,,,,
4,606,propio,2,378.9171221010299,229.68455274390556,48.500000000000206,0.0,118.77411973188894,,,,,,,,,,,
4,607,propio,2,378.9171221010299,229.68455274390556,48.400000000000205,0.0,118.77411973188894,,,,,,,,,,,
4,608,propio,2,378.9171221010299,229.68455274390556,48.3000000000002,0.0,118.77411973188894,,,,,,,,,,,
4,608,rival,1,176.61978905019745,229.81732128884585,48.400000000000205,0.0,292.42608050808326,202.29737661909004,61.18827682534571,,,,,,,,,
4,609,propio,2,378.9171221010299,229.68455274390556,47.2000000000002,0.0,118.77411973188894,,,,,,,,,,,
4,609,disparo,2,378.9171221010299,229.68455274390556,47.2000000000002,,118.77411973188894,,,,1.0,,,,,,,
4,610,propio,2,378.9171221010299,229.68455274390556,47.1000000000002,0.0,118.77411973188894,,,,,,,,,,,
4,611,propio,2,378.9171221010299,229.68455274390556,47.0000000000002,0.0,118.77411973188894,,,,,,,,,,,
4,612,propio,2,378.9171221010299,229.68455274390556,46.9000000000002,0.0,118.77411973188894,,,,,,,,,,,
4,613,propio,2,378.9171221010299,229.68455274390556,46.800000000000196,0.0,118.77411973188894,,,,,,,,,,,
4,614,propio,2,378.9171221010299,229.68455274390556,46.700000000000195,0.0,118.77411973188894,,,,,,,,,,,
4,615,propio,2,378.9171221010299,229.68455274390556,46.60000000000019,0.0,118.77411973188894,,,,,,,,,,,
4,616,propio,2,378.9171221010299,229.68455274390556,46.50000000000019,0.0,118.77411973188894,,,,,,,,,,,
4,616,rival,1,176.61978905019745,229.81732128884585,46.60000000000019,0.0,292.42608050808326,202.29737661909004,61.18827682534571,,,,,,,,,
4,617,propio,2,378.9171221010299,229.68455274390556,46.40000000000019,0.0,118.77411973188894,,,,,,,,,,,
4,618,propio,2,378.9171221010299,229.68455274390556,46.30000000000019,0.0,118.77411973188894,,,,,,,,,,,
4,619,propio,2,378.9171221010299,229.68455274390556,46.20000000000019,0.0,118.77411973188894,,,,,,,,,,,
4,620,propio,2,378.9171221010299,229.68455274390556,46.100000000000186,0.0,118.77411973188894,,,,,,,,,,,
4,621,propio,2,378.9171221010299,229.68455274390556,46.000000000000185,0.0,118.77411973188894,,,,,,,,,,,
4,622,propio,2,378.9171221010299,229.68455274390556,45.90000000000018,0.0,118.77411973188894,,,,,,,,,,,
4,623,propio,2,378.9171221010299,229.68455274390556,45.80000000000018,0.0,118.77411973188894,,,,,,,,,,,
4,624,propio,2,378.9171221010299,229.68455274390556,45.70000000000018,0.0,118.77411973188894,,,,,,,,,,,
4,624,rival,1,176.61978905019745,229.81732128884585,45.80000000000018,0.0,292.42608050808326,202.29737661909004,61.18827682534571,,,,,,,,,
4,625,propio,2,378.9171221010299,229.68455274390556,44.60000000000018,0.0,118.77411973188894,,,,,,,,,,,
4,625,disparo,2,378.9171221010299,229.68455274390556,44.60000000000018,,118.77411973188894,,,,1.0,,,,,,,
4,626,propio,2,378.9171221010299,229.68455274390556,44.50000000000018,0.0,118.77411973188894,,,,,,,,,,,
4,627,propio,2,378.9171221010299,229.68455274390556,44.400000000000176,0.0,118.77411973188894,,,,,,,,,,,
4,628,propio,2,378.9171221010299,229.68455274390556,44.300000000000175,0.0,118.77411973188894,,,,,,,,,,,
4,629,propio,2,378.9171221010299,229.68455274390556,44.20000000000017,0.0,118.77411973188894,,,,,,,,,,,
4,630,propio,2,378.9171221010299,229.68455274390556,44.10000000000017,0.0,118.77411973188894,,,,,,,,,,,
4,631,propio,2,378.9171221010299,229.68455274390556,44.00000000000017,0.0,118.77411973188894,,,,,,,,,,,
4,632,propio,2,378.9171221010299,229.68455274390556,43.90000000000017,0.0,118.77411973188894,,,,,,,,,,,
4,632,rival,1,176.61978905019745,229.81732128884585,44.00000000000017,0.0,292.42608050808326,202.29737661909004,61.18827682534571,,,,,,,,,
4,633,propio,2,378.9171221010299,229.68455274390556,43.80000000000017,0.0,118.77411973188894,,,,,,,,,,,
4,634,propio,2,378.9171221010299,229.68455274390556,43.700000000000166,0.0,118.77411973188894,,,,,,,,,,,
4,635,propio,2,378.9171221010299,229.68455274390556,43.600000000000165,0.0,118.77411973188894,,,,,,,,,,,
4,636,propio,2,378.9171221010299,229.68455274390556,43.50000000000016,0.0,118.77411973188894,,,,,,,,,,,
4,637,propio,2,378.9171221010299,229.68455274390556,43.40000000000016,0.0,118.77411973188894,,,,,,,,,,,
4,638,propio,2,378.9171221010299,229.68455274390556,43.30000000000016,0.0,118.77411973188894,,,,,,,,,,,
4,639,propio,2,378.9171221010299,229.68455274390556,43.20000000000016,0.0,118.77411973188894,,,,,,,,,,,
4,640,propio,2,378.9171221010299,229.68455274390556,43.10000000000016,0.0,118.77411973188894,,,,,,,,,,,
4,640,rival,1,176.61978905019745,229.81732128884585,43.20000000000016,0.0,292.42608050808326,202.29737661909004,61.18827682534571,,,,,,,,,
4,641,propio,2,378.9171221010299,229.68455274390556,42.000000000000156,0.0,118.77411973188894,,,,,,,,,,,
4,641,disparo,2,378.9171221010299,229.68455274390556,42.000000000000156,,118.77411973188894,,,,1.0,,,,,,,
4,642,propio,2,378.9171221010299,229.68455274390556,41.900000000000155,0.0,118.77411973188894,,,,,,,,,,,
4,643,propio,2,378.9171221010299,229.68455274390556,41.80000000000015,0.0,118.77411973188894,,,,,,,,,,,
4,644,propio,2,378.9171221010299,229.68455274390556,41.70000000000015,0.0,118.77411973188894,,,,,,,,,,,
4,645,propio,2,378.9171221010299,229.68455274390556,41.60000000000015,0.0,118.77411973188894,,,,,,,,,,,
4,646,propio,2,378.9171221010299,229.68455274390556,41.50000000000015,0.0,118.77411973188894,,,,,,,,,,,
4,647,propio,2,378.9171221010299,229.68455274390556,41.40000000000015,0.0,118.77411973188894,,,,,,,,,,,
4,648,propio,2,378.9171221010299,229.68455274390556,41.300000000000146,0.0,118.77411973188894,,,,,,,,,,,
4,648,rival,1,176.61978905019745,229.81732128884585,41.40000000000015,0.0,292.42608050808326,202.29737661909004,61.18827682534571,,,,,,,,,
4,649,propio,2,378.9171221010299,229.68455274390556,41.200000000000145,0.0,118.77411973188894,,,,,,,,,,,
4,650,propio,2,378.9171221010299,229.68455274390556,41.10000000000014,0.0,118.77411973188894,,,,,,,,,,,
4,651,propio,2,378.9171221010299,229.68455274390556,41.00000000000014,0.0,118.77411973188894,,,,,,,,,,,
4,652,propio,2,378.9171221010299,229.68455274390556,40.90000000000014,0.0,118.77411973188894,,,,,,,,,,,
4,653,propio,2,378.9171221010299,229.68455274390556,40.80000000000014,0.0,118.77411973188894,,,,,,,,,,,
4,654,propio,2,378.9171221010299,229.68455274390556,40.70000000000014,0.0,118.77411973188894,,,,,,,,,,,
4,655,propio,2,378.9171221010299,229.68455274390556,40.600000000000136,0.0,118.77411973188894,,,,,,,,,,,
4,656,propio,2,378.9171221010299,229.68455274390556,40.500000000000135,0.0,118.77411973188894,,,,,,,,,,,
4,656,rival,1,176.61978905019745,229.81732128884585,40.600000000000136,0.0,292.42608050808326,202.29737661909004,61.18827682534571,,,,,,,,,
4,657,propio,2,378.9171221010299,229.68455274390556,39.400000000000134,0.0,118.77411973188894,,,,,,,,,,,
4,657,disparo,2,378.9171221010299,229.68455274390556,39.400000000000134,,118.77411973188894,,,,1.0,,,,,,,
4,658,propio,2,378.9171221010299,229.68455274390556,39.30000000000013,0.0,118.77411973188894,,,,,,,,,,,
4,659,propio,2,378.9171221010299,229.68455274390556,39.20000000000013,0.0,118.77411973188894,,,,,,,,,,,
4,660,propio,2,378.9171221010299,229.68455274390556,39.10000000000013,0.0,118.77411973188894,,,,,,,,,,,
4,661,propio,2,378.9171221010299,229.68455274390556,39.00000000000013,0.0,118.77411973188894,,,,,,,,,,,
4,662,propio,2,378.9171221010299,229.68455274390556,38.90000000000013,0.0,118.77411973188894,,,,,,,,,,,
4,663,propio,2,378.9171221010299,229.68455274390556,38.800000000000125,0.0,118.77411973188894,,,,,,,,,,,
4,664,propio,2,378.9171221010299,229.68455274390556,38.700000000000124,0.0,118.77411973188894,,,,,,,,,,,
4,664,rival,1,176.61978905019745,229.81732128884585,38.800000000000125,0.0,292.42608050808326,202.29737661909004,61.18827682534571,,,,,,,,,
4,665,propio,2,378.9171221010299,229.68455274390556,38.60000000000012,0.0,118.77411973188894,,,,,,,,,,,
4,666,propio,2,378.9171221010299,229.68455274390556,38.50000000000012,0.0,118.77411973188894,,,,,,,,,,,
4,667,propio,2,378.9171221010299,229.68455274390556,38.40000000000012,0.0,118.77411973188894,,,,,,,,,,,
4,668,propio,2,378.9171221010299,229.68455274390556,38.30000000000012,0.0,118.77411973188894,,,,,,,,,,,
4,669,propio,2,378.9171221010299,229.68455274390556,38.20000000000012,0.0,118.77411973188894,,,,,,,,,,,
4,670,propio,2,378.9171221010299,229.68455274390556,38.100000000000115,0.0,118.77411973188894,,,,,,,,,,,
4,671,propio,2,378.9171221010299,229.68455274390556,38.000000000000114,0.0,118.77411973188894,,,,,,,,,,,
4,672,propio,2,378.9171221010299,229.68455274390556,37.90000000000011,0.0,118.77411973188894,,,,,,,,,,,
4,672,rival,1,176.61978905019745,229.81732128884585,38.000000000000114,0.0,292.42608050808326,202.29737661909004,61.18827682534571,,,,,,,,,
4,673,propio,2,378.9171221010299,229.68455274390556,36.80000000000011,0.0,118.77411973188894,,,,,,,,,,,
4,673,disparo,2,378.9171221010299,229.68455274390556,36.80000000000011,,118.77411973188894,,,,1.0,,,,,,,
4,674,propio,2,378.9171221010299,229.68455274390556,36.70000000000011,0.0,118.77411973188894,,,,,,,,,,,
4,675,propio,2,378.9171221010299,229.68455274390556,36.60000000000011,0.0,118.77411973188894,,,,,,,,,,,
4,676,propio,2,378.9171221010299,229.68455274390556,36.50000000000011,0.0,118.77411973188894,,,,,,,,,,,
4,677,propio,2,378.9171221010299,229.68455274390556,36.400000000000105,0.0,118.77411973188894,,,,,,,,,,,
4,678,propio,2,378.9171221010299,229.68455274390556,36.300000000000104,0.0,118.77411973188894,,,,,,,,,,,
4,679,propio,2,378.9171221010299,229.68455274390556,36.2000000000001,0.0,118.77411973188894,,,,,,,,,,,
4,680,propio,2,378.9171221010299,229.68455274390556,36.1000000000001,0.0,118.77411973188894,,,,,,,,,,,
4,680,rival,1,176.61978905019745,229.81732128884585,36.2000000000001,0.0,292.42608050808326,202.29737661909004,61.18827682534571,,,,,,,,,
4,681,propio,2,378.9171221010299,229.68455274390556,36.0000000000001,0.0,118.77411973188894,,,,,,,,,,,
4,682,propio,2,378.9171221010299,229.68455274390556,35.9000000000001,0.0,118.77411973188894,,,,,,,,,,,
4,683,propio,2,378.9171221010299,229.68455274390556,35.8000000000001,0.0,118.77411973188894,,,,,,,,,,,
4,684,propio,2,378.9171221010299,229.68455274390556,35.700000000000095,0.0,118.77411973188894,,,,,,,,,,,
4,685,propio,2,378.9171221010299,229.68455274390556,35.600000000000094,0.0,118.77411973188894,,,,,,,,,,,
4,686,propio,2,378.9171221010299,229.68455274390556,35.50000000000009,0.0,118.77411973188894,,,,,,,,,,,
4,687,propio,2,378.9171221010299,229.68455274390556,35.40000000000009,0.0,118.77411973188894,,,,,,,,,,,
4,688,propio,2,378.9171221010299,229.68455274390556,35.30000000000009,0.0,118.77411973188894,,,,,,,,,,,
4,688,rival,1,176.61978905019745,229.81732128884585,35.40000000000009,0.0,292.42608050808326,202.29737661909004,61.18827682534571,,,,,,,,,
4,689,propio,2,378.9171221010299,229.68455274390556,34.20000000000009,0.0,118.77411973188894,,,,,,,,,,,
4,689,disparo,2,378.9171221010299,229.68455274390556,34.20000000000009,,118.77411973188894,,,,1.0,,,,,,,
4,690,propio,2,378.9171221010299,229.68455274390556,34.10000000000009,0.0,118.77411973188894,,,,,,,,,,,
4,691,propio,2,378.9171221010299,229.68455274390556,34.000000000000085,0.0,118.77411973188894,,,,,,,,,,,
4,692,propio,2,378.9171221010299,229.68455274390556,33.900000000000084,0.0,118.77411973188894,,,,,,,,,,,
4,693,propio,2,378.9171221010299,229.68455274390556,33.80000000000008,0.0,118.77411973188894,,,,,,,,,,,
4,694,propio,2,378.9171221010299,229.68455274390556,33.70000000000008,0.0,118.77411973188894,,,,,,,,,,,
4,695,propio,2,378.9171221010299,229.68455274390556,33.60000000000008,0.0,118.77411973188894,,,,,,,,,,,
4,696,propio,2,378.9171221010299,229.68455274390556,33.50000000000008,0.0,118.77411973188894,,,,,,,,,,,
4,696,rival,1,176.61978905019745,229.81732128884585,33.60000000000008,0.0,292.42608050808326,202.29737661909004,61.18827682534571,,,,,,,,,
4,697,propio,2,378.9171221010299,229.68455274390556,33.40000000000008,0.0,118.77411973188894,,,,,,,,,,,
4,698,propio,2,378.9171221010299,229.68455274390556,33.300000000000075,0.0,118.77411973188894,,,,,,,,,,,
4,699,propio,2,378.9171221010299,229.68455274390556,33.200000000000074,0.0,118.77411973188894,,,,,,,,,,,
4,700,propio,2,378.9171221010299,229.68455274390556,33.10000000000007,0.0,118.77411973188894,,,,,,,,,,,
4,701,propio,2,378.9171221010299,229.68455274390556,33.00000000000007,0.0,118.77411973188894,,,,,,,,,,,
4,702,propio,2,378.9171221010299,229.68455274390556,32.90000000000007,0.0,118.77411973188894,,,,,,,,,,,
4,703,propio,2,378.9171221010299,229.68455274390556,32.80000000000007,0.0,118.77411973188894,,,,,,,,,,,
4,704,propio,2,378.9171221010299,229.68455274390556,32.70000000000007,0.0,118.77411973188894,,,,,,,,,,,
4,704,rival,1,176.61978905019745,229.81732128884585,32.80000000000007,0.0,292.42608050808326,202.29737661909004,61.18827682534571,,,,,,,,,
4,705,propio,2,378.9171221010299,229.68455274390556,31.600000000000065,0.0,118.77411973188894,,,,,,,,,,,
4,705,disparo,2,378.9171221010299,229.68455274390556,31.600000000000065,,118.77411973188894,,,,1.0,,,,,,,
4,706,propio,2,378.9171221010299,229.68455274390556,31.500000000000064,0.0,118.77411973188894,,,,,,,,,,,
4,707,propio,2,378.9171221010299,229.68455274390556,31.400000000000063,0.0,118.77411973188894,,,,,,,,,,,
4,708,propio,2,378.9171221010299,229.68455274390556,31.30000000000006,0.0,118.77411973188894,,,,,,,,,,,
4,709,propio,2,378.9171221010299,229.68455274390556,31.20000000000006,0.0,118.77411973188894,,,,,,,,,,,
4,710,propio,2,378.9171221010299,229.68455274390556,31.10000000000006,0.0,118.77411973188894,,,,,,,,,,,
4,711,propio,2,378.9171221010299,229.68455274390556,31.000000000000057,0.0,118.77411973188894,,,,,,,,,,,
4,712,propio,2,378.9171221010299,229.68455274390556,30.900000000000055,0.0,118.77411973188894,,,,,,,,,,,
4,712,rival,1,176.61978905019745,229.81732128884585,31.000000000000057,0.0,292.42608050808326,202.29737661909004,61.18827682534571,,,,,,,,,
4,713,propio,2,378.9171221010299,229.68455274390556,30.800000000000054,0.0,118.77411973188894,,,,,,,,,,,
4,714,propio,2,378.9171221010299,229.68455274390556,30.700000000000053,0.0,118.77411973188894,,,,,,,,,,,
4,715,propio,2,378.9171221010299,229.68455274390556,30.60000000000005,0.0,118.77411973188894,,,,,,,,,,,
4,716,propio,2,378.9171221010299,229.68455274390556,30.50000000000005,0.0,118.77411973188894,,,,,,,,,,,
4,717,propio,2,378.9171221010299,229.68455274390556,30.40000000000005,0.0,118.77411973188894,,,,,,,,,,,
4,718,propio,2,378.9171221010299,229.68455274390556,30.300000000000047,0.0,118.77411973188894,,,,,,,,,,,
4,719,propio,2,378.9171221010299,229.68455274390556,30.200000000000045,0.0,118.77411973188894,,,,,,,,,,,
4,720,propio,2,378.9171221010299,229.68455274390556,30.100000000000044,0.0,118.77411973188894,,,,,,,,,,,
4,720,rival,1,176.61978905019745,229.81732128884585,30.200000000000045,0.0,292.42608050808326,202.29737661909004,61.18827682534571,,,,,,,,,
4,721,propio,2,378.9171221010299,229.68455274390556,29.000000000000043,0.0,118.77411973188894,,,,,,,,,,,
4,721,disparo,2,378.9171221010299,229.68455274390556,29.000000000000043,,118.77411973188894,,,,1.0,,,,,,,
4,722,propio,2,378.9171221010299,229.68455274390556,28.90000000000004,0.0,118.77411973188894,,,,,,,,,,,
4,723,propio,2,378.9171221010299,229.68455274390556,28.80000000000004,0.0,118.77411973188894,,,,,,,,,,,
4,724,propio,2,378.9171221010299,229.68455274390556,28.70000000000004,0.0,118.77411973188894,,,,,,,,,,,
4,725,propio,2,378.9171221010299,229.68455274390556,28.600000000000037,0.0,118.77411973188894,,,,,,,,,,,
4,726,propio,2,378.9171221010299,229.68455274390556,28.500000000000036,0.0,118.77411973188894,,,,,,,,,,,
4,727,propio,2,378.9171221010299,229.68455274390556,28.400000000000034,0.0,118.77411973188894,,,,,,,,,,,
4,728,propio,2,378.9171221010299,229.68455274390556,28.300000000000033,0.0,118.77411973188894,,,,,,,,,,,
4,728,rival,1,176.61978905019745,229.81732128884585,28.400000000000034,0.0,292.42608050808326,202.29737661909004,61.18827682534571,,,,,,,,,
4,729,propio,2,378.9171221010299,229.68455274390556,28.20000000000003,0.0,118.77411973188894,,,,,,,,,,,
4,730,propio,2,378.9171221010299,229.68455274390556,28.10000000000003,0.0,118.77411973188894,,,,,,,,,,,
4,731,propio,2,378.9171221010299,229.68455274390556,28.00000000000003,0.0,118.77411973188894,,,,,,,,,,,
4,732,propio,2,378.9171221010299,229.68455274390556,27.900000000000027,0.0,118.77411973188894,,,,,,,,,,,
4,733,propio,2,378.9171221010299,229.68455274390556,27.800000000000026,0.0,118.77411973188894,,,,,,,,,,,
4,734,propio,2,378.9171221010299,229.68455274390556,27.700000000000024,0.0,118.77411973188894,,,,,,,,,,,
4,735,propio,2,378.9171221010299,229.68455274390556,27.600000000000023,0.0,118.77411973188894,,,,,,,,,,,
4,736,propio,2,378.9171221010299,229.68455274390556,27.50000000000002,0.0,118.77411973188894,,,,,,,,,,,
4,736,rival,1,176.61978905019745,229.81732128884585,27.600000000000023,0.0,292.42608050808326,202.29737661909004,61.18827682534571,,,,,,,,,
4,737,propio,2,378.9171221010299,229.68455274390556,26.40000000000002,0.0,118.77411973188894,,,,,,,,,,,
4,737,disparo,2,378.9171221010299,229.68455274390556,26.40000000000002,,118.77411973188894,,,,1.0,,,,,,,
4,738,propio,2,378.9171221010299,229.68455274390556,26.30000000000002,0.0,118.77411973188894,,,,,,,,,,,
4,739,propio,2,378.9171221010299,229.68455274390556,26.200000000000017,0.0,118.77411973188894,,,,,,,,,,,
4,740,propio,2,378.9171221010299,229.68455274390556,26.100000000000016,0.0,118.77411973188894,,,,,,,,,,,
4,741,propio,2,378.9171221010299,229.68455274390556,26.000000000000014,0.0,118.77411973188894,,,,,,,,,,,
4,742,propio,2,378.9171221010299,229.68455274390556,25.900000000000013,0.0,118.77411973188894,,,,,,,,,,,
4,743,propio,2,378.9171221010299,229.68455274390556,25.80000000000001,0.0,118.77411973188894,,,,,,,,,,,
4,744,propio,2,378.9171221010299,229.68455274390556,25.70000000000001,0.0,118.77411973188894,,,,,,,,,,,
4,744,rival,1,176.61978905019745,229.81732128884585,25.80000000000001,0.0,292.42608050808326,202.29737661909004,61.18827682534571,,,,,,,,,
4,745,propio,2,378.9171221010299,229.68455274390556,25.60000000000001,0.0,118.77411973188894,,,,,,,,,,,
4,746,propio,2,378.9171221010299,229.68455274390556,25.500000000000007,0.0,118.77411973188894,,,,,,,,,,,
4,747,propio,2,378.9171221010299,229.68455274390556,25.400000000000006,0.0,118.77411973188894,,,,,,,,,,,
4,748,propio,2,378.9171221010299,229.68455274390556,25.300000000000004,0.0,118.77411973188894,,,,,,,,,,,
4,749,propio,2,378.9171221010299,229.68455274390556,25.200000000000003,0.0,118.77411973188894,,,,,,,,,,,
4,750,propio,2,378.9171221010299,229.68455274390556,25.1,0.0,118.77411973188894,,,,,,,,,,,
4,751,propio,2,378.9171221010299,229.68455274390556,25.0,0.0,118.77411973188894,,,,,,,,,,,
4,752,propio,2,378.9171221010299,229.68455274390556,24.9,0.0,118.77411973188894,,,,,,,,,,,
4,752,rival,1,176.61978905019745,229.81732128884585,25.0,0.0,292.42608050808326,202.29737661909004,61.18827682534571,,,,,,,,,
4,753,propio,2,378.9171221010299,229.68455274390556,23.799999999999997,0.0,118.77411973188894,,,,,,,,,,,
4,753,disparo,2,378.9171221010299,229.68455274390556,23.799999999999997,,118.77411973188894,,,,1.0,,,,,,,
4,754,propio,2,378.9171221010299,229.68455274390556,23.699999999999996,0.0,118.77411973188894,,,,,,,,,,,
4,755,propio,2,378.9171221010299,229.68455274390556,23.599999999999994,0.0,118.77411973188894,,,,,,,,,,,
4,756,propio,2,378.9171221010299,229.68455274390556,23.499999999999993,0.0,118.77411973188894,,,,,,,,,,,
4,757,propio,2,378.9171221010299,229.68455274390556,23.39999999999999,0.0,118.77411973188894,,,,,,,,,,,
4,758,propio,2,378.9171221010299,229.68455274390556,23.29999999999999,0.0,118.77411973188894,,,,,,,,,,,
4,759,propio,2,378.9171221010299,229.68455274390556,23.19999999999999,0.0,118.77411973188894,,,,,,,,,,,
4,760,propio,2,378.9171221010299,229.68455274390556,23.099999999999987,0.0,118.77411973188894,,,,,,,,,,,
4,760,rival,1,176.61978905019745,229.81732128884585,23.19999999999999,0.0,292.42608050808326,202.29737661909004,61.18827682534571,,,,,,,,,
4,761,propio,2,378.9171221010299,229.68455274390556,22.999999999999986,0.0,118.77411973188894,,,,,,,,,,,
4,762,propio,2,378.9171221010299,229.68455274390556,22.899999999999984,0.0,118.77411973188894,,,,,,,,,,,
4,763,propio,2,378.9171221010299,229.68455274390556,22.799999999999983,0.0,118.77411973188894,,,,,,,,,,,
4,764,propio,2,378.9171221010299,229.68455274390556,22.69999999999998,0.0,118.77411973188894,,,,,,,,,,,
4,765,propio,2,378.9171221010299,229.68455274390556,22.59999999999998,0.0,118.77411973188894,,,,,,,,,,,
4,766,propio,2,378.9171221010299,229.68455274390556,22.49999999999998,0.0,118.77411973188894,,,,,,,,,,,
4,767,propio,2,378.9171221010299,229.68455274390556,22.399999999999977,0.0,118.77411973188894,,,,,,,,,,,
4,768,propio,2,378.9171221010299,229.68455274390556,22.299999999999976,0.0,118.77411973188894,,,,,,,,,,,
4,768,rival,1,176.61978905019745,229.81732128884585,22.399999999999977,0.0,292.42608050808326,202.29737661909004,61.18827682534571,,,,,,,,,
4,769,propio,2,378.9171221010299,229.68455274390556,21.199999999999974,0.0,118.77411973188894,,,,,,,,,,,
4,769,disparo,2,378.9171221010299,229.68455274390556,21.199999999999974,,118.77411973188894,,,,1.0,,,,,,,
4,770,propio,2,378.9171221010299,229.68455274390556,21.099999999999973,0.0,118.77411973188894,,,,,,,,,,,
4,771,propio,2,378.9171221010299,229.68455274390556,20.99999999999997,0.0,118.77411973188894,,,,,,,,,,,
4,772,propio,2,378.9171221010299,229.68455274390556,20.89999999999997,0.0,118.77411973188894,,,,,,,,,,,
4,773,propio,2,378.9171221010299,229.68455274390556,20.79999999999997,0.0,118.77411973188894,,,,,,,,,,,
4,774,propio,2,378.9171221010299,229.68455274390556,20.699999999999967,0.0,118.77411973188894,,,,,,,,,,,
4,775,propio,2,378.9171221010299,229.68455274390556,20.599999999999966,0.0,118.77411973188894,,,,,,,,,,,
4,776,propio,2,378.9171221010299,229.68455274390556,20.499999999999964,0.0,118.77411973188894,,,,,,,,,,,
4,776,rival,1,176.61978905019745,229.81732128884585,20.599999999999966,0.0,292.42608050808326,202.29737661909004,61.18827682534571,,,,,,,,,
4,777,propio,2,378.9171221010299,229.68455274390556,20.399999999999963,0.0,118.77411973188894,,,,,,,,,,,
4,778,propio,2,378.9171221010299,229.68455274390556,20.29999999999996,0.0,118.77411973188894,,,,,,,,,,,
4,779,propio,2,378.9171221010299,229.68455274390556,20.19999999999996,0.0,118.77411973188894,,,,,,,,,,,
4,780,propio,2,378.9171221010299,229.68455274390556,20.09999999999996,0.0,118.77411973188894,,,,,,,,,,,
4,781,propio,2,378.9171221010299,229.68455274390556,19.999999999999957,0.0,118.77411973188894,,,,,,,,,,,
4,782,propio,2,378.9171221010299,229.68455274390556,19.899999999999956,0.0,118.77411973188894,,,,,,,,,,,
4,783,propio,2,378.9171221010299,229.68455274390556,19.799999999999955,0.0,118.77411973188894,,,,,,,,,,,
4,784,propio,2,378.9171221010299,229.68455274390556,19.699999999999953,0.0,118.77411973188894,,,,,,,,,,,
4,784,rival,1,176.61978905019745,229.81732128884585,19.799999999999955,0.0,292.42608050808326,202.29737661909004,61.18827682534571,,,,,,,,,
4,785,propio,2,378.9171221010299,229.68455274390556,18.59999999999995,0.0,118.77411973188894,,,,,,,,,,,
4,785,disparo,2,378.9171221010299,229.68455274390556,18.59999999999995,,118.77411973188894,,,,1.0,,,,,,,
4,786,propio,2,378.9171221010299,229.68455274390556,18.49999999999995,0.0,118.77411973188894,,,,,,,,,,,
4,787,propio,2,378.9171221010299,229.68455274390556,18.39999999999995,0.0,118.77411973188894,,,,,,,,,,,
4,788,propio,2,378.9171221010299,229.68455274390556,18.299999999999947,0.0,118.77411973188894,,,,,,,,,,,
4,789,propio,2,378.9171221010299,229.68455274390556,18.199999999999946,0.0,118.77411973188894,,,,,,,,,,,
4,790,propio,2,378.9171221010299,229.68455274390556,18.099999999999945,0.0,118.77411973188894,,,,,,,,,,,
4,791,propio,2,378.9171221010299,229.68455274390556,17.999999999999943,0.0,118.77411973188894,,,,,,,,,,,
4,792,propio,2,378.9171221010299,229.68455274390556,17.89999999999994,0.0,118.77411973188894,,,,,,,,,,,
4,792,rival,1,176.61978905019745,229.81732128884585,17.999999999999943,0.0,292.42608050808326,202.29737661909004,61.18827682534571,,,,,,,,,
4,793,propio,2,378.9171221010299,229.68455274390556,17.79999999999994,0.0,118.77411973188894,,,,,,,,,,,
4,794,propio,2,378.9171221010299,229.68455274390556,17.69999999999994,0.0,118.77411973188894,,,,,,,,,,,
4,795,propio,2,378.9171221010299,229.68455274390556,17.599999999999937,0.0,118.77411973188894,,,,,,,,,,,
4,796,propio,2,378.9171221010299,229.68455274390556,17.499999999999936,0.0,118.77411973188894,,,,,,,,,,,
4,797,propio,2,378.9171221010299,229.68455274390556,17.399999999999935,0.0,118.77411973188894,,,,,,,,,,,
4,798,propio,2,378.9171221010299,229.68455274390556,17.299999999999933,0.0,118.77411973188894,,,,,,,,,,,
4,799,propio,2,378.9171221010299,229.68455274390556,17.199999999999932,0.0,118.77411973188894,,,,,,,,,,,
4,800,propio,2,378.9171221010299,229.68455274390556,17.09999999999993,0.0,118.77411973188894,,,,,,,,,,,
4,800,rival,1,176.61978905019745,229.81732128884585,17.199999999999932,0.0,292.42608050808326,202.29737661909004,61.18827682534571,,,,,,,,,
4,801,propio,2,378.9171221010299,229.68455274390556,15.99999999999993,0.0,118.77411973188894,,,,,,,,,,,
4,801,disparo,2,378.9171221010299,229.68455274390556,15.99999999999993,,118.77411973188894,,,,1.0,,,,,,,
4,802,propio,2,378.9171221010299,229.68455274390556,15.899999999999931,0.0,118.77411973188894,,,,,,,,,,,
4,803,propio,2,378.9171221010299,229.68455274390556,15.799999999999931,0.0,118.77411973188894,,,,,,,,,,,
4,804,propio,2,378.9171221010299,229.68455274390556,15.699999999999932,0.0,118.77411973188894,,,,,,,,,,,
4,805,propio,2,378.9171221010299,229.68455274390556,15.599999999999932,0.0,118.77411973188894,,,,,,,,,,,
4,806,propio,2,378.9171221010299,229.68455274390556,15.499999999999932,0.0,118.77411973188894,,,,,,,,,,,
4,807,propio,2,378.9171221010299,229.68455274390556,15.399999999999933,0.0,118.77411973188894,,,,,,,,,,,
4,808,propio,2,378.9171221010299,229.68455274390556,15.299999999999933,0.0,118.77411973188894,,,,,,,,,,,
4,808,rival,1,176.61978905019745,229.81732128884585,15.399999999999933,0.0,292.42608050808326,202.29737661909004,61.18827682534571,,,,,,,,,
4,809,propio,2,378.9171221010299,229.68455274390556,15.199999999999934,0.0,118.77411973188894,,,,,,,,,,,
4,810,propio,2,378.9171221010299,229.68455274390556,15.099999999999934,0.0,118.77411973188894,,,,,,,,,,,
4,811,propio,2,378.9171221010299,229.68455274390556,14.999999999999934,0.0,118.77411973188894,,,,,,,,,,,
4,812,propio,2,378.9171221010299,229.68455274390556,14.899999999999935,0.0,118.77411973188894,,,,,,,,,,,
4,813,propio,2,378.9171221010299,229.68455274390556,14.799999999999935,0.0,118.77411973188894,,,,,,,,,,,
4,814,propio,2,378.9171221010299,229.68455274390556,14.699999999999935,0.0,118.77411973188894,,,,,,,,,,,
4,815,propio,2,378.9171221010299,229.68455274390556,14.599999999999936,0.0,118.77411973188894,,,,,,,,,,,
4,816,propio,2,378.9171221010299,229.68455274390556,14.499999999999936,0.0,118.77411973188894,,,,,,,,,,,
4,816,rival,1,176.61978905019745,229.81732128884585,14.599999999999936,0.0,292.42608050808326,202.29737661909004,61.18827682534571,,,,,,,,,
4,817,propio,2,378.9171221010299,229.68455274390556,13.399999999999936,0.0,118.77411973188894,,,,,,,,,,,
4,817,disparo,2,378.9171221010299,229.68455274390556,13.399999999999936,,118.77411973188894,,,,1.0,,,,,,,
4,818,propio,2,378.9171221010299,229.68455274390556,13.299999999999937,0.0,118.77411973188894,,,,,,,,,,,
4,819,propio,2,378.9171221010299,229.68455274390556,13.199999999999937,0.0,118.77411973188894,,,,,,,,,,,
4,820,propio,2,378.9171221010299,229.68455274390556,13.099999999999937,0.0,118.77411973188894,,,,,,,,,,,
4,821,propio,2,378.9171221010299,229.68455274390556,12.999999999999938,0.0,118.77411973188894,,,,,,,,,,,
4,822,propio,2,378.9171221010299,229.68455274390556,12.899999999999938,0.0,118.77411973188894,,,,,,,,,,,
4,823,propio,2,378.9171221010299,229.68455274390556,12.799999999999939,0.0,118.77411973188894,,,,,,,,,,,
4,824,propio,2,378.9171221010299,229.68455274390556,12.699999999999939,0.0,118.77411973188894,,,,,,,,,,,
4,824,rival,1,176.61978905019745,229.81732128884585,12.799999999999939,0.0,292.42608050808326,202.29737661909004,61.18827682534571,,,,,,,,,
4,825,propio,2,378.9171221010299,229.68455274390556,12.59999999999994,0.0,118.77411973188894,,,,,,,,,,,
4,826,propio,2,378.9171221010299,229.68455274390556,12.49999999999994,0.0,118.77411973188894,,,,,,,,,,,
4,827,propio,2,378.9171221010299,229.68455274390556,12.39999999999994,0.0,118.77411973188894,,,,,,,,,,,
4,828,propio,2,378.9171221010299,229.68455274390556,12.29999999999994,0.0,118.77411973188894,,,,,,,,,,,
4,829,propio,2,378.9171221010299,229.68455274390556,12.19999999999994,0.0,118.77411973188894,,,,,,,,,,,
4,830,propio,2,378.9171221010299,229.68455274390556,12.099999999999941,0.0,118.77411973188894,,,,,,,,,,,
4,831,propio,2,378.9171221010299,229.68455274390556,11.999999999999941,0.0,118.77411973188894,,,,,,,,,,,
4,832,propio,2,378.9171221010299,229.68455274390556,11.899999999999942,0.0,118.77411973188894,,,,,,,,,,,
4,832,rival,1,176.61978905019745,229.81732128884585,11.999999999999941,0.0,292.42608050808326,202.29737661909004,61.18827682534571,,,,,,,,,
4,833,propio,2,378.9171221010299,229.68455274390556,10.799999999999942,0.0,118.77411973188894,,,,,,,,,,,
4,833,disparo,2,378.9171221010299,229.68455274390556,10.799999999999942,,118.77411973188894,,,,1.0,,,,,,,
4,834,propio,2,378.9171221010299,229.68455274390556,10.699999999999942,0.0,118.77411973188894,,,,,,,,,,,
4,835,propio,2,378.9171221010299,229.68455274390556,10.599999999999943,0.0,118.77411973188894,,,,,,,,,,,
4,836,propio,2,378.9171221010299,229.68455274390556,10.499999999999943,0.0,118.77411973188894,,,,,,,,,,,
4,837,propio,2,378.9171221010299,229.68455274390556,10.399999999999944,0.0,118.77411973188894,,,,,,,,,,,
4,838,propio,2,378.9171221010299,229.68455274390556,10.299999999999944,0.0,118.77411973188894,,,,,,,,,,,
4,839,propio,2,378.9171221010299,229.68455274390556,10.199999999999944,0.0,118.77411973188894,,,,,,,,,,,
4,840,propio,2,378.9171221010299,229.68455274390556,10.099999999999945,0.0,118.77411973188894,,,,,,,,,,,
4,840,rival,1,176.61978905019745,229.81732128884585,10.199999999999944,0.0,292.42608050808326,202.29737661909004,61.18827682534571,,,,,,,,,
4,841,propio,2,378.9171221010299,229.68455274390556,9.999999999999945,0.0,118.77411973188894,,,,,,,,,,,
4,842,propio,2,378.9171221010299,229.68455274390556,9.899999999999945,0.0,118.77411973188894,,,,,,,,,,,
4,843,propio,2,378.9171221010299,229.68455274390556,9.799999999999946,0.0,118.77411973188894,,,,,,,,,,,
4,844,propio,2,378.9171221010299,229.68455274390556,9.699999999999946,0.0,118.77411973188894,,,,,,,,,,,
4,845,propio,2,378.9171221010299,229.68455274390556,9.599999999999946,0.0,118.77411973188894,,,,,,,,,,,
4,846,propio,2,378.9171221010299,229.68455274390556,9.499999999999947,0.0,118.77411973188894,,,,,,,,,,,
4,847,propio,2,378.9171221010299,229.68455274390556,9.399999999999947,0.0,118.77411973188894,,,,,,,,,,,
4,848,propio,2,378.9171221010299,229.68455274390556,9.299999999999947,0.0,118.77411973188894,,,,,,,,,,,
4,848,rival,1,176.61978905019745,229.81732128884585,9.399999999999947,0.0,292.42608050808326,202.29737661909004,61.18827682534571,,,,,,,,,
4,849,propio,2,378.9171221010299,229.68455274390556,8.199999999999948,0.0,118.77411973188894,,,,,,,,,,,
4,849,disparo,2,378.9171221010299,229.68455274390556,8.199999999999948,,118.77411973188894,,,,1.0,,,,,,,
4,850,propio,2,378.9171221010299,229.68455274390556,8.099999999999948,0.0,118.77411973188894,,,,,,,,,,,
4,851,propio,2,378.9171221010299,229.68455274390556,7.9999999999999485,0.0,118.77411973188894,,,,,,,,,,,
4,852,propio,2,378.9171221010299,229.68455274390556,7.899999999999949,0.0,118.77411973188894,,,,,,,,,,,
4,853,propio,2,378.9171221010299,229.68455274390556,7.799999999999949,0.0,118.77411973188894,,,,,,,,,,,
4,854,propio,2,378.9171221010299,229.68455274390556,7.6999999999999496,0.0,118.77411973188894,,,,,,,,,,,
4,855,propio,2,378.9171221010299,229.68455274390556,7.59999999999995,0.0,118.77411973188894,,,,,,,,,,,
4,856,propio,2,378.9171221010299,229.68455274390556,7.49999999999995,0.0,118.77411973188894,,,,,,,,,,,
4,856,rival,1,176.61978905019745,229.81732128884585,7.59999999999995,0.0,292.42608050808326,202.29737661909004,61.18827682534571,,,,,,,,,
4,857,propio,2,378.9171221010299,229.68455274390556,7.399999999999951,0.0,118.77411973188894,,,,,,,,,,,
4,858,propio,2,378.9171221010299,229.68455274390556,7.299999999999951,0.0,118.77411973188894,,,,,,,,,,,
4,859,propio,2,378.9171221010299,229.68455274390556,7.199999999999951,0.0,118.77411973188894,,,,,,,,,,,
4,860,propio,2,378.9171221010299,229.68455274390556,7.099999999999952,0.0,118.77411973188894,,,,,,,,,,,
4,861,propio,2,378.9171221010299,229.68455274390556,6.999999999999952,0.0,118.77411973188894,,,,,,,,,,,
4,862,propio,2,378.9171221010299,229.68455274390556,6.899999999999952,0.0,118.77411973188894,,,,,,,,,,,
4,863,propio,2,378.9171221010299,229.68455274390556,6.799999999999953,0.0,118.77411973188894,,,,,,,,,,,
4,864,propio,2,378.9171221010299,229.68455274390556,6.699999999999953,0.0,118.77411973188894,,,,,,,,,,,
4,864,rival,1,176.61978905019745,229.81732128884585,6.799999999999953,0.0,292.42608050808326,202.29737661909004,61.18827682534571,,,,,,,,,
4,865,propio,2,378.9171221010299,229.68455274390556,5.5999999999999535,0.0,118.77411973188894,,,,,,,,,,,
4,865,disparo,2,378.9171221010299,229.68455274390556,5.5999999999999535,,118.77411973188894,,,,1.0,,,,,,,
4,866,propio,2,378.9171221010299,229.68455274390556,5.499999999999954,0.0,118.77411973188894,,,,,,,,,,,
4,867,propio,2,378.9171221010299,229.68455274390556,5.399999999999954,0.0,118.77411973188894,,,,,,,,,,,
4,868,propio,2,378.9171221010299,229.68455274390556,5.2999999999999545,0.0,118.77411973188894,,,,,,,,,,,
4,869,propio,2,378.9171221010299,229.68455274390556,5.199999999999955,0.0,118.77411973188894,,,,,,,,,,,
4,870,propio,2,378.9171221010299,229.68455274390556,5.099999999999955,0.0,118.77411973188894,,,,,,,,,,,
4,871,propio,2,378.9171221010299,229.68455274390556,4.999999999999956,0.0,118.77411973188894,,,,,,,,,,,
4,872,propio,2,378.9171221010299,229.68455274390556,4.899999999999956,0.0,118.77411973188894,,,,,,,,,,,
4,872,rival,1,176.61978905019745,229.81732128884585,4.999999999999956,0.0,292.42608050808326,202.29737661909004,61.18827682534571,,,,,,,,,
4,873,propio,2,378.9171221010299,229.68455274390556,4.799999999999956,0.0,118.77411973188894,,,,,,,,,,,
4,874,propio,2,378.9171221010299,229.68455274390556,4.699999999999957,0.0,118.77411973188894,,,,,,,,,,,
4,875,propio,2,378.9171221010299,229.68455274390556,4.599999999999957,0.0,118.77411973188894,,,,,,,,,,,
4,876,propio,2,378.9171221010299,229.68455274390556,4.499999999999957,0.0,118.77411973188894,,,,,,,,,,,
4,877,propio,2,378.9171221010299,229.68455274390556,4.399999999999958,0.0,118.77411973188894,,,,,,,,,,,
4,878,propio,2,378.9171221010299,229.68455274390556,4.299999999999958,0.0,118.77411973188894,,,,,,,,,,,
4,879,propio,2,378.9171221010299,229.68455274390556,4.199999999999958,0.0,118.77411973188894,,,,,,,,,,,
4,880,propio,2,378.9171221010299,229.68455274390556,4.099999999999959,0.0,118.77411973188894,,,,,,,,,,,
4,880,rival,1,176.61978905019745,229.81732128884585,4.199999999999958,0.0,292.42608050808326,202.29737661909004,61.18827682534571,,,,,,,,,
4,881,propio,2,378.9171221010299,229.68455274390556,2.9999999999999587,0.0,118.77411973188894,,,,,,,,,,,
4,881,disparo,2,378.9171221010299,229.68455274390556,2.9999999999999587,,118.77411973188894,,,,1.0,,,,,,,
4,882,propio,2,378.9171221010299,229.68455274390556,2.8999999999999586,0.0,118.77411973188894,,,,,,,,,,,
4,883,propio,2,378.9171221010299,229.68455274390556,2.7999999999999585,0.0,118.77411973188894,,,,,,,,,,,
4,884,propio,2,378.9171221010299,229.68455274390556,2.6999999999999584,0.0,118.77411973188894,,,,,,,,,,,
4,885,propio,2,378.9171221010299,229.68455274390556,2.5999999999999583,0.0,118.77411973188894,,,,,,,,,,,
4,886,propio,2,378.9171221010299,229.68455274390556,2.4999999999999583,0.0,118.77411973188894,,,,,,,,,,,
4,887,propio,2,378.9171221010299,229.68455274390556,2.399999999999958,0.0,118.77411973188894,,,,,,,,,,,
4,888,propio,2,378.9171221010299,229.68455274390556,2.299999999999958,0.0,118.77411973188894,,,,,,,,,,,
4,888,rival,1,176.61978905019745,229.81732128884585,2.399999999999958,0.0,292.42608050808326,202.29737661909004,61.18827682534571,,,,,,,,,
4,889,propio,2,378.9171221010299,229.68455274390556,2.199999999999958,0.0,118.77411973188894,,,,,,,,,,,
4,890,propio,2,378.9171221010299,229.68455274390556,2.099999999999958,0.0,118.77411973188894,,,,,,,,,,,
4,891,propio,2,378.9171221010299,229.68455274390556,1.9999999999999578,0.0,118.77411973188894,,,,,,,,,,,
4,892,propio,2,378.9171221010299,229.68455274390556,1.8999999999999577,0.0,118.77411973188894,,,,,,,,,,,
4,893,propio,2,378.9171221010299,229.68455274390556,1.7999999999999576,0.0,118.77411973188894,,,,,,,,,,,
4,894,propio,2,378.9171221010299,229.68455274390556,1.6999999999999575,0.0,118.77411973188894,,,,,,,,,,,
4,895,propio,2,378.9171221010299,229.68455274390556,1.5999999999999575,0.0,118.77411973188894,,,,,,,,,,,
4,896,propio,2,378.9171221010299,229.68455274390556,1.4999999999999574,0.0,118.77411973188894,,,,,,,,,,,
4,896,rival,1,176.61978905019745,229.81732128884585,1.5999999999999575,0.0,292.42608050808326,202.29737661909004,61.18827682534571,,,,,,,,,
4,897,propio,2,378.9171221010299,229.68455274390556,0.3999999999999574,0.0,118.77411973188894,,,,,,,,,,,
4,897,disparo,2,378.9171221010299,229.68455274390556,0.3999999999999574,,118.77411973188894,,,,1.0,,,,,,,
4,898,propio,2,378.9171221010299,229.68455274390556,0.2999999999999574,0.0,118.77411973188894,,,,,,,,,,,
4,899,propio,2,378.9171221010299,229.68455274390556,0.1999999999999574,0.0,118.77411973188894,,,,,,,,,,,
4,900,propio,2,378.9171221010299,229.68455274390556,0.0999999999999574,0.0,118.77411973188894,,,,,,,,,,,
4,901,propio,2,378.9171221010299,229.68455274390556,-4.260480856999038e-14,0.0,118.77411973188894,,,,,,,,,,,
4,901,fin_ronda,2,,,,,,,,,,,0,2,0.0,0.0,0.0,20.0
5,1,propio,2,725.1069820683209,231.67857087534756,100.0,0.0,333.644607503161,,,,,,,,,,,
5,2,propio,2,725.1069820683209,231.67857087534756,100.0,0.0,333.644607503161,,,,,,,,,,,
5,3,propio,2,725.1069820683209,231.67857087534756,100.0,0.0,333.644607503161,,,,,,,,,,,
5,4,propio,2,725.1069820683209,231.67857087534756,100.0,0.0,333.644607503161,,,,,,,,,,,
5,5,propio,2,725.1069820683209,231.67857087534756,100.0,0.0,333.644607503161,,,,,,,,,,,
5,6,propio,2,725.1069820683209,231.67857087534756,100.0,0.0,333.644607503161,,,,,,,,,,,
5,6,rival,1,670.3539106788747,425.6177635606279,100.0,0.0,124.52084751509143,201.5199972359966,132.12087036459735,,,,,,,,,
5,7,propio,2,725.1069820683209,231.67857087534756,100.0,0.0,333.644607503161,,,,,,,,,,,
5,7,rival,1,670.3539106788747,425.6177635606279,100.0,0.0,124.52084751509143,201.5199972359966,132.12087036459735,,,,,,,,,
5,8,propio,2,725.1069820683209,231.67857087534756,100.0,0.0,333.644607503161,,,,,,,,,,,
5,9,propio,2,725.1069820683209,231.67857087534756,100.0,0.0,333.644607503161,,,,,,,,,,,
5,10,propio,2,725.1069820683209,231.67857087534756,100.0,0.0,333.644607503161,,,,,,,,,,,
5,11,propio,2,725.1069820683209,231.67857087534756,100.0,0.0,333.644607503161,,,,,,,,,,,
5,12,propio,2,725.1069820683209,231.67857087534756,100.0,0.0,333.644607503161,,,,,,,,,,,
5,13,propio,2,725.1069820683209,231.67857087534756,100.0,0.0,333.644607503161,,,,,,,,,,,
5,14,propio,2,725.1069820683209,231.67857087534756,100.0,0.0,333.644607503161,,,,,,,,,,,
5,14,rival,1,670.3539106788747,425.6177635606279,100.0,0.0,124.52084751509143,201.5199972359966,132.12087036459735,,,,,,,,,
5,15,propio,2,725.1069820683209,231.67857087534756,100.0,0.0,333.644607503161,,,,,,,,,,,
5,15,rival,1,670.3539106788747,425.6177635606279,100.0,0.0,124.52084751509143,201.5199972359966,132.12087036459735,,,,,,,,,
5,16,propio,2,725.1069820683209,231.67857087534756,100.0,0.0,333.644607503161,,,,,,,,,,,
5,17,propio,2,725.1069820683209,231.67857087534756,100.0,0.0,333.644607503161,,,,,,,,,,,
5,18,propio,2,725.1069820683209,231.67857087534756,100.0,0.0,333.644607503161,,,,,,,,,,,
5,19,propio,2,725.1069820683209,231.67857087534756,100.0,0.0,333.644607503161,,,,,,,,,,,
5,20,propio,2,725.1069820683209,231.67857087534756,100.0,0.0,333.644607503161,,,,,,,,,,,
5,21,propio,2,725.1069820683209,231.67857087534756,100.0,0.0,333.644607503161,,,,,,,,,,,
5,22,propio,2,725.1069820683209,231.67857087534756,100.0,0.0,333.644607503161,,,,,,,,,,,
5,22,rival,1,670.3539106788747,425.6177635606279,100.0,0.0,124.52084751509143,201.5199972359966,132.12087036459735,,,,,,,,,
5,23,propio,2,725.1069820683209,231.67857087534756,100.0,0.0,333.644607503161,,,,,,,,,,,
5,23,rival,1,670.3539106788747,425.6177635606279,100.0,0.0,124.52084751509143,201.5199972359966,132.12087036459735,,,,,,,,,
5,24,propio,2,725.1069820683209,231.67857087534756,100.0,0.0,333.644607503161,,,,,,,,,,,
5,25,propio,2,725.1069820683209,231.67857087534756,100.0,0.0,333.644607503161,,,,,,,,,,,
5,26,propio,2,725.1069820683209,231.67857087534756,100.0,0.0,333.644607503161,,,,,,,,,,,
5,27,propio,2,725.1069820683209,231.67857087534756,100.0,0.0,333.644607503161,,,,,,,,,,,
5,28,propio,2,725.1069820683209,231.67857087534756,100.0,0.0,333.644607503161,,,,,,,,,,,
5,29,propio,2,725.1069820683209,231.67857087534756,100.0,0.0,333.644607503161,,,,,,,,,,,
5,30,propio,2,725.1069820683209,231.67857087534756,100.0,0.0,333.644607503161,,,,,,,,,,,
5,30,rival,1,670.3539106788747,425.6177635606279,100.0,0.0,124.52084751509143,201.5199972359966,132.12087036459735,,,,,,,,,
5,31,propio,2,725.1069820683209,231.67857087534756,99.0,0.0,333.644607503161,,,,,,,,,,,
5,31,disparo,2,725.1069820683209,231.67857087534756,99.0,,333.644607503161,,,,1.0,,,,,,,
5,31,rival,1,670.3539106788747,425.6177635606279,99.0,0.0,124.52084751509143,201.5199972359966,132.12087036459735,,,,,,,,,
5,32,propio,2,725.1069820683209,231.67857087534756,99.0,0.0,333.644607503161,,,,,,,,,,,
5,33,propio,2,725.1069820683209,231.67857087534756,99.0,0.0,333.644607503161,,,,,,,,,,,
5,34,propio,2,725.1069820683209,231.67857087534756,99.0,0.0,333.644607503161,,,,,,,,,,,
5,35,propio,2,725.1069820683209,231.67857087534756,99.0,0.0,333.644607503161,,,,,,,,,,,
5,36,propio,2,725.1069820683209,231.67857087534756,99.0,0.0,333.644607503161,,,,,,,,,,,
5,37,propio,2,725.1069820683209,231.67857087534756,99.0,0.0,333.644607503161,,,,,,,,,,,
5,38,propio,2,725.1069820683209,231.67857087534756,99.0,0.0,333.644607503161,,,,,,,,,,,
5,38,rival,1,670.3539106788747,425.6177635606279,99.0,0.0,124.52084751509143,201.5199972359966,132.12087036459735,,,,,,,,,
5,39,propio,2,725.1069820683209,231.67857087534756,99.0,0.0,333.644607503161,,,,,,,,,,,
5,39,rival,1,670.3539106788747,425.6177635606279,99.0,0.0,124.52084751509143,201.5199972359966,132.12087036459735,,,,,,,,,
5,40,propio,2,725.1069820683209,231.67857087534756,99.0,0.0,333.644607503161,,,,,,,,,,,
5,41,propio,2,725.1069820683209,231.67857087534756,99.0,0.0,333.644607503161,,,,,,,,,,,
5,42,propio,2,725.1069820683209,231.67857087534756,99.0,0.0,333.644607503161,,,,,,,,,,,
5,43,propio,2,725.1069820683209,231.67857087534756,99.0,0.0,333.644607503161,,,,,,,,,,,
5,44,propio,2,725.1069820683209,231.67857087534756,99.0,0.0,333.644607503161,,,,,,,,,,,
5,45,propio,2,725.1069820683209,231.67857087534756,99.0,0.0,333.644607503161,,,,,,,,,,,
5,46,propio,2,725.1069820683209,231.67857087534756,99.0,0.0,333.644607503161,,,,,,,,,,,
5,46,rival,1,670.3539106788747,425.6177635606279,99.0,0.0,124.52084751509143,201.5199972359966,132.12087036459735,,,,,,,,,
5,47,propio,2,725.1069820683209,231.67857087534756,98.0,0.0,333.644607503161,,,,,,,,,,,
5,47,disparo,2,725.1069820683209,231.67857087534756,98.0,,333.644607503161,,,,1.0,,,,,,,
5,47,rival,1,670.3539106788747,425.6177635606279,98.0,0.0,124.52084751509143,201.5199972359966,132.12087036459735,,,,,,,,,
5,48,propio,2,725.1069820683209,231.67857087534756,98.0,0.0,333.644607503161,,,,,,,,,,,
5,49,propio,2,725.1069820683209,231.67857087534756,98.0,0.0,333.644607503161,,,,,,,,,,,
5,50,propio,2,725.1069820683209,231.67857087534756,98.0,0.0,333.644607503161,,,,,,,,,,,
5,51,propio,2,725.1069820683209,231.67857087534756,98.0,0.0,333.644607503161,,,,,,,,,,,
5,52,propio,2,725.1069820683209,231.67857087534756,98.0,0.0,333.644607503161,,,,,,,,,,,
5,53,propio,2,725.1069820683209,231.67857087534756,98.0,0.0,333.644607503161,,,,,,,,,,,
5,54,propio,2,725.1069820683209,231.67857087534756,98.0,0.0,333.644607503161,,,,,,,,,,,
5,54,rival,1,670.3539106788747,425.6177635606279,98.0,0.0,124.52084751509143,201.5199972359966,132.12087036459735,,,,,,,,,
5,55,propio,2,725.1069820683209,231.67857087534756,98.0,0.0,333.644607503161,,,,,,,,,,,
5,55,rival,1,670.3539106788747,425.6177635606279,98.0,0.0,124.52084751509143,201.5199972359966,132.12087036459735,,,,,,,,,
5,56,propio,2,725.1069820683209,231.67857087534756,98.0,0.0,333.644607503161,,,,,,,,,,,
5,57,propio,2,725.1069820683209,231.67857087534756,98.0,0.0,333.644607503161,,,,,,,,,,,
5,58,propio,2,725.1069820683209,231.67857087534756,98.0,0.0,333.644607503161,,,,,,,,,,,
5,59,propio,2,725.1069820683209,231.67857087534756,98.0,0.0,333.644607503161,,,,,,,,,,,
5,60,propio,2,725.1069820683209,231.67857087534756,98.0,0.0,333.644607503161,,,,,,,,,,,
5,61,propio,2,725.1069820683209,231.67857087534756,98.0,0.0,333.644607503161,,,,,,,,,,,
5,62,propio,2,725.1069820683209,231.67857087534756,98.0,0.0,333.644607503161,,,,,,,,,,,
5,62,rival,1,670.3539106788747,425.6177635606279,98.0,0.0,124.52084751509143,201.5199972359966,132.12087036459735,,,,,,,,,
5,63,propio,2,725.1069820683209,231.67857087534756,97.0,0.0,333.644607503161,,,,,,,,,,,
5,63,disparo,2,725.1069820683209,231.67857087534756,97.0,,333.644607503161,,,,1.0,,,,,,,
5,63,rival,1,670.3539106788747,425.6177635606279,97.0,0.0,124.52084751509143,201.5199972359966,132.12087036459735,,,,,,,,,
5,64,propio,2,725.1069820683209,231.67857087534756,97.0,0.0,333.644607503161,,,,,,,,,,,
5,65,propio,2,725.1069820683209,231.67857087534756,97.0,0.0,333.644607503161,,,,,,,,,,,
5,66,propio,2,725.1069820683209,231.67857087534756,97.0,0.0,333.644607503161,,,,,,,,,,,
5,67,propio,2,725.1069820683209,231.67857087534756,97.0,0.0,333.644607503161,,,,,,,,,,,
5,68,propio,2,725.1069820683209,231.67857087534756,97.0,0.0,333.644607503161,,,,,,,,,,,
5,69,propio,2,725.1069820683209,231.67857087534756,97.0,0.0,333.644607503161,,,,,,,,,,,
5,70,propio,2,725.1069820683209,231.67857087534756,97.0,0.0,333.644607503161,,,,,,,,,,,
5,70,rival,1,670.3539106788747,425.6177635606279,97.0,0.0,124.52084751509143,201.5199972359966,132.12087036459735,,,,,,,,,
5,71,propio,2,725.1069820683209,231.67857087534756,97.0,0.0,333.644607503161,,,,,,,,,,,
5,71,rival,1,670.3539106788747,425.6177635606279,97.0,0.0,124.52084751509143,201.5199972359966,132.12087036459735,,,,,,,,,
5,72,propio,2,725.1069820683209,231.67857087534756,97.0,0.0,333.644607503161,,,,,,,,,,,
5,73,propio,2,725.1069820683209,231.67857087534756,97.0,0.0,333.644607503161,,,,,,,,,,,
5,74,propio,2,725.1069820683209,231.67857087534756,97.0,0.0,333.644607503161,,,,,,,,,,,
5,75,propio,2,725.1069820683209,231.67857087534756,97.0,0.0,333.644607503161,,,,,,,,,,,
5,76,propio,2,725.1069820683209,231.67857087534756,97.0,0.0,333.644607503161,,,,,,,,,,,
5,77,propio,2,725.1069820683209,231.67857087534756,97.0,0.0,333.644607503161,,,,,,,,,,,
5,78,propio,2,725.1069820683209,231.67857087534756,97.0,0.0,333.644607503161,,,,,,,,,,,
5,78,rival,1,670.3539106788747,425.6177635606279,97.0,0.0,124.52084751509143,201.5199972359966,132.12087036459735,,,,,,,,,
5,79,propio,2,725.1069820683209,231.67857087534756,96.0,0.0,333.644607503161,,,,,,,,,,,
5,79,disparo,2,725.1069820683209,231.67857087534756,96.0,,333.644607503161,,,,1.0,,,,,,,
5,79,rival,1,670.3539106788747,425.6177635606279,96.0,0.0,124.52084751509143,201.5199972359966,132.12087036459735,,,,,,,,,
5,80,propio,2,725.1069820683209,231.67857087534756,96.0,0.0,333.644607503161,,,,,,,,,,,
5,81,propio,2,725.1069820683209,231.67857087534756,96.0,0.0,333.644607503161,,,,,,,,,,,
5,82,propio,2,725.1069820683209,231.67857087534756,96.0,0.0,333.644607503161,,,,,,,,,,,
5,83,propio,2,725.1069820683209,231.67857087534756,96.0,0.0,333.644607503161,,,,,,,,,,,
5,84,propio,2,725.1069820683209,231.67857087534756,96.0,0.0,333.644607503161,,,,,,,,,,,
5,85,propio,2,725.1069820683209,231.67857087534756,96.0,0.0,333.644607503161,,,,,,,,,,,
5,86,propio,2,725.1069820683209,231.67857087534756,96.0,0.0,333.644607503161,,,,,,,,,,,
5,86,rival,1,670.3539106788747,425.6177635606279,96.0,0.0,124.52084751509143,201.5199972359966,132.12087036459735,,,,,,,,,
5,87,propio,2,725.1069820683209,231.67857087534756,96.0,0.0,333.644607503161,,,,,,,,,,,
5,87,rival,1,670.3539106788747,425.6177635606279,96.0,0.0,124.52084751509143,201.5199972359966,132.12087036459735,,,,,,,,,
5,88,propio,2,725.1069820683209,231.67857087534756,96.0,0.0,333.644607503161,,,,,,,,,,,
5,89,propio,2,725.1069820683209,231.67857087534756,96.0,0.0,333.644607503161,,,,,,,,,,,
5,90,propio,2,725.1069820683209,231.67857087534756,96.0,0.0,333.644607503161,,,,,,,,,,,
5,91,propio,2,725.1069820683209,231.67857087534756,96.0,0.0,333.644607503161,,,,,,,,,,,
5,92,propio,2,725.1069820683209,231.67857087534756,96.0,0.0,333.644607503161,,,,,,,,,,,
5,93,propio,2,725.1069820683209,231.67857087534756,96.0,0.0,333.644607503161,,,,,,,,,,,
5,94,propio,2,725.1069820683209,231.67857087534756,96.0,0.0,333.644607503161,,,,,,,,,,,
5,94,rival,1,670.3539106788747,425.6177635606279,96.0,0.0,124.52084751509143,201.5199972359966,132.12087036459735,,,,,,,,,
5,95,propio,2,725.1069820683209,231.67857087534756,95.0,0.0,333.644607503161,,,,,,,,,,,
5,95,disparo,2,725.1069820683209,231.67857087534756,95.0,,333.644607503161,,,,1.0,,,,,,,
5,95,rival,1,670.3539106788747,425.6177635606279,95.0,0.0,124.52084751509143,201.5199972359966,132.12087036459735,,,,,,,,,
5,96,propio,2,725.1069820683209,231.67857087534756,95.0,0.0,333.644607503161,,,,,,,,,,,
5,97,propio,2,725.1069820683209,231.67857087534756,95.0,0.0,333.644607503161,,,,,,,,,,,
5,98,propio,2,725.1069820683209,231.67857087534756,95.0,0.0,333.644607503161,,,,,,,,,,,
5,99,propio,2,725.1069820683209,231.67857087534756,95.0,0.0,333.644607503161,,,,,,,,,,,
5,100,propio,2,725.1069820683209,231.67857087534756,95.0,0.0,333.644607503161,,,,,,,,,,,
5,101,propio,2,725.1069820683209,231.67857087534756,95.0,0.0,333.644607503161,,,,,,,,,,,
5,102,propio,2,725.1069820683209,231.67857087534756,95.0,0.0,333.644607503161,,,,,,,,,,,
5,102,rival,1,670.3539106788747,425.6177635606279,95.0,0.0,124.52084751509143,201.5199972359966,132.12087036459735,,,,,,,,,
5,103,propio,2,725.1069820683209,231.67857087534756,95.0,0.0,333.644607503161,,,,,,,,,,,
5,103,rival,1,670.3539106788747,425.6177635606279,95.0,0.0,124.52084751509143,201.5199972359966,132.12087036459735,,,,,,,,,
5,104,propio,2,725.1069820683209,231.67857087534756,95.0,0.0,333.644607503161,,,,,,,,,,,
5,105,propio,2,725.1069820683209,231.67857087534756,95.0,0.0,333.644607503161,,,,,,,,,,,
5,106,propio,2,725.1069820683209,231.67857087534756,95.0,0.0,333.644607503161,,,,,,,,,,,
5,107,propio,2,725.1069820683209,231.67857087534756,95.0,0.0,333.644607503161,,,,,,,,,,,
5,108,propio,2,725.1069820683209,231.67857087534756,95.0,0.0,333.644607503161,,,,,,,,,,,
5,109,propio,2,725.1069820683209,231.67857087534756,95.0,0.0,333.644607503161,,,,,,,,,,,
5,110,propio,2,725.1069820683209,231.67857087534756,95.0,0.0,333.644607503161,,,,,,,,,,,
5,110,rival,1,670.3539106788747,425.6177635606279,95.0,0.0,124.52084751509143,201.5199972359966,132.12087036459735,,,,,,,,,
5,111,propio,2,725.1069820683209,231.67857087534756,94.0,0.0,333.644607503161,,,,,,,,,,,
5,111,disparo,2,725.1069820683209,231.67857087534756,94.0,,333.644607503161,,,,1.0,,,,,,,
5,111,rival,1,670.3539106788747,425.6177635606279,94.0,0.0,124.52084751509143,201.5199972359966,132.12087036459735,,,,,,,,,
5,112,propio,2,725.1069820683209,231.67857087534756,94.0,0.0,333.644607503161,,,,,,,,,,,
5,113,propio,2,725.1069820683209,231.67857087534756,94.0,0.0,333.644607503161,,,,,,,,,,,
5,114,propio,2,725.1069820683209,231.67857087534756,94.0,0.0,333.644607503161,,,,,,,,,,,
5,115,propio,2,725.1069820683209,231.67857087534756,94.0,0.0,333.644607503161,,,,,,,,,,,
5,116,propio,2,725.1069820683209,231.67857087534756,94.0,0.0,333.644607503161,,,,,,,,,,,
5,117,propio,2,725.1069820683209,231.67857087534756,94.0,0.0,333.644607503161,,,,,,,,,,,
5,118,propio,2,725.1069820683209,231.67857087534756,94.0,0.0,333.644607503161,,,,,,,,,,,
5,118,rival,1,670.3539106788747,425.6177635606279,94.0,0.0,124.52084751509143,201.5199972359966,132.12087036459735,,,,,,,,,
5,119,propio,2,725.1069820683209,231.67857087534756,94.0,0.0,333.644607503161,,,,,,,,,,,
5,119,rival,1,670.3539106788747,425.6177635606279,94.0,0.0,124.52084751509143,201.5199972359966,132.12087036459735,,,,,,,,,
5,120,propio,2,725.1069820683209,231.67857087534756,94.0,0.0,333.644607503161,,,,,,,,,,,
5,121,propio,2,725.1069820683209,231.67857087534756,94.0,0.0,333.644607503161,,,,,,,,,,,
5,122,propio,2,725.1069820683209,231.67857087534756,94.0,0.0,333.644607503161,,,,,,,,,,,
5,123,propio,2,725.1069820683209,231.67857087534756,94.0,0.0,333.644607503161,,,,,,,,,,,
5,124,propio,2,725.1069820683209,231.67857087534756,94.0,0.0,333.644607503161,,,,,,,,,,,
5,125,propio,2,725.1069820683209,231.67857087534756,94.0,0.0,333.644607503161,,,,,,,,,,,
5,126,propio,2,725.1069820683209,231.67857087534756,94.0,0.0,333.644607503161,,,,,,,,,,,
5,126,rival,1,670.3539106788747,425.6177635606279,94.0,0.0,124.52084751509143,201.5199972359966,132.12087036459735,,,,,,,,,
5,127,propio,2,725.1069820683209,231.67857087534756,93.0,0.0,333.644607503161,,,,,,,,,,,
5,127,disparo,2,725.1069820683209,231.67857087534756,93.0,,333.644607503161,,,,1.0,,,,,,,
5,127,rival,1,670.3539106788747,425.6177635606279,93.0,0.0,124.52084751509143,201.5199972359966,132.12087036459735,,,,,,,,,
5,128,propio,2,725.1069820683209,231.67857087534756,93.0,0.0,333.644607503161,,,,,,,,,,,
5,129,propio,2,725.1069820683209,231.67857087534756,93.0,0.0,333.644607503161,,,,,,,,,,,
5,130,propio,2,725.1069820683209,231.67857087534756,93.0,0.0,333.644607503161,,,,,,,,,,,
5,131,propio,2,725.1069820683209,231.67857087534756,93.0,0.0,333.644607503161,,,,,,,,,,,
5,132,propio,2,725.1069820683209,231.67857087534756,93.0,0.0,333.644607503161,,,,,,,,,,,
5,133,propio,2,725.1069820683209,231.67857087534756,93.0,0.0,333.644607503161,,,,,,,,,,,
5,134,propio,2,725.1069820683209,231.67857087534756,93.0,0.0,333.644607503161,,,,,,,,,,,
5,134,rival,1,670.3539106788747,425.6177635606279,93.0,0.0,124.52084751509143,201.5199972359966,132.12087036459735,,,,,,,,,
5,135,propio,2,725.1069820683209,231.67857087534756,93.0,0.0,333.644607503161,,,,,,,,,,,
5,135,rival,1,670.3539106788747,425.6177635606279,93.0,0.0,124.52084751509143,201.5199972359966,132.12087036459735,,,,,,,,,
5,136,propio,2,725.1069820683209,231.67857087534756,93.0,0.0,333.644607503161,,,,,,,,,,,
5,137,propio,2,725.1069820683209,231.67857087534756,93.0,0.0,333.644607503161,,,,,,,,,,,
5,138,propio,2,725.1069820683209,231.67857087534756,93.0,0.0,333.644607503161,,,,,,,,,,,
5,139,propio,2,725.1069820683209,231.67857087534756,93.0,0.0,333.644607503161,,,,,,,,,,,
5,140,propio,2,725.1069820683209,231.67857087534756,93.0,0.0,333.644607503161,,,,,,,,,,,
5,141,propio,2,725.1069820683209,231.67857087534756,93.0,0.0,333.644607503161,,,,,,,,,,,
5,142,propio,2,725.1069820683209,231.67857087534756,93.0,0.0,333.644607503161,,,,,,,,,,,
5,142,rival,1,670.3539106788747,425.6177635606279,93.0,0.0,124.52084751509143,201.5199972359966,132.12087036459735,,,,,,,,,
5,143,propio,2,725.1069820683209,231.67857087534756,92.0,0.0,333.644607503161,,,,,,,,,,,
5,143,disparo,2,725.1069820683209,231.67857087534756,92.0,,333.644607503161,,,,1.0,,,,,,,
5,143,rival,1,670.3539106788747,425.6177635606279,92.0,0.0,124.52084751509143,201.5199972359966,132.12087036459735,,,,,,,,,
5,144,propio,2,725.1069820683209,231.67857087534756,92.0,0.0,333.644607503161,,,,,,,,,,,
5,145,propio,2,725.1069820683209,231.67857087534756,92.0,0.0,333.644607503161,,,,,,,,,,,
5,146,propio,2,725.1069820683209,231.67857087534756,92.0,0.0,333.644607503161,,,,,,,,,,,
5,147,propio,2,725.1069820683209,231.67857087534756,92.0,0.0,333.644607503161,,,,,,,,,,,
5,148,propio,2,725.1069820683209,231.67857087534756,92.0,0.0,333.644607503161,,,,,,,,,,,
5,149,propio,2,725.1069820683209,231.67857087534756,92.0,0.0,333.644607503161,,,,,,,,,,,
5,150,propio,2,725.1069820683209,231.67857087534756,92.0,0.0,333.644607503161,,,,,,,,,,,
5,150,rival,1,670.3539106788747,425.6177635606279,92.0,0.0,124.52084751509143,201.5199972359966,132.12087036459735,,,,,,,,,
5,151,propio,2,725.1069820683209,231.67857087534756,92.0,0.0,333.644607503161,,,,,,,,,,,
5,151,rival,1,670.3539106788747,425.6177635606279,92.0,0.0,124.52084751509143,201.5199972359966,132.12087036459735,,,,,,,,,
5,152,propio,2,725.1069820683209,231.67857087534756,92.0,0.0,333.644607503161,,,,,,,,,,,
5,153,propio,2,725.1069820683209,231.67857087534756,92.0,0.0,333.644607503161,,,,,,,,,,,
5,154,propio,2,725.1069820683209,231.67857087534756,92.0,0.0,333.644607503161,,,,,,,,,,,
5,155,propio,2,725.1069820683209,231.67857087534756,92.0,0.0,333.644607503161,,,,,,,,,,,
5,156,propio,2,725.1069820683209,231.67857087534756,92.0,0.0,333.644607503161,,,,,,,,,,,
5,157,propio,2,725.1069820683209,231.67857087534756,92.0,0.0,333.644607503161,,,,,,,,,,,
5,158,propio,2,725.1069820683209,231.67857087534756,92.0,0.0,333.644607503161,,,,,,,,,,,
5,158,rival,1,670.3539106788747,425.6177635606279,92.0,0.0,124.52084751509143,201.5199972359966,132.12087036459735,,,,,,,,,
5,159,propio,2,725.1069820683209,231.67857087534756,91.0,0.0,333.644607503161,,,,,,,,,,,
5,159,disparo,2,725.1069820683209,231.67857087534756,91.0,,333.644607503161,,,,1.0,,,,,,,
5,159,rival,1,670.3539106788747,425.6177635606279,91.0,0.0,124.52084751509143,201.5199972359966,132.12087036459735,,,,,,,,,
5,160,propio,2,725.1069820683209,231.67857087534756,91.0,0.0,333.644607503161,,,,,,,,,,,
5,161,propio,2,725.1069820683209,231.67857087534756,91.0,0.0,333.644607503161,,,,,,,,,,,
5,162,propio,2,725.1069820683209,231.67857087534756,91.0,0.0,333.644607503161,,,,,,,,,,,
5,163,propio,2,725.1069820683209,231.67857087534756,91.0,0.0,333.644607503161,,,,,,,,,,,
5,164,propio,2,725.1069820683209,231.67857087534756,91.0,0.0,333.644607503161,,,,,,,,,,,
5,165,propio,2,725.1069820683209,231.67857087534756,91.0,0.0,333.644607503161,,,,,,,,,,,
5,166,propio,2,725.1069820683209,231.67857087534756,91.0,0.0,333.644607503161,,,,,,,,,,,
5,166,rival,1,670.3539106788747,425.6177635606279,91.0,0.0,124.52084751509143,201.5199972359966,132.12087036459735,,,,,,,,,
5,167,propio,2,725.1069820683209,231.67857087534756,91.0,0.0,333.644607503161,,,,,,,,,,,
5,167,rival,1,670.3539106788747,425.6177635606279,91.0,0.0,124.52084751509143,201.5199972359966,132.12087036459735,,,,,,,,,
5,168,propio,2,725.1069820683209,231.67857087534756,91.0,0.0,333.644607503161,,,,,,,,,,,
5,169,propio,2,725.1069820683209,231.67857087534756,91.0,0.0,333.644607503161,,,,,,,,,,,
5,170,propio,2,725.1069820683209,231.67857087534756,91.0,0.0,333.644607503161,,,,,,,,,,,
5,171,propio,2,725.1069820683209,231.67857087534756,91.0,0.0,333.644607503161,,,,,,,,,,,
5,172,propio,2,725.1069820683209,231.67857087534756,91.0,0.0,333.644607503161,,,,,,,,,,,
5,173,propio,2,725.1069820683209,231.67857087534756,91.0,0.0,333.644607503161,,,,,,,,,,,
5,174,propio,2,725.1069820683209,231.67857087534756,91.0,0.0,333.644607503161,,,,,,,,,,,
5,174,rival,1,670.3539106788747,425.6177635606279,91.0,0.0,124.52084751509143,201.5199972359966,132.12087036459735,,,,,,,,,
5,175,propio,2,725.1069820683209,231.67857087534756,90.0,0.0,333.644607503161,,,,,,,,,,,
5,175,disparo,2,725.1069820683209,231.67857087534756,90.0,,333.644607503161,,,,1.0,,,,,,,
5,175,rival,1,670.3539106788747,425.6177635606279,90.0,0.0,124.52084751509143,201.5199972359966,132.12087036459735,,,,,,,,,
5,176,propio,2,725.1069820683209,231.67857087534756,90.0,0.0,333.644607503161,,,,,,,,,,,
5,177,propio,2,725.1069820683209,231.67857087534756,90.0,0.0,333.644607503161,,,,,,,,,,,
5,178,propio,2,725.1069820683209,231.67857087534756,90.0,0.0,333.644607503161,,,,,,,,,,,
5,179,propio,2,725.1069820683209,231.67857087534756,90.0,0.0,333.644607503161,,,,,,,,,,,
5,180,propio,2,725.1069820683209,231.67857087534756,90.0,0.0,333.644607503161,,,,,,,,,,,
5,181,propio,2,725.1069820683209,231.67857087534756,90.0,0.0,333.644607503161,,,,,,,,,,,
5,182,propio,2,725.1069820683209,231.67857087534756,90.0,0.0,333.644607503161,,,,,,,,,,,
5,182,rival,1,670.3539106788747,425.6177635606279,90.0,0.0,124.52084751509143,201.5199972359966,132.12087036459735,,,,,,,,,
5,183,propio,2,725.1069820683209,231.67857087534756,90.0,0.0,333.644607503161,,,,,,,,,,,
5,183,rival,1,670.3539106788747,425.6177635606279,90.0,0.0,124.52084751509143,201.5199972359966,132.12087036459735,,,,,,,,,
5,184,propio,2,725.1069820683209,231.67857087534756,90.0,0.0,333.644607503161,,,,,,,,,,,
5,185,propio,2,725.1069820683209,231.67857087534756,90.0,0.0,333.644607503161,,,,,,,,,,,
5,186,propio,2,725.1069820683209,231.67857087534756,90.0,0.0,333.644607503161,,,,,,,,,,,
5,187,propio,2,725.1069820683209,231.67857087534756,90.0,0.0,333.644607503161,,,,,,,,,,,
5,188,propio,2,725.1069820683209,231.67857087534756,90.0,0.0,333.644607503161,,,,,,,,,,,
5,189,propio,2,725.1069820683209,231.67857087534756,90.0,0.0,333.644607503161,,,,,,,,,,,
5,190,propio,2,725.1069820683209,231.67857087534756,90.0,0.0,333.644607503161,,,,,,,,,,,
5,190,rival,1,670.3539106788747,425.6177635606279,90.0,0.0,124.52084751509143,201.5199972359966,132.12087036459735,,,,,,,,,
5,191,propio,2,725.1069820683209,231.67857087534756,89.0,0.0,333.644607503161,,,,,,,,,,,
5,191,disparo,2,725.1069820683209,231.67857087534756,89.0,,333.644607503161,,,,1.0,,,,,,,
5,191,rival,1,670.3539106788747,425.6177635606279,89.0,0.0,124.52084751509143,201.5199972359966,132.12087036459735,,,,,,,,,
5,192,propio,2,725.1069820683209,231.67857087534756,89.0,0.0,333.644607503161,,,,,,,,,,,
5,193,propio,2,725.1069820683209,231.67857087534756,89.0,0.0,333.644607503161,,,,,,,,,,,
5,194,propio,2,725.1069820683209,231.67857087534756,89.0,0.0,333.644607503161,,,,,,,,,,,
5,195,propio,2,725.1069820683209,231.67857087534756,89.0,0.0,333.644607503161,,,,,,,,,,,
5,196,propio,2,725.1069820683209,231.67857087534756,89.0,0.0,333.644607503161,,,,,,,,,,,
5,197,propio,2,725.1069820683209,231.67857087534756,89.0,0.0,333.644607503161,,,,,,,,,,,
5,198,propio,2,725.1069820683209,231.67857087534756,89.0,0.0,333.644607503161,,,,,,,,,,,
5,198,rival,1,670.3539106788747,425.6177635606279,89.0,0.0,124.52084751509143,201.5199972359966,132.12087036459735,,,,,,,,,
5,199,propio,2,725.1069820683209,231.67857087534756,89.0,0.0,333.644607503161,,,,,,,,,,,
5,199,rival,1,670.3539106788747,425.6177635606279,89.0,0.0,124.52084751509143,201.5199972359966,132.12087036459735,,,,,,,,,
5,200,propio,2,725.1069820683209,231.67857087534756,89.0,0.0,333.644607503161,,,,,,,,,,,
5,201,propio,2,725.1069820683209,231.67857087534756,89.0,0.0,333.644607503161,,,,,,,,,,,
5,202,propio,2,725.1069820683209,231.67857087534756,89.0,0.0,333.644607503161,,,,,,,,,,,
5,203,propio,2,725.1069820683209,231.67857087534756,89.0,0.0,333.644607503161,,,,,,,,,,,
5,204,propio,2,725.1069820683209,231.67857087534756,89.0,0.0,333.644607503161,,,,,,,,,,,
5,205,propio,2,725.1069820683209,231.67857087534756,89.0,0.0,333.644607503161,,,,,,,,,,,
5,206,propio,2,725.1069820683209,231.67857087534756,89.0,0.0,333.644607503161,,,,,,,,,,,
5,206,rival,1,670.3539106788747,425.6177635606279,89.0,0.0,124.52084751509143,201.5199972359966,132.12087036459735,,,,,,,,,
5,207,propio,2,725.1069820683209,231.67857087534756,88.0,0.0,333.644607503161,,,,,,,,,,,
5,207,disparo,2,725.1069820683209,231.67857087534756,88.0,,333.644607503161,,,,1.0,,,,,,,
5,207,rival,1,670.3539106788747,425.6177635606279,88.0,0.0,124.52084751509143,201.5199972359966,132.12087036459735,,,,,,,,,
5,208,propio,2,725.1069820683209,231.67857087534756,88.0,0.0,333.644607503161,,,,,,,,,,,
5,209,propio,2,725.1069820683209,231.67857087534756,88.0,0.0,333.644607503161,,,,,,,,,,,
5,210,propio,2,725.1069820683209,231.67857087534756,88.0,0.0,333.644607503161,,,,,,,,,,,
5,211,propio,2,725.1069820683209,231.67857087534756,88.0,0.0,333.644607503161,,,,,,,,,,,
5,212,propio,2,725.1069820683209,231.67857087534756,88.0,0.0,333.644607503161,,,,,,,,,,,
5,213,propio,2,725.1069820683209,231.67857087534756,88.0,0.0,333.644607503161,,,,,,,,,,,
5,214,propio,2,725.1069820683209,231.67857087534756,88.0,0.0,333.644607503161,,,,,,,,,,,
5,214,rival,1,670.3539106788747,425.6177635606279,88.0,0.0,124.52084751509143,201.5199972359966,132.12087036459735,,,,,,,,,
5,215,propio,2,725.1069820683209,231.67857087534756,88.0,0.0,333.644607503161,,,,,,,,,,,
5,215,rival,1,670.3539106788747,425.6177635606279,88.0,0.0,124.52084751509143,201.5199972359966,132.12087036459735,,,,,,,,,
5,216,propio,2,725.1069820683209,231.67857087534756,88.0,0.0,333.644607503161,,,,,,,,,,,
5,217,propio,2,725.1069820683209,231.67857087534756,88.0,0.0,333.644607503161,,,,,,,,,,,
5,218,propio,2,725.1069820683209,231.67857087534756,88.0,0.0,333.644607503161,,,,,,,,,,,
5,219,propio,2,725.1069820683209,231.67857087534756,88.0,0.0,333.644607503161,,,,,,,,,,,
5,220,propio,2,725.1069820683209,231.67857087534756,88.0,0.0,333.644607503161,,,,,,,,,,,
5,221,propio,2,725.1069820683209,231.67857087534756,88.0,0.0,333.644607503161,,,,,,,,,,,
5,222,propio,2,725.1069820683209,231.67857087534756,88.0,0.0,333.644607503161,,,,,,,,,,,
5,222,rival,1,670.3539106788747,425.6177635606279,88.0,0.0,124.52084751509143,201.5199972359966,132.12087036459735,,,,,,,,,
5,223,propio,2,725.1069820683209,231.67857087534756,87.0,0.0,333.644607503161,,,,,,,,,,,
5,223,disparo,2,725.1069820683209,231.67857087534756,87.0,,333.644607503161,,,,1.0,,,,,,,
5,223,rival,1,670.3539106788747,425.6177635606279,87.0,0.0,124.52084751509143,201.5199972359966,132.12087036459735,,,,,,,,,
5,224,propio,2,725.1069820683209,231.67857087534756,87.0,0.0,333.644607503161,,,,,,,,,,,
5,225,propio,2,725.1069820683209,231.67857087534756,87.0,0.0,333.644607503161,,,,,,,,,,,
5,226,propio,2,725.1069820683209,231.67857087534756,87.0,0.0,333.644607503161,,,,,,,,,,,
5,227,propio,2,725.1069820683209,231.67857087534756,87.0,0.0,333.644607503161,,,,,,,,,,,
5,228,propio,2,725.1069820683209,231.67857087534756,87.0,0.0,333.644607503161,,,,,,,,,,,
5,229,propio,2,725.1069820683209,231.67857087534756,87.0,0.0,333.644607503161,,,,,,,,,,,
5,230,propio,2,725.1069820683209,231.67857087534756,87.0,0.0,333.644607503161,,,,,,,,,,,
5,230,rival,1,670.3539106788747,425.6177635606279,87.0,0.0,124.52084751509143,201.5199972359966,132.12087036459735,,,,,,,,,
5,231,propio,2,725.1069820683209,231.67857087534756,87.0,0.0,333.644607503161,,,,,,,,,,,
5,231,rival,1,670.3539106788747,425.6177635606279,87.0,0.0,124.52084751509143,201.5199972359966,132.12087036459735,,,,,,,,,
5,232,propio,2,725.1069820683209,231.67857087534756,87.0,0.0,333.644607503161,,,,,,,,,,,
5,233,propio,2,725.1069820683209,231.67857087534756,87.0,0.0,333.644607503161,,,,,,,,,,,
5,234,propio,2,725.1069820683209,231.67857087534756,87.0,0.0,333.644607503161,,,,,,,,,,,
5,235,propio,2,725.1069820683209,231.67857087534756,87.0,0.0,333.644607503161,,,,,,,,,,,
5,236,propio,2,725.1069820683209,231.67857087534756,87.0,0.0,333.644607503161,,,,,,,,,,,
5,237,propio,2,725.1069820683209,231.67857087534756,87.0,0.0,333.644607503161,,,,,,,,,,,
5,238,propio,2,725.1069820683209,231.67857087534756,87.0,0.0,333.644607503161,,,,,,,,,,,
5,238,rival,1,670.3539106788747,425.6177635606279,87.0,0.0,124.52084751509143,201.5199972359966,132.12087036459735,,,,,,,,,
5,239,propio,2,725.1069820683209,231.67857087534756,86.0,0.0,333.644607503161,,,,,,,,,,,
5,239,disparo,2,725.1069820683209,231.67857087534756,86.0,,333.644607503161,,,,1.0,,,,,,,
5,239,rival,1,670.3539106788747,425.6177635606279,86.0,0.0,124.52084751509143,201.5199972359966,132.12087036459735,,,,,,,,,
5,240,propio,2,725.1069820683209,231.67857087534756,86.0,0.0,333.644607503161,,,,,,,,,,,
5,241,propio,2,725.1069820683209,231.67857087534756,86.0,0.0,333.644607503161,,,,,,,,,,,
5,242,propio,2,725.1069820683209,231.67857087534756,86.0,0.0,333.644607503161,,,,,,,,,,,
5,243,propio,2,725.1069820683209,231.67857087534756,86.0,0.0,333.644607503161,,,,,,,,,,,
5,244,propio,2,725.1069820683209,231.67857087534756,86.0,0.0,333.644607503161,,,,,,,,,,,
5,245,propio,2,725.1069820683209,231.67857087534756,86.0,0.0,333.644607503161,,,,,,,,,,,
5,246,propio,2,725.1069820683209,231.67857087534756,86.0,0.0,333.644607503161,,,,,,,,,,,
5,246,rival,1,670.3539106788747,425.6177635606279,86.0,0.0,124.52084751509143,201.5199972359966,132.12087036459735,,,,,,,,,
5,247,propio,2,725.1069820683209,231.67857087534756,86.0,0.0,333.644607503161,,,,,,,,,,,
5,247,rival,1,670.3539106788747,425.6177635606279,86.0,0.0,124.52084751509143,201.5199972359966,132.12087036459735,,,,,,,,,
5,248,propio,2,725.1069820683209,231.67857087534756,86.0,0.0,333.644607503161,,,,,,,,,,,
5,249,propio,2,725.1069820683209,231.67857087534756,86.0,0.0,333.644607503161,,,,,,,,,,,
5,250,propio,2,725.1069820683209,231.67857087534756,86.0,0.0,333.644607503161,,,,,,,,,,,
5,251,propio,2,725.1069820683209,231.67857087534756,86.0,0.0,333.644607503161,,,,,,,,,,,
5,252,propio,2,725.1069820683209,231.67857087534756,86.0,0.0,333.644607503161,,,,,,,,,,,
5,253,propio,2,725.1069820683209,231.67857087534756,86.0,0.0,333.644607503161,,,,,,,,,,,
5,254,propio,2,725.1069820683209,231.67857087534756,86.0,0.0,333.644607503161,,,,,,,,,,,
5,254,rival,1,670.3539106788747,425.6177635606279,86.0,0.0,124.52084751509143,201.5199972359966,132.12087036459735,,,,,,,,,
5,255,propio,2,725.1069820683209,231.67857087534756,85.0,0.0,333.644607503161,,,,,,,,,,,
5,255,disparo,2,725.1069820683209,231.67857087534756,85.0,,333.644607503161,,,,1.0,,,,,,,
5,255,rival,1,670.3539106788747,425.6177635606279,85.0,0.0,124.52084751509143,201.5199972359966,132.12087036459735,,,,,,,,,
5,256,propio,2,725.1069820683209,231.67857087534756,85.0,0.0,333.644607503161,,,,,,,,,,,
5,257,propio,2,725.1069820683209,231.67857087534756,85.0,0.0,333.644607503161,,,,,,,,,,,
5,258,propio,2,725.1069820683209,231.67857087534756,85.0,0.0,333.644607503161,,,,,,,,,,,
5,259,propio,2,725.1069820683209,231.67857087534756,85.0,0.0,333.644607503161,,,,,,,,,,,
5,260,propio,2,725.1069820683209,231.67857087534756,85.0,0.0,333.644607503161,,,,,,,,,,,
5,261,propio,2,725.1069820683209,231.67857087534756,85.0,0.0,333.644607503161,,,,,,,,,,,
5,262,propio,2,725.1069820683209,231.67857087534756,85.0,0.0,333.644607503161,,,,,,,,,,,
5,262,rival,1,670.3539106788747,425.6177635606279,85.0,0.0,124.52084751509143,201.5199972359966,132.12087036459735,,,,,,,,,
5,263,propio,2,725.1069820683209,231.67857087534756,85.0,0.0,333.644607503161,,,,,,,,,,,
5,263,rival,1,670.3539106788747,425.6177635606279,85.0,0.0,124.52084751509143,201.5199972359966,132.12087036459735,,,,,,,,,
5,264,propio,2,725.1069820683209,231.67857087534756,85.0,0.0,333.644607503161,,,,,,,,,,,
5,265,propio,2,725.1069820683209,231.67857087534756,85.0,0.0,333.644607503161,,,,,,,,,,,
5,266,propio,2,725.1069820683209,231.67857087534756,85.0,0.0,333.644607503161,,,,,,,,,,,
5,267,propio,2,725.1069820683209,231.67857087534756,85.0,0.0,333.644607503161,,,,,,,,,,,
5,268,propio,2,725.1069820683209,231.67857087534756,85.0,0.0,333.644607503161,,,,,,,,,,,
5,269,propio,2,725.1069820683209,231.67857087534756,85.0,0.0,333.644607503161,,,,,,,,,,,
5,270,propio,2,725.1069820683209,231.67857087534756,85.0,0.0,333.644607503161,,,,,,,,,,,
5,270,rival,1,670.3539106788747,425.6177635606279,85.0,0.0,124.52084751509143,201.5199972359966,132.12087036459735,,,,,,,,,
5,271,propio,2,725.1069820683209,231.67857087534756,84.0,0.0,333.644607503161,,,,,,,,,,,
5,271,disparo,2,725.1069820683209,231.67857087534756,84.0,,333.644607503161,,,,1.0,,,,,,,
5,271,rival,1,670.3539106788747,425.6177635606279,84.0,0.0,124.52084751509143,201.5199972359966,132.12087036459735,,,,,,,,,
5,272,propio,2,725.1069820683209,231.67857087534756,84.0,0.0,333.644607503161,,,,,,,,,,,
5,273,propio,2,725.1069820683209,231.67857087534756,84.0,0.0,333.644607503161,,,,,,,,,,,
5,274,propio,2,725.1069820683209,231.67857087534756,84.0,0.0,333.644607503161,,,,,,,,,,,
5,275,propio,2,725.1069820683209,231.67857087534756,84.0,0.0,333.644607503161,,,,,,,,,,,
5,276,propio,2,725.1069820683209,231.67857087534756,84.0,0.0,333.644607503161,,,,,,,,,,,
5,277,propio,2,725.1069820683209,231.67857087534756,84.0,0.0,333.644607503161,,,,,,,,,,,
5,278,propio,2,725.1069820683209,231.67857087534756,84.0,0.0,333.644607503161,,,,,,,,,,,
5,278,rival,1,670.3539106788747,425.6177635606279,84.0,0.0,124.52084751509143,201.5199972359966,132.12087036459735,,,,,,,,,
5,279,propio,2,725.1069820683209,231.67857087534756,84.0,0.0,333.644607503161,,,,,,,,,,,
5,279,rival,1,670.3539106788747,425.6177635606279,84.0,0.0,124.52084751509143,201.5199972359966,132.12087036459735,,,,,,,,,
5,280,propio,2,725.1069820683209,231.67857087534756,84.0,0.0,333.644607503161,,,,,,,,,,,
5,281,propio,2,725.1069820683209,231.67857087534756,84.0,0.0,333.644607503161,,,,,,,,,,,
5,282,propio,2,725.1069820683209,231.67857087534756,84.0,0.0,333.644607503161,,,,,,,,,,,
5,283,propio,2,725.1069820683209,231.67857087534756,84.0,0.0,333.644607503161,,,,,,,,,,,
5,284,propio,2,725.1069820683209,231.67857087534756,84.0,0.0,333.644607503161,,,,,,,,,,,
5,285,propio,2,725.1069820683209,231.67857087534756,84.0,0.0,333.644607503161,,,,,,,,,,,
5,286,propio,2,725.1069820683209,231.67857087534756,84.0,0.0,333.644607503161,,,,,,,,,,,
5,286,rival,1,670.3539106788747,425.6177635606279,84.0,0.0,124.52084751509143,201.5199972359966,132.12087036459735,,,,,,,,,
5,287,propio,2,725.1069820683209,231.67857087534756,83.0,0.0,333.644607503161,,,,,,,,,,,
5,287,disparo,2,725.1069820683209,231.67857087534756,83.0,,333.644607503161,,,,1.0,,,,,,,
5,287,rival,1,670.3539106788747,425.6177635606279,83.0,0.0,124.52084751509143,201.5199972359966,132.12087036459735,,,,,,,,,
5,288,propio,2,725.1069820683209,231.67857087534756,83.0,0.0,333.644607503161,,,,,,,,,,,
5,289,propio,2,725.1069820683209,231.67857087534756,83.0,0.0,333.644607503161,,,,,,,,,,,
5,290,propio,2,725.1069820683209,231.67857087534756,83.0,0.0,333.644607503161,,,,,,,,,,,
5,291,propio,2,725.1069820683209,231.67857087534756,83.0,0.0,333.644607503161,,,,,,,,,,,
5,292,propio,2,725.1069820683209,231.67857087534756,83.0,0.0,333.644607503161,,,,,,,,,,,
5,293,propio,2,725.1069820683209,231.67857087534756,83.0,0.0,333.644607503161,,,,,,,,,,,
5,294,propio,2,725.1069820683209,231.67857087534756,83.0,0.0,333.644607503161,,,,,,,,,,,
5,294,rival,1,670.3539106788747,425.6177635606279,83.0,0.0,124.52084751509143,201.5199972359966,132.12087036459735,,,,,,,,,
5,295,propio,2,725.1069820683209,231.67857087534756,83.0,0.0,333.644607503161,,,,,,,,,,,
5,295,rival,1,670.3539106788747,425.6177635606279,83.0,0.0,124.52084751509143,201.5199972359966,132.12087036459735,,,,,,,,,
5,296,propio,2,725.1069820683209,231.67857087534756,83.0,0.0,333.644607503161,,,,,,,,,,,
5,297,propio,2,725.1069820683209,231.67857087534756,83.0,0.0,333.644607503161,,,,,,,,,,,
5,298,propio,2,725.1069820683209,231.67857087534756,83.0,0.0,333.644607503161,,,,,,,,,,,
5,299,propio,2,725.1069820683209,231.67857087534756,83.0,0.0,333.644607503161,,,,,,,,,,,
5,300,propio,2,725.1069820683209,231.67857087534756,83.0,0.0,333.644607503161,,,,,,,,,,,
5,301,propio,2,725.1069820683209,231.67857087534756,83.0,0.0,333.644607503161,,,,,,,,,,,
5,302,propio,2,725.1069820683209,231.67857087534756,83.0,0.0,333.644607503161,,,,,,,,,,,
5,302,rival,1,670.3539106788747,425.6177635606279,83.0,0.0,124.52084751509143,201.5199972359966,132.12087036459735,,,,,,,,,
5,303,propio,2,725.1069820683209,231.67857087534756,82.0,0.0,333.644607503161,,,,,,,,,,,
5,303,disparo,2,725.1069820683209,231.67857087534756,82.0,,333.644607503161,,,,1.0,,,,,,,
5,303,rival,1,670.3539106788747,425.6177635606279,82.0,0.0,124.52084751509143,201.5199972359966,132.12087036459735,,,,,,,,,
5,304,propio,2,725.1069820683209,231.67857087534756,82.0,0.0,333.644607503161,,,,,,,,,,,
5,305,propio,2,725.1069820683209,231.67857087534756,82.0,0.0,333.644607503161,,,,,,,,,,,
5,306,propio,2,725.1069820683209,231.67857087534756,82.0,0.0,333.644607503161,,,,,,,,,,,
5,307,propio,2,725.1069820683209,231.67857087534756,82.0,0.0,333.644607503161,,,,,,,,,,,
5,308,propio,2,725.1069820683209,231.67857087534756,82.0,0.0,333.644607503161,,,,,,,,,,,
5,309,propio,2,725.1069820683209,231.67857087534756,82.0,0.0,333.644607503161,,,,,,,,,,,
5,310,propio,2,725.1069820683209,231.67857087534756,82.0,0.0,333.644607503161,,,,,,,,,,,
5,310,rival,1,670.3539106788747,425.6177635606279,82.0,0.0,124.52084751509143,201.5199972359966,132.12087036459735,,,,,,,,,
5,311,propio,2,725.1069820683209,231.67857087534756,82.0,0.0,333.644607503161,,,,,,,,,,,
5,311,rival,1,670.3539106788747,425.6177635606279,82.0,0.0,124.52084751509143,201.5199972359966,132.12087036459735,,,,,,,,,
5,312,propio,2,725.1069820683209,231.67857087534756,82.0,0.0,333.644607503161,,,,,,,,,,,
5,313,propio,2,725.1069820683209,231.67857087534756,82.0,0.0,333.644607503161,,,,,,,,,,,
5,314,propio,2,725.1069820683209,231.67857087534756,82.0,0.0,333.644607503161,,,,,,,,,,,
5,315,propio,2,725.1069820683209,231.67857087534756,82.0,0.0,333.644607503161,,,,,,,,,,,
5,316,propio,2,725.1069820683209,231.67857087534756,82.0,0.0,333.644607503161,,,,,,,,,,,
5,317,propio,2,725.1069820683209,231.67857087534756,82.0,0.0,333.644607503161,,,,,,,,,,,
5,318,propio,2,725.1069820683209,231.67857087534756,82.0,0.0,333.644607503161,,,,,,,,,,,
5,318,rival,1,670.3539106788747,425.6177635606279,82.0,0.0,124.52084751509143,201.5199972359966,132.12087036459735,,,,,,,,,
5,319,propio,2,725.1069820683209,231.67857087534756,81.0,0.0,333.644607503161,,,,,,,,,,,
5,319,disparo,2,725.1069820683209,231.67857087534756,81.0,,333.644607503161,,,,1.0,,,,,,,
5,319,rival,1,670.3539106788747,425.6177635606279,81.0,0.0,124.52084751509143,201.5199972359966,132.12087036459735,,,,,,,,,
5,320,propio,2,725.1069820683209,231.67857087534756,81.0,0.0,333.644607503161,,,,,,,,,,,
5,321,propio,2,725.1069820683209,231.67857087534756,81.0,0.0,333.644607503161,,,,,,,,,,,
5,322,propio,2,725.1069820683209,231.67857087534756,81.0,0.0,333.644607503161,,,,,,,,,,,
5,323,propio,2,725.1069820683209,231.67857087534756,81.0,0.0,333.644607503161,,,,,,,,,,,
5,324,propio,2,725.1069820683209,231.67857087534756,81.0,0.0,333.644607503161,,,,,,,,,,,
5,325,propio,2,725.1069820683209,231.67857087534756,81.0,0.0,333.644607503161,,,,,,,,,,,
5,326,propio,2,725.1069820683209,231.67857087534756,81.0,0.0,333.644607503161,,,,,,,,,,,
5,326,rival,1,670.3539106788747,425.6177635606279,81.0,0.0,124.52084751509143,201.5199972359966,132.12087036459735,,,,,,,,,
5,327,propio,2,725.1069820683209,231.67857087534756,81.0,0.0,333.644607503161,,,,,,,,,,,
5,327,rival,1,670.3539106788747,425.6177635606279,81.0,0.0,124.52084751509143,201.5199972359966,132.12087036459735,,,,,,,,,
5,328,propio,2,725.1069820683209,231.67857087534756,81.0,0.0,333.644607503161,,,,,,,,,,,
5,329,propio,2,725.1069820683209,231.67857087534756,81.0,0.0,333.644607503161,,,,,,,,,,,
5,330,propio,2,725.1069820683209,231.67857087534756,81.0,0.0,333.644607503161,,,,,,,,,,,
5,331,propio,2,725.1069820683209,231.67857087534756,81.0,0.0,333.644607503161,,,,,,,,,,,
5,332,propio,2,725.1069820683209,231.67857087534756,81.0,0.0,333.644607503161,,,,,,,,,,,
5,333,propio,2,725.1069820683209,231.67857087534756,81.0,0.0,333.644607503161,,,,,,,,,,,
5,334,propio,2,725.1069820683209,231.67857087534756,81.0,0.0,333.644607503161,,,,,,,,,,,
5,334,rival,1,670.3539106788747,425.6177635606279,81.0,0.0,124.52084751509143,201.5199972359966,132.12087036459735,,,,,,,,,
5,335,propio,2,725.1069820683209,231.67857087534756,80.0,0.0,333.644607503161,,,,,,,,,,,
5,335,disparo,2,725.1069820683209,231.67857087534756,80.0,,333.644607503161,,,,1.0,,,,,,,
5,335,rival,1,670.3539106788747,425.6177635606279,80.0,0.0,124.52084751509143,201.5199972359966,132.12087036459735,,,,,,,,,
5,336,propio,2,725.1069820683209,231.67857087534756,80.0,0.0,333.644607503161,,,,,,,,,,,
5,337,propio,2,725.1069820683209,231.67857087534756,80.0,0.0,333.644607503161,,,,,,,,,,,
5,338,propio,2,725.1069820683209,231.67857087534756,80.0,0.0,333.644607503161,,,,,,,,,,,
5,339,propio,2,725.1069820683209,231.67857087534756,80.0,0.0,333.644607503161,,,,,,,,,,,
5,340,propio,2,725.1069820683209,231.67857087534756,80.0,0.0,333.644607503161,,,,,,,,,,,
5,341,propio,2,725.1069820683209,231.67857087534756,80.0,0.0,333.644607503161,,,,,,,,,,,
5,342,propio,2,725.1069820683209,231.67857087534756,80.0,0.0,333.644607503161,,,,,,,,,,,
5,342,rival,1,670.3539106788747,425.6177635606279,80.0,0.0,124.52084751509143,201.5199972359966,132.12087036459735,,,,,,,,,
5,343,propio,2,725.1069820683209,231.67857087534756,80.0,0.0,333.644607503161,,,,,,,,,,,
5,343,rival,1,670.3539106788747,425.6177635606279,80.0,0.0,124.52084751509143,201.5199972359966,132.12087036459735,,,,,,,,,
5,344,propio,2,725.1069820683209,231.67857087534756,80.0,0.0,333.644607503161,,,,,,,,,,,
5,345,propio,2,725.1069820683209,231.67857087534756,80.0,0.0,333.644607503161,,,,,,,,,,,
5,346,propio,2,725.1069820683209,231.67857087534756,80.0,0.0,333.644607503161,,,,,,,,,,,
5,347,propio,2,725.1069820683209,231.67857087534756,80.0,0.0,333.644607503161,,,,,,,,,,,
5,348,propio,2,725.1069820683209,231.67857087534756,80.0,0.0,333.644607503161,,,,,,,,,,,
5,349,propio,2,725.1069820683209,231.67857087534756,80.0,0.0,333.644607503161,,,,,,,,,,,
5,350,propio,2,725.1069820683209,231.67857087534756,80.0,0.0,333.644607503161,,,,,,,,,,,
5,350,rival,1,670.3539106788747,425.6177635606279,80.0,0.0,124.52084751509143,201.5199972359966,132.12087036459735,,,,,,,,,
5,351,propio,2,725.1069820683209,231.67857087534756,79.0,0.0,333.644607503161,,,,,,,,,,,
5,351,disparo,2,725.1069820683209,231.67857087534756,79.0,,333.644607503161,,,,1.0,,,,,,,
5,351,rival,1,670.3539106788747,425.6177635606279,79.0,0.0,124.52084751509143,201.5199972359966,132.12087036459735,,,,,,,,,
5,352,propio,2,725.1069820683209,231.67857087534756,79.0,0.0,333.644607503161,,,,,,,,,,,
5,353,propio,2,725.1069820683209,231.67857087534756,79.0,0.0,333.644607503161,,,,,,,,,,,
5,354,propio,2,725.1069820683209,231.67857087534756,79.0,0.0,333.644607503161,,,,,,,,,,,
5,355,propio,2,725.1069820683209,231.67857087534756,79.0,0.0,333.644607503161,,,,,,,,,,,
5,356,propio,2,725.1069820683209,231.67857087534756,79.0,0.0,333.644607503161,,,,,,,,,,,
5,357,propio,2,725.1069820683209,231.67857087534756,79.0,0.0,333.644607503161,,,,,,,,,,,
5,358,propio,2,725.1069820683209,231.67857087534756,79.0,0.0,333.644607503161,,,,,,,,,,,
5,358,rival,1,670.3539106788747,425.6177635606279,79.0,0.0,124.52084751509143,201.5199972359966,132.12087036459735,,,,,,,,,
5,359,propio,2,725.1069820683209,231.67857087534756,79.0,0.0,333.644607503161,,,,,,,,,,,
5,359,rival,1,670.3539106788747,425.6177635606279,79.0,0.0,124.52084751509143,201.5199972359966,132.12087036459735,,,,,,,,,
5,360,propio,2,725.1069820683209,231.67857087534756,79.0,0.0,333.644607503161,,,,,,,,,,,
5,361,propio,2,725.1069820683209,231.67857087534756,79.0,0.0,333.644607503161,,,,,,,,,,,
5,362,propio,2,725.1069820683209,231.67857087534756,79.0,0.0,333.644607503161,,,,,,,,,,,
5,363,propio,2,725.1069820683209,231.67857087534756,79.0,0.0,333.644607503161,,,,,,,,,,,
5,364,propio,2,725.1069820683209,231.67857087534756,79.0,0.0,333.644607503161,,,,,,,,,,,
5,365,propio,2,725.1069820683209,231.67857087534756,79.0,0.0,333.644607503161,,,,,,,,,,,
5,366,propio,2,725.1069820683209,231.67857087534756,79.0,0.0,333.644607503161,,,,,,,,,,,
5,366,rival,1,670.3539106788747,425.6177635606279,79.0,0.0,124.52084751509143,201.5199972359966,132.12087036459735,,,,,,,,,
5,367,propio,2,725.1069820683209,231.67857087534756,78.0,0.0,333.644607503161,,,,,,,,,,,
5,367,disparo,2,725.1069820683209,231.67857087534756,78.0,,333.644607503161,,,,1.0,,,,,,,
5,367,rival,1,670.3539106788747,425.6177635606279,78.0,0.0,124.52084751509143,201.5199972359966,132.12087036459735,,,,,,,,,
5,368,propio,2,725.1069820683209,231.67857087534756,78.0,0.0,333.644607503161,,,,,,,,,,,
5,369,propio,2,725.1069820683209,231.67857087534756,78.0,0.0,333.644607503161,,,,,,,,,,,
5,370,propio,2,725.1069820683209,231.67857087534756,78.0,0.0,333.644607503161,,,,,,,,,,,
5,371,propio,2,725.1069820683209,231.67857087534756,78.0,0.0,333.644607503161,,,,,,,,,,,
5,372,propio,2,725.1069820683209,231.67857087534756,78.0,0.0,333.644607503161,,,,,,,,,,,
5,373,propio,2,725.1069820683209,231.67857087534756,78.0,0.0,333.644607503161,,,,,,,,,,,
5,374,propio,2,725.1069820683209,231.67857087534756,78.0,0.0,333.644607503161,,,,,,,,,,,
5,374,rival,1,670.3539106788747,425.6177635606279,78.0,0.0,124.52084751509143,201.5199972359966,132.12087036459735,,,,,,,,,
5,375,propio,2,725.1069820683209,231.67857087534756,78.0,0.0,333.644607503161,,,,,,,,,,,
5,375,rival,1,670.3539106788747,425.6177635606279,78.0,0.0,124.52084751509143,201.5199972359966,132.12087036459735,,,,,,,,,
5,376,propio,2,725.1069820683209,231.67857087534756,78.0,0.0,333.644607503161,,,,,,,,,,,
5,377,propio,2,725.1069820683209,231.67857087534756,78.0,0.0,333.644607503161,,,,,,,,,,,
5,378,propio,2,725.1069820683209,231.67857087534756,78.0,0.0,333.644607503161,,,,,,,,,,,
5,379,propio,2,725.1069820683209,231.67857087534756,78.0,0.0,333.644607503161,,,,,,,,,,,
5,380,propio,2,725.1069820683209,231.67857087534756,78.0,0.0,333.644607503161,,,,,,,,,,,
5,381,propio,2,725.1069820683209,231.67857087534756,78.0,0.0,333.644607503161,,,,,,,,,,,
5,382,propio,2,725.1069820683209,231.67857087534756,78.0,0.0,333.644607503161,,,,,,,,,,,
5,382,rival,1,670.3539106788747,425.6177635606279,78.0,0.0,124.52084751509143,201.5199972359966,132.12087036459735,,,,,,,,,
5,383,propio,2,725.1069820683209,231.67857087534756,77.0,0.0,333.644607503161,,,,,,,,,,,
5,383,disparo,2,725.1069820683209,231.67857087534756,77.0,,333.644607503161,,,,1.0,,,,,,,
5,383,rival,1,670.3539106788747,425.6177635606279,77.0,0.0,124.52084751509143,201.5199972359966,132.12087036459735,,,,,,,,,
5,384,propio,2,725.1069820683209,231.67857087534756,77.0,0.0,333.644607503161,,,,,,,,,,,
5,385,propio,2,725.1069820683209,231.67857087534756,77.0,0.0,333.644607503161,,,,,,,,,,,
5,386,propio,2,725.1069820683209,231.67857087534756,77.0,0.0,333.644607503161,,,,,,,,,,,
5,387,propio,2,725.1069820683209,231.67857087534756,77.0,0.0,333.644607503161,,,,,,,,,,,
5,388,propio,2,725.1069820683209,231.67857087534756,77.0,0.0,333.644607503161,,,,,,,,,,,
5,389,propio,2,725.1069820683209,231.67857087534756,77.0,0.0,333.644607503161,,,,,,,,,,,
5,390,propio,2,725.1069820683209,231.67857087534756,77.0,0.0,333.644607503161,,,,,,,,,,,
5,390,rival,1,670.3539106788747,425.6177635606279,77.0,0.0,124.52084751509143,201.5199972359966,132.12087036459735,,,,,,,,,
5,391,propio,2,725.1069820683209,231.67857087534756,77.0,0.0,333.644607503161,,,,,,,,,,,
5,391,rival,1,670.3539106788747,425.6177635606279,77.0,0.0,124.52084751509143,201.5199972359966,132.12087036459735,,,,,,,,,
5,392,propio,2,725.1069820683209,231.67857087534756,77.0,0.0,333.644607503161,,,,,,,,,,,
5,393,propio,2,725.1069820683209,231.67857087534756,77.0,0.0,333.644607503161,,,,,,,,,,,
5,394,propio,2,725.1069820683209,231.67857087534756,77.0,0.0,333.644607503161,,,,,,,,,,,
5,395,propio,2,725.1069820683209,231.67857087534756,77.0,0.0,333.644607503161,,,,,,,,,,,
5,396,propio,2,725.1069820683209,231.67857087534756,77.0,0.0,333.644607503161,,,,,,,,,,,
5,397,propio,2,725.1069820683209,231.67857087534756,77.0,0.0,333.644607503161,,,,,,,,,,,
5,398,propio,2,725.1069820683209,231.67857087534756,77.0,0.0,333.644607503161,,,,,,,,,,,
5,398,rival,1,670.3539106788747,425.6177635606279,77.0,0.0,124.52084751509143,201.5199972359966,132.12087036459735,,,,,,,,,
5,399,propio,2,725.1069820683209,231.67857087534756,76.0,0.0,333.644607503161,,,,,,,,,,,
5,399,disparo,2,725.1069820683209,231.67857087534756,76.0,,333.644607503161,,,,1.0,,,,,,,
5,399,rival,1,670.3539106788747,425.6177635606279,76.0,0.0,124.52084751509143,201.5199972359966,132.12087036459735,,,,,,,,,
5,400,propio,2,725.1069820683209,231.67857087534756,76.0,0.0,333.644607503161,,,,,,,,,,,
5,401,propio,2,725.1069820683209,231.67857087534756,76.0,0.0,333.644607503161,,,,,,,,,,,
5,402,propio,2,725.1069820683209,231.67857087534756,76.0,0.0,333.644607503161,,,,,,,,,,,
5,403,propio,2,725.1069820683209,231.67857087534756,76.0,0.0,333.644607503161,,,,,,,,,,,
5,404,propio,2,725.1069820683209,231.67857087534756,76.0,0.0,333.644607503161,,,,,,,,,,,
5,405,propio,2,725.1069820683209,231.67857087534756,76.0,0.0,333.644607503161,,,,,,,,,,,
5,406,propio,2,725.1069820683209,231.67857087534756,76.0,0.0,333.644607503161,,,,,,,,,,,
5,406,rival,1,670.3539106788747,425.6177635606279,76.0,0.0,124.52084751509143,201.5199972359966,132.12087036459735,,,,,,,,,
5,407,propio,2,725.1069820683209,231.67857087534756,76.0,0.0,333.644607503161,,,,,,,,,,,
5,407,rival,1,670.3539106788747,425.6177635606279,76.0,0.0,124.52084751509143,201.5199972359966,132.12087036459735,,,,,,,,,
5,408,propio,2,725.1069820683209,231.67857087534756,76.0,0.0,333.644607503161,,,,,,,,,,,
5,409,propio,2,725.1069820683209,231.67857087534756,76.0,0.0,333.644607503161,,,,,,,,,,,
5,410,propio,2,725.1069820683209,231.67857087534756,76.0,0.0,333.644607503161,,,,,,,,,,,
5,411,propio,2,725.1069820683209,231.67857087534756,76.0,0.0,333.644607503161,,,,,,,,,,,
5,412,propio,2,725.1069820683209,231.67857087534756,76.0,0.0,333.644607503161,,,,,,,,,,,
5,413,propio,2,725.1069820683209,231.67857087534756,76.0,0.0,333.644607503161,,,,,,,,,,,
5,414,propio,2,725.1069820683209,231.67857087534756,76.0,0.0,333.644607503161,,,,,,,,,,,
5,414,rival,1,670.3539106788747,425.6177635606279,76.0,0.0,124.52084751509143,201.5199972359966,132.12087036459735,,,,,,,,,
5,415,propio,2,725.1069820683209,231.67857087534756,75.0,0.0,333.644607503161,,,,,,,,,,,
5,415,disparo,2,725.1069820683209,231.67857087534756,75.0,,333.644607503161,,,,1.0,,,,,,,
5,415,rival,1,670.3539106788747,425.6177635606279,75.0,0.0,124.52084751509143,201.5199972359966,132.12087036459735,,,,,,,,,
5,416,propio,2,725.1069820683209,231.67857087534756,75.0,0.0,333.644607503161,,,,,,,,,,,
5,417,propio,2,725.1069820683209,231.67857087534756,75.0,0.0,333.644607503161,,,,,,,,,,,
5,418,propio,2,725.1069820683209,231.67857087534756,75.0,0.0,333.644607503161,,,,,,,,,,,
5,419,propio,2,725.1069820683209,231.67857087534756,75.0,0.0,333.644607503161,,,,,,,,,,,
5,420,propio,2,725.1069820683209,231.67857087534756,75.0,0.0,333.644607503161,,,,,,,,,,,
5,421,propio,2,725.1069820683209,231.67857087534756,75.0,0.0,333.644607503161,,,,,,,,,,,
5,422,propio,2,725.1069820683209,231.67857087534756,75.0,0.0,333.644607503161,,,,,,,,,,,
5,422,rival,1,670.3539106788747,425.6177635606279,75.0,0.0,124.52084751509143,201.5199972359966,132.12087036459735,,,,,,,,,
5,423,propio,2,725.1069820683209,231.67857087534756,75.0,0.0,333.644607503161,,,,,,,,,,,
5,423,rival,1,670.3539106788747,425.6177635606279,75.0,0.0,124.52084751509143,201.5199972359966,132.12087036459735,,,,,,,,,
5,424,propio,2,725.1069820683209,231.67857087534756,75.0,0.0,333.644607503161,,,,,,,,,,,
5,425,propio,2,725.1069820683209,231.67857087534756,75.0,0.0,333.644607503161,,,,,,,,,,,
5,426,propio,2,725.1069820683209,231.67857087534756,75.0,0.0,333.644607503161,,,,,,,,,,,
5,427,propio,2,725.1069820683209,231.67857087534756,75.0,0.0,333.644607503161,,,,,,,,,,,
5,428,propio,2,725.1069820683209,231.67857087534756,75.0,0.0,333.644607503161,,,,,,,,,,,
5,429,propio,2,725.1069820683209,231.67857087534756,75.0,0.0,333.644607503161,,,,,,,,,,,
5,430,propio,2,725.1069820683209,231.67857087534756,75.0,0.0,333.644607503161,,,,,,,,,,,
5,430,rival,1,670.3539106788747,425.6177635606279,75.0,0.0,124.52084751509143,201.5199972359966,132.12087036459735,,,,,,,,,
5,431,propio,2,725.1069820683209,231.67857087534756,74.0,0.0,333.644607503161,,,,,,,,,,,
5,431,disparo,2,725.1069820683209,231.67857087534756,74.0,,333.644607503161,,,,1.0,,,,,,,
5,431,rival,1,670.3539106788747,425.6177635606279,74.0,0.0,124.52084751509143,201.5199972359966,132.12087036459735,,,,,,,,,
5,432,propio,2,725.1069820683209,231.67857087534756,74.0,0.0,333.644607503161,,,,,,,,,,,
5,433,propio,2,725.1069820683209,231.67857087534756,74.0,0.0,333.644607503161,,,,,,,,,,,
5,434,propio,2,725.1069820683209,231.67857087534756,74.0,0.0,333.644607503161,,,,,,,,,,,
5,435,propio,2,725.1069820683209,231.67857087534756,74.0,0.0,333.644607503161,,,,,,,,,,,
5,436,propio,2,725.1069820683209,231.67857087534756,74.0,0.0,333.644607503161,,,,,,,,,,,
5,437,propio,2,725.1069820683209,231.67857087534756,74.0,0.0,333.644607503161,,,,,,,,,,,
5,438,propio,2,725.1069820683209,231.67857087534756,74.0,0.0,333.644607503161,,,,,,,,,,,
5,438,rival,1,670.3539106788747,425.6177635606279,74.0,0.0,124.52084751509143,201.5199972359966,132.12087036459735,,,,,,,,,
5,439,propio,2,725.1069820683209,231.67857087534756,74.0,0.0,333.644607503161,,,,,,,,,,,
5,439,rival,1,670.3539106788747,425.6177635606279,74.0,0.0,124.52084751509143,201.5199972359966,132.12087036459735,,,,,,,,,
5,440,propio,2,725.1069820683209,231.67857087534756,74.0,0.0,333.644607503161,,,,,,,,,,,
5,441,propio,2,725.1069820683209,231.67857087534756,74.0,0.0,333.644607503161,,,,,,,,,,,
5,442,propio,2,725.1069820683209,231.67857087534756,74.0,0.0,333.644607503161,,,,,,,,,,,
5,443,propio,2,725.1069820683209,231.67857087534756,74.0,0.0,333.644607503161,,,,,,,,,,,
5,444,propio,2,725.1069820683209,231.67857087534756,74.0,0.0,333.644607503161,,,,,,,,,,,
5,445,propio,2,725.1069820683209,231.67857087534756,74.0,0.0,333.644607503161,,,,,,,,,,,
5,446,propio,2,725.1069820683209,231.67857087534756,74.0,0.0,333.644607503161,,,,,,,,,,,
5,446,rival,1,670.3539106788747,425.6177635606279,74.0,0.0,124.52084751509143,201.5199972359966,132.12087036459735,,,,,,,,,
5,447,propio,2,725.1069820683209,231.67857087534756,73.0,0.0,333.644607503161,,,,,,,,,,,
5,447,disparo,2,725.1069820683209,231.67857087534756,73.0,,333.644607503161,,,,1.0,,,,,,,
5,447,rival,1,670.3539106788747,425.6177635606279,73.0,0.0,124.52084751509143,201.5199972359966,132.12087036459735,,,,,,,,,
5,448,propio,2,725.1069820683209,231.67857087534756,73.0,0.0,333.644607503161,,,,,,,,,,,
5,449,propio,2,725.1069820683209,231.67857087534756,73.0,0.0,333.644607503161,,,,,,,,,,,
5,450,propio,2,725.1069820683209,231.67857087534756,73.0,0.0,333.644607503161,,,,,,,,,,,
5,451,propio,2,725.1069820683209,231.67857087534756,73.0,0.0,333.644607503161,,,,,,,,,,,
5,452,propio,2,725.1069820683209,231.67857087534756,72.9,0.0,333.644607503161,,,,,,,,,,,
5,453,propio,2,725.1069820683209,231.67857087534756,72.80000000000001,0.0,333.644607503161,,,,,,,,,,,
5,454,propio,2,725.1069820683209,231.67857087534756,72.70000000000002,0.0,333.644607503161,,,,,,,,,,,
5,454,rival,1,670.3539106788747,425.6177635606279,72.80000000000001,0.0,124.52084751509143,201.5199972359966,132.12087036459735,,,,,,,,,
5,455,propio,2,725.1069820683209,231.67857087534756,72.60000000000002,0.0,333.644607503161,,,,,,,,,,,
5,455,rival,1,670.3539106788747,425.6177635606279,72.70000000000002,0.0,124.52084751509143,201.5199972359966,132.12087036459735,,,,,,,,,
5,456,propio,2,725.1069820683209,231.67857087534756,72.50000000000003,0.0,333.644607503161,,,,,,,,,,,
5,457,propio,2,725.1069820683209,231.67857087534756,72.40000000000003,0.0,333.644607503161,,,,,,,,,,,
5,458,propio,2,725.1069820683209,231.67857087534756,72.30000000000004,0.0,333.644607503161,,,,,,,,,,,
5,459,propio,2,725.1069820683209,231.67857087534756,72.20000000000005,0.0,333.644607503161,,,,,,,,,,,
5,460,propio,2,725.1069820683209,231.67857087534756,72.10000000000005,0.0,333.644607503161,,,,,,,,,,,
5,461,propio,2,725.1069820683209,231.67857087534756,72.00000000000006,0.0,333.644607503161,,,,,,,,,,,
5,462,propio,2,725.1069820683209,231.67857087534756,71.90000000000006,0.0,333.644607503161,,,,,,,,,,,
5,462,rival,1,670.3539106788747,425.6177635606279,72.00000000000006,0.0,124.52084751509143,201.5199972359966,132.12087036459735,,,,,,,,,
5,463,propio,2,725.1069820683209,231.67857087534756,70.80000000000007,0.0,333.644607503161,,,,,,,,,,,
5,463,disparo,2,725.1069820683209,231.67857087534756,70.80000000000007,,333.644607503161,,,,1.0,,,,,,,
5,463,rival,1,670.3539106788747,425.6177635606279,70.90000000000006,0.0,124.52084751509143,201.5199972359966,132.12087036459735,,,,,,,,,
5,464,propio,2,725.1069820683209,231.67857087534756,70.70000000000007,0.0,333.644607503161,,,,,,,,,,,
5,465,propio,2,725.1069820683209,231.67857087534756,70.60000000000008,0.0,333.644607503161,,,,,,,,,,,
5,466,propio,2,725.1069820683209,231.67857087534756,70.50000000000009,0.0,333.644607503161,,,,,,,,,,,
5,467,propio,2,725.1069820683209,231.67857087534756,70.40000000000009,0.0,333.644607503161,,,,,,,,,,,
5,468,propio,2,725.1069820683209,231.67857087534756,70.3000000000001,0.0,333.644607503161,,,,,,,,,,,
5,469,propio,2,725.1069820683209,231.67857087534756,70.2000000000001,0.0,333.644607503161,,,,,,,,,,,
5,470,propio,2,725.1069820683209,231.67857087534756,70.10000000000011,0.0,333.644607503161,,,,,,,,,,,
5,470,rival,1,670.3539106788747,425.6177635606279,70.2000000000001,0.0,124.52084751509143,201.5199972359966,132.12087036459735,,,,,,,,,
5,471,propio,2,725.1069820683209,231.67857087534756,70.00000000000011,0.0,333.644607503161,,,,,,,,,,,
5,471,rival,1,670.3539106788747,425.6177635606279,70.10000000000011,0.0,124.52084751509143,201.5199972359966,132.12087036459735,,,,,,,,,
5,472,propio,2,725.1069820683209,231.67857087534756,69.90000000000012,0.0,333.644607503161,,,,,,,,,,,
5,473,propio,2,725.1069820683209,231.67857087534756,69.80000000000013,0.0,333.644607503161,,,,,,,,,,,
5,474,propio,2,725.1069820683209,231.67857087534756,69.70000000000013,0.0,333.644607503161,,,,,,,,,,,
5,475,propio,2,725.1069820683209,231.67857087534756,69.60000000000014,0.0,333.644607503161,,,,,,,,,,,
5,476,propio,2,725.1069820683209,231.67857087534756,69.50000000000014,0.0,333.644607503161,,,,,,,,,,,
5,477,propio,2,725.1069820683209,231.67857087534756,69.40000000000015,0.0,333.644607503161,,,,,,,,,,,
5,478,propio,2,725.1069820683209,231.67857087534756,69.30000000000015,0.0,333.644607503161,,,,,,,,,,,
5,478,rival,1,670.3539106788747,425.6177635606279,69.40000000000015,0.0,124.52084751509143,201.5199972359966,132.12087036459735,,,,,,,,,
5,479,propio,2,725.1069820683209,231.67857087534756,68.20000000000016,0.0,333.644607503161,,,,,,,,,,,
5,479,disparo,2,725.1069820683209,231.67857087534756,68.20000000000016,,333.644607503161,,,,1.0,,,,,,,
5,479,rival,1,670.3539106788747,425.6177635606279,68.30000000000015,0.0,124.52084751509143,201.5199972359966,132.12087036459735,,,,,,,,,
5,480,propio,2,725.1069820683209,231.67857087534756,68.10000000000016,0.0,333.644607503161,,,,,,,,,,,
5,481,propio,2,725.1069820683209,231.67857087534756,68.00000000000017,0.0,333.644607503161,,,,,,,,,,,
5,482,propio,2,725.1069820683209,231.67857087534756,67.90000000000018,0.0,333.644607503161,,,,,,,,,,,
5,483,propio,2,725.1069820683209,231.67857087534756,67.80000000000018,0.0,333.644607503161,,,,,,,,,,,
5,484,propio,2,725.1069820683209,231.67857087534756,67.70000000000019,0.0,333.644607503161,,,,,,,,,,,
5,485,propio,2,725.1069820683209,231.67857087534756,67.6000000000002,0.0,333.644607503161,,,,,,,,,,,
5,486,propio,2,725.1069820683209,231.67857087534756,67.5000000000002,0.0,333.644607503161,,,,,,,,,,,
5,486,rival,1,670.3539106788747,425.6177635606279,67.6000000000002,0.0,124.52084751509143,201.5199972359966,132.12087036459735,,,,,,,,,
5,487,propio,2,725.1069820683209,231.67857087534756,67.4000000000002,0.0,333.644607503161,,,,,,,,,,,
5,487,rival,1,670.3539106788747,425.6177635606279,67.5000000000002,0.0,124.52084751509143,201.5199972359966,132.12087036459735,,,,,,,,,
5,488,propio,2,725.1069820683209,231.67857087534756,67.30000000000021,0.0,333.644607503161,,,,,,,,,,,
5,489,propio,2,725.1069820683209,231.67857087534756,67.20000000000022,0.0,333.644607503161,,,,,,,,,,,
5,490,propio,2,725.1069820683209,231.67857087534756,67.10000000000022,0.0,333.644607503161,,,,,,,,,,,
5,491,propio,2,725.1069820683209,231.67857087534756,67.00000000000023,0.0,333.644607503161,,,,,,,,,,,
5,492,propio,2,725.1069820683209,231.67857087534756,66.90000000000023,0.0,333.644607503161,,,,,,,,,,,
5,493,propio,2,725.1069820683209,231.67857087534756,66.80000000000024,0.0,333.644607503161,,,,,,,,,,,
5,494,propio,2,725.1069820683209,231.67857087534756,66.70000000000024,0.0,333.644607503161,,,,,,,,,,,
5,494,rival,1,670.3539106788747,425.6177635606279,66.80000000000024,0.0,124.52084751509143,201.5199972359966,132.12087036459735,,,,,,,,,
5,495,propio,2,725.1069820683209,231.67857087534756,65.60000000000025,0.0,333.644607503161,,,,,,,,,,,
5,495,disparo,2,725.1069820683209,231.67857087534756,65.60000000000025,,333.644607503161,,,,1.0,,,,,,,
5,495,rival,1,670.3539106788747,425.6177635606279,65.70000000000024,0.0,124.52084751509143,201.5199972359966,132.12087036459735,,,,,,,,,
5,496,propio,2,725.1069820683209,231.67857087534756,65.50000000000026,0.0,333.644607503161,,,,,,,,,,,
5,497,propio,2,725.1069820683209,231.67857087534756,65.40000000000026,0.0,333.644607503161,,,,,,,,,,,
5,498,propio,2,725.1069820683209,231.67857087534756,65.30000000000027,0.0,333.644607503161,,,,,,,,,,,
5,499,propio,2,725.1069820683209,231.67857087534756,65.20000000000027,0.0,333.644607503161,,,,,,,,,,,
5,500,propio,2,725.1069820683209,231.67857087534756,65.10000000000028,0.0,333.644607503161,,,,,,,,,,,
5,501,propio,2,725.1069820683209,231.67857087534756,65.00000000000028,0.0,333.644607503161,,,,,,,,,,,
5,502,propio,2,725.1069820683209,231.67857087534756,64.90000000000029,0.0,333.644607503161,,,,,,,,,,,
5,502,rival,1,670.3539106788747,425.6177635606279,65.00000000000028,0.0,124.52084751509143,201.5199972359966,132.12087036459735,,,,,,,,,
5,503,propio,2,725.1069820683209,231.67857087534756,64.8000000000003,0.0,333.644607503161,,,,,,,,,,,
5,503,rival,1,670.3539106788747,425.6177635606279,64.90000000000029,0.0,124.52084751509143,201.5199972359966,132.12087036459735,,,,,,,,,
5,504,propio,2,725.1069820683209,231.67857087534756,64.7000000000003,0.0,333.644607503161,,,,,,,,,,,
5,505,propio,2,725.1069820683209,231.67857087534756,64.6000000000003,0.0,333.644607503161,,,,,,,,,,,
5,506,propio,2,725.1069820683209,231.67857087534756,64.50000000000031,0.0,333.644607503161,,,,,,,,,,,
5,507,propio,2,725.1069820683209,231.67857087534756,64.40000000000032,0.0,333.644607503161,,,,,,,,,,,
5,508,propio,2,725.1069820683209,231.67857087534756,64.30000000000032,0.0,333.644607503161,,,,,,,,,,,
5,509,propio,2,725.1069820683209,231.67857087534756,64.20000000000033,0.0,333.644607503161,,,,,,,,,,,
5,510,propio,2,725.1069820683209,231.67857087534756,64.10000000000034,0.0,333.644607503161,,,,,,,,,,,
5,510,rival,1,670.3539106788747,425.6177635606279,64.20000000000033,0.0,124.52084751509143,201.5199972359966,132.12087036459735,,,,,,,,,
5,511,propio,2,725.1069820683209,231.67857087534756,63.000000000000334,0.0,333.644607503161,,,,,,,,,,,
5,511,disparo,2,725.1069820683209,231.67857087534756,63.000000000000334,,333.644607503161,,,,1.0,,,,,,,
5,511,rival,1,670.3539106788747,425.6177635606279,63.100000000000335,0.0,124.52084751509143,201.5199972359966,132.12087036459735,,,,,,,,,
5,512,propio,2,725.1069820683209,231.67857087534756,62.90000000000033,0.0,333.644607503161,,,,,,,,,,,
5,513,propio,2,725.1069820683209,231.67857087534756,62.80000000000033,0.0,333.644607503161,,,,,,,,,,,
5,514,propio,2,725.1069820683209,231.67857087534756,62.70000000000033,0.0,333.644607503161,,,,,,,,,,,
5,515,propio,2,725.1069820683209,231.67857087534756,62.60000000000033,0.0,333.644607503161,,,,,,,,,,,
5,516,propio,2,725.1069820683209,231.67857087534756,62.50000000000033,0.0,333.644607503161,,,,,,,,,,,
5,517,propio,2,725.1069820683209,231.67857087534756,62.400000000000325,0.0,333.644607503161,,,,,,,,,,,
5,518,propio,2,725.1069820683209,231.67857087534756,62.300000000000324,0.0,333.644607503161,,,,,,,,,,,
5,518,rival,1,670.3539106788747,425.6177635606279,62.400000000000325,0.0,124.52084751509143,201.5199972359966,132.12087036459735,,,,,,,,,
5,519,propio,2,725.1069820683209,231.67857087534756,62.20000000000032,0.0,333.644607503161,,,,,,,,,,,
5,519,rival,1,670.3539106788747,425.6177635606279,62.300000000000324,0.0,124.52084751509143,201.5199972359966,132.12087036459735,,,,,,,,,
5,520,propio,2,725.1069820683209,231.67857087534756,62.10000000000032,0.0,333.644607503161,,,,,,,,,,,
5,521,propio,2,725.1069820683209,231.67857087534756,62.00000000000032,0.0,333.644607503161,,,,,,,,,,,
5,522,propio,2,725.1069820683209,231.67857087534756,61.90000000000032,0.0,333.644607503161,,,,,,,,,,,
5,523,propio,2,725.1069820683209,231.67857087534756,61.80000000000032,0.0,333.644607503161,,,,,,,,,,,
5,524,propio,2,725.1069820683209,231.67857087534756,61.700000000000315,0.0,333.644607503161,,,,,,,,,,,
5,525,propio,2,725.1069820683209,231.67857087534756,61.600000000000314,0.0,333.644607503161,,,,,,,,,,,
5,526,propio,2,725.1069820683209,231.67857087534756,61.50000000000031,0.0,333.644607503161,,,,,,,,,,,
5,526,rival,1,670.3539106788747,425.6177635606279,61.600000000000314,0.0,124.52084751509143,201.5199972359966,132.12087036459735,,,,,,,,,
5,527,propio,2,725.1069820683209,231.67857087534756,60.40000000000031,0.0,333.644607503161,,,,,,,,,,,
5,527,disparo,2,725.1069820683209,231.67857087534756,60.40000000000031,,333.644607503161,,,,1.0,,,,,,,
5,527,rival,1,670.3539106788747,425.6177635606279,60.50000000000031,0.0,124.52084751509143,201.5199972359966,132.12087036459735,,,,,,,,,
5,528,propio,2,725.1069820683209,231.67857087534756,60.30000000000031,0.0,333.644607503161,,,,,,,,,,,
5,529,propio,2,725.1069820683209,231.67857087534756,60.20000000000031,0.0,333.644607503161,,,,,,,,,,,
5,530,propio,2,725.1069820683209,231.67857087534756,60.10000000000031,0.0,333.644607503161,,,,,,,,,,,
5,531,propio,2,725.1069820683209,231.67857087534756,60.000000000000306,0.0,333.644607503161,,,,,,,,,,,
5,532,propio,2,725.1069820683209,231.67857087534756,59.900000000000304,0.0,333.644607503161,,,,,,,,,,,
5,533,propio,2,725.1069820683209,231.67857087534756,59.8000000000003,0.0,333.644607503161,,,,,,,,,,,
5,534,propio,2,725.1069820683209,231.67857087534756,59.7000000000003,0.0,333.644607503161,,,,,,,,,,,
5,534,rival,1,670.3539106788747,425.6177635606279,59.8000000000003,0.0,124.52084751509143,201.5199972359966,132.12087036459735,,,,,,,,,
5,535,propio,2,725.1069820683209,231.67857087534756,59.6000000000003,0.0,333.644607503161,,,,,,,,,,,
5,535,rival,1,670.3539106788747,425.6177635606279,59.7000000000003,0.0,124.52084751509143,201.5199972359966,132.12087036459735,,,,,,,,,
5,536,propio,2,725.1069820683209,231.67857087534756,59.5000000000003,0.0,333.644607503161,,,,,,,,,,,
5,537,propio,2,725.1069820683209,231.67857087534756,59.4000000000003,0.0,333.644607503161,,,,,,,,,,,
5,538,propio,2,725.1069820683209,231.67857087534756,59.300000000000296,0.0,333.644607503161,,,,,,,,,,,
5,539,propio,2,725.1069820683209,231.67857087534756,59.200000000000294,0.0,333.644607503161,,,,,,,,,,,
5,540,propio,2,725.1069820683209,231.67857087534756,59.10000000000029,0.0,333.644607503161,,,,,,,,,,,
5,541,propio,2,725.1069820683209,231.67857087534756,59.00000000000029,0.0,333.644607503161,,,,,,,,,,,
5,542,propio,2,725.1069820683209,231.67857087534756,58.90000000000029,0.0,333.644607503161,,,,,,,,,,,
5,542,rival,1,670.3539106788747,425.6177635606279,59.00000000000029,0.0,124.52084751509143,201.5199972359966,132.12087036459735,,,,,,,,,
5,543,propio,2,725.1069820683209,231.67857087534756,57.80000000000029,0.0,333.644607503161,,,,,,,,,,,
5,543,disparo,2,725.1069820683209,231.67857087534756,57.80000000000029,,333.644607503161,,,,1.0,,,,,,,
5,543,rival,1,670.3539106788747,425.6177635606279,57.90000000000029,0.0,124.52084751509143,201.5199972359966,132.12087036459735,,,,,,,,,
5,544,propio,2,725.1069820683209,231.67857087534756,57.70000000000029,0.0,333.644607503161,,,,,,,,,,,
5,545,propio,2,725.1069820683209,231.67857087534756,57.600000000000286,0.0,333.644607503161,,,,,,,,,,,
5,546,propio,2,725.1069820683209,231.67857087534756,57.500000000000284,0.0,333.644607503161,,,,,,,,,,,
5,547,propio,2,725.1069820683209,231.67857087534756,57.40000000000028,0.0,333.644607503161,,,,,,,,,,,
5,548,propio,2,725.1069820683209,231.67857087534756,57.30000000000028,0.0,333.644607503161,,,,,,,,,,,
5,549,propio,2,725.1069820683209,231.67857087534756,57.20000000000028,0.0,333.644607503161,,,,,,,,,,,
5,550,propio,2,725.1069820683209,231.67857087534756,57.10000000000028,0.0,333.644607503161,,,,,,,,,,,
5,550,rival,1,670.3539106788747,425.6177635606279,57.20000000000028,0.0,124.52084751509143,201.5199972359966,132.12087036459735,,,,,,,,,
5,551,propio,2,725.1069820683209,231.67857087534756,57.00000000000028,0.0,333.644607503161,,,,,,,,,,,
5,551,rival,1,670.3539106788747,425.6177635606279,57.10000000000028,0.0,124.52084751509143,201.5199972359966,132.12087036459735,,,,,,,,,
5,552,propio,2,725.1069820683209,231.67857087534756,56.900000000000276,0.0,333.644607503161,,,,,,,,,,,
5,553,propio,2,725.1069820683209,231.67857087534756,56.800000000000274,0.0,333.644607503161,,,,,,,,,,,
5,554,propio,2,725.1069820683209,231.67857087534756,56.70000000000027,0.0,333.644607503161,,,,,,,,,,,
5,555,propio,2,725.1069820683209,231.67857087534756,56.60000000000027,0.0,333.644607503161,,,,,,,,,,,
5,556,propio,2,725.1069820683209,231.67857087534756,56.50000000000027,0.0,333.644607503161,,,,,,,,,,,
5,557,propio,2,725.1069820683209,231.67857087534756,56.40000000000027,0.0,333.644607503161,,,,,,,,,,,
5,558,propio,2,725.1069820683209,231.67857087534756,56.30000000000027,0.0,333.644607503161,,,,,,,,,,,
5,558,rival,1,670.3539106788747,425.6177635606279,56.40000000000027,0.0,124.52084751509143,201.5199972359966,132.12087036459735,,,,,,,,,
5,559,propio,2,725.1069820683209,231.67857087534756,55.200000000000266,0.0,333.644607503161,,,,,,,,,,,
5,559,disparo,2,725.1069820683209,231.67857087534756,55.200000000000266,,333.644607503161,,,,1.0,,,,,,,
5,559,rival,1,670.3539106788747,425.6177635606279,55.30000000000027,0.0,124.52084751509143,201.5199972359966,132.12087036459735,,,,,,,,,
5,560,propio,2,725.1069820683209,231.67857087534756,55.100000000000264,0.0,333.644607503161,,,,,,,,,,,
5,561,propio,2,725.1069820683209,231.67857087534756,55.00000000000026,0.0,333.644607503161,,,,,,,,,,,
5,562,propio,2,725.1069820683209,231.67857087534756,54.90000000000026,0.0,333.644607503161,,,,,,,,,,,
5,563,propio,2,725.1069820683209,231.67857087534756,54.80000000000026,0.0,333.644607503161,,,,,,,,,,,
5,564,propio,2,725.1069820683209,231.67857087534756,54.70000000000026,0.0,333.644607503161,,,,,,,,,,,
5,565,propio,2,725.1069820683209,231.67857087534756,54.60000000000026,0.0,333.644607503161,,,,,,,,,,,
5,566,propio,2,725.1069820683209,231.67857087534756,54.500000000000256,0.0,333.644607503161,,,,,,,,,,,
5,566,rival,1,670.3539106788747,425.6177635606279,54.60000000000026,0.0,124.52084751509143,201.5199972359966,132.12087036459735,,,,,,,,,
5,567,propio,2,725.1069820683209,231.67857087534756,54.400000000000254,0.0,333.644607503161,,,,,,,,,,,
5,567,rival,1,670.3539106788747,425.6177635606279,54.500000000000256,0.0,124.52084751509143,201.5199972359966,132.12087036459735,,,,,,,,,
5,568,propio,2,725.1069820683209,231.67857087534756,54.30000000000025,0.0,333.644607503161,,,,,,,,,,,
5,569,propio,2,725.1069820683209,231.67857087534756,54.20000000000025,0.0,333.644607503161,,,,,,,,,,,
5,570,propio,2,725.1069820683209,231.67857087534756,54.10000000000025,0.0,333.644607503161,,,,,,,,,,,
5,571,propio,2,725.1069820683209,231.67857087534756,54.00000000000025,0.0,333.644607503161,,,,,,,,,,,
5,572,propio,2,725.1069820683209,231.67857087534756,53.90000000000025,0.0,333.644607503161,,,,,,,,,,,
5,573,propio,2,725.1069820683209,231.67857087534756,53.800000000000246,0.0,333.644607503161,,,,,,,,,,,
5,574,propio,2,725.1069820683209,231.67857087534756,53.700000000000244,0.0,333.644607503161,,,,,,,,,,,
5,574,rival,1,670.3539106788747,425.6177635606279,53.800000000000246,0.0,124.52084751509143,201.5199972359966,132.12087036459735,,,,,,,,,
5,575,propio,2,725.1069820683209,231.67857087534756,52.60000000000024,0.0,333.644607503161,,,,,,,,,,,
5,575,disparo,2,725.1069820683209,231.67857087534756,52.60000000000024,,333.644607503161,,,,1.0,,,,,,,
5,575,rival,1,670.3539106788747,425.6177635606279,52.700000000000244,0.0,124.52084751509143,201.5199972359966,132.12087036459735,,,,,,,,,
5,576,propio,2,725.1069820683209,231.67857087534756,52.50000000000024,0.0,333.644607503161,,,,,,,,,,,
5,577,propio,2,725.1069820683209,231.67857087534756,52.40000000000024,0.0,333.644607503161,,,,,,,,,,,
5,578,propio,2,725.1069820683209,231.67857087534756,52.30000000000024,0.0,333.644607503161,,,,,,,,,,,
5,579,propio,2,725.1069820683209,231.67857087534756,52.20000000000024,0.0,333.644607503161,,,,,,,,,,,
5,580,propio,2,725.1069820683209,231.67857087534756,52.100000000000236,0.0,333.644607503161,,,,,,,,,,,
5,581,propio,2,725.1069820683209,231.67857087534756,52.000000000000234,0.0,333.644607503161,,,,,,,,,,,
5,582,propio,2,725.1069820683209,231.67857087534756,51.90000000000023,0.0,333.644607503161,,,,,,,,,,,
5,582,rival,1,670.3539106788747,425.6177635606279,52.000000000000234,0.0,124.52084751509143,201.5199972359966,132.12087036459735,,,,,,,,,
5,583,propio,2,725.1069820683209,231.67857087534756,51.80000000000023,0.0,333.644607503161,,,,,,,,,,,
5,583,rival,1,670.3539106788747,425.6177635606279,51.90000000000023,0.0,124.52084751509143,201.5199972359966,132.12087036459735,,,,,,,,,
5,584,propio,2,725.1069820683209,231.67857087534756,51.70000000000023,0.0,333.644607503161,,,,,,,,,,,
5,585,propio,2,725.1069820683209,231.67857087534756,51.60000000000023,0.0,333.644607503161,,,,,,,,,,,
5,586,propio,2,725.1069820683209,231.67857087534756,51.50000000000023,0.0,333.644607503161,,,,,,,,,,,
5,587,propio,2,725.1069820683209,231.67857087534756,51.400000000000226,0.0,333.644607503161,,,,,,,,,,,
5,588,propio,2,725.1069820683209,231.67857087534756,51.300000000000225,0.0,333.644607503161,,,,,,,,,,,
5,589,propio,2,725.1069820683209,231.67857087534756,51.20000000000022,0.0,333.644607503161,,,,,,,,,,,
5,590,propio,2,725.1069820683209,231.67857087534756,51.10000000000022,0.0,333.644607503161,,,,,,,,,,,
5,590,rival,1,670.3539106788747,425.6177635606279,51.20000000000022,0.0,124.52084751509143,201.5199972359966,132.12087036459735,,,,,,,,,
5,591,propio,2,725.1069820683209,231.67857087534756,50.00000000000022,0.0,333.644607503161,,,,,,,,,,,
5,591,disparo,2,725.1069820683209,231.67857087534756,50.00000000000022,,333.644607503161,,,,1.0,,,,,,,
5,591,rival,1,670.3539106788747,425.6177635606279,50.10000000000022,0.0,124.52084751509143,201.5199972359966,132.12087036459735,,,,,,,,,
5,592,propio,2,725.1069820683209,231.67857087534756,49.90000000000022,0.0,333.644607503161,,,,,,,,,,,
5,593,propio,2,725.1069820683209,231.67857087534756,49.80000000000022,0.0,333.644607503161,,,,,,,,,,,
5,594,propio,2,725.1069820683209,231.67857087534756,49.700000000000216,0.0,333.644607503161,,,,,,,,,,,
5,595,propio,2,725.1069820683209,231.67857087534756,49.600000000000215,0.0,333.644607503161,,,,,,,,,,,
5,596,propio,2,725.1069820683209,231.67857087534756,49.50000000000021,0.0,333.644607503161,,,,,,,,,,,
5,597,propio,2,725.1069820683209,231.67857087534756,49.40000000000021,0.0,333.644607503161,,,,,,,,,,,
5,598,propio,2,725.1069820683209,231.67857087534756,49.30000000000021,0.0,333.644607503161,,,,,,,,,,,
5,598,rival,1,670.3539106788747,425.6177635606279,49.40000000000021,0.0,124.52084751509143,201.5199972359966,132.12087036459735,,,,,,,,,
5,599,propio,2,725.1069820683209,231.67857087534756,49.20000000000021,0.0,333.644607503161,,,,,,,,,,,
5,599,rival,1,670.3539106788747,425.6177635606279,49.30000000000021,0.0,124.52084751509143,201.5199972359966,132.12087036459735,,,,,,,,,
5,600,propio,2,725.1069820683209,231.67857087534756,49.10000000000021,0.0,333.644607503161,,,,,,,,,,,
5,601,propio,2,725.1069820683209,231.67857087534756,49.000000000000206,0.0,333.644607503161,,,,,,,,,,,
5,602,propio,2,725.1069820683209,231.67857087534756,48.900000000000205,0.0,333.644607503161,,,,,,,,,,,
5,603,propio,2,725.1069820683209,231.67857087534756,48.8000000000002,0.0,333.644607503161,,,,,,,,,,,
5,604,propio,2,725.1069820683209,231.67857087534756,48.7000000000002,0.0,333.644607503161,,,,,,,,,,,
5,605,propio,2,725.1069820683209,231.67857087534756,48.6000000000002,0.0,333.644607503161,,,,,,,,,,,
5,606,propio,2,725.1069820683209,231.67857087534756,48.5000000000002,0.0,333.644607503161,,,,,,,,,,,
5,606,rival,1,670.3539106788747,425.6177635606279,48.6000000000002,0.0,124.52084751509143,201.5199972359966,132.12087036459735,,,,,,,,,
5,607,propio,2,725.1069820683209,231.67857087534756,47.4000000000002,0.0,333.644607503161,,,,,,,,,,,
5,607,disparo,2,725.1069820683209,231.67857087534756,47.4000000000002,,333.644607503161,,,,1.0,,,,,,,
5,607,rival,1,670.3539106788747,425.6177635606279,47.5000000000002,0.0,124.52084751509143,201.5199972359966,132.12087036459735,,,,,,,,,
5,608,propio,2,725.1069820683209,231.67857087534756,47.300000000000196,0.0,333.644607503161,,,,,,,,,,,
5,609,propio,2,725.1069820683209,231.67857087534756,47.200000000000195,0.0,333.644607503161,,,,,,,,,,,
5,610,propio,2,725.1069820683209,231.67857087534756,47.10000000000019,0.0,333.644607503161,,,,,,,,,,,
5,611,propio,2,725.1069820683209,231.67857087534756,47.00000000000019,0.0,333.644607503161,,,,,,,,,,,
5,612,propio,2,725.1069820683209,231.67857087534756,46.90000000000019,0.0,333.644607503161,,,,,,,,,,,
5,613,propio,2,725.1069820683209,231.67857087534756,46.80000000000019,0.0,333.644607503161,,,,,,,,,,,
5,614,propio,2,725.1069820683209,231.67857087534756,46.70000000000019,0.0,333.644607503161,,,,,,,,,,,
5,614,rival,1,670.3539106788747,425.6177635606279,46.80000000000019,0.0,124.52084751509143,201.5199972359966,132.12087036459735,,,,,,,,,
5,615,propio,2,725.1069820683209,231.67857087534756,46.600000000000186,0.0,333.644607503161,,,,,,,,,,,
5,615,rival,1,670.3539106788747,425.6177635606279,46.70000000000019,0.0,124.52084751509143,201.5199972359966,132.12087036459735,,,,,,,,,
5,616,propio,2,725.1069820683209,231.67857087534756,46.500000000000185,0.0,333.644607503161,,,,,,,,,,,
5,617,propio,2,725.1069820683209,231.67857087534756,46.40000000000018,0.0,333.644607503161,,,,,,,,,,,
5,618,propio,2,725.1069820683209,231.67857087534756,46.30000000000018,0.0,333.644607503161,,,,,,,,,,,
5,619,propio,2,725.1069820683209,231.67857087534756,46.20000000000018,0.0,333.644607503161,,,,,,,,,,,
5,620,propio,2,725.1069820683209,231.67857087534756,46.10000000000018,0.0,333.644607503161,,,,,,,,,,,
5,621,propio,2,725.1069820683209,231.67857087534756,46.00000000000018,0.0,333.644607503161,,,,,,,,,,,
5,622,propio,2,725.1069820683209,231.67857087534756,45.900000000000176,0.0,333.644607503161,,,,,,,,,,,
5,622,rival,1,670.3539106788747,425.6177635606279,46.00000000000018,0.0,124.52084751509143,201.5199972359966,132.12087036459735,,,,,,,,,
5,623,propio,2,725.1069820683209,231.67857087534756,44.800000000000175,0.0,333.644607503161,,,,,,,,,,,
5,623,disparo,2,725.1069820683209,231.67857087534756,44.800000000000175,,333.644607503161,,,,1.0,,,,,,,
5,623,rival,1,670.3539106788747,425.6177635606279,44.900000000000176,0.0,124.52084751509143,201.5199972359966,132.12087036459735,,,,,,,,,
5,624,propio,2,725.1069820683209,231.67857087534756,44.70000000000017,0.0,333.644607503161,,,,,,,,,,,
5,625,propio,2,725.1069820683209,231.67857087534756,44.60000000000017,0.0,333.644607503161,,,,,,,,,,,
5,626,propio,2,725.1069820683209,231.67857087534756,44.50000000000017,0.0,333.644607503161,,,,,,,,,,,
5,627,propio,2,725.1069820683209,231.67857087534756,44.40000000000017,0.0,333.644607503161,,,,,,,,,,,
5,628,propio,2,725.1069820683209,231.67857087534756,44.30000000000017,0.0,333.644607503161,,,,,,,,,,,
5,629,propio,2,725.1069820683209,231.67857087534756,44.200000000000166,0.0,333.644607503161,,,,,,,,,,,
5,630,propio,2,725.1069820683209,231.67857087534756,44.100000000000165,0.0,333.644607503161,,,,,,,,,,,
5,630,rival,1,670.3539106788747,425.6177635606279,44.200000000000166,0.0,124.52084751509143,201.5199972359966,132.12087036459735,,,,,,,,,
5,631,propio,2,725.1069820683209,231.67857087534756,44.00000000000016,0.0,333.644607503161,,,,,,,,,,,
5,631,rival,1,670.3539106788747,425.6177635606279,44.100000000000165,0.0,124.52084751509143,201.5199972359966,132.12087036459735,,,,,,,,,
5,632,propio,2,725.1069820683209,231.67857087534756,43.90000000000016,0.0,333.644607503161,,,,,,,,,,,
5,633,propio,2,725.1069820683209,231.67857087534756,43.80000000000016,0.0,333.644607503161,,,,,,,,,,,
5,634,propio,2,725.1069820683209,231.67857087534756,43.70000000000016,0.0,333.644607503161,,,,,,,,,,,
5,635,propio,2,725.1069820683209,231.67857087534756,43.60000000000016,0.0,333.644607503161,,,,,,,,,,,
5,636,propio,2,725.1069820683209,231.67857087534756,43.500000000000156,0.0,333.644607503161,,,,,,,,,,,
5,637,propio,2,725.1069820683209,231.67857087534756,43.400000000000155,0.0,333.644607503161,,,,,,,,,,,
5,638,propio,2,725.1069820683209,231.67857087534756,43.30000000000015,0.0,333.644607503161,,,,,,,,,,,
5,638,rival,1,670.3539106788747,425.6177635606279,43.400000000000155,0.0,124.52084751509143,201.5199972359966,132.12087036459735,,,,,,,,,
5,639,propio,2,725.1069820683209,231.67857087534756,42.20000000000015,0.0,333.644607503161,,,,,,,,,,,
5,639,disparo,2,725.1069820683209,231.67857087534756,42.20000000000015,,333.644607503161,,,,1.0,,,,,,,
5,639,rival,1,670.3539106788747,425.6177635606279,42.30000000000015,0.0,124.52084751509143,201.5199972359966,132.12087036459735,,,,,,,,,
5,640,propio,2,725.1069820683209,231.67857087534756,42.10000000000015,0.0,333.644607503161,,,,,,,,,,,
5,641,propio,2,725.1069820683209,231.67857087534756,42.00000000000015,0.0,333.644607503161,,,,,,,,,,,
5,642,propio,2,725.1069820683209,231.67857087534756,41.90000000000015,0.0,333.644607503161,,,,,,,,,,,
5,643,propio,2,725.1069820683209,231.67857087534756,41.800000000000146,0.0,333.644607503161,,,,,,,,,,,
5,644,propio,2,725.1069820683209,231.67857087534756,41.700000000000145,0.0,333.644607503161,,,,,,,,,,,
5,645,propio,2,725.1069820683209,231.67857087534756,41.60000000000014,0.0,333.644607503161,,,,,,,,,,,
5,646,propio,2,725.1069820683209,231.67857087534756,41.50000000000014,0.0,333.644607503161,,,,,,,,,,,
5,646,rival,1,670.3539106788747,425.6177635606279,41.60000000000014,0.0,124.52084751509143,201.5199972359966,132.12087036459735,,,,,,,,,
5,647,propio,2,725.1069820683209,231.67857087534756,41.40000000000014,0.0,333.644607503161,,,,,,,,,,,
5,647,rival,1,670.3539106788747,425.6177635606279,41.50000000000014,0.0,124.52084751509143,201.5199972359966,132.12087036459735,,,,,,,,,
5,648,propio,2,725.1069820683209,231.67857087534756,41.30000000000014,0.0,333.644607503161,,,,,,,,,,,
5,649,propio,2,725.1069820683209,231.67857087534756,41.20000000000014,0.0,333.644607503161,,,,,,,,,,,
5,650,propio,2,725.1069820683209,231.67857087534756,41.100000000000136,0.0,333.644607503161,,,,,,,,,,,
5,651,propio,2,725.1069820683209,231.67857087534756,41.000000000000135,0.0,333.644607503161,,,,,,,,,,,
5,652,propio,2,725.1069820683209,231.67857087534756,40.900000000000134,0.0,333.644607503161,,,,,,,,,,,
5,653,propio,2,725.1069820683209,231.67857087534756,40.80000000000013,0.0,333.644607503161,,,,,,,,,,,
5,654,propio,2,725.1069820683209,231.67857087534756,40.70000000000013,0.0,333.644607503161,,,,,,,,,,,
5,654,rival,1,670.3539106788747,425.6177635606279,40.80000000000013,0.0,124.52084751509143,201.5199972359966,132.12087036459735,,,,,,,,,
5,655,propio,2,725.1069820683209,231.67857087534756,39.60000000000013,0.0,333.644607503161,,,,,,,,,,,
5,655,disparo,2,725.1069820683209,231.67857087534756,39.60000000000013,,333.644607503161,,,,1.0,,,,,,,
5,655,rival,1,670.3539106788747,425.6177635606279,39.70000000000013,0.0,124.52084751509143,201.5199972359966,132.12087036459735,,,,,,,,,
5,656,propio,2,725.1069820683209,231.67857087534756,39.50000000000013,0.0,333.644607503161,,,,,,,,,,,
5,657,propio,2,725.1069820683209,231.67857087534756,39.40000000000013,0.0,333.644607503161,,,,,,,,,,,
5,658,propio,2,725.1069820683209,231.67857087534756,39.300000000000125,0.0,333.644607503161,,,,,,,,,,,
5,659,propio,2,725.1069820683209,231.67857087534756,39.200000000000124,0.0,333.644607503161,,,,,,,,,,,
5,660,propio,2,725.1069820683209,231.67857087534756,39.10000000000012,0.0,333.644607503161,,,,,,,,,,,
5,661,propio,2,725.1069820683209,231.67857087534756,39.00000000000012,0.0,333.644607503161,,,,,,,,,,,
5,662,propio,2,725.1069820683209,231.67857087534756,38.90000000000012,0.0,333.644607503161,,,,,,,,,,,
5,662,rival,1,670.3539106788747,425.6177635606279,39.00000000000012,0.0,124.52084751509143,201.5199972359966,132.12087036459735,,,,,,,,,
5,663,propio,2,725.1069820683209,231.67857087534756,38.80000000000012,0.0,333.644607503161,,,,,,,,,,,
5,663,rival,1,670.3539106788747,425.6177635606279,38.90000000000012,0.0,124.52084751509143,201.5199972359966,132.12087036459735,,,,,,,,,
5,664,propio,2,725.1069820683209,231.67857087534756,38.70000000000012,0.0,333.644607503161,,,,,,,,,,,
5,665,propio,2,725.1069820683209,231.67857087534756,38.600000000000115,0.0,333.644607503161,,,,,,,,,,,
5,666,propio,2,725.1069820683209,231.67857087534756,38.500000000000114,0.0,333.644607503161,,,,,,,,,,,
5,667,propio,2,725.1069820683209,231.67857087534756,38.40000000000011,0.0,333.644607503161,,,,,,,,,,,
5,668,propio,2,725.1069820683209,231.67857087534756,38.30000000000011,0.0,333.644607503161,,,,,,,,,,,
5,669,propio,2,725.1069820683209,231.67857087534756,38.20000000000011,0.0,333.644607503161,,,,,,,,,,,
5,670,propio,2,725.1069820683209,231.67857087534756,38.10000000000011,0.0,333.644607503161,,,,,,,,,,,
5,670,rival,1,670.3539106788747,425.6177635606279,38.20000000000011,0.0,124.52084751509143,201.5199972359966,132.12087036459735,,,,,,,,,
5,671,propio,2,725.1069820683209,231.67857087534756,37.00000000000011,0.0,333.644607503161,,,,,,,,,,,
5,671,disparo,2,725.1069820683209,231.67857087534756,37.00000000000011,,333.644607503161,,,,1.0,,,,,,,
5,671,rival,1,670.3539106788747,425.6177635606279,37.10000000000011,0.0,124.52084751509143,201.5199972359966,132.12087036459735,,,,,,,,,
5,672,propio,2,725.1069820683209,231.67857087534756,36.900000000000105,0.0,333.644607503161,,,,,,,,,,,
5,673,propio,2,725.1069820683209,231.67857087534756,36.800000000000104,0.0,333.644607503161,,,,,,,,,,,
5,674,propio,2,725.1069820683209,231.67857087534756,36.7000000000001,0.0,333.644607503161,,,,,,,,,,,
5,675,propio,2,725.1069820683209,231.67857087534756,36.6000000000001,0.0,333.644607503161,,,,,,,,,,,
5,676,propio,2,725.1069820683209,231.67857087534756,36.5000000000001,0.0,333.644607503161,,,,,,,,,,,
5,677,propio,2,725.1069820683209,231.67857087534756,36.4000000000001,0.0,333.644607503161,,,,,,,,,,,
5,678,propio,2,725.1069820683209,231.67857087534756,36.3000000000001,0.0,333.644607503161,,,,,,,,,,,
5,678,rival,1,670.3539106788747,425.6177635606279,36.4000000000001,0.0,124.52084751509143,201.5199972359966,132.12087036459735,,,,,,,,,
5,679,propio,2,725.1069820683209,231.67857087534756,36.200000000000095,0.0,333.644607503161,,,,,,,,,,,
5,679,rival,1,670.3539106788747,425.6177635606279,36.3000000000001,0.0,124.52084751509143,201.5199972359966,132.12087036459735,,,,,,,,,
5,680,propio,2,725.1069820683209,231.67857087534756,36.100000000000094,0.0,333.644607503161,,,,,,,,,,,
5,681,propio,2,725.1069820683209,231.67857087534756,36.00000000000009,0.0,333.644607503161,,,,,,,,,,,
5,682,propio,2,725.1069820683209,231.67857087534756,35.90000000000009,0.0,333.644607503161,,,,,,,,,,,
5,683,propio,2,725.1069820683209,231.67857087534756,35.80000000000009,0.0,333.644607503161,,,,,,,,,,,
5,684,propio,2,725.1069820683209,231.67857087534756,35.70000000000009,0.0,333.644607503161,,,,,,,,,,,
5,685,propio,2,725.1069820683209,231.67857087534756,35.60000000000009,0.0,333.644607503161,,,,,,,,,,,
5,686,propio,2,725.1069820683209,231.67857087534756,35.500000000000085,0.0,333.644607503161,,,,,,,,,,,
5,686,rival,1,670.3539106788747,425.6177635606279,35.60000000000009,0.0,124.52084751509143,201.5199972359966,132.12087036459735,,,,,,,,,
5,687,propio,2,725.1069820683209,231.67857087534756,34.400000000000084,0.0,333.644607503161,,,,,,,,,,,
5,687,disparo,2,725.1069820683209,231.67857087534756,34.400000000000084,,333.644607503161,,,,1.0,,,,,,,
5,687,rival,1,670.3539106788747,425.6177635606279,34.500000000000085,0.0,124.52084751509143,201.5199972359966,132.12087036459735,,,,,,,,,
5,688,propio,2,725.1069820683209,231.67857087534756,34.30000000000008,0.0,333.644607503161,,,,,,,,,,,
5,689,propio,2,725.1069820683209,231.67857087534756,34.20000000000008,0.0,333.644607503161,,,,,,,,,,,
5,690,propio,2,725.1069820683209,231.67857087534756,34.10000000000008,0.0,333.644607503161,,,,,,,,,,,
5,691,propio,2,725.1069820683209,231.67857087534756,34.00000000000008,0.0,333.644607503161,,,,,,,,,,,
5,692,propio,2,725.1069820683209,231.67857087534756,33.90000000000008,0.0,333.644607503161,,,,,,,,,,,
5,693,propio,2,725.1069820683209,231.67857087534756,33.800000000000075,0.0,333.644607503161,,,,,,,,,,,
5,694,propio,2,725.1069820683209,231.67857087534756,33.700000000000074,0.0,333.644607503161,,,,,,,,,,,
5,694,rival,1,670.3539106788747,425.6177635606279,33.800000000000075,0.0,124.52084751509143,201.5199972359966,132.12087036459735,,,,,,,,,
5,695,propio,2,725.1069820683209,231.67857087534756,33.60000000000007,0.0,333.644607503161,,,,,,,,,,,
5,695,rival,1,670.3539106788747,425.6177635606279,33.700000000000074,0.0,124.52084751509143,201.5199972359966,132.12087036459735,,,,,,,,,
5,696,propio,2,725.1069820683209,231.67857087534756,33.50000000000007,0.0,333.644607503161,,,,,,,,,,,
5,697,propio,2,725.1069820683209,231.67857087534756,33.40000000000007,0.0,333.644607503161,,,,,,,,,,,
5,698,propio,2,725.1069820683209,231.67857087534756,33.30000000000007,0.0,333.644607503161,,,,,,,,,,,
5,699,propio,2,725.1069820683209,231.67857087534756,33.20000000000007,0.0,333.644607503161,,,,,,,,,,,
5,700,propio,2,725.1069820683209,231.67857087534756,33.100000000000065,0.0,333.644607503161,,,,,,,,,,,
5,701,propio,2,725.1069820683209,231.67857087534756,33.000000000000064,0.0,333.644607503161,,,,,,,,,,,
5,702,propio,2,725.1069820683209,231.67857087534756,32.90000000000006,0.0,333.644607503161,,,,,,,,,,,
5,702,rival,1,670.3539106788747,425.6177635606279,33.000000000000064,0.0,124.52084751509143,201.5199972359966,132.12087036459735,,,,,,,,,
5,703,propio,2,725.1069820683209,231.67857087534756,31.80000000000006,0.0,333.644607503161,,,,,,,,,,,
5,703,disparo,2,725.1069820683209,231.67857087534756,31.80000000000006,,333.644607503161,,,,1.0,,,,,,,
5,703,rival,1,670.3539106788747,425.6177635606279,31.900000000000063,0.0,124.52084751509143,201.5199972359966,132.12087036459735,,,,,,,,,
5,704,propio,2,725.1069820683209,231.67857087534756,31.70000000000006,0.0,333.644607503161,,,,,,,,,,,
5,705,propio,2,725.1069820683209,231.67857087534756,31.60000000000006,0.0,333.644607503161,,,,,,,,,,,
5,706,propio,2,725.1069820683209,231.67857087534756,31.500000000000057,0.0,333.644607503161,,,,,,,,,,,
5,707,propio,2,725.1069820683209,231.67857087534756,31.400000000000055,0.0,333.644607503161,,,,,,,,,,,
5,708,propio,2,725.1069820683209,231.67857087534756,31.300000000000054,0.0,333.644607503161,,,,,,,,,,,
5,709,propio,2,725.1069820683209,231.67857087534756,31.200000000000053,0.0,333.644607503161,,,,,,,,,,,
5,710,propio,2,725.1069820683209,231.67857087534756,31.10000000000005,0.0,333.644607503161,,,,,,,,,,,
5,710,rival,1,670.3539106788747,425.6177635606279,31.200000000000053,0.0,124.52084751509143,201.5199972359966,132.12087036459735,,,,,,,,,
5,711,propio,2,725.1069820683209,231.67857087534756,31.00000000000005,0.0,333.644607503161,,,,,,,,,,,
5,711,rival,1,670.3539106788747,425.6177635606279,31.10000000000005,0.0,124.52084751509143,201.5199972359966,132.12087036459735,,,,,,,,,
5,712,propio,2,725.1069820683209,231.67857087534756,30.90000000000005,0.0,333.644607503161,,,,,,,,,,,
5,713,propio,2,725.1069820683209,231.67857087534756,30.800000000000047,0.0,333.644607503161,,,,,,,,,,,
5,714,propio,2,725.1069820683209,231.67857087534756,30.700000000000045,0.0,333.644607503161,,,,,,,,,,,
5,715,propio,2,725.1069820683209,231.67857087534756,30.600000000000044,0.0,333.644607503161,,,,,,,,,,,
5,716,propio,2,725.1069820683209,231.67857087534756,30.500000000000043,0.0,333.644607503161,,,,,,,,,,,
5,717,propio,2,725.1069820683209,231.67857087534756,30.40000000000004,0.0,333.644607503161,,,,,,,,,,,
5,718,propio,2,725.1069820683209,231.67857087534756,30.30000000000004,0.0,333.644607503161,,,,,,,,,,,
5,718,rival,1,670.3539106788747,425.6177635606279,30.40000000000004,0.0,124.52084751509143,201.5199972359966,132.12087036459735,,,,,,,,,
5,719,propio,2,725.1069820683209,231.67857087534756,29.20000000000004,0.0,333.644607503161,,,,,,,,,,,
5,719,disparo,2,725.1069820683209,231.67857087534756,29.20000000000004,,333.644607503161,,,,1.0,,,,,,,
5,719,rival,1,670.3539106788747,425.6177635606279,29.30000000000004,0.0,124.52084751509143,201.5199972359966,132.12087036459735,,,,,,,,,
5,720,propio,2,725.1069820683209,231.67857087534756,29.100000000000037,0.0,333.644607503161,,,,,,,,,,,
5,721,propio,2,725.1069820683209,231.67857087534756,29.000000000000036,0.0,333.644607503161,,,,,,,,,,,
5,722,propio,2,725.1069820683209,231.67857087534756,28.900000000000034,0.0,333.644607503161,,,,,,,,,,,
5,723,propio,2,725.1069820683209,231.67857087534756,28.800000000000033,0.0,333.644607503161,,,,,,,,,,,
5,724,propio,2,725.1069820683209,231.67857087534756,28.70000000000003,0.0,333.644607503161,,,,,,,,,,,
5,725,propio,2,725.1069820683209,231.67857087534756,28.60000000000003,0.0,333.644607503161,,,,,,,,,,,
5,726,propio,2,725.1069820683209,231.67857087534756,28.50000000000003,0.0,333.644607503161,,,,,,,,,,,
5,726,rival,1,670.3539106788747,425.6177635606279,28.60000000000003,0.0,124.52084751509143,201.5199972359966,132.12087036459735,,,,,,,,,
5,727,propio,2,725.1069820683209,231.67857087534756,28.400000000000027,0.0,333.644607503161,,,,,,,,,,,
5,727,rival,1,670.3539106788747,425.6177635606279,28.50000000000003,0.0,124.52084751509143,201.5199972359966,132.12087036459735,,,,,,,,,
5,728,propio,2,725.1069820683209,231.67857087534756,28.300000000000026,0.0,333.644607503161,,,,,,,,,,,
5,729,propio,2,725.1069820683209,231.67857087534756,28.200000000000024,0.0,333.644607503161,,,,,,,,,,,
5,730,propio,2,725.1069820683209,231.67857087534756,28.100000000000023,0.0,333.644607503161,,,,,,,,,,,
5,731,propio,2,725.1069820683209,231.67857087534756,28.00000000000002,0.0,333.644607503161,,,,,,,,,,,
5,732,propio,2,725.1069820683209,231.67857087534756,27.90000000000002,0.0,333.644607503161,,,,,,,,,,,
5,733,propio,2,725.1069820683209,231.67857087534756,27.80000000000002,0.0,333.644607503161,,,,,,,,,,,
5,734,propio,2,725.1069820683209,231.67857087534756,27.700000000000017,0.0,333.644607503161,,,,,,,,,,,
5,734,rival,1,670.3539106788747,425.6177635606279,27.80000000000002,0.0,124.52084751509143,201.5199972359966,132.12087036459735,,,,,,,,,
5,735,propio,2,725.1069820683209,231.67857087534756,26.600000000000016,0.0,333.644607503161,,,,,,,,,,,
5,735,disparo,2,725.1069820683209,231.67857087534756,26.600000000000016,,333.644607503161,,,,1.0,,,,,,,
5,735,rival,1,670.3539106788747,425.6177635606279,26.700000000000017,0.0,124.52084751509143,201.5199972359966,132.12087036459735,,,,,,,,,
5,736,propio,2,725.1069820683209,231.67857087534756,26.500000000000014,0.0,333.644607503161,,,,,,,,,,,
5,737,propio,2,725.1069820683209,231.67857087534756,26.400000000000013,0.0,333.644607503161,,,,,,,,,,,
5,738,propio,2,725.1069820683209,231.67857087534756,26.30000000000001,0.0,333.644607503161,,,,,,,,,,,
5,739,propio,2,725.1069820683209,231.67857087534756,26.20000000000001,0.0,333.644607503161,,,,,,,,,,,
5,740,propio,2,725.1069820683209,231.67857087534756,26.10000000000001,0.0,333.644607503161,,,,,,,,,,,
5,741,propio,2,725.1069820683209,231.67857087534756,26.000000000000007,0.0,333.644607503161,,,,,,,,,,,
5,742,propio,2,725.1069820683209,231.67857087534756,25.900000000000006,0.0,333.644607503161,,,,,,,,,,,
5,742,rival,1,670.3539106788747,425.6177635606279,26.000000000000007,0.0,124.52084751509143,201.5199972359966,132.12087036459735,,,,,,,,,
5,743,propio,2,725.1069820683209,231.67857087534756,25.800000000000004,0.0,333.644607503161,,,,,,,,,,,
5,743,rival,1,670.3539106788747,425.6177635606279,25.900000000000006,0.0,124.52084751509143,201.5199972359966,132.12087036459735,,,,,,,,,
5,744,propio,2,725.1069820683209,231.67857087534756,25.700000000000003,0.0,333.644607503161,,,,,,,,,,,
5,745,propio,2,725.1069820683209,231.67857087534756,25.6,0.0,333.644607503161,,,,,,,,,,,
5,746,propio,2,725.1069820683209,231.67857087534756,25.5,0.0,333.644607503161,,,,,,,,,,,
5,747,propio,2,725.1069820683209,231.67857087534756,25.4,0.0,333.644607503161,,,,,,,,,,,
5,748,propio,2,725.1069820683209,231.67857087534756,25.299999999999997,0.0,333.644607503161,,,,,,,,,,,
5,749,propio,2,725.1069820683209,231.67857087534756,25.199999999999996,0.0,333.644607503161,,,,,,,,,,,
5,750,propio,2,725.1069820683209,231.67857087534756,25.099999999999994,0.0,333.644607503161,,,,,,,,,,,
5,750,rival,1,670.3539106788747,425.6177635606279,25.199999999999996,0.0,124.52084751509143,201.5199972359966,132.12087036459735,,,,,,,,,
5,751,propio,2,725.1069820683209,231.67857087534756,23.999999999999993,0.0,333.644607503161,,,,,,,,,,,
5,751,disparo,2,725.1069820683209,231.67857087534756,23.999999999999993,,333.644607503161,,,,1.0,,,,,,,
5,751,rival,1,670.3539106788747,425.6177635606279,24.099999999999994,0.0,124.52084751509143,201.5199972359966,132.12087036459735,,,,,,,,,
5,752,propio,2,725.1069820683209,231.67857087534756,23.89999999999999,0.0,333.644607503161,,,,,,,,,,,
5,753,propio,2,725.1069820683209,231.67857087534756,23.79999999999999,0.0,333.644607503161,,,,,,,,,,,
5,754,propio,2,725.1069820683209,231.67857087534756,23.69999999999999,0.0,333.644607503161,,,,,,,,,,,
5,755,propio,2,725.1069820683209,231.67857087534756,23.599999999999987,0.0,333.644607503161,,,,,,,,,,,
5,756,propio,2,725.1069820683209,231.67857087534756,23.499999999999986,0.0,333.644607503161,,,,,,,,,,,
5,757,propio,2,725.1069820683209,231.67857087534756,23.399999999999984,0.0,333.644607503161,,,,,,,,,,,
5,758,propio,2,725.1069820683209,231.67857087534756,23.299999999999983,0.0,333.644607503161,,,,,,,,,,,
5,758,rival,1,670.3539106788747,425.6177635606279,23.399999999999984,0.0,124.52084751509143,201.5199972359966,132.12087036459735,,,,,,,,,
5,759,propio,2,725.1069820683209,231.67857087534756,23.19999999999998,0.0,333.644607503161,,,,,,,,,,,
5,759,rival,1,670.3539106788747,425.6177635606279,23.299999999999983,0.0,124.52084751509143,201.5199972359966,132.12087036459735,,,,,,,,,
5,760,propio,2,725.1069820683209,231.67857087534756,23.09999999999998,0.0,333.644607503161,,,,,,,,,,,
5,761,propio,2,725.1069820683209,231.67857087534756,22.99999999999998,0.0,333.644607503161,,,,,,,,,,,
5,762,propio,2,725.1069820683209,231.67857087534756,22.899999999999977,0.0,333.644607503161,,,,,,,,,,,
5,763,propio,2,725.1069820683209,231.67857087534756,22.799999999999976,0.0,333.644607503161,,,,,,,,,,,
5,764,propio,2,725.1069820683209,231.67857087534756,22.699999999999974,0.0,333.644607503161,,,,,,,,,,,
5,765,propio,2,725.1069820683209,231.67857087534756,22.599999999999973,0.0,333.644607503161,,,,,,,,,,,
5,766,propio,2,725.1069820683209,231.67857087534756,22.49999999999997,0.0,333.644607503161,,,,,,,,,,,
5,766,rival,1,670.3539106788747,425.6177635606279,22.599999999999973,0.0,124.52084751509143,201.5199972359966,132.12087036459735,,,,,,,,,
5,767,propio,2,725.1069820683209,231.67857087534756,21.39999999999997,0.0,333.644607503161,,,,,,,,,,,
5,767,disparo,2,725.1069820683209,231.67857087534756,21.39999999999997,,333.644607503161,,,,1.0,,,,,,,
5,767,rival,1,670.3539106788747,425.6177635606279,21.49999999999997,0.0,124.52084751509143,201.5199972359966,132.12087036459735,,,,,,,,,
5,768,propio,2,725.1069820683209,231.67857087534756,21.29999999999997,0.0,333.644607503161,,,,,,,,,,,
5,769,propio,2,725.1069820683209,231.67857087534756,21.199999999999967,0.0,333.644607503161,,,,,,,,,,,
5,770,propio,2,725.1069820683209,231.67857087534756,21.099999999999966,0.0,333.644607503161,,,,,,,,,,,
5,771,propio,2,725.1069820683209,231.67857087534756,20.999999999999964,0.0,333.644607503161,,,,,,,,,,,
5,772,propio,2,725.1069820683209,231.67857087534756,20.899999999999963,0.0,333.644607503161,,,,,,,,,,,
5,773,propio,2,725.1069820683209,231.67857087534756,20.79999999999996,0.0,333.644607503161,,,,,,,,,,,
5,774,propio,2,725.1069820683209,231.67857087534756,20.69999999999996,0.0,333.644607503161,,,,,,,,,,,
5,774,rival,1,670.3539106788747,425.6177635606279,20.79999999999996,0.0,124.52084751509143,201.5199972359966,132.12087036459735,,,,,,,,,
5,775,propio,2,725.1069820683209,231.67857087534756,20.59999999999996,0.0,333.644607503161,,,,,,,,,,,
5,775,rival,1,670.3539106788747,425.6177635606279,20.69999999999996,0.0,124.52084751509143,201.5199972359966,132.12087036459735,,,,,,,,,
5,776,propio,2,725.1069820683209,231.67857087534756,20.499999999999957,0.0,333.644607503161,,,,,,,,,,,
5,777,propio,2,725.1069820683209,231.67857087534756,20.399999999999956,0.0,333.644607503161,,,,,,,,,,,
5,778,propio,2,725.1069820683209,231.67857087534756,20.299999999999955,0.0,333.644607503161,,,,,,,,,,,
5,779,propio,2,725.1069820683209,231.67857087534756,20.199999999999953,0.0,333.644607503161,,,,,,,,,,,
5,780,propio,2,725.1069820683209,231.67857087534756,20.09999999999995,0.0,333.644607503161,,,,,,,,,,,
5,781,propio,2,725.1069820683209,231.67857087534756,19.99999999999995,0.0,333.644607503161,,,,,,,,,,,
5,782,propio,2,725.1069820683209,231.67857087534756,19.89999999999995,0.0,333.644607503161,,,,,,,,,,,
5,782,rival,1,670.3539106788747,425.6177635606279,19.99999999999995,0.0,124.52084751509143,201.5199972359966,132.12087036459735,,,,,,,,,
5,783,propio,2,725.1069820683209,231.67857087534756,18.799999999999947,0.0,333.644607503161,,,,,,,,,,,
5,783,disparo,2,725.1069820683209,231.67857087534756,18.799999999999947,,333.644607503161,,,,1.0,,,,,,,
5,783,rival,1,670.3539106788747,425.6177635606279,18.89999999999995,0.0,124.52084751509143,201.5199972359966,132.12087036459735,,,,,,,,,
5,784,propio,2,725.1069820683209,231.67857087534756,18.699999999999946,0.0,333.644607503161,,,,,,,,,,,
5,785,propio,2,725.1069820683209,231.67857087534756,18.599999999999945,0.0,333.644607503161,,,,,,,,,,,
5,786,propio,2,725.1069820683209,231.67857087534756,18.499999999999943,0.0,333.644607503161,,,,,,,,,,,
5,787,propio,2,725.1069820683209,231.67857087534756,18.39999999999994,0.0,333.644607503161,,,,,,,,,,,
5,788,propio,2,725.1069820683209,231.67857087534756,18.29999999999994,0.0,333.644607503161,,,,,,,,,,,
5,789,propio,2,725.1069820683209,231.67857087534756,18.19999999999994,0.0,333.644607503161,,,,,,,,,,,
5,790,propio,2,725.1069820683209,231.67857087534756,18.099999999999937,0.0,333.644607503161,,,,,,,,,,,
5,790,rival,1,670.3539106788747,425.6177635606279,18.19999999999994,0.0,124.52084751509143,201.5199972359966,132.12087036459735,,,,,,,,,
5,791,propio,2,725.1069820683209,231.67857087534756,17.999999999999936,0.0,333.644607503161,,,,,,,,,,,
5,791,rival,1,670.3539106788747,425.6177635606279,18.099999999999937,0.0,124.52084751509143,201.5199972359966,132.12087036459735,,,,,,,,,
5,792,propio,2,725.1069820683209,231.67857087534756,17.899999999999935,0.0,333.644607503161,,,,,,,,,,,
5,793,propio,2,725.1069820683209,231.67857087534756,17.799999999999933,0.0,333.644607503161,,,,,,,,,,,
5,794,propio,2,725.1069820683209,231.67857087534756,17.699999999999932,0.0,333.644607503161,,,,,,,,,,,
5,795,propio,2,725.1069820683209,231.67857087534756,17.59999999999993,0.0,333.644607503161,,,,,,,,,,,
5,796,propio,2,725.1069820683209,231.67857087534756,17.49999999999993,0.0,333.644607503161,,,,,,,,,,,
5,797,propio,2,725.1069820683209,231.67857087534756,17.399999999999928,0.0,333.644607503161,,,,,,,,,,,
5,798,propio,2,725.1069820683209,231.67857087534756,17.299999999999926,0.0,333.644607503161,,,,,,,,,,,
5,798,rival,1,670.3539106788747,425.6177635606279,17.399999999999928,0.0,124.52084751509143,201.5199972359966,132.12087036459735,,,,,,,,,
5,799,propio,2,725.1069820683209,231.67857087534756,16.199999999999925,0.0,333.644607503161,,,,,,,,,,,
5,799,disparo,2,725.1069820683209,231.67857087534756,16.199999999999925,,333.644607503161,,,,1.0,,,,,,,
5,799,rival,1,670.3539106788747,425.6177635606279,16.299999999999926,0.0,124.52084751509143,201.5199972359966,132.12087036459735,,,,,,,,,
5,800,propio,2,725.1069820683209,231.67857087534756,16.099999999999923,0.0,333.644607503161,,,,,,,,,,,
5,801,propio,2,725.1069820683209,231.67857087534756,15.999999999999924,0.0,333.644607503161,,,,,,,,,,,
5,802,propio,2,725.1069820683209,231.67857087534756,15.899999999999924,0.0,333.644607503161,,,,,,,,,,,
5,803,propio,2,725.1069820683209,231.67857087534756,15.799999999999924,0.0,333.644607503161,,,,,,,,,,,
5,804,propio,2,725.1069820683209,231.67857087534756,15.699999999999925,0.0,333.644607503161,,,,,,,,,,,
5,805,propio,2,725.1069820683209,231.67857087534756,15.599999999999925,0.0,333.644607503161,,,,,,,,,,,
5,806,propio,2,725.1069820683209,231.67857087534756,15.499999999999925,0.0,333.644607503161,,,,,,,,,,,
5,806,rival,1,670.3539106788747,425.6177635606279,15.599999999999925,0.0,124.52084751509143,201.5199972359966,132.12087036459735,,,,,,,,,
5,807,propio,2,725.1069820683209,231.67857087534756,15.399999999999926,0.0,333.644607503161,,,,,,,,,,,
5,807,rival,1,670.3539106788747,425.6177635606279,15.499999999999925,0.0,124.52084751509143,201.5199972359966,132.12087036459735,,,,,,,,,
5,808,propio,2,725.1069820683209,231.67857087534756,15.299999999999926,0.0,333.644607503161,,,,,,,,,,,
5,809,propio,2,725.1069820683209,231.67857087534756,15.199999999999926,0.0,333.644607503161,,,,,,,,,,,
5,810,propio,2,725.1069820683209,231.67857087534756,15.099999999999927,0.0,333.644607503161,,,,,,,,,,,
5,811,propio,2,725.1069820683209,231.67857087534756,14.999999999999927,0.0,333.644607503161,,,,,,,,,,,
5,812,propio,2,725.1069820683209,231.67857087534756,14.899999999999928,0.0,333.644607503161,,,,,,,,,,,
5,813,propio,2,725.1069820683209,231.67857087534756,14.799999999999928,0.0,333.644607503161,,,,,,,,,,,
5,814,propio,2,725.1069820683209,231.67857087534756,14.699999999999928,0.0,333.644607503161,,,,,,,,,,,
5,814,rival,1,670.3539106788747,425.6177635606279,14.799999999999928,0.0,124.52084751509143,201.5199972359966,132.12087036459735,,,,,,,,,
5,815,propio,2,725.1069820683209,231.67857087534756,13.599999999999929,0.0,333.644607503161,,,,,,,,,,,
5,815,disparo,2,725.1069820683209,231.67857087534756,13.599999999999929,,333.644607503161,,,,1.0,,,,,,,
5,815,rival,1,670.3539106788747,425.6177635606279,13.699999999999928,0.0,124.52084751509143,201.5199972359966,132.12087036459735,,,,,,,,,
5,816,propio,2,725.1069820683209,231.67857087534756,13.499999999999929,0.0,333.644607503161,,,,,,,,,,,
5,817,propio,2,725.1069820683209,231.67857087534756,13.39999999999993,0.0,333.644607503161,,,,,,,,,,,
5,818,propio,2,725.1069820683209,231.67857087534756,13.29999999999993,0.0,333.644607503161,,,,,,,,,,,
5,819,propio,2,725.1069820683209,231.67857087534756,13.19999999999993,0.0,333.644607503161,,,,,,,,,,,
5,820,propio,2,725.1069820683209,231.67857087534756,13.09999999999993,0.0,333.644607503161,,,,,,,,,,,
5,821,propio,2,725.1069820683209,231.67857087534756,12.99999999999993,0.0,333.644607503161,,,,,,,,,,,
5,822,propio,2,725.1069820683209,231.67857087534756,12.899999999999931,0.0,333.644607503161,,,,,,,,,,,
5,822,rival,1,670.3539106788747,425.6177635606279,12.99999999999993,0.0,124.52084751509143,201.5199972359966,132.12087036459735,,,,,,,,,
5,823,propio,2,725.1069820683209,231.67857087534756,12.799999999999931,0.0,333.644607503161,,,,,,,,,,,
5,823,rival,1,670.3539106788747,425.6177635606279,12.899999999999931,0.0,124.52084751509143,201.5199972359966,132.12087036459735,,,,,,,,,
5,824,propio,2,725.1069820683209,231.67857087534756,12.699999999999932,0.0,333.644607503161,,,,,,,,,,,
5,825,propio,2,725.1069820683209,231.67857087534756,12.599999999999932,0.0,333.644607503161,,,,,,,,,,,
5,826,propio,2,725.1069820683209,231.67857087534756,12.499999999999932,0.0,333.644607503161,,,,,,,,,,,
5,827,propio,2,725.1069820683209,231.67857087534756,12.399999999999933,0.0,333.644607503161,,,,,,,,,,,
5,828,propio,2,725.1069820683209,231.67857087534756,12.299999999999933,0.0,333.644607503161,,,,,,,,,,,
5,829,propio,2,725.1069820683209,231.67857087534756,12.199999999999934,0.0,333.644607503161,,,,,,,,,,,
5,830,propio,2,725.1069820683209,231.67857087534756,12.099999999999934,0.0,333.644607503161,,,,,,,,,,,
5,830,rival,1,670.3539106788747,425.6177635606279,12.199999999999934,0.0,124.52084751509143,201.5199972359966,132.12087036459735,,,,,,,,,
5,831,propio,2,725.1069820683209,231.67857087534756,10.999999999999934,0.0,333.644607503161,,,,,,,,,,,
5,831,disparo,2,725.1069820683209,231.67857087534756,10.999999999999934,,333.644607503161,,,,1.0,,,,,,,
5,831,rival,1,670.3539106788747,425.6177635606279,11.099999999999934,0.0,124.52084751509143,201.5199972359966,132.12087036459735,,,,,,,,,
5,832,propio,2,725.1069820683209,231.67857087534756,10.899999999999935,0.0,333.644607503161,,,,,,,,,,,
5,833,propio,2,725.1069820683209,231.67857087534756,10.799999999999935,0.0,333.644607503161,,,,,,,,,,,
5,834,propio,2,725.1069820683209,231.67857087534756,10.699999999999935,0.0,333.644607503161,,,,,,,,,,,
5,835,propio,2,725.1069820683209,231.67857087534756,10.599999999999936,0.0,333.644607503161,,,,,,,,,,,
5,836,propio,2,725.1069820683209,231.67857087534756,10.499999999999936,0.0,333.644607503161,,,,,,,,,,,
5,837,propio,2,725.1069820683209,231.67857087534756,10.399999999999936,0.0,333.644607503161,,,,,,,,,,,
5,838,propio,2,725.1069820683209,231.67857087534756,10.299999999999937,0.0,333.644607503161,,,,,,,,,,,
5,838,rival,1,670.3539106788747,425.6177635606279,10.399999999999936,0.0,124.52084751509143,201.5199972359966,132.12087036459735,,,,,,,,,
5,839,propio,2,725.1069820683209,231.67857087534756,10.199999999999937,0.0,333.644607503161,,,,,,,,,,,
5,839,rival,1,670.3539106788747,425.6177635606279,10.299999999999937,0.0,124.52084751509143,201.5199972359966,132.12087036459735,,,,,,,,,
5,840,propio,2,725.1069820683209,231.67857087534756,10.099999999999937,0.0,333.644607503161,,,,,,,,,,,
5,841,propio,2,725.1069820683209,231.67857087534756,9.999999999999938,0.0,333.644607503161,,,,,,,,,,,
5,842,propio,2,725.1069820683209,231.67857087534756,9.899999999999938,0.0,333.644607503161,,,,,,,,,,,
5,843,propio,2,725.1069820683209,231.67857087534756,9.799999999999939,0.0,333.644607503161,,,,,,,,,,,
5,844,propio,2,725.1069820683209,231.67857087534756,9.699999999999939,0.0,333.644607503161,,,,,,,,,,,
5,845,propio,2,725.1069820683209,231.67857087534756,9.59999999999994,0.0,333.644607503161,,,,,,,,,,,
5,846,propio,2,725.1069820683209,231.67857087534756,9.49999999999994,0.0,333.644607503161,,,,,,,,,,,
5,846,rival,1,670.3539106788747,425.6177635606279,9.59999999999994,0.0,124.52084751509143,201.5199972359966,132.12087036459735,,,,,,,,,
5,847,propio,2,725.1069820683209,231.67857087534756,8.39999999999994,0.0,333.644607503161,,,,,,,,,,,
5,847,disparo,2,725.1069820683209,231.67857087534756,8.39999999999994,,333.644607503161,,,,1.0,,,,,,,
5,847,rival,1,670.3539106788747,425.6177635606279,8.49999999999994,0.0,124.52084751509143,201.5199972359966,132.12087036459735,,,,,,,,,
5,848,propio,2,725.1069820683209,231.67857087534756,8.29999999999994,0.0,333.644607503161,,,,,,,,,,,
5,849,propio,2,725.1069820683209,231.67857087534756,8.19999999999994,0.0,333.644607503161,,,,,,,,,,,
5,850,propio,2,725.1069820683209,231.67857087534756,8.099999999999941,0.0,333.644607503161,,,,,,,,,,,
5,851,propio,2,725.1069820683209,231.67857087534756,7.999999999999941,0.0,333.644607503161,,,,,,,,,,,
5,852,propio,2,725.1069820683209,231.67857087534756,7.899999999999942,0.0,333.644607503161,,,,,,,,,,,
5,853,propio,2,725.1069820683209,231.67857087534756,7.799999999999942,0.0,333.644607503161,,,,,,,,,,,
5,854,propio,2,725.1069820683209,231.67857087534756,7.6999999999999424,0.0,333.644607503161,,,,,,,,,,,
5,854,rival,1,670.3539106788747,425.6177635606279,7.799999999999942,0.0,124.52084751509143,201.5199972359966,132.12087036459735,,,,,,,,,
5,855,propio,2,725.1069820683209,231.67857087534756,7.599999999999943,0.0,333.644607503161,,,,,,,,,,,
5,855,rival,1,670.3539106788747,425.6177635606279,7.6999999999999424,0.0,124.52084751509143,201.5199972359966,132.12087036459735,,,,,,,,,
5,856,propio,2,725.1069820683209,231.67857087534756,7.499999999999943,0.0,333.644607503161,,,,,,,,,,,
5,857,propio,2,725.1069820683209,231.67857087534756,7.3999999999999435,0.0,333.644607503161,,,,,,,,,,,
5,858,propio,2,725.1069820683209,231.67857087534756,7.299999999999944,0.0,333.644607503161,,,,,,,,,,,
5,859,propio,2,725.1069820683209,231.67857087534756,7.199999999999944,0.0,333.644607503161,,,,,,,,,,,
5,860,propio,2,725.1069820683209,231.67857087534756,7.099999999999945,0.0,333.644607503161,,,,,,,,,,,
5,861,propio,2,725.1069820683209,231.67857087534756,6.999999999999945,0.0,333.644607503161,,,,,,,,,,,
5,862,propio,2,725.1069820683209,231.67857087534756,6.899999999999945,0.0,333.644607503161,,,,,,,,,,,
5,862,rival,1,670.3539106788747,425.6177635606279,6.999999999999945,0.0,124.52084751509143,201.5199972359966,132.12087036459735,,,,,,,,,
5,863,propio,2,725.1069820683209,231.67857087534756,5.799999999999946,0.0,333.644607503161,,,,,,,,,,,
5,863,disparo,2,725.1069820683209,231.67857087534756,5.799999999999946,,333.644607503161,,,,1.0,,,,,,,
5,863,rival,1,670.3539106788747,425.6177635606279,5.899999999999945,0.0,124.52084751509143,201.5199972359966,132.12087036459735,,,,,,,,,
5,864,propio,2,725.1069820683209,231.67857087534756,5.699999999999946,0.0,333.644607503161,,,,,,,,,,,
5,865,propio,2,725.1069820683209,231.67857087534756,5.599999999999946,0.0,333.644607503161,,,,,,,,,,,
5,866,propio,2,725.1069820683209,231.67857087534756,5.499999999999947,0.0,333.644607503161,,,,,,,,,,,
5,867,propio,2,725.1069820683209,231.67857087534756,5.399999999999947,0.0,333.644607503161,,,,,,,,,,,
5,868,propio,2,725.1069820683209,231.67857087534756,5.299999999999947,0.0,333.644607503161,,,,,,,,,,,
5,869,propio,2,725.1069820683209,231.67857087534756,5.199999999999948,0.0,333.644607503161,,,,,,,,,,,
5,870,propio,2,725.1069820683209,231.67857087534756,5.099999999999948,0.0,333.644607503161,,,,,,,,,,,
5,870,rival,1,670.3539106788747,425.6177635606279,5.199999999999948,0.0,124.52084751509143,201.5199972359966,132.12087036459735,,,,,,,,,
5,871,propio,2,725.1069820683209,231.67857087534756,4.9999999999999485,0.0,333.644607503161,,,,,,,,,,,
5,871,rival,1,670.3539106788747,425.6177635606279,5.099999999999948,0.0,124.52084751509143,201.5199972359966,132.12087036459735,,,,,,,,,
5,872,propio,2,725.1069820683209,231.67857087534756,4.899999999999949,0.0,333.644607503161,,,,,,,,,,,
5,873,propio,2,725.1069820683209,231.67857087534756,4.799999999999949,0.0,333.644607503161,,,,,,,,,,,
5,874,propio,2,725.1069820683209,231.67857087534756,4.6999999999999496,0.0,333.644607503161,,,,,,,,,,,
5,875,propio,2,725.1069820683209,231.67857087534756,4.59999999999995,0.0,333.644607503161,,,,,,,,,,,
5,876,propio,2,725.1069820683209,231.67857087534756,4.49999999999995,0.0,333.644607503161,,,,,,,,,,,
5,877,propio,2,725.1069820683209,231.67857087534756,4.399999999999951,0.0,333.644607503161,,,,,,,,,,,
5,878,propio,2,725.1069820683209,231.67857087534756,4.299999999999951,0.0,333.644607503161,,,,,,,,,,,
5,878,rival,1,670.3539106788747,425.6177635606279,4.399999999999951,0.0,124.52084751509143,201.5199972359966,132.12087036459735,,,,,,,,,
5,879,propio,2,725.1069820683209,231.67857087534756,3.199999999999951,0.0,333.644607503161,,,,,,,,,,,
5,879,disparo,2,725.1069820683209,231.67857087534756,3.199999999999951,,333.644607503161,,,,1.0,,,,,,,
5,879,rival,1,670.3539106788747,425.6177635606279,3.299999999999951,0.0,124.52084751509143,201.5199972359966,132.12087036459735,,,,,,,,,
5,880,propio,2,725.1069820683209,231.67857087534756,3.099999999999951,0.0,333.644607503161,,,,,,,,,,,
5,881,propio,2,725.1069820683209,231.67857087534756,2.9999999999999507,0.0,333.644607503161,,,,,,,,,,,
5,882,propio,2,725.1069820683209,231.67857087534756,2.8999999999999506,0.0,333.644607503161,,,,,,,,,,,
5,883,propio,2,725.1069820683209,231.67857087534756,2.7999999999999505,0.0,333.644607503161,,,,,,,,,,,
5,884,propio,2,725.1069820683209,231.67857087534756,2.6999999999999504,0.0,333.644607503161,,,,,,,,,,,
5,885,propio,2,725.1069820683209,231.67857087534756,2.5999999999999504,0.0,333.644607503161,,,,,,,,,,,
5,886,propio,2,725.1069820683209,231.67857087534756,2.4999999999999503,0.0,333.644607503161,,,,,,,,,,,
5,886,rival,1,670.3539106788747,425.6177635606279,2.5999999999999504,0.0,124.52084751509143,201.5199972359966,132.12087036459735,,,,,,,,,
5,887,propio,2,725.1069820683209,231.67857087534756,2.39999999999995,0.0,333.644607503161,,,,,,,,,,,
5,887,rival,1,670.3539106788747,425.6177635606279,2.4999999999999503,0.0,124.52084751509143,201.5199972359966,132.12087036459735,,,,,,,,,
5,888,propio,2,725.1069820683209,231.67857087534756,2.29999999999995,0.0,333.644607503161,,,,,,,,,,,
5,889,propio,2,725.1069820683209,231.67857087534756,2.19999999999995,0.0,333.644607503161,,,,,,,,,,,
5,890,propio,2,725.1069820683209,231.67857087534756,2.09999999999995,0.0,333.644607503161,,,,,,,,,,,
5,891,propio,2,725.1069820683209,231.67857087534756,1.9999999999999498,0.0,333.644607503161,,,,,,,,,,,
5,892,propio,2,725.1069820683209,231.67857087534756,1.8999999999999497,0.0,333.644607503161,,,,,,,,,,,
5,893,propio,2,725.1069820683209,231.67857087534756,1.7999999999999496,0.0,333.644607503161,,,,,,,,,,,
5,894,propio,2,725.1069820683209,231.67857087534756,1.6999999999999496,0.0,333.644607503161,,,,,,,,,,,
5,894,rival,1,670.3539106788747,425.6177635606279,1.7999999999999496,0.0,124.52084751509143,201.5199972359966,132.12087036459735,,,,,,,,,
5,895,propio,2,725.1069820683209,231.67857087534756,0.5999999999999496,0.0,333.644607503161,,,,,,,,,,,
5,895,disparo,2,725.1069820683209,231.67857087534756,0.5999999999999496,,333.644607503161,,,,1.0,,,,,,,
5,895,rival,1,670.3539106788747,425.6177635606279,0.6999999999999496,0.0,124.52084751509143,201.5199972359966,132.12087036459735,,,,,,,,,
5,896,propio,2,725.1069820683209,231.67857087534756,0.4999999999999496,0.0,333.644607503161,,,,,,,,,,,
5,897,propio,2,725.1069820683209,231.67857087534756,0.3999999999999496,0.0,333.644607503161,,,,,,,,,,,
5,898,propio,2,725.1069820683209,231.67857087534756,0.29999999999994964,0.0,333.644607503161,,,,,,,,,,,
5,899,propio,2,725.1069820683209,231.67857087534756,0.19999999999994963,0.0,333.644607503161,,,,,,,,,,,
5,900,propio,2,725.1069820683209,231.67857087534756,0.09999999999994963,0.0,333.644607503161,,,,,,,,,,,
5,901,propio,2,725.1069820683209,231.67857087534756,-5.037636974236648e-14,0.0,333.644607503161,,,,,,,,,,,
5,901,fin_ronda,2,,,,,,,,,,,0,2,0.0,0.0,0.0,20.0
6,1,propio,2,178.57066263467527,573.2791728262541,100.0,0.0,193.5177010923426,,,,,,,,,,,
6,2,propio,2,178.57066263467527,573.2791728262541,100.0,0.0,193.5177010923426,,,,,,,,,,,
6,3,propio,2,178.57066263467527,573.2791728262541,100.0,0.0,193.5177010923426,,,,,,,,,,,
6,4,propio,2,178.57066263467527,573.2791728262541,100.0,0.0,193.5177010923426,,,,,,,,,,,
6,5,propio,2,178.57066263467527,573.2791728262541,100.0,0.0,193.5177010923426,,,,,,,,,,,
6,6,propio,2,178.57066263467527,573.2791728262541,100.0,0.0,193.5177010923426,,,,,,,,,,,
6,7,propio,2,178.57066263467527,573.2791728262541,100.0,0.0,193.5177010923426,,,,,,,,,,,
6,7,rival,1,228.83434714483678,420.04310217295074,100.0,0.0,112.36483287849772,161.26912702002588,94.6425500666954,,,,,,,,,
6,8,propio,2,178.57066263467527,573.2791728262541,100.0,0.0,193.5177010923426,,,,,,,,,,,
6,8,rival,1,228.83434714483678,420.04310217295074,100.0,0.0,112.36483287849772,161.26912702002588,94.6425500666954,,,,,,,,,
6,9,propio,2,178.57066263467527,573.2791728262541,100.0,0.0,193.5177010923426,,,,,,,,,,,
6,10,propio,2,178.57066263467527,573.2791728262541,100.0,0.0,193.5177010923426,,,,,,,,,,,
6,11,propio,2,178.57066263467527,573.2791728262541,100.0,0.0,193.5177010923426,,,,,,,,,,,
6,12,propio,2,178.57066263467527,573.2791728262541,100.0,0.0,193.5177010923426,,,,,,,,,,,
6,13,propio,2,178.57066263467527,573.2791728262541,100.0,0.0,193.5177010923426,,,,,,,,,,,
6,14,propio,2,178.57066263467527,573.2791728262541,100.0,0.0,193.5177010923426,,,,,,,,,,,
6,15,propio,2,178.57066263467527,573.2791728262541,100.0,0.0,193.5177010923426,,,,,,,,,,,
6,15,rival,1,228.83434714483678,420.04310217295074,100.0,0.0,112.36483287849772,161.26912702002588,94.6425500666954,,,,,,,,,
6,16,propio,2,178.57066263467527,573.2791728262541,100.0,0.0,193.5177010923426,,,,,,,,,,,
6,16,rival,1,228.83434714483678,420.04310217295074,100.0,0.0,112.36483287849772,161.26912702002588,94.6425500666954,,,,,,,,,
6,17,propio,2,178.57066263467527,573.2791728262541,100.0,0.0,193.5177010923426,,,,,,,,,,,
6,18,propio,2,178.57066263467527,573.2791728262541,100.0,0.0,193.5177010923426,,,,,,,,,,,
6,19,propio,2,178.57066263467527,573.2791728262541,100.0,0.0,193.5177010923426,,,,,,,,,,,
6,20,propio,2,178.57066263467527,573.2791728262541,100.0,0.0,193.5177010923426,,,,,,,,,,,
6,21,propio,2,178.57066263467527,573.2791728262541,100.0,0.0,193.5177010923426,,,,,,,,,,,
6,22,propio,2,178.57066263467527,573.2791728262541,100.0,0.0,193.5177010923426,,,,,,,,,,,
6,23,propio,2,178.57066263467527,573.2791728262541,100.0,0.0,193.5177010923426,,,,,,,,,,,
6,23,rival,1,228.83434714483678,420.04310217295074,100.0,0.0,112.36483287849772,161.26912702002588,94.6425500666954,,,,,,,,,
6,24,propio,2,178.57066263467527,573.2791728262541,100.0,0.0,193.5177010923426,,,,,,,,,,,
6,24,rival,1,228.83434714483678,420.04310217295074,100.0,0.0,112.36483287849772,161.26912702002588,94.6425500666954,,,,,,,,,
6,25,propio,2,178.57066263467527,573.2791728262541,100.0,0.0,193.5177010923426,,,,,,,,,,,
6,26,propio,2,178.57066263467527,573.2791728262541,100.0,0.0,193.5177010923426,,,,,,,,,,,
6,27,propio,2,178.57066263467527,573.2791728262541,100.0,0.0,193.5177010923426,,,,,,,,,,,
6,28,propio,2,178.57066263467527,573.2791728262541,100.0,0.0,193.5177010923426,,,,,,,,,,,
6,29,propio,2,178.57066263467527,573.2791728262541,100.0,0.0,193.5177010923426,,,,,,,,,,,
6,30,propio,2,178.57066263467527,573.2791728262541,100.0,0.0,193.5177010923426,,,,,,,,,,,
6,31,propio,2,178.57066263467527,573.2791728262541,100.0,0.0,193.5177010923426,,,,,,,,,,,
6,31,rival,1,228.83434714483678,420.04310217295074,100.0,0.0,112.36483287849772,161.26912702002588,94.6425500666954,,,,,,,,,
6,32,propio,2,178.57066263467527,573.2791728262541,99.0,0.0,193.5177010923426,,,,,,,,,,,
6,32,disparo,2,178.57066263467527,573.2791728262541,99.0,,193.5177010923426,,,,1.0,,,,,,,
6,32,rival,1,228.83434714483678,420.04310217295074,100.0,0.0,112.36483287849772,161.26912702002588,94.6425500666954,,,,,,,,,
6,33,propio,2,178.57066263467527,573.2791728262541,99.0,0.0,193.5177010923426,,,,,,,,,,,
6,34,propio,2,178.57066263467527,573.2791728262541,99.0,0.0,193.5177010923426,,,,,,,,,,,
6,35,propio,2,178.57066263467527,573.2791728262541,99.0,0.0,193.5177010923426,,,,,,,,,,,
6,36,propio,2,178.57066263467527,573.2791728262541,99.0,0.0,193.5177010923426,,,,,,,,,,,
6,37,propio,2,178.57066263467527,573.2791728262541,99.0,0.0,193.5177010923426,,,,,,,,,,,
6,38,propio,2,178.57066263467527,573.2791728262541,99.0,0.0,193.5177010923426,,,,,,,,,,,
6,39,propio,2,178.57066263467527,573.2791728262541,99.0,0.0,193.5177010923426,,,,,,,,,,,
6,39,rival,1,228.83434714483678,420.04310217295074,99.0,0.0,112.36483287849772,161.26912702002588,94.6425500666954,,,,,,,,,
6,40,propio,2,178.57066263467527,573.2791728262541,99.0,0.0,193.5177010923426,,,,,,,,,,,
6,40,rival,1,228.83434714483678,420.04310217295074,99.0,0.0,112.36483287849772,161.26912702002588,94.6425500666954,,,,,,,,,
6,41,propio,2,178.57066263467527,573.2791728262541,95.0,0.0,193.5177010923426,,,,,,,,,,,
6,41,impacto_recibido,2,,,95.0,,,,,1,1.0,4.0,,,,,,
6,42,propio,2,178.57066263467527,573.2791728262541,95.0,0.0,193.5177010923426,,,,,,,,,,,
6,43,propio,2,178.57066263467527,573.2791728262541,95.0,0.0,193.5177010923426,,,,,,,,,,,
6,44,propio,2,178.57066263467527,573.2791728262541,95.0,0.0,193.5177010923426,,,,,,,,,,,
6,45,propio,2,178.57066263467527,573.2791728262541,95.0,0.0,193.5177010923426,,,,,,,,,,,
6,46,propio,2,178.57066263467527,573.2791728262541,95.0,0.0,193.5177010923426,,,,,,,,,,,
6,47,propio,2,178.57066263467527,573.2791728262541,95.0,0.0,193.5177010923426,,,,,,,,,,,
6,47,rival,1,228.83434714483678,420.04310217295074,102.0,0.0,112.36483287849772,161.26912702002588,94.6425500666954,,,,,,,,,
6,48,propio,2,178.57066263467527,573.2791728262541,94.0,0.0,193.5177010923426,,,,,,,,,,,
6,48,disparo,2,178.57066263467527,573.2791728262541,94.0,,193.5177010923426,,,,1.0,,,,,,,
6,48,rival,1,228.83434714483678,420.04310217295074,102.0,0.0,112.36483287849772,161.26912702002588,94.6425500666954,,,,,,,,,
6,49,propio,2,178.57066263467527,573.2791728262541,94.0,0.0,193.5177010923426,,,,,,,,,,,
6,50,propio,2,178.57066263467527,573.2791728262541,94.0,0.0,193.5177010923426,,,,,,,,,,,
6,51,propio,2,178.57066263467527,573.2791728262541,94.0,0.0,193.5177010923426,,,,,,,,,,,
6,52,propio,2,178.57066263467527,573.2791728262541,94.0,0.0,193.5177010923426,,,,,,,,,,,
6,53,propio,2,178.57066263467527,573.2791728262541,94.0,0.0,193.5177010923426,,,,,,,,,,,
6,54,propio,2,178.57066263467527,573.2791728262541,94.0,0.0,193.5177010923426,,,,,,,,,,,
6,55,propio,2,178.57066263467527,573.2791728262541,94.0,0.0,193.5177010923426,,,,,,,,,,,
6,55,rival,1,228.83434714483678,420.04310217295074,101.0,0.0,112.36483287849772,161.26912702002588,94.6425500666954,,,,,,,,,
6,56,propio,2,178.57066263467527,573.2791728262541,94.0,0.0,193.5177010923426,,,,,,,,,,,
6,56,rival,1,228.83434714483678,420.04310217295074,101.0,0.0,112.36483287849772,161.26912702002588,94.6425500666954,,,,,,,,,
6,57,propio,2,178.57066263467527,573.2791728262541,90.0,0.0,193.5177010923426,,,,,,,,,,,
6,57,impacto_recibido,2,,,90.0,,,,,1,1.0,4.0,,,,,,
6,58,propio,2,178.57066263467527,573.2791728262541,90.0,0.0,193.5177010923426,,,,,,,,,,,
6,59,propio,2,178.57066263467527,573.2791728262541,90.0,0.0,193.5177010923426,,,,,,,,,,,
6,60,propio,2,178.57066263467527,573.2791728262541,90.0,0.0,193.5177010923426,,,,,,,,,,,
6,61,propio,2,178.57066263467527,573.2791728262541,90.0,0.0,193.5177010923426,,,,,,,,,,,
6,62,propio,2,178.57066263467527,573.2791728262541,90.0,0.0,193.5177010923426,,,,,,,,,,,
6,63,propio,2,178.57066263467527,573.2791728262541,90.0,0.0,193.5177010923426,,,,,,,,,,,
6,63,rival,1,228.83434714483678,420.04310217295074,104.0,0.0,112.36483287849772,161.26912702002588,94.6425500666954,,,,,,,,,
6,64,propio,2,178.57066263467527,573.2791728262541,89.0,0.0,193.5177010923426,,,,,,,,,,,
6,64,disparo,2,178.57066263467527,573.2791728262541,89.0,,193.5177010923426,,,,1.0,,,,,,,
6,64,rival,1,228.83434714483678,420.04310217295074,104.0,0.0,112.36483287849772,161.26912702002588,94.6425500666954,,,,,,,,,
6,65,propio,2,178.57066263467527,573.2791728262541,89.0,0.0,193.5177010923426,,,,,,,,,,,
6,66,propio,2,178.57066263467527,573.2791728262541,89.0,0.0,193.5177010923426,,,,,,,,,,,
6,67,propio,2,178.57066263467527,573.2791728262541,89.0,0.0,193.5177010923426,,,,,,,,,,,
6,68,propio,2,178.57066263467527,573.2791728262541,89.0,0.0,193.5177010923426,,,,,,,,,,,
6,69,propio,2,178.57066263467527,573.2791728262541,89.0,0.0,193.5177010923426,,,,,,,,,,,
6,70,propio,2,178.57066263467527,573.2791728262541,89.0,0.0,193.5177010923426,,,,,,,,,,,
6,71,propio,2,178.57066263467527,573.2791728262541,89.0,0.0,193.5177010923426,,,,,,,,,,,
6,71,rival,1,228.83434714483678,420.04310217295074,103.0,0.0,112.36483287849772,161.26912702002588,94.6425500666954,,,,,,,,,
6,72,propio,2,178.57066263467527,573.2791728262541,89.0,0.0,193.5177010923426,,,,,,,,,,,
6,72,rival,1,228.83434714483678,420.04310217295074,103.0,0.0,112.36483287849772,161.26912702002588,94.6425500666954,,,,,,,,,
6,73,propio,2,178.57066263467527,573.2791728262541,85.0,0.0,193.5177010923426,,,,,,,,,,,
6,73,impacto_recibido,2,,,85.0,,,,,1,1.0,4.0,,,,,,
6,74,propio,2,178.57066263467527,573.2791728262541,85.0,0.0,193.5177010923426,,,,,,,,,,,
6,75,propio,2,178.57066263467527,573.2791728262541,85.0,0.0,193.5177010923426,,,,,,,,,,,
6,76,propio,2,178.57066263467527,573.2791728262541,85.0,0.0,193.5177010923426,,,,,,,,,,,
6,77,propio,2,178.57066263467527,573.2791728262541,85.0,0.0,193.5177010923426,,,,,,,,,,,
6,78,propio,2,178.57066263467527,573.2791728262541,85.0,0.0,193.5177010923426,,,,,,,,,,,
6,79,propio,2,178.57066263467527,573.2791728262541,85.0,0.0,193.5177010923426,,,,,,,,,,,
6,79,rival,1,228.83434714483678,420.04310217295074,106.0,0.0,112.36483287849772,161.26912702002588,94.6425500666954,,,,,,,,,
6,80,propio,2,178.57066263467527,573.2791728262541,84.0,0.0,193.5177010923426,,,,,,,,,,,
6,80,disparo,2,178.57066263467527,573.2791728262541,84.0,,193.5177010923426,,,,1.0,,,,,,,
6,80,rival,1,228.83434714483678,420.04310217295074,106.0,0.0,112.36483287849772,161.26912702002588,94.6425500666954,,,,,,,,,
6,81,propio,2,178.57066263467527,573.2791728262541,84.0,0.0,193.5177010923426,,,,,,,,,,,
6,82,propio,2,178.57066263467527,573.2791728262541,84.0,0.0,193.5177010923426,,,,,,,,,,,
6,83,propio,2,178.57066263467527,573.2791728262541,84.0,0.0,193.5177010923426,,,,,,,,,,,
6,84,propio,2,178.57066263467527,573.2791728262541,84.0,0.0,193.5177010923426,,,,,,,,,,,
6,85,propio,2,178.57066263467527,573.2791728262541,84.0,0.0,193.5177010923426,,,,,,,,,,,
6,86,propio,2,178.57066263467527,573.2791728262541,84.0,0.0,193.5177010923426,,,,,,,,,,,
6,87,propio,2,178.57066263467527,573.2791728262541,84.0,0.0,193.5177010923426,,,,,,,,,,,
6,87,rival,1,228.83434714483678,420.04310217295074,105.0,0.0,112.36483287849772,161.26912702002588,94.6425500666954,,,,,,,,,
6,88,propio,2,178.57066263467527,573.2791728262541,84.0,0.0,193.5177010923426,,,,,,,,,,,
6,88,rival,1,228.83434714483678,420.04310217295074,105.0,0.0,112.36483287849772,161.26912702002588,94.6425500666954,,,,,,,,,
6,89,propio,2,178.57066263467527,573.2791728262541,80.0,0.0,193.5177010923426,,,,,,,,,,,
6,89,impacto_recibido,2,,,80.0,,,,,1,1.0,4.0,,,,,,
6,90,propio,2,178.57066263467527,573.2791728262541,80.0,0.0,193.5177010923426,,,,,,,,,,,
6,91,propio,2,178.57066263467527,573.2791728262541,80.0,0.0,193.5177010923426,,,,,,,,,,,
6,92,propio,2,178.57066263467527,573.2791728262541,80.0,0.0,193.5177010923426,,,,,,,,,,,
6,93,propio,2,178.57066263467527,573.2791728262541,80.0,0.0,193.5177010923426,,,,,,,,,,,
6,94,propio,2,178.57066263467527,573.2791728262541,80.0,0.0,193.5177010923426,,,,,,,,,,,
6,95,propio,2,178.57066263467527,573.2791728262541,80.0,0.0,193.5177010923426,,,,,,,,,,,
6,95,rival,1,228.83434714483678,420.04310217295074,108.0,0.0,112.36483287849772,161.26912702002588,94.6425500666954,,,,,,,,,
6,96,propio,2,178.57066263467527,573.2791728262541,79.0,0.0,193.5177010923426,,,,,,,,,,,
6,96,disparo,2,178.57066263467527,573.2791728262541,79.0,,193.5177010923426,,,,1.0,,,,,,,
6,96,rival,1,228.83434714483678,420.04310217295074,108.0,0.0,112.36483287849772,161.26912702002588,94.6425500666954,,,,,,,,,
6,97,propio,2,178.57066263467527,573.2791728262541,79.0,0.0,193.5177010923426,,,,,,,,,,,
6,98,propio,2,178.57066263467527,573.2791728262541,79.0,0.0,193.5177010923426,,,,,,,,,,,
6,99,propio,2,178.57066263467527,573.2791728262541,79.0,0.0,193.5177010923426,,,,,,,,,,,
6,100,propio,2,178.57066263467527,573.2791728262541,79.0,0.0,193.5177010923426,,,,,,,,,,,
6,101,propio,2,178.57066263467527,573.2791728262541,79.0,0.0,193.5177010923426,,,,,,,,,,,
6,102,propio,2,178.57066263467527,573.2791728262541,79.0,0.0,193.5177010923426,,,,,,,,,,,
6,103,propio,2,178.57066263467527,573.2791728262541,79.0,0.0,193.5177010923426,,,,,,,,,,,
6,103,rival,1,228.83434714483678,420.04310217295074,107.0,0.0,112.36483287849772,161.26912702002588,94.6425500666954,,,,,,,,,
6,104,propio,2,178.57066263467527,573.2791728262541,79.0,0.0,193.5177010923426,,,,,,,,,,,
6,104,rival,1,228.83434714483678,420.04310217295074,107.0,0.0,112.36483287849772,161.26912702002588,94.6425500666954,,,,,,,,,
6,105,propio,2,178.57066263467527,573.2791728262541,75.0,0.0,193.5177010923426,,,,,,,,,,,
6,105,impacto_recibido,2,,,75.0,,,,,1,1.0,4.0,,,,,,
6,106,propio,2,178.57066263467527,573.2791728262541,75.0,0.0,193.5177010923426,,,,,,,,,,,
6,107,propio,2,178.57066263467527,573.2791728262541,75.0,0.0,193.5177010923426,,,,,,,,,,,
6,108,propio,2,178.57066263467527,573.2791728262541,75.0,0.0,193.5177010923426,,,,,,,,,,,
6,109,propio,2,178.57066263467527,573.2791728262541,75.0,0.0,193.5177010923426,,,,,,,,,,,
6,110,propio,2,178.57066263467527,573.2791728262541,75.0,0.0,193.5177010923426,,,,,,,,,,,
6,111,propio,2,178.57066263467527,573.2791728262541,75.0,0.0,193.5177010923426,,,,,,,,,,,
6,111,rival,1,228.83434714483678,420.04310217295074,110.0,0.0,112.36483287849772,161.26912702002588,94.6425500666954,,,,,,,,,
6,112,propio,2,178.57066263467527,573.2791728262541,74.0,0.0,193.5177010923426,,,,,,,,,,,
6,112,disparo,2,178.57066263467527,573.2791728262541,74.0,,193.5177010923426,,,,1.0,,,,,,,
6,112,rival,1,228.83434714483678,420.04310217295074,110.0,0.0,112.36483287849772,161.26912702002588,94.6425500666954,,,,,,,,,
6,113,propio,2,178.57066263467527,573.2791728262541,74.0,0.0,193.5177010923426,,,,,,,,,,,
6,114,propio,2,178.57066263467527,573.2791728262541,74.0,0.0,193.5177010923426,,,,,,,,,,,
6,115,propio,2,178.57066263467527,573.2791728262541,74.0,0.0,193.5177010923426,,,,,,,,,,,
6,116,propio,2,178.57066263467527,573.2791728262541,74.0,0.0,193.5177010923426,,,,,,,,,,,
6,117,propio,2,178.57066263467527,573.2791728262541,74.0,0.0,193.5177010923426,,,,,,,,,,,
6,118,propio,2,178.57066263467527,573.2791728262541,74.0,0.0,193.5177010923426,,,,,,,,,,,
6,119,propio,2,178.57066263467527,573.2791728262541,74.0,0.0,193.5177010923426,,,,,,,,,,,
6,119,rival,1,228.83434714483678,420.04310217295074,109.0,0.0,112.36483287849772,161.26912702002588,94.6425500666954,,,,,,,,,
6,120,propio,2,178.57066263467527,573.2791728262541,74.0,0.0,193.5177010923426,,,,,,,,,,,
6,120,rival,1,228.83434714483678,420.04310217295074,109.0,0.0,112.36483287849772,161.26912702002588,94.6425500666954,,,,,,,,,
6,121,propio,2,178.57066263467527,573.2791728262541,70.0,0.0,193.5177010923426,,,,,,,,,,,
6,121,impacto_recibido,2,,,70.0,,,,,1,1.0,4.0,,,,,,
6,122,propio,2,178.57066263467527,573.2791728262541,70.0,0.0,193.5177010923426,,,,,,,,,,,
6,123,propio,2,178.57066263467527,573.2791728262541,70.0,0.0,193.5177010923426,,,,,,,,,,,
6,124,propio,2,178.57066263467527,573.2791728262541,70.0,0.0,193.5177010923426,,,,,,,,,,,
6,125,propio,2,178.57066263467527,573.2791728262541,70.0,0.0,193.5177010923426,,,,,,,,,,,
6,126,propio,2,178.57066263467527,573.2791728262541,70.0,0.0,193.5177010923426,,,,,,,,,,,
6,127,propio,2,178.57066263467527,573.2791728262541,70.0,0.0,193.5177010923426,,,,,,,,,,,
6,127,rival,1,228.83434714483678,420.04310217295074,112.0,0.0,112.36483287849772,161.26912702002588,94.6425500666954,,,,,,,,,
6,128,propio,2,178.57066263467527,573.2791728262541,69.0,0.0,193.5177010923426,,,,,,,,,,,
6,128,disparo,2,178.57066263467527,573.2791728262541,69.0,,193.5177010923426,,,,1.0,,,,,,,
6,128,rival,1,228.83434714483678,420.04310217295074,112.0,0.0,112.36483287849772,161.26912702002588,94.6425500666954,,,,,,,,,
6,129,propio,2,178.57066263467527,573.2791728262541,69.0,0.0,193.5177010923426,,,,,,,,,,,
6,130,propio,2,178.57066263467527,573.2791728262541,69.0,0.0,193.5177010923426,,,,,,,,,,,
6,131,propio,2,178.57066263467527,573.2791728262541,69.0,0.0,193.5177010923426,,,,,,,,,,,
6,132,propio,2,178.57066263467527,573.2791728262541,69.0,0.0,193.5177010923426,,,,,,,,,,,
6,133,propio,2,178.57066263467527,573.2791728262541,69.0,0.0,193.5177010923426,,,,,,,,,,,
6,134,propio,2,178.57066263467527,573.2791728262541,69.0,0.0,193.5177010923426,,,,,,,,,,,
6,135,propio,2,178.57066263467527,573.2791728262541,69.0,0.0,193.5177010923426,,,,,,,,,,,
6,135,rival,1,228.83434714483678,420.04310217295074,111.0,0.0,112.36483287849772,161.26912702002588,94.6425500666954,,,,,,,,,
6,136,propio,2,178.57066263467527,573.2791728262541,69.0,0.0,193.5177010923426,,,,,,,,,,,
6,136,rival,1,228.83434714483678,420.04310217295074,111.0,0.0,112.36483287849772,161.26912702002588,94.6425500666954,,,,,,,,,
6,137,propio,2,178.57066263467527,573.2791728262541,65.0,0.0,193.5177010923426,,,,,,,,,,,
6,137,impacto_recibido,2,,,65.0,,,,,1,1.0,4.0,,,,,,
6,138,propio,2,178.57066263467527,573.2791728262541,65.0,0.0,193.5177010923426,,,,,,,,,,,
6,139,propio,2,178.57066263467527,573.2791728262541,65.0,0.0,193.5177010923426,,,,,,,,,,,
6,140,propio,2,178.57066263467527,573.2791728262541,65.0,0.0,193.5177010923426,,,,,,,,,,,
6,141,propio,2,178.57066263467527,573.2791728262541,65.0,0.0,193.5177010923426,,,,,,,,,,,
6,142,propio,2,178.57066263467527,573.2791728262541,65.0,0.0,193.5177010923426,,,,,,,,,,,
6,143,propio,2,178.57066263467527,573.2791728262541,65.0,0.0,193.5177010923426,,,,,,,,,,,
6,143,rival,1,228.83434714483678,420.04310217295074,114.0,0.0,112.36483287849772,161.26912702002588,94.6425500666954,,,,,,,,,
6,144,propio,2,178.57066263467527,573.2791728262541,64.0,0.0,193.5177010923426,,,,,,,,,,,
6,144,disparo,2,178.57066263467527,573.2791728262541,64.0,,193.5177010923426,,,,1.0,,,,,,,
6,144,rival,1,228.83434714483678,420.04310217295074,114.0,0.0,112.36483287849772,161.26912702002588,94.6425500666954,,,,,,,,,
6,145,propio,2,178.57066263467527,573.2791728262541,64.0,0.0,193.5177010923426,,,,,,,,,,,
6,146,propio,2,178.57066263467527,573.2791728262541,64.0,0.0,193.5177010923426,,,,,,,,,,,
6,147,propio,2,178.57066263467527,573.2791728262541,64.0,0.0,193.5177010923426,,,,,,,,,,,
6,148,propio,2,178.57066263467527,573.2791728262541,64.0,0.0,193.5177010923426,,,,,,,,,,,
6,149,propio,2,178.57066263467527,573.2791728262541,64.0,0.0,193.5177010923426,,,,,,,,,,,
6,150,propio,2,178.57066263467527,573.2791728262541,64.0,0.0,193.5177010923426,,,,,,,,,,,
6,151,propio,2,178.57066263467527,573.2791728262541,64.0,0.0,193.5177010923426,,,,,,,,,,,
6,151,rival,1,228.83434714483678,420.04310217295074,113.0,0.0,112.36483287849772,161.26912702002588,94.6425500666954,,,,,,,,,
6,152,propio,2,178.57066263467527,573.2791728262541,64.0,0.0,193.5177010923426,,,,,,,,,,,
6,152,rival,1,228.83434714483678,420.04310217295074,113.0,0.0,112.36483287849772,161.26912702002588,94.6425500666954,,,,,,,,,
6,153,propio,2,178.57066263467527,573.2791728262541,60.0,0.0,193.5177010923426,,,,,,,,,,,
6,153,impacto_recibido,2,,,60.0,,,,,1,1.0,4.0,,,,,,
6,154,propio,2,178.57066263467527,573.2791728262541,60.0,0.0,193.5177010923426,,,,,,,,,,,
6,155,propio,2,178.57066263467527,573.2791728262541,60.0,0.0,193.5177010923426,,,,,,,,,,,
6,156,propio,2,178.57066263467527,573.2791728262541,60.0,0.0,193.5177010923426,,,,,,,,,,,
6,157,propio,2,178.57066263467527,573.2791728262541,60.0,0.0,193.5177010923426,,,,,,,,,,,
6,158,propio,2,178.57066263467527,573.2791728262541,60.0,0.0,193.5177010923426,,,,,,,,,,,
6,159,propio,2,178.57066263467527,573.2791728262541,60.0,0.0,193.5177010923426,,,,,,,,,,,
6,159,rival,1,228.83434714483678,420.04310217295074,116.0,0.0,112.36483287849772,161.26912702002588,94.6425500666954,,,,,,,,,
6,160,propio,2,178.57066263467527,573.2791728262541,59.0,0.0,193.5177010923426,,,,,,,,,,,
6,160,disparo,2,178.57066263467527,573.2791728262541,59.0,,193.5177010923426,,,,1.0,,,,,,,
6,160,rival,1,228.83434714483678,420.04310217295074,116.0,0.0,112.36483287849772,161.26912702002588,94.6425500666954,,,,,,,,,
6,161,propio,2,178.57066263467527,573.2791728262541,59.0,0.0,193.5177010923426,,,,,,,,,,,
6,162,propio,2,178.57066263467527,573.2791728262541,59.0,0.0,193.5177010923426,,,,,,,,,,,
6,163,propio,2,178.57066263467527,573.2791728262541,59.0,0.0,193.5177010923426,,,,,,,,,,,
6,164,propio,2,178.57066263467527,573.2791728262541,59.0,0.0,193.5177010923426,,,,,,,,,,,
6,165,propio,2,178.57066263467527,573.2791728262541,59.0,0.0,193.5177010923426,,,,,,,,,,,
6,166,propio,2,178.57066263467527,573.2791728262541,59.0,0.0,193.5177010923426,,,,,,,,,,,
6,167,propio,2,178.57066263467527,573.2791728262541,59.0,0.0,193.5177010923426,,,,,,,,,,,
6,167,rival,1,228.83434714483678,420.04310217295074,115.0,0.0,112.36483287849772,161.26912702002588,94.6425500666954,,,,,,,,,
6,168,propio,2,178.57066263467527,573.2791728262541,59.0,0.0,193.5177010923426,,,,,,,,,,,
6,168,rival,1,228.83434714483678,420.04310217295074,115.0,0.0,112.36483287849772,161.26912702002588,94.6425500666954,,,,,,,,,
6,169,propio,2,178.57066263467527,573.2791728262541,55.0,0.0,193.5177010923426,,,,,,,,,,,
6,169,impacto_recibido,2,,,55.0,,,,,1,1.0,4.0,,,,,,
6,170,propio,2,178.57066263467527,573.2791728262541,55.0,0.0,193.5177010923426,,,,,,,,,,,
6,171,propio,2,178.57066263467527,573.2791728262541,55.0,0.0,193.5177010923426,,,,,,,,,,,
6,172,propio,2,178.57066263467527,573.2791728262541,55.0,0.0,193.5177010923426,,,,,,,,,,,
6,173,propio,2,178.57066263467527,573.2791728262541,55.0,0.0,193.5177010923426,,,,,,,,,,,
6,174,propio,2,178.57066263467527,573.2791728262541,55.0,0.0,193.5177010923426,,,,,,,,,,,
6,175,propio,2,178.57066263467527,573.2791728262541,55.0,0.0,193.5177010923426,,,,,,,,,,,
6,175,rival,1,228.83434714483678,420.04310217295074,118.0,0.0,112.36483287849772,161.26912702002588,94.6425500666954,,,,,,,,,
6,176,propio,2,178.57066263467527,573.2791728262541,54.0,0.0,193.5177010923426,,,,,,,,,,,
6,176,disparo,2,178.57066263467527,573.2791728262541,54.0,,193.5177010923426,,,,1.0,,,,,,,
6,176,rival,1,228.83434714483678,420.04310217295074,118.0,0.0,112.36483287849772,161.26912702002588,94.6425500666954,,,,,,,,,
6,177,propio,2,178.57066263467527,573.2791728262541,54.0,0.0,193.5177010923426,,,,,,,,,,,
6,178,propio,2,178.57066263467527,573.2791728262541,54.0,0.0,193.5177010923426,,,,,,,,,,,
6,179,propio,2,178.57066263467527,573.2791728262541,54.0,0.0,193.5177010923426,,,,,,,,,,,
6,180,propio,2,178.57066263467527,573.2791728262541,54.0,0.0,193.5177010923426,,,,,,,,,,,
6,181,propio,2,178.57066263467527,573.2791728262541,54.0,0.0,193.5177010923426,,,,,,,,,,,
6,182,propio,2,178.57066263467527,573.2791728262541,54.0,0.0,193.5177010923426,,,,,,,,,,,
6,183,propio,2,178.57066263467527,573.2791728262541,54.0,0.0,193.5177010923426,,,,,,,,,,,
6,183,rival,1,228.83434714483678,420.04310217295074,117.0,0.0,112.36483287849772,161.26912702002588,94.6425500666954,,,,,,,,,
6,184,propio,2,178.57066263467527,573.2791728262541,54.0,0.0,193.5177010923426,,,,,,,,,,,
6,184,rival,1,228.83434714483678,420.04310217295074,117.0,0.0,112.36483287849772,161.26912702002588,94.6425500666954,,,,,,,,,
6,185,propio,2,178.57066263467527,573.2791728262541,50.0,0.0,193.5177010923426,,,,,,,,,,,
6,185,impacto_recibido,2,,,50.0,,,,,1,1.0,4.0,,,,,,
6,186,propio,2,178.57066263467527,573.2791728262541,50.0,0.0,193.5177010923426,,,,,,,,,,,
6,187,propio,2,178.57066263467527,573.2791728262541,50.0,0.0,193.5177010923426,,,,,,,,,,,
6,188,propio,2,178.57066263467527,573.2791728262541,50.0,0.0,193.5177010923426,,,,,,,,,,,
6,189,propio,2,178.57066263467527,573.2791728262541,50.0,0.0,193.5177010923426,,,,,,,,,,,
6,190,propio,2,178.57066263467527,573.2791728262541,50.0,0.0,193.5177010923426,,,,,,,,,,,
6,191,propio,2,178.57066263467527,573.2791728262541,50.0,0.0,193.5177010923426,,,,,,,,,,,
6,191,rival,1,228.83434714483678,420.04310217295074,120.0,0.0,112.36483287849772,161.26912702002588,94.6425500666954,,,,,,,,,
6,192,propio,2,178.57066263467527,573.2791728262541,49.0,0.0,193.5177010923426,,,,,,,,,,,
6,192,disparo,2,178.57066263467527,573.2791728262541,49.0,,193.5177010923426,,,,1.0,,,,,,,
6,192,rival,1,228.83434714483678,420.04310217295074,120.0,0.0,112.36483287849772,161.26912702002588,94.6425500666954,,,,,,,,,
6,193,propio,2,178.57066263467527,573.2791728262541,49.0,0.0,193.5177010923426,,,,,,,,,,,
6,194,propio,2,178.57066263467527,573.2791728262541,49.0,0.0,193.5177010923426,,,,,,,,,,,
6,195,propio,2,178.57066263467527,573.2791728262541,49.0,0.0,193.5177010923426,,,,,,,,,,,
6,196,propio,2,178.57066263467527,573.2791728262541,49.0,0.0,193.5177010923426,,,,,,,,,,,
6,197,propio,2,178.57066263467527,573.2791728262541,49.0,0.0,193.5177010923426,,,,,,,,,,,
6,198,propio,2,178.57066263467527,573.2791728262541,49.0,0.0,193.5177010923426,,,,,,,,,,,
6,199,propio,2,178.57066263467527,573.2791728262541,49.0,0.0,193.5177010923426,,,,,,,,,,,
6,199,rival,1,228.83434714483678,420.04310217295074,119.0,0.0,112.36483287849772,161.26912702002588,94.6425500666954,,,,,,,,,
6,200,propio,2,178.57066263467527,573.2791728262541,49.0,0.0,193.5177010923426,,,,,,,,,,,
6,200,rival,1,228.83434714483678,420.04310217295074,119.0,0.0,112.36483287849772,161.26912702002588,94.6425500666954,,,,,,,,,
6,201,propio,2,178.57066263467527,573.2791728262541,45.0,0.0,193.5177010923426,,,,,,,,,,,
6,201,impacto_recibido,2,,,45.0,,,,,1,1.0,4.0,,,,,,
6,202,propio,2,178.57066263467527,573.2791728262541,45.0,0.0,193.5177010923426,,,,,,,,,,,
6,203,propio,2,178.57066263467527,573.2791728262541,45.0,0.0,193.5177010923426,,,,,,,,,,,
6,204,propio,2,178.57066263467527,573.2791728262541,45.0,0.0,193.5177010923426,,,,,,,,,,,
6,205,propio,2,178.57066263467527,573.2791728262541,45.0,0.0,193.5177010923426,,,,,,,,,,,
6,206,propio,2,178.57066263467527,573.2791728262541,45.0,0.0,193.5177010923426,,,,,,,,,,,
6,207,propio,2,178.57066263467527,573.2791728262541,45.0,0.0,193.5177010923426,,,,,,,,,,,
6,207,rival,1,228.83434714483678,420.04310217295074,122.0,0.0,112.36483287849772,161.26912702002588,94.6425500666954,,,,,,,,,
6,208,propio,2,178.57066263467527,573.2791728262541,44.0,0.0,193.5177010923426,,,,,,,,,,,
6,208,disparo,2,178.57066263467527,573.2791728262541,44.0,,193.5177010923426,,,,1.0,,,,,,,
6,208,rival,1,228.83434714483678,420.04310217295074,122.0,0.0,112.36483287849772,161.26912702002588,94.6425500666954,,,,,,,,,
6,209,propio,2,178.57066263467527,573.2791728262541,44.0,0.0,193.5177010923426,,,,,,,,,,,
6,210,propio,2,178.57066263467527,573.2791728262541,44.0,0.0,193.5177010923426,,,,,,,,,,,
6,211,propio,2,178.57066263467527,573.2791728262541,44.0,0.0,193.5177010923426,,,,,,,,,,,
6,212,propio,2,178.57066263467527,573.2791728262541,44.0,0.0,193.5177010923426,,,,,,,,,,,
6,213,propio,2,178.57066263467527,573.2791728262541,44.0,0.0,193.5177010923426,,,,,,,,,,,
6,214,propio,2,178.57066263467527,573.2791728262541,44.0,0.0,193.5177010923426,,,,,,,,,,,
6,215,propio,2,178.57066263467527,573.2791728262541,44.0,0.0,193.5177010923426,,,,,,,,,,,
6,215,rival,1,228.83434714483678,420.04310217295074,121.0,0.0,112.36483287849772,161.26912702002588,94.6425500666954,,,,,,,,,
6,216,propio,2,178.57066263467527,573.2791728262541,44.0,0.0,193.5177010923426,,,,,,,,,,,
6,216,rival,1,228.83434714483678,420.04310217295074,121.0,0.0,112.36483287849772,161.26912702002588,94.6425500666954,,,,,,,,,
6,217,propio,2,178.57066263467527,573.2791728262541,40.0,0.0,193.5177010923426,,,,,,,,,,,
6,217,impacto_recibido,2,,,40.0,,,,,1,1.0,4.0,,,,,,
6,218,propio,2,178.57066263467527,573.2791728262541,40.0,0.0,193.5177010923426,,,,,,,,,,,
6,219,propio,2,178.57066263467527,573.2791728262541,40.0,0.0,193.5177010923426,,,,,,,,,,,
6,220,propio,2,178.57066263467527,573.2791728262541,40.0,0.0,193.5177010923426,,,,,,,,,,,
6,221,propio,2,178.57066263467527,573.2791728262541,40.0,0.0,193.5177010923426,,,,,,,,,,,
6,222,propio,2,178.57066263467527,573.2791728262541,40.0,0.0,193.5177010923426,,,,,,,,,,,
6,223,propio,2,178.57066263467527,573.2791728262541,40.0,0.0,193.5177010923426,,,,,,,,,,,
6,223,rival,1,228.83434714483678,420.04310217295074,124.0,0.0,112.36483287849772,161.26912702002588,94.6425500666954,,,,,,,,,
6,224,propio,2,178.57066263467527,573.2791728262541,39.0,0.0,193.5177010923426,,,,,,,,,,,
6,224,disparo,2,178.57066263467527,573.2791728262541,39.0,,193.5177010923426,,,,1.0,,,,,,,
6,224,rival,1,228.83434714483678,420.04310217295074,124.0,0.0,112.36483287849772,161.26912702002588,94.6425500666954,,,,,,,,,
6,225,propio,2,178.57066263467527,573.2791728262541,39.0,0.0,193.5177010923426,,,,,,,,,,,
6,226,propio,2,178.57066263467527,573.2791728262541,39.0,0.0,193.5177010923426,,,,,,,,,,,
6,227,propio,2,178.57066263467527,573.2791728262541,39.0,0.0,193.5177010923426,,,,,,,,,,,
6,228,propio,2,178.57066263467527,573.2791728262541,39.0,0.0,193.5177010923426,,,,,,,,,,,
6,229,propio,2,178.57066263467527,573.2791728262541,39.0,0.0,193.5177010923426,,,,,,,,,,,
6,230,propio,2,178.57066263467527,573.2791728262541,39.0,0.0,193.5177010923426,,,,,,,,,,,
6,231,propio,2,178.57066263467527,573.2791728262541,39.0,0.0,193.5177010923426,,,,,,,,,,,
6,231,rival,1,228.83434714483678,420.04310217295074,123.0,0.0,112.36483287849772,161.26912702002588,94.6425500666954,,,,,,,,,
6,232,propio,2,178.57066263467527,573.2791728262541,39.0,0.0,193.5177010923426,,,,,,,,,,,
6,232,rival,1,228.83434714483678,420.04310217295074,123.0,0.0,112.36483287849772,161.26912702002588,94.6425500666954,,,,,,,,,
6,233,propio,2,178.57066263467527,573.2791728262541,35.0,0.0,193.5177010923426,,,,,,,,,,,
6,233,impacto_recibido,2,,,35.0,,,,,1,1.0,4.0,,,,,,
6,234,propio,2,178.57066263467527,573.2791728262541,35.0,0.0,193.5177010923426,,,,,,,,,,,
6,235,propio,2,178.57066263467527,573.2791728262541,35.0,0.0,193.5177010923426,,,,,,,,,,,
6,236,propio,2,178.57066263467527,573.2791728262541,35.0,0.0,193.5177010923426,,,,,,,,,,,
6,237,propio,2,178.57066263467527,573.2791728262541,35.0,0.0,193.5177010923426,,,,,,,,,,,
6,238,propio,2,178.57066263467527,573.2791728262541,35.0,0.0,193.5177010923426,,,,,,,,,,,
6,239,propio,2,178.57066263467527,573.2791728262541,35.0,0.0,193.5177010923426,,,,,,,,,,,
6,239,rival,1,228.83434714483678,420.04310217295074,126.0,0.0,112.36483287849772,161.26912702002588,94.6425500666954,,,,,,,,,
6,240,propio,2,178.57066263467527,573.2791728262541,34.0,0.0,193.5177010923426,,,,,,,,,,,
6,240,disparo,2,178.57066263467527,573.2791728262541,34.0,,193.5177010923426,,,,1.0,,,,,,,
6,240,rival,1,228.83434714483678,420.04310217295074,126.0,0.0,112.36483287849772,161.26912702002588,94.6425500666954,,,,,,,,,
6,241,propio,2,178.57066263467527,573.2791728262541,34.0,0.0,193.5177010923426,,,,,,,,,,,
6,242,propio,2,178.57066263467527,573.2791728262541,34.0,0.0,193.5177010923426,,,,,,,,,,,
6,243,propio,2,178.57066263467527,573.2791728262541,34.0,0.0,193.5177010923426,,,,,,,,,,,
6,244,propio,2,178.57066263467527,573.2791728262541,34.0,0.0,193.5177010923426,,,,,,,,,,,
6,245,propio,2,178.57066263467527,573.2791728262541,34.0,0.0,193.5177010923426,,,,,,,,,,,
6,246,propio,2,178.57066263467527,573.2791728262541,34.0,0.0,193.5177010923426,,,,,,,,,,,
6,247,propio,2,178.57066263467527,573.2791728262541,34.0,0.0,193.5177010923426,,,,,,,,,,,
6,247,rival,1,228.83434714483678,420.04310217295074,125.0,0.0,112.36483287849772,161.26912702002588,94.6425500666954,,,,,,,,,
6,248,propio,2,178.57066263467527,573.2791728262541,34.0,0.0,193.5177010923426,,,,,,,,,,,
6,248,rival,1,228.83434714483678,420.04310217295074,125.0,0.0,112.36483287849772,161.26912702002588,94.6425500666954,,,,,,,,,
6,249,propio,2,178.57066263467527,573.2791728262541,30.0,0.0,193.5177010923426,,,,,,,,,,,
6,249,impacto_recibido,2,,,30.0,,,,,1,1.0,4.0,,,,,,
6,250,propio,2,178.57066263467527,573.2791728262541,30.0,0.0,193.5177010923426,,,,,,,,,,,
6,251,propio,2,178.57066263467527,573.2791728262541,30.0,0.0,193.5177010923426,,,,,,,,,,,
6,252,propio,2,178.57066263467527,573.2791728262541,30.0,0.0,193.5177010923426,,,,,,,,,,,
6,253,propio,2,178.57066263467527,573.2791728262541,30.0,0.0,193.5177010923426,,,,,,,,,,,
6,254,propio,2,178.57066263467527,573.2791728262541,30.0,0.0,193.5177010923426,,,,,,,,,,,
6,255,propio,2,178.57066263467527,573.2791728262541,30.0,0.0,193.5177010923426,,,,,,,,,,,
6,255,rival,1,228.83434714483678,420.04310217295074,128.0,0.0,112.36483287849772,161.26912702002588,94.6425500666954,,,,,,,,,
6,256,propio,2,178.57066263467527,573.2791728262541,29.0,0.0,193.5177010923426,,,,,,,,,,,
6,256,disparo,2,178.57066263467527,573.2791728262541,29.0,,193.5177010923426,,,,1.0,,,,,,,
6,256,rival,1,228.83434714483678,420.04310217295074,128.0,0.0,112.36483287849772,161.26912702002588,94.6425500666954,,,,,,,,,
6,257,propio,2,178.57066263467527,573.2791728262541,29.0,0.0,193.5177010923426,,,,,,,,,,,
6,258,propio,2,178.57066263467527,573.2791728262541,29.0,0.0,193.5177010923426,,,,,,,,,,,
6,259,propio,2,178.57066263467527,573.2791728262541,29.0,0.0,193.5177010923426,,,,,,,,,,,
6,260,propio,2,178.57066263467527,573.2791728262541,29.0,0.0,193.5177010923426,,,,,,,,,,,
6,261,propio,2,178.57066263467527,573.2791728262541,29.0,0.0,193.5177010923426,,,,,,,,,,,
6,262,propio,2,178.57066263467527,573.2791728262541,29.0,0.0,193.5177010923426,,,,,,,,,,,
6,263,propio,2,178.57066263467527,573.2791728262541,29.0,0.0,193.5177010923426,,,,,,,,,,,
6,263,rival,1,228.83434714483678,420.04310217295074,127.0,0.0,112.36483287849772,161.26912702002588,94.6425500666954,,,,,,,,,
6,264,propio,2,178.57066263467527,573.2791728262541,29.0,0.0,193.5177010923426,,,,,,,,,,,
6,264,rival,1,228.83434714483678,420.04310217295074,127.0,0.0,112.36483287849772,161.26912702002588,94.6425500666954,,,,,,,,,
6,265,propio,2,178.57066263467527,573.2791728262541,25.0,0.0,193.5177010923426,,,,,,,,,,,
6,265,impacto_recibido,2,,,25.0,,,,,1,1.0,4.0,,,,,,
6,266,propio,2,178.57066263467527,573.2791728262541,25.0,0.0,193.5177010923426,,,,,,,,,,,
6,267,propio,2,178.57066263467527,573.2791728262541,25.0,0.0,193.5177010923426,,,,,,,,,,,
6,268,propio,2,178.57066263467527,573.2791728262541,25.0,0.0,193.5177010923426,,,,,,,,,,,
6,269,propio,2,178.57066263467527,573.2791728262541,25.0,0.0,193.5177010923426,,,,,,,,,,,
6,270,propio,2,178.57066263467527,573.2791728262541,25.0,0.0,193.5177010923426,,,,,,,,,,,
6,271,propio,2,178.57066263467527,573.2791728262541,25.0,0.0,193.5177010923426,,,,,,,,,,,
6,271,rival,1,228.83434714483678,420.04310217295074,130.0,0.0,112.36483287849772,161.26912702002588,94.6425500666954,,,,,,,,,
6,272,propio,2,178.57066263467527,573.2791728262541,24.0,0.0,193.5177010923426,,,,,,,,,,,
6,272,disparo,2,178.57066263467527,573.2791728262541,24.0,,193.5177010923426,,,,1.0,,,,,,,
6,272,rival,1,228.83434714483678,420.04310217295074,130.0,0.0,112.36483287849772,161.26912702002588,94.6425500666954,,,,,,,,,
6,273,propio,2,178.57066263467527,573.2791728262541,24.0,0.0,193.5177010923426,,,,,,,,,,,
6,274,propio,2,178.57066263467527,573.2791728262541,24.0,0.0,193.5177010923426,,,,,,,,,,,
6,275,propio,2,178.57066263467527,573.2791728262541,24.0,0.0,193.5177010923426,,,,,,,,,,,
6,276,propio,2,178.57066263467527,573.2791728262541,24.0,0.0,193.5177010923426,,,,,,,,,,,
6,277,propio,2,178.57066263467527,573.2791728262541,24.0,0.0,193.5177010923426,,,,,,,,,,,
6,278,propio,2,178.57066263467527,573.2791728262541,24.0,0.0,193.5177010923426,,,,,,,,,,,
6,279,propio,2,178.57066263467527,573.2791728262541,24.0,0.0,193.5177010923426,,,,,,,,,,,
6,279,rival,1,228.83434714483678,420.04310217295074,129.0,0.0,112.36483287849772,161.26912702002588,94.6425500666954,,,,,,,,,
6,280,propio,2,178.57066263467527,573.2791728262541,24.0,0.0,193.5177010923426,,,,,,,,,,,
6,280,rival,1,228.83434714483678,420.04310217295074,129.0,0.0,112.36483287849772,161.26912702002588,94.6425500666954,,,,,,,,,
6,281,propio,2,178.57066263467527,573.2791728262541,20.0,0.0,193.5177010923426,,,,,,,,,,,
6,281,impacto_recibido,2,,,20.0,,,,,1,1.0,4.0,,,,,,
6,282,propio,2,178.57066263467527,573.2791728262541,20.0,0.0,193.5177010923426,,,,,,,,,,,
6,283,propio,2,178.57066263467527,573.2791728262541,20.0,0.0,193.5177010923426,,,,,,,,,,,
6,284,propio,2,178.57066263467527,573.2791728262541,20.0,0.0,193.5177010923426,,,,,,,,,,,
6,285,propio,2,178.57066263467527,573.2791728262541,20.0,0.0,193.5177010923426,,,,,,,,,,,
6,286,propio,2,178.57066263467527,573.2791728262541,20.0,0.0,193.5177010923426,,,,,,,,,,,
6,287,propio,2,178.57066263467527,573.2791728262541,20.0,0.0,193.5177010923426,,,,,,,,,,,
6,287,rival,1,228.83434714483678,420.04310217295074,132.0,0.0,112.36483287849772,161.26912702002588,94.6425500666954,,,,,,,,,
6,288,propio,2,178.57066263467527,573.2791728262541,19.0,0.0,193.5177010923426,,,,,,,,,,,
6,288,disparo,2,178.57066263467527,573.2791728262541,19.0,,193.5177010923426,,,,1.0,,,,,,,
6,288,rival,1,228.83434714483678,420.04310217295074,132.0,0.0,112.36483287849772,161.26912702002588,94.6425500666954,,,,,,,,,
6,289,propio,2,178.57066263467527,573.2791728262541,19.0,0.0,193.5177010923426,,,,,,,,,,,
6,290,propio,2,178.57066263467527,573.2791728262541,19.0,0.0,193.5177010923426,,,,,,,,,,,
6,291,propio,2,178.57066263467527,573.2791728262541,19.0,0.0,193.5177010923426,,,,,,,,,,,
6,292,propio,2,178.57066263467527,573.2791728262541,19.0,0.0,193.5177010923426,,,,,,,,,,,
6,293,propio,2,178.57066263467527,573.2791728262541,19.0,0.0,193.5177010923426,,,,,,,,,,,
6,294,propio,2,178.57066263467527,573.2791728262541,19.0,0.0,193.5177010923426,,,,,,,,,,,
6,295,propio,2,178.57066263467527,573.2791728262541,19.0,0.0,193.5177010923426,,,,,,,,,,,
6,295,rival,1,228.83434714483678,420.04310217295074,131.0,0.0,112.36483287849772,161.26912702002588,94.6425500666954,,,,,,,,,
6,296,propio,2,178.57066263467527,573.2791728262541,19.0,0.0,193.5177010923426,,,,,,,,,,,
6,296,rival,1,228.83434714483678,420.04310217295074,131.0,0.0,112.36483287849772,161.26912702002588,94.6425500666954,,,,,,,,,
6,297,propio,2,178.57066263467527,573.2791728262541,15.0,0.0,193.5177010923426,,,,,,,,,,,
6,297,impacto_recibido,2,,,15.0,,,,,1,1.0,4.0,,,,,,
6,298,propio,2,178.57066263467527,573.2791728262541,15.0,0.0,193.5177010923426,,,,,,,,,,,
6,299,propio,2,178.57066263467527,573.2791728262541,15.0,0.0,193.5177010923426,,,,,,,,,,,
6,300,propio,2,178.57066263467527,573.2791728262541,15.0,0.0,193.5177010923426,,,,,,,,,,,
6,301,propio,2,178.57066263467527,573.2791728262541,15.0,0.0,193.5177010923426,,,,,,,,,,,
6,302,propio,2,178.57066263467527,573.2791728262541,15.0,0.0,193.5177010923426,,,,,,,,,,,
6,303,propio,2,178.57066263467527,573.2791728262541,15.0,0.0,193.5177010923426,,,,,,,,,,,
6,303,rival,1,228.83434714483678,420.04310217295074,134.0,0.0,112.36483287849772,161.26912702002588,94.6425500666954,,,,,,,,,
6,304,propio,2,178.57066263467527,573.2791728262541,14.0,0.0,193.5177010923426,,,,,,,,,,,
6,304,disparo,2,178.57066263467527,573.2791728262541,14.0,,193.5177010923426,,,,1.0,,,,,,,
6,304,rival,1,228.83434714483678,420.04310217295074,134.0,0.0,112.36483287849772,161.26912702002588,94.6425500666954,,,,,,,,,
6,305,propio,2,178.57066263467527,573.2791728262541,14.0,0.0,193.5177010923426,,,,,,,,,,,
6,306,propio,2,178.57066263467527,573.2791728262541,14.0,0.0,193.5177010923426,,,,,,,,,,,
6,307,propio,2,178.57066263467527,573.2791728262541,14.0,0.0,193.5177010923426,,,,,,,,,,,
6,308,propio,2,178.57066263467527,573.2791728262541,14.0,0.0,193.5177010923426,,,,,,,,,,,
6,309,propio,2,178.57066263467527,573.2791728262541,14.0,0.0,193.5177010923426,,,,,,,,,,,
6,310,propio,2,178.57066263467527,573.2791728262541,14.0,0.0,193.5177010923426,,,,,,,,,,,
6,311,propio,2,178.57066263467527,573.2791728262541,14.0,0.0,193.5177010923426,,,,,,,,,,,
6,311,rival,1,228.83434714483678,420.04310217295074,133.0,0.0,112.36483287849772,161.26912702002588,94.6425500666954,,,,,,,,,
6,312,propio,2,178.57066263467527,573.2791728262541,14.0,0.0,193.5177010923426,,,,,,,,,,,
6,312,rival,1,228.83434714483678,420.04310217295074,133.0,0.0,112.36483287849772,161.26912702002588,94.6425500666954,,,,,,,,,
6,313,propio,2,178.57066263467527,573.2791728262541,10.0,0.0,193.5177010923426,,,,,,,,,,,
6,313,impacto_recibido,2,,,10.0,,,,,1,1.0,4.0,,,,,,
6,314,propio,2,178.57066263467527,573.2791728262541,10.0,0.0,193.5177010923426,,,,,,,,,,,
6,315,propio,2,178.57066263467527,573.2791728262541,10.0,0.0,193.5177010923426,,,,,,,,,,,
6,316,propio,2,178.57066263467527,573.2791728262541,10.0,0.0,193.5177010923426,,,,,,,,,,,
6,317,propio,2,178.57066263467527,573.2791728262541,10.0,0.0,193.5177010923426,,,,,,,,,,,
6,318,propio,2,178.57066263467527,573.2791728262541,10.0,0.0,193.5177010923426,,,,,,,,,,,
6,319,propio,2,178.57066263467527,573.2791728262541,10.0,0.0,193.5177010923426,,,,,,,,,,,
6,319,rival,1,228.83434714483678,420.04310217295074,136.0,0.0,112.36483287849772,161.26912702002588,94.6425500666954,,,,,,,,,
6,320,propio,2,178.57066263467527,573.2791728262541,9.0,0.0,193.5177010923426,,,,,,,,,,,
6,320,disparo,2,178.57066263467527,573.2791728262541,9.0,,193.5177010923426,,,,1.0,,,,,,,
6,320,rival,1,228.83434714483678,420.04310217295074,136.0,0.0,112.36483287849772,161.26912702002588,94.6425500666954,,,,,,,,,
6,321,propio,2,178.57066263467527,573.2791728262541,9.0,0.0,193.5177010923426,,,,,,,,,,,
6,322,propio,2,178.57066263467527,573.2791728262541,9.0,0.0,193.5177010923426,,,,,,,,,,,
6,323,propio,2,178.57066263467527,573.2791728262541,9.0,0.0,193.5177010923426,,,,,,,,,,,
6,324,propio,2,178.57066263467527,573.2791728262541,9.0,0.0,193.5177010923426,,,,,,,,,,,
6,325,propio,2,178.57066263467527,573.2791728262541,9.0,0.0,193.5177010923426,,,,,,,,,,,
6,326,propio,2,178.57066263467527,573.2791728262541,9.0,0.0,193.5177010923426,,,,,,,,,,,
6,327,propio,2,178.57066263467527,573.2791728262541,9.0,0.0,193.5177010923426,,,,,,,,,,,
6,327,rival,1,228.83434714483678,420.04310217295074,135.0,0.0,112.36483287849772,161.26912702002588,94.6425500666954,,,,,,,,,
6,328,propio,2,178.57066263467527,573.2791728262541,9.0,0.0,193.5177010923426,,,,,,,,,,,
6,328,rival,1,228.83434714483678,420.04310217295074,135.0,0.0,112.36483287849772,161.26912702002588,94.6425500666954,,,,,,,,,
6,329,propio,2,178.57066263467527,573.2791728262541,5.0,0.0,193.5177010923426,,,,,,,,,,,
6,329,impacto_recibido,2,,,5.0,,,,,1,1.0,4.0,,,,,,
6,330,propio,2,178.57066263467527,573.2791728262541,5.0,0.0,193.5177010923426,,,,,,,,,,,
6,331,propio,2,178.57066263467527,573.2791728262541,5.0,0.0,193.5177010923426,,,,,,,,,,,
6,332,propio,2,178.57066263467527,573.2791728262541,5.0,0.0,193.5177010923426,,,,,,,,,,,
6,333,propio,2,178.57066263467527,573.2791728262541,5.0,0.0,193.5177010923426,,,,,,,,,,,
6,334,propio,2,178.57066263467527,573.2791728262541,5.0,0.0,193.5177010923426,,,,,,,,,,,
6,335,propio,2,178.57066263467527,573.2791728262541,5.0,0.0,193.5177010923426,,,,,,,,,,,
6,335,rival,1,228.83434714483678,420.04310217295074,138.0,0.0,112.36483287849772,161.26912702002588,94.6425500666954,,,,,,,,,
6,336,propio,2,178.57066263467527,573.2791728262541,4.0,0.0,193.5177010923426,,,,,,,,,,,
6,336,disparo,2,178.57066263467527,573.2791728262541,4.0,,193.5177010923426,,,,1.0,,,,,,,
6,336,rival,1,228.83434714483678,420.04310217295074,138.0,0.0,112.36483287849772,161.26912702002588,94.6425500666954,,,,,,,,,
6,337,propio,2,178.57066263467527,573.2791728262541,4.0,0.0,193.5177010923426,,,,,,,,,,,
6,338,propio,2,178.57066263467527,573.2791728262541,4.0,0.0,193.5177010923426,,,,,,,,,,,
6,339,propio,2,178.57066263467527,573.2791728262541,4.0,0.0,193.5177010923426,,,,,,,,,,,
6,340,propio,2,178.57066263467527,573.2791728262541,4.0,0.0,193.5177010923426,,,,,,,,,,,
6,341,propio,2,178.57066263467527,573.2791728262541,4.0,0.0,193.5177010923426,,,,,,,,,,,
6,342,propio,2,178.57066263467527,573.2791728262541,4.0,0.0,193.5177010923426,,,,,,,,,,,
6,343,propio,2,178.57066263467527,573.2791728262541,4.0,0.0,193.5177010923426,,,,,,,,,,,
6,343,rival,1,228.83434714483678,420.04310217295074,137.0,0.0,112.36483287849772,161.26912702002588,94.6425500666954,,,,,,,,,
6,344,propio,2,178.57066263467527,573.2791728262541,4.0,0.0,193.5177010923426,,,,,,,,,,,
6,344,rival,1,228.83434714483678,420.04310217295074,137.0,0.0,112.36483287849772,161.26912702002588,94.6425500666954,,,,,,,,,
6,345,propio,2,178.57066263467527,573.2791728262541,0.0,0.0,193.5177010923426,,,,,,,,,,,
6,345,impacto_recibido,2,,,0.0,,,,,1,1.0,4.0,,,,,,
6,346,propio,2,178.57066263467527,573.2791728262541,0.0,0.0,193.5177010923426,,,,,,,,,,,
6,347,propio,2,178.57066263467527,573.2791728262541,0.0,0.0,193.5177010923426,,,,,,,,,,,
6,348,propio,2,178.57066263467527,573.2791728262541,0.0,0.0,193.5177010923426,,,,,,,,,,,
6,349,propio,2,178.57066263467527,573.2791728262541,0.0,0.0,193.5177010923426,,,,,,,,,,,
6,350,propio,2,178.57066263467527,573.2791728262541,0.0,0.0,193.5177010923426,,,,,,,,,,,
6,351,propio,2,178.57066263467527,573.2791728262541,0.0,0.0,193.5177010923426,,,,,,,,,,,
6,352,propio,2,178.57066263467527,573.2791728262541,0.0,0.0,193.5177010923426,,,,,,,,,,,
6,353,propio,2,178.57066263467527,573.2791728262541,0.0,0.0,193.5177010923426,,,,,,,,,,,
6,354,propio,2,178.57066263467527,573.2791728262541,0.0,0.0,193.5177010923426,,,,,,,,,,,
6,355,propio,2,178.57066263467527,573.2791728262541,0.0,0.0,193.5177010923426,,,,,,,,,,,
6,356,propio,2,178.57066263467527,573.2791728262541,0.0,0.0,193.5177010923426,,,,,,,,,,,
6,357,propio,2,178.57066263467527,573.2791728262541,0.0,0.0,193.5177010923426,,,,,,,,,,,
6,358,propio,2,178.57066263467527,573.2791728262541,0.0,0.0,193.5177010923426,,,,,,,,,,,
6,359,propio,2,178.57066263467527,573.2791728262541,0.0,0.0,193.5177010923426,,,,,,,,,,,
6,360,propio,2,178.57066263467527,573.2791728262541,0.0,0.0,193.5177010923426,,,,,,,,,,,
6,361,propio,2,178.57066263467527,573.2791728262541,-4.0,0.0,193.5177010923426,,,,,,,,,,,
6,361,impacto_recibido,2,,,-4.0,,,,,1,1.0,4.0,,,,,,
6,361,fin_ronda,2,,,,,,,,,,,0,2,0.0,0.0,0.0,0.0
7,1,propio,2,120.33823390885689,127.74383952988813,100.0,0.0,109.99265470541052,,,,,,,,,,,
7,2,propio,2,120.33823390885689,127.74383952988813,100.0,0.0,109.99265470541052,,,,,,,,,,,
7,2,rival,1,129.22826455171767,270.69265595315596,100.0,0.0,319.1587130264719,143.2249865129829,-23.55131362731487,,,,,,,,,
7,3,propio,2,120.33823390885689,127.74383952988813,100.0,0.0,109.99265470541052,,,,,,,,,,,
7,4,propio,2,120.33823390885689,127.74383952988813,100.0,0.0,109.99265470541052,,,,,,,,,,,
7,5,propio,2,120.33823390885689,127.74383952988813,100.0,0.0,109.99265470541052,,,,,,,,,,,
7,6,propio,2,120.33823390885689,127.74383952988813,100.0,0.0,109.99265470541052,,,,,,,,,,,
7,7,propio,2,120.33823390885689,127.74383952988813,100.0,0.0,109.99265470541052,,,,,,,,,,,
7,8,propio,2,120.33823390885689,127.74383952988813,100.0,0.0,109.99265470541052,,,,,,,,,,,
7,9,propio,2,120.33823390885689,127.74383952988813,100.0,0.0,109.99265470541052,,,,,,,,,,,
7,10,propio,2,120.33823390885689,127.74383952988813,100.0,0.0,109.99265470541052,,,,,,,,,,,
7,10,rival,1,129.22826455171767,270.69265595315596,100.0,0.0,319.1587130264719,143.2249865129829,-23.55131362731487,,,,,,,,,
7,11,propio,2,120.33823390885689,127.74383952988813,100.0,0.0,109.99265470541052,,,,,,,,,,,
7,12,propio,2,120.33823390885689,127.74383952988813,100.0,0.0,109.99265470541052,,,,,,,,,,,
7,13,propio,2,120.33823390885689,127.74383952988813,100.0,0.0,109.99265470541052,,,,,,,,,,,
7,14,propio,2,120.33823390885689,127.74383952988813,100.0,0.0,109.99265470541052,,,,,,,,,,,
7,15,propio,2,120.33823390885689,127.74383952988813,100.0,0.0,109.99265470541052,,,,,,,,,,,
7,16,propio,2,120.33823390885689,127.74383952988813,100.0,0.0,109.99265470541052,,,,,,,,,,,
7,17,propio,2,120.33823390885689,127.74383952988813,100.0,0.0,109.99265470541052,,,,,,,,,,,
7,18,propio,2,120.33823390885689,127.74383952988813,100.0,0.0,109.99265470541052,,,,,,,,,,,
7,18,rival,1,129.22826455171767,270.69265595315596,100.0,0.0,319.1587130264719,143.2249865129829,-23.55131362731487,,,,,,,,,
7,19,propio,2,120.33823390885689,127.74383952988813,100.0,0.0,109.99265470541052,,,,,,,,,,,
7,20,propio,2,120.33823390885689,127.74383952988813,100.0,0.0,109.99265470541052,,,,,,,,,,,
7,21,propio,2,120.33823390885689,127.74383952988813,100.0,0.0,109.99265470541052,,,,,,,,,,,
7,22,propio,2,120.33823390885689,127.74383952988813,100.0,0.0,109.99265470541052,,,,,,,,,,,
7,23,propio,2,120.33823390885689,127.74383952988813,100.0,0.0,109.99265470541052,,,,,,,,,,,
7,24,propio,2,120.33823390885689,127.74383952988813,100.0,0.0,109.99265470541052,,,,,,,,,,,
7,25,propio,2,120.33823390885689,127.74383952988813,100.0,0.0,109.99265470541052,,,,,,,,,,,
7,26,propio,2,120.33823390885689,127.74383952988813,100.0,0.0,109.99265470541052,,,,,,,,,,,
7,26,rival,1,129.22826455171767,270.69265595315596,100.0,0.0,319.1587130264719,143.2249865129829,-23.55131362731487,,,,,,,,,
7,27,propio,2,120.33823390885689,127.74383952988813,100.0,0.0,109.99265470541052,,,,,,,,,,,
7,28,propio,2,120.33823390885689,127.74383952988813,100.0,0.0,109.99265470541052,,,,,,,,,,,
7,29,propio,2,120.33823390885689,127.74383952988813,100.0,0.0,109.99265470541052,,,,,,,,,,,
7,30,propio,2,120.33823390885689,127.74383952988813,100.0,0.0,109.99265470541052,,,,,,,,,,,
7,31,propio,2,120.33823390885689,127.74383952988813,100.0,0.0,109.99265470541052,,,,,,,,,,,
7,32,propio,2,120.33823390885689,127.74383952988813,100.0,0.0,109.99265470541052,,,,,,,,,,,
7,33,propio,2,120.33823390885689,127.74383952988813,100.0,0.0,109.99265470541052,,,,,,,,,,,
7,34,propio,2,120.33823390885689,127.74383952988813,100.0,0.0,109.99265470541052,,,,,,,,,,,
7,34,rival,1,129.22826455171767,270.69265595315596,100.0,0.0,319.1587130264719,143.2249865129829,-23.55131362731487,,,,,,,,,
7,35,propio,2,120.33823390885689,127.74383952988813,99.0,0.0,109.99265470541052,,,,,,,,,,,
7,35,disparo,2,120.33823390885689,127.74383952988813,99.0,,109.99265470541052,,,,1.0,,,,,,,
7,36,propio,2,120.33823390885689,127.74383952988813,99.0,0.0,109.99265470541052,,,,,,,,,,,
7,37,propio,2,120.33823390885689,127.74383952988813,99.0,0.0,109.99265470541052,,,,,,,,,,,
7,38,propio,2,120.33823390885689,127.74383952988813,99.0,0.0,109.99265470541052,,,,,,,,,,,
7,39,propio,2,120.33823390885689,127.74383952988813,99.0,0.0,109.99265470541052,,,,,,,,,,,
7,40,propio,2,120.33823390885689,127.74383952988813,99.0,0.0,109.99265470541052,,,,,,,,,,,
7,41,propio,2,120.33823390885689,127.74383952988813,99.0,0.0,109.99265470541052,,,,,,,,,,,
7,42,propio,2,120.33823390885689,127.74383952988813,99.0,0.0,109.99265470541052,,,,,,,,,,,
7,42,rival,1,129.22826455171767,270.69265595315596,99.0,0.0,319.1587130264719,143.2249865129829,-23.55131362731487,,,,,,,,,
7,43,propio,2,120.33823390885689,127.74383952988813,99.0,0.0,109.99265470541052,,,,,,,,,,,
7,44,propio,2,120.33823390885689,127.74383952988813,99.0,0.0,109.99265470541052,,,,,,,,,,,
7,45,propio,2,120.33823390885689,127.74383952988813,99.0,0.0,109.99265470541052,,,,,,,,,,,
7,46,propio,2,120.33823390885689,127.74383952988813,99.0,0.0,109.99265470541052,,,,,,,,,,,
7,47,propio,2,120.33823390885689,127.74383952988813,99.0,0.0,109.99265470541052,,,,,,,,,,,
7,48,propio,2,120.33823390885689,127.74383952988813,99.0,0.0,109.99265470541052,,,,,,,,,,,
7,49,propio,2,120.33823390885689,127.74383952988813,99.0,0.0,109.99265470541052,,,,,,,,,,,
7,50,propio,2,120.33823390885689,127.74383952988813,99.0,0.0,109.99265470541052,,,,,,,,,,,
7,50,rival,1,129.22826455171767,270.69265595315596,99.0,0.0,319.1587130264719,143.2249865129829,-23.55131362731487,,,,,,,,,
7,51,propio,2,120.33823390885689,127.74383952988813,98.0,0.0,109.99265470541052,,,,,,,,,,,
7,51,disparo,2,120.33823390885689,127.74383952988813,98.0,,109.99265470541052,,,,1.0,,,,,,,
7,52,propio,2,120.33823390885689,127.74383952988813,98.0,0.0,109.99265470541052,,,,,,,,,,,
7,53,propio,2,120.33823390885689,127.74383952988813,98.0,0.0,109.99265470541052,,,,,,,,,,,
7,54,propio,2,120.33823390885689,127.74383952988813,98.0,0.0,109.99265470541052,,,,,,,,,,,
7,55,propio,2,120.33823390885689,127.74383952988813,98.0,0.0,109.99265470541052,,,,,,,,,,,
7,56,propio,2,120.33823390885689,127.74383952988813,98.0,0.0,109.99265470541052,,,,,,,,,,,
7,57,propio,2,120.33823390885689,127.74383952988813,98.0,0.0,109.99265470541052,,,,,,,,,,,
7,58,propio,2,120.33823390885689,127.74383952988813,98.0,0.0,109.99265470541052,,,,,,,,,,,
7,58,rival,1,129.22826455171767,270.69265595315596,98.0,0.0,319.1587130264719,143.2249865129829,-23.55131362731487,,,,,,,,,
7,59,propio,2,120.33823390885689,127.74383952988813,98.0,0.0,109.99265470541052,,,,,,,,,,,
7,60,propio,2,120.33823390885689,127.74383952988813,98.0,0.0,109.99265470541052,,,,,,,,,,,
7,61,propio,2,120.33823390885689,127.74383952988813,98.0,0.0,109.99265470541052,,,,,,,,,,,
7,62,propio,2,120.33823390885689,127.74383952988813,98.0,0.0,109.99265470541052,,,,,,,,,,,
7,63,propio,2,120.33823390885689,127.74383952988813,98.0,0.0,109.99265470541052,,,,,,,,,,,
7,64,propio,2,120.33823390885689,127.74383952988813,98.0,0.0,109.99265470541052,,,,,,,,,,,
7,65,propio,2,120.33823390885689,127.74383952988813,98.0,0.0,109.99265470541052,,,,,,,,,,,
7,66,propio,2,120.33823390885689,127.74383952988813,98.0,0.0,109.99265470541052,,,,,,,,,,,
7,66,rival,1,129.22826455171767,270.69265595315596,98.0,0.0,319.1587130264719,143.2249865129829,-23.55131362731487,,,,,,,,,
7,67,propio,2,120.33823390885689,127.74383952988813,97.0,0.0,109.99265470541052,,,,,,,,,,,
7,67,disparo,2,120.33823390885689,127.74383952988813,97.0,,109.99265470541052,,,,1.0,,,,,,,
7,68,propio,2,120.33823390885689,127.74383952988813,97.0,0.0,109.99265470541052,,,,,,,,,,,
7,69,propio,2,120.33823390885689,127.74383952988813,97.0,0.0,109.99265470541052,,,,,,,,,,,
7,70,propio,2,120.33823390885689,127.74383952988813,97.0,0.0,109.99265470541052,,,,,,,,,,,
7,71,propio,2,120.33823390885689,127.74383952988813,97.0,0.0,109.99265470541052,,,,,,,,,,,
7,72,propio,2,120.33823390885689,127.74383952988813,97.0,0.0,109.99265470541052,,,,,,,,,,,
7,73,propio,2,120.33823390885689,127.74383952988813,97.0,0.0,109.99265470541052,,,,,,,,,,,
7,74,propio,2,120.33823390885689,127.74383952988813,97.0,0.0,109.99265470541052,,,,,,,,,,,
7,74,rival,1,129.22826455171767,270.69265595315596,97.0,0.0,319.1587130264719,143.2249865129829,-23.55131362731487,,,,,,,,,
7,75,propio,2,120.33823390885689,127.74383952988813,97.0,0.0,109.99265470541052,,,,,,,,,,,
7,76,propio,2,120.33823390885689,127.74383952988813,97.0,0.0,109.99265470541052,,,,,,,,,,,
7,77,propio,2,120.33823390885689,127.74383952988813,97.0,0.0,109.99265470541052,,,,,,,,,,,
7,78,propio,2,120.33823390885689,127.74383952988813,97.0,0.0,109.99265470541052,,,,,,,,,,,
7,79,propio,2,120.33823390885689,127.74383952988813,97.0,0.0,109.99265470541052,,,,,,,,,,,
7,80,propio,2,120.33823390885689,127.74383952988813,97.0,0.0,109.99265470541052,,,,,,,,,,,
7,81,propio,2,120.33823390885689,127.74383952988813,97.0,0.0,109.99265470541052,,,,,,,,,,,
7,82,propio,2,120.33823390885689,127.74383952988813,97.0,0.0,109.99265470541052,,,,,,,,,,,
7,82,rival,1,129.22826455171767,270.69265595315596,97.0,0.0,319.1587130264719,143.2249865129829,-23.55131362731487,,,,,,,,,
7,83,propio,2,120.33823390885689,127.74383952988813,96.0,0.0,109.99265470541052,,,,,,,,,,,
7,83,disparo,2,120.33823390885689,127.74383952988813,96.0,,109.99265470541052,,,,1.0,,,,,,,
7,84,propio,2,120.33823390885689,127.74383952988813,96.0,0.0,109.99265470541052,,,,,,,,,,,
7,85,propio,2,120.33823390885689,127.74383952988813,96.0,0.0,109.99265470541052,,,,,,,,,,,
7,86,propio,2,120.33823390885689,127.74383952988813,96.0,0.0,109.99265470541052,,,,,,,,,,,
7,87,propio,2,120.33823390885689,127.74383952988813,96.0,0.0,109.99265470541052,,,,,,,,,,,
7,88,propio,2,120.33823390885689,127.74383952988813,96.0,0.0,109.99265470541052,,,,,,,,,,,
7,89,propio,2,120.33823390885689,127.74383952988813,96.0,0.0,109.99265470541052,,,,,,,,,,,
7,90,propio,2,120.33823390885689,127.74383952988813,96.0,0.0,109.99265470541052,,,,,,,,,,,
7,90,rival,1,129.22826455171767,270.69265595315596,96.0,0.0,319.1587130264719,143.2249865129829,-23.55131362731487,,,,,,,,,
7,91,propio,2,120.33823390885689,127.74383952988813,96.0,0.0,109.99265470541052,,,,,,,,,,,
7,92,propio,2,120.33823390885689,127.74383952988813,96.0,0.0,109.99265470541052,,,,,,,,,,,
7,93,propio,2,120.33823390885689,127.74383952988813,96.0,0.0,109.99265470541052,,,,,,,,,,,
7,94,propio,2,120.33823390885689,127.74383952988813,96.0,0.0,109.99265470541052,,,,,,,,,,,
7,95,propio,2,120.33823390885689,127.74383952988813,96.0,0.0,109.99265470541052,,,,,,,,,,,
7,96,propio,2,120.33823390885689,127.74383952988813,96.0,0.0,109.99265470541052,,,,,,,,,,,
7,97,propio,2,120.33823390885689,127.74383952988813,96.0,0.0,109.99265470541052,,,,,,,,,,,
7,98,propio,2,120.33823390885689,127.74383952988813,96.0,0.0,109.99265470541052,,,,,,,,,,,
7,98,rival,1,129.22826455171767,270.69265595315596,96.0,0.0,319.1587130264719,143.2249865129829,-23.55131362731487,,,,,,,,,
7,99,propio,2,120.33823390885689,127.74383952988813,95.0,0.0,109.99265470541052,,,,,,,,,,,
7,99,disparo,2,120.33823390885689,127.74383952988813,95.0,,109.99265470541052,,,,1.0,,,,,,,
7,100,propio,2,120.33823390885689,127.74383952988813,95.0,0.0,109.99265470541052,,,,,,,,,,,
7,101,propio,2,120.33823390885689,127.74383952988813,95.0,0.0,109.99265470541052,,,,,,,,,,,
7,102,propio,2,120.33823390885689,127.74383952988813,95.0,0.0,109.99265470541052,,,,,,,,,,,
7,103,propio,2,120.33823390885689,127.74383952988813,95.0,0.0,109.99265470541052,,,,,,,,,,,
7,104,propio,2,120.33823390885689,127.74383952988813,95.0,0.0,109.99265470541052,,,,,,,,,,,
7,105,propio,2,120.33823390885689,127.74383952988813,95.0,0.0,109.99265470541052,,,,,,,,,,,
7,106,propio,2,120.33823390885689,127.74383952988813,95.0,0.0,109.99265470541052,,,,,,,,,,,
7,106,rival,1,129.22826455171767,270.69265595315596,95.0,0.0,319.1587130264719,143.2249865129829,-23.55131362731487,,,,,,,,,
7,107,propio,2,120.33823390885689,127.74383952988813,95.0,0.0,109.99265470541052,,,,,,,,,,,
7,108,propio,2,120.33823390885689,127.74383952988813,95.0,0.0,109.99265470541052,,,,,,,,,,,
7,109,propio,2,120.33823390885689,127.74383952988813,95.0,0.0,109.99265470541052,,,,,,,,,,,
7,110,propio,2,120.33823390885689,127.74383952988813,95.0,0.0,109.99265470541052,,,,,,,,,,,
7,111,propio,2,120.33823390885689,127.74383952988813,95.0,0.0,109.99265470541052,,,,,,,,,,,
7,112,propio,2,120.33823390885689,127.74383952988813,95.0,0.0,109.99265470541052,,,,,,,,,,,
7,113,propio,2,120.33823390885689,127.74383952988813,95.0,0.0,109.99265470541052,,,,,,,,,,,
7,114,propio,2,120.33823390885689,127.74383952988813,95.0,0.0,109.99265470541052,,,,,,,,,,,
7,114,rival,1,129.22826455171767,270.69265595315596,95.0,0.0,319.1587130264719,143.2249865129829,-23.55131362731487,,,,,,,,,
7,115,propio,2,120.33823390885689,127.74383952988813,94.0,0.0,109.99265470541052,,,,,,,,,,,
7,115,disparo,2,120.33823390885689,127.74383952988813,94.0,,109.99265470541052,,,,1.0,,,,,,,
7,116,propio,2,120.33823390885689,127.74383952988813,94.0,0.0,109.99265470541052,,,,,,,,,,,
7,117,propio,2,120.33823390885689,127.74383952988813,94.0,0.0,109.99265470541052,,,,,,,,,,,
7,118,propio,2,120.33823390885689,127.74383952988813,94.0,0.0,109.99265470541052,,,,,,,,,,,
7,119,propio,2,120.33823390885689,127.74383952988813,94.0,0.0,109.99265470541052,,,,,,,,,,,
7,120,propio,2,120.33823390885689,127.74383952988813,94.0,0.0,109.99265470541052,,,,,,,,,,,
7,121,propio,2,120.33823390885689,127.74383952988813,94.0,0.0,109.99265470541052,,,,,,,,,,,
7,122,propio,2,120.33823390885689,127.74383952988813,94.0,0.0,109.99265470541052,,,,,,,,,,,
7,122,rival,1,129.22826455171767,270.69265595315596,94.0,0.0,319.1587130264719,143.2249865129829,-23.55131362731487,,,,,,,,,
7,123,propio,2,120.33823390885689,127.74383952988813,94.0,0.0,109.99265470541052,,,,,,,,,,,
7,124,propio,2,120.33823390885689,127.74383952988813,94.0,0.0,109.99265470541052,,,,,,,,,,,
7,125,propio,2,120.33823390885689,127.74383952988813,94.0,0.0,109.99265470541052,,,,,,,,,,,
7,126,propio,2,120.33823390885689,127.74383952988813,94.0,0.0,109.99265470541052,,,,,,,,,,,
7,127,propio,2,120.33823390885689,127.74383952988813,94.0,0.0,109.99265470541052,,,,,,,,,,,
7,128,propio,2,120.33823390885689,127.74383952988813,94.0,0.0,109.99265470541052,,,,,,,,,,,
7,129,propio,2,120.33823390885689,127.74383952988813,94.0,0.0,109.99265470541052,,,,,,,,,,,
7,130,propio,2,120.33823390885689,127.74383952988813,94.0,0.0,109.99265470541052,,,,,,,,,,,
7,130,rival,1,129.22826455171767,270.69265595315596,94.0,0.0,319.1587130264719,143.2249865129829,-23.55131362731487,,,,,,,,,
7,131,propio,2,120.33823390885689,127.74383952988813,93.0,0.0,109.99265470541052,,,,,,,,,,,
7,131,disparo,2,120.33823390885689,127.74383952988813,93.0,,109.99265470541052,,,,1.0,,,,,,,
7,132,propio,2,120.33823390885689,127.74383952988813,93.0,0.0,109.99265470541052,,,,,,,,,,,
7,133,propio,2,120.33823390885689,127.74383952988813,93.0,0.0,109.99265470541052,,,,,,,,,,,
7,134,propio,2,120.33823390885689,127.74383952988813,93.0,0.0,109.99265470541052,,,,,,,,,,,
7,135,propio,2,120.33823390885689,127.74383952988813,93.0,0.0,109.99265470541052,,,,,,,,,,,
7,136,propio,2,120.33823390885689,127.74383952988813,93.0,0.0,109.99265470541052,,,,,,,,,,,
7,137,propio,2,120.33823390885689,127.74383952988813,93.0,0.0,109.99265470541052,,,,,,,,,,,
7,138,propio,2,120.33823390885689,127.74383952988813,93.0,0.0,109.99265470541052,,,,,,,,,,,
7,138,rival,1,129.22826455171767,270.69265595315596,93.0,0.0,319.1587130264719,143.2249865129829,-23.55131362731487,,,,,,,,,
7,139,propio,2,120.33823390885689,127.74383952988813,93.0,0.0,109.99265470541052,,,,,,,,,,,
7,140,propio,2,120.33823390885689,127.74383952988813,93.0,0.0,109.99265470541052,,,,,,,,,,,
7,141,propio,2,120.33823390885689,127.74383952988813,93.0,0.0,109.99265470541052,,,,,,,,,,,
7,142,propio,2,120.33823390885689,127.74383952988813,93.0,0.0,109.99265470541052,,,,,,,,,,,
7,143,propio,2,120.33823390885689,127.74383952988813,93.0,0.0,109.99265470541052,,,,,,,,,,,
7,144,propio,2,120.33823390885689,127.74383952988813,93.0,0.0,109.99265470541052,,,,,,,,,,,
7,145,propio,2,120.33823390885689,127.74383952988813,93.0,0.0,109.99265470541052,,,,,,,,,,,
7,146,propio,2,120.33823390885689,127.74383952988813,93.0,0.0,109.99265470541052,,,,,,,,,,,
7,146,rival,1,129.22826455171767,270.69265595315596,93.0,0.0,319.1587130264719,143.2249865129829,-23.55131362731487,,,,,,,,,
7,147,propio,2,120.33823390885689,127.74383952988813,92.0,0.0,109.99265470541052,,,,,,,,,,,
7,147,disparo,2,120.33823390885689,127.74383952988813,92.0,,109.99265470541052,,,,1.0,,,,,,,
7,148,propio,2,120.33823390885689,127.74383952988813,92.0,0.0,109.99265470541052,,,,,,,,,,,
7,149,propio,2,120.33823390885689,127.74383952988813,92.0,0.0,109.99265470541052,,,,,,,,,,,
7,150,propio,2,120.33823390885689,127.74383952988813,92.0,0.0,109.99265470541052,,,,,,,,,,,
7,151,propio,2,120.33823390885689,127.74383952988813,92.0,0.0,109.99265470541052,,,,,,,,,,,
7,152,propio,2,120.33823390885689,127.74383952988813,92.0,0.0,109.99265470541052,,,,,,,,,,,
7,153,propio,2,120.33823390885689,127.74383952988813,92.0,0.0,109.99265470541052,,,,,,,,,,,
7,154,propio,2,120.33823390885689,127.74383952988813,92.0,0.0,109.99265470541052,,,,,,,,,,,
7,154,rival,1,129.22826455171767,270.69265595315596,92.0,0.0,319.1587130264719,143.2249865129829,-23.55131362731487,,,,,,,,,
7,155,propio,2,120.33823390885689,127.74383952988813,92.0,0.0,109.99265470541052,,,,,,,,,,,
7,156,propio,2,120.33823390885689,127.74383952988813,92.0,0.0,109.99265470541052,,,,,,,,,,,
7,157,propio,2,120.33823390885689,127.74383952988813,92.0,0.0,109.99265470541052,,,,,,,,,,,
7,158,propio,2,120.33823390885689,127.74383952988813,92.0,0.0,109.99265470541052,,,,,,,,,,,
7,159,propio,2,120.33823390885689,127.74383952988813,92.0,0.0,109.99265470541052,,,,,,,,,,,
7,160,propio,2,120.33823390885689,127.74383952988813,92.0,0.0,109.99265470541052,,,,,,,,,,,
7,161,propio,2,120.33823390885689,127.74383952988813,92.0,0.0,109.99265470541052,,,,,,,,,,,
7,162,propio,2,120.33823390885689,127.74383952988813,92.0,0.0,109.99265470541052,,,,,,,,,,,
7,162,rival,1,129.22826455171767,270.69265595315596,92.0,0.0,319.1587130264719,143.2249865129829,-23.55131362731487,,,,,,,,,
7,163,propio,2,120.33823390885689,127.74383952988813,91.0,0.0,109.99265470541052,,,,,,,,,,,
7,163,disparo,2,120.33823390885689,127.74383952988813,91.0,,109.99265470541052,,,,1.0,,,,,,,
7,164,propio,2,120.33823390885689,127.74383952988813,91.0,0.0,109.99265470541052,,,,,,,,,,,
7,165,propio,2,120.33823390885689,127.74383952988813,91.0,0.0,109.99265470541052,,,,,,,,,,,
7,166,propio,2,120.33823390885689,127.74383952988813,91.0,0.0,109.99265470541052,,,,,,,,,,,
7,167,propio,2,120.33823390885689,127.74383952988813,91.0,0.0,109.99265470541052,,,,,,,,,,,
7,168,propio,2,120.33823390885689,127.74383952988813,91.0,0.0,109.99265470541052,,,,,,,,,,,
7,169,propio,2,120.33823390885689,127.74383952988813,91.0,0.0,109.99265470541052,,,,,,,,,,,
7,170,propio,2,120.33823390885689,127.74383952988813,91.0,0.0,109.99265470541052,,,,,,,,,,,
7,170,rival,1,129.22826455171767,270.69265595315596,91.0,0.0,319.1587130264719,143.2249865129829,-23.55131362731487,,,,,,,,,
7,171,propio,2,120.33823390885689,127.74383952988813,91.0,0.0,109.99265470541052,,,,,,,,,,,
7,172,propio,2,120.33823390885689,127.74383952988813,91.0,0.0,109.99265470541052,,,,,,,,,,,
7,173,propio,2,120.33823390885689,127.74383952988813,91.0,0.0,109.99265470541052,,,,,,,,,,,
7,174,propio,2,120.33823390885689,127.74383952988813,91.0,0.0,109.99265470541052,,,,,,,,,,,
7,175,propio,2,120.33823390885689,127.74383952988813,91.0,0.0,109.99265470541052,,,,,,,,,,,
7,176,propio,2,120.33823390885689,127.74383952988813,91.0,0.0,109.99265470541052,,,,,,,,,,,
7,177,propio,2,120.33823390885689,127.74383952988813,91.0,0.0,109.99265470541052,,,,,,,,,,,
7,178,propio,2,120.33823390885689,127.74383952988813,91.0,0.0,109.99265470541052,,,,,,,,,,,
7,178,rival,1,129.22826455171767,270.69265595315596,91.0,0.0,319.1587130264719,143.2249865129829,-23.55131362731487,,,,,,,,,
7,179,propio,2,120.33823390885689,127.74383952988813,90.0,0.0,109.99265470541052,,,,,,,,,,,
7,179,disparo,2,120.33823390885689,127.74383952988813,90.0,,109.99265470541052,,,,1.0,,,,,,,
7,180,propio,2,120.33823390885689,127.74383952988813,90.0,0.0,109.99265470541052,,,,,,,,,,,
7,181,propio,2,120.33823390885689,127.74383952988813,90.0,0.0,109.99265470541052,,,,,,,,,,,
7,182,propio,2,120.33823390885689,127.74383952988813,90.0,0.0,109.99265470541052,,,,,,,,,,,
7,183,propio,2,120.33823390885689,127.74383952988813,90.0,0.0,109.99265470541052,,,,,,,,,,,
7,184,propio,2,120.33823390885689,127.74383952988813,90.0,0.0,109.99265470541052,,,,,,,,,,,
7,185,propio,2,120.33823390885689,127.74383952988813,90.0,0.0,109.99265470541052,,,,,,,,,,,
7,186,propio,2,120.33823390885689,127.74383952988813,90.0,0.0,109.99265470541052,,,,,,,,,,,
7,186,rival,1,129.22826455171767,270.69265595315596,90.0,0.0,319.1587130264719,143.2249865129829,-23.55131362731487,,,,,,,,,
7,187,propio,2,120.33823390885689,127.74383952988813,90.0,0.0,109.99265470541052,,,,,,,,,,,
7,188,propio,2,120.33823390885689,127.74383952988813,90.0,0.0,109.99265470541052,,,,,,,,,,,
7,189,propio,2,120.33823390885689,127.74383952988813,90.0,0.0,109.99265470541052,,,,,,,,,,,
7,190,propio,2,120.33823390885689,127.74383952988813,90.0,0.0,109.99265470541052,,,,,,,,,,,
7,191,propio,2,120.33823390885689,127.74383952988813,90.0,0.0,109.99265470541052,,,,,,,,,,,
7,192,propio,2,120.33823390885689,127.74383952988813,90.0,0.0,109.99265470541052,,,,,,,,,,,
7,193,propio,2,120.33823390885689,127.74383952988813,90.0,0.0,109.99265470541052,,,,,,,,,,,
7,194,propio,2,120.33823390885689,127.74383952988813,90.0,0.0,109.99265470541052,,,,,,,,,,,
7,194,rival,1,129.22826455171767,270.69265595315596,90.0,0.0,319.1587130264719,143.2249865129829,-23.55131362731487,,,,,,,,,
7,195,propio,2,120.33823390885689,127.74383952988813,89.0,0.0,109.99265470541052,,,,,,,,,,,
7,195,disparo,2,120.33823390885689,127.74383952988813,89.0,,109.99265470541052,,,,1.0,,,,,,,
7,196,propio,2,120.33823390885689,127.74383952988813,89.0,0.0,109.99265470541052,,,,,,,,,,,
7,197,propio,2,120.33823390885689,127.74383952988813,89.0,0.0,109.99265470541052,,,,,,,,,,,
7,198,propio,2,120.33823390885689,127.74383952988813,89.0,0.0,109.99265470541052,,,,,,,,,,,
7,199,propio,2,120.33823390885689,127.74383952988813,89.0,0.0,109.99265470541052,,,,,,,,,,,
7,200,propio,2,120.33823390885689,127.74383952988813,89.0,0.0,109.99265470541052,,,,,,,,,,,
7,201,propio,2,120.33823390885689,127.74383952988813,89.0,0.0,109.99265470541052,,,,,,,,,,,
7,202,propio,2,120.33823390885689,127.74383952988813,89.0,0.0,109.99265470541052,,,,,,,,,,,
7,202,rival,1,129.22826455171767,270.69265595315596,89.0,0.0,319.1587130264719,143.2249865129829,-23.55131362731487,,,,,,,,,
7,203,propio,2,120.33823390885689,127.74383952988813,89.0,0.0,109.99265470541052,,,,,,,,,,,
7,204,propio,2,120.33823390885689,127.74383952988813,89.0,0.0,109.99265470541052,,,,,,,,,,,
7,205,propio,2,120.33823390885689,127.74383952988813,89.0,0.0,109.99265470541052,,,,,,,,,,,
7,206,propio,2,120.33823390885689,127.74383952988813,89.0,0.0,109.99265470541052,,,,,,,,,,,
7,207,propio,2,120.33823390885689,127.74383952988813,89.0,0.0,109.99265470541052,,,,,,,,,,,
7,208,propio,2,120.33823390885689,127.74383952988813,89.0,0.0,109.99265470541052,,,,,,,,,,,
7,209,propio,2,120.33823390885689,127.74383952988813,89.0,0.0,109.99265470541052,,,,,,,,,,,
7,210,propio,2,120.33823390885689,127.74383952988813,89.0,0.0,109.99265470541052,,,,,,,,,,,
7,210,rival,1,129.22826455171767,270.69265595315596,89.0,0.0,319.1587130264719,143.2249865129829,-23.55131362731487,,,,,,,,,
7,211,propio,2,120.33823390885689,127.74383952988813,88.0,0.0,109.99265470541052,,,,,,,,,,,
7,211,disparo,2,120.33823390885689,127.74383952988813,88.0,,109.99265470541052,,,,1.0,,,,,,,
7,212,propio,2,120.33823390885689,127.74383952988813,88.0,0.0,109.99265470541052,,,,,,,,,,,
7,213,propio,2,120.33823390885689,127.74383952988813,88.0,0.0,109.99265470541052,,,,,,,,,,,
7,214,propio,2,120.33823390885689,127.74383952988813,88.0,0.0,109.99265470541052,,,,,,,,,,,
7,215,propio,2,120.33823390885689,127.74383952988813,88.0,0.0,109.99265470541052,,,,,,,,,,,
7,216,propio,2,120.33823390885689,127.74383952988813,88.0,0.0,109.99265470541052,,,,,,,,,,,
7,217,propio,2,120.33823390885689,127.74383952988813,88.0,0.0,109.99265470541052,,,,,,,,,,,
7,218,propio,2,120.33823390885689,127.74383952988813,88.0,0.0,109.99265470541052,,,,,,,,,,,
7,218,rival,1,129.22826455171767,270.69265595315596,88.0,0.0,319.1587130264719,143.2249865129829,-23.55131362731487,,,,,,,,,
7,219,propio,2,120.33823390885689,127.74383952988813,88.0,0.0,109.99265470541052,,,,,,,,,,,
7,220,propio,2,120.33823390885689,127.74383952988813,88.0,0.0,109.99265470541052,,,,,,,,,,,
7,221,propio,2,120.33823390885689,127.74383952988813,88.0,0.0,109.99265470541052,,,,,,,,,,,
7,222,propio,2,120.33823390885689,127.74383952988813,88.0,0.0,109.99265470541052,,,,,,,,,,,
7,223,propio,2,120.33823390885689,127.74383952988813,88.0,0.0,109.99265470541052,,,,,,,,,,,
7,224,propio,2,120.33823390885689,127.74383952988813,88.0,0.0,109.99265470541052,,,,,,,,,,,
7,225,propio,2,120.33823390885689,127.74383952988813,88.0,0.0,109.99265470541052,,,,,,,,,,,
7,226,propio,2,120.33823390885689,127.74383952988813,88.0,0.0,109.99265470541052,,,,,,,,,,,
7,226,rival,1,129.22826455171767,270.69265595315596,88.0,0.0,319.1587130264719,143.2249865129829,-23.55131362731487,,,,,,,,,
7,227,propio,2,120.33823390885689,127.74383952988813,87.0,0.0,109.99265470541052,,,,,,,,,,,
7,227,disparo,2,120.33823390885689,127.74383952988813,87.0,,109.99265470541052,,,,1.0,,,,,,,
7,228,propio,2,120.33823390885689,127.74383952988813,87.0,0.0,109.99265470541052,,,,,,,,,,,
7,229,propio,2,120.33823390885689,127.74383952988813,87.0,0.0,109.99265470541052,,,,,,,,,,,
7,230,propio,2,120.33823390885689,127.74383952988813,87.0,0.0,109.99265470541052,,,,,,,,,,,
7,231,propio,2,120.33823390885689,127.74383952988813,87.0,0.0,109.99265470541052,,,,,,,,,,,
7,232,propio,2,120.33823390885689,127.74383952988813,87.0,0.0,109.99265470541052,,,,,,,,,,,
7,233,propio,2,120.33823390885689,127.74383952988813,87.0,0.0,109.99265470541052,,,,,,,,,,,
7,234,propio,2,120.33823390885689,127.74383952988813,87.0,0.0,109.99265470541052,,,,,,,,,,,
7,234,rival,1,129.22826455171767,270.69265595315596,87.0,0.0,319.1587130264719,143.2249865129829,-23.55131362731487,,,,,,,,,
7,235,propio,2,120.33823390885689,127.74383952988813,87.0,0.0,109.99265470541052,,,,,,,,,,,
7,236,propio,2,120.33823390885689,127.74383952988813,87.0,0.0,109.99265470541052,,,,,,,,,,,
7,237,propio,2,120.33823390885689,127.74383952988813,87.0,0.0,109.99265470541052,,,,,,,,,,,
7,238,propio,2,120.33823390885689,127.74383952988813,87.0,0.0,109.99265470541052,,,,,,,,,,,
7,239,propio,2,120.33823390885689,127.74383952988813,87.0,0.0,109.99265470541052,,,,,,,,,,,
7,240,propio,2,120.33823390885689,127.74383952988813,87.0,0.0,109.99265470541052,,,,,,,,,,,
7,241,propio,2,120.33823390885689,127.74383952988813,87.0,0.0,109.99265470541052,,,,,,,,,,,
7,242,propio,2,120.33823390885689,127.74383952988813,87.0,0.0,109.99265470541052,,,,,,,,,,,
7,242,rival,1,129.22826455171767,270.69265595315596,87.0,0.0,319.1587130264719,143.2249865129829,-23.55131362731487,,,,,,,,,
7,243,propio,2,120.33823390885689,127.74383952988813,86.0,0.0,109.99265470541052,,,,,,,,,,,
7,243,disparo,2,120.33823390885689,127.74383952988813,86.0,,109.99265470541052,,,,1.0,,,,,,,
7,244,propio,2,120.33823390885689,127.74383952988813,86.0,0.0,109.99265470541052,,,,,,,,,,,
7,245,propio,2,120.33823390885689,127.74383952988813,86.0,0.0,109.99265470541052,,,,,,,,,,,
7,246,propio,2,120.33823390885689,127.74383952988813,86.0,0.0,109.99265470541052,,,,,,,,,,,
7,247,propio,2,120.33823390885689,127.74383952988813,86.0,0.0,109.99265470541052,,,,,,,,,,,
7,248,propio,2,120.33823390885689,127.74383952988813,86.0,0.0,109.99265470541052,,,,,,,,,,,
7,249,propio,2,120.33823390885689,127.74383952988813,86.0,0.0,109.99265470541052,,,,,,,,,,,
7,250,propio,2,120.33823390885689,127.74383952988813,86.0,0.0,109.99265470541052,,,,,,,,,,,
7,250,rival,1,129.22826455171767,270.69265595315596,86.0,0.0,319.1587130264719,143.2249865129829,-23.55131362731487,,,,,,,,,
7,251,propio,2,120.33823390885689,127.74383952988813,86.0,0.0,109.99265470541052,,,,,,,,,,,
7,252,propio,2,120.33823390885689,127.74383952988813,86.0,0.0,109.99265470541052,,,,,,,,,,,
7,253,propio,2,120.33823390885689,127.74383952988813,86.0,0.0,109.99265470541052,,,,,,,,,,,
7,254,propio,2,120.33823390885689,127.74383952988813,86.0,0.0,109.99265470541052,,,,,,,,,,,
7,255,propio,2,120.33823390885689,127.74383952988813,86.0,0.0,109.99265470541052,,,,,,,,,,,
7,256,propio,2,120.33823390885689,127.74383952988813,86.0,0.0,109.99265470541052,,,,,,,,,,,
7,257,propio,2,120.33823390885689,127.74383952988813,86.0,0.0,109.99265470541052,,,,,,,,,,,
7,258,propio,2,120.33823390885689,127.74383952988813,86.0,0.0,109.99265470541052,,,,,,,,,,,
7,258,rival,1,129.22826455171767,270.69265595315596,86.0,0.0,319.1587130264719,143.2249865129829,-23.55131362731487,,,,,,,,,
7,259,propio,2,120.33823390885689,127.74383952988813,85.0,0.0,109.99265470541052,,,,,,,,,,,
7,259,disparo,2,120.33823390885689,127.74383952988813,85.0,,109.99265470541052,,,,1.0,,,,,,,
7,260,propio,2,120.33823390885689,127.74383952988813,85.0,0.0,109.99265470541052,,,,,,,,,,,
7,261,propio,2,120.33823390885689,127.74383952988813,85.0,0.0,109.99265470541052,,,,,,,,,,,
7,262,propio,2,120.33823390885689,127.74383952988813,85.0,0.0,109.99265470541052,,,,,,,,,,,
7,263,propio,2,120.33823390885689,127.74383952988813,85.0,0.0,109.99265470541052,,,,,,,,,,,
7,264,propio,2,120.33823390885689,127.74383952988813,85.0,0.0,109.99265470541052,,,,,,,,,,,
7,265,propio,2,120.33823390885689,127.74383952988813,85.0,0.0,109.99265470541052,,,,,,,,,,,
7,266,propio,2,120.33823390885689,127.74383952988813,85.0,0.0,109.99265470541052,,,,,,,,,,,
7,266,rival,1,129.22826455171767,270.69265595315596,85.0,0.0,319.1587130264719,143.2249865129829,-23.55131362731487,,,,,,,,,
7,267,propio,2,120.33823390885689,127.74383952988813,85.0,0.0,109.99265470541052,,,,,,,,,,,
7,268,propio,2,120.33823390885689,127.74383952988813,85.0,0.0,109.99265470541052,,,,,,,,,,,
7,269,propio,2,120.33823390885689,127.74383952988813,85.0,0.0,109.99265470541052,,,,,,,,,,,
7,270,propio,2,120.33823390885689,127.74383952988813,85.0,0.0,109.99265470541052,,,,,,,,,,,
7,271,propio,2,120.33823390885689,127.74383952988813,85.0,0.0,109.99265470541052,,,,,,,,,,,
7,272,propio,2,120.33823390885689,127.74383952988813,85.0,0.0,109.99265470541052,,,,,,,,,,,
7,273,propio,2,120.33823390885689,127.74383952988813,85.0,0.0,109.99265470541052,,,,,,,,,,,
7,274,propio,2,120.33823390885689,127.74383952988813,85.0,0.0,109.99265470541052,,,,,,,,,,,
7,274,rival,1,129.22826455171767,270.69265595315596,85.0,0.0,319.1587130264719,143.2249865129829,-23.55131362731487,,,,,,,,,
7,275,propio,2,120.33823390885689,127.74383952988813,84.0,0.0,109.99265470541052,,,,,,,,,,,
7,275,disparo,2,120.33823390885689,127.74383952988813,84.0,,109.99265470541052,,,,1.0,,,,,,,
7,276,propio,2,120.33823390885689,127.74383952988813,84.0,0.0,109.99265470541052,,,,,,,,,,,
7,277,propio,2,120.33823390885689,127.74383952988813,84.0,0.0,109.99265470541052,,,,,,,,,,,
7,278,propio,2,120.33823390885689,127.74383952988813,84.0,0.0,109.99265470541052,,,,,,,,,,,
7,279,propio,2,120.33823390885689,127.74383952988813,84.0,0.0,109.99265470541052,,,,,,,,,,,
7,280,propio,2,120.33823390885689,127.74383952988813,84.0,0.0,109.99265470541052,,,,,,,,,,,
7,281,propio,2,120.33823390885689,127.74383952988813,84.0,0.0,109.99265470541052,,,,,,,,,,,
7,282,propio,2,120.33823390885689,127.74383952988813,84.0,0.0,109.99265470541052,,,,,,,,,,,
7,282,rival,1,129.22826455171767,270.69265595315596,84.0,0.0,319.1587130264719,143.2249865129829,-23.55131362731487,,,,,,,,,
7,283,propio,2,120.33823390885689,127.74383952988813,84.0,0.0,109.99265470541052,,,,,,,,,,,
7,284,propio,2,120.33823390885689,127.74383952988813,84.0,0.0,109.99265470541052,,,,,,,,,,,
7,285,propio,2,120.33823390885689,127.74383952988813,84.0,0.0,109.99265470541052,,,,,,,,,,,
7,286,propio,2,120.33823390885689,127.74383952988813,84.0,0.0,109.99265470541052,,,,,,,,,,,
7,287,propio,2,120.33823390885689,127.74383952988813,84.0,0.0,109.99265470541052,,,,,,,,,,,
7,288,propio,2,120.33823390885689,127.74383952988813,84.0,0.0,109.99265470541052,,,,,,,,,,,
7,289,propio,2,120.33823390885689,127.74383952988813,84.0,0.0,109.99265470541052,,,,,,,,,,,
7,290,propio,2,120.33823390885689,127.74383952988813,84.0,0.0,109.99265470541052,,,,,,,,,,,
7,290,rival,1,129.22826455171767,270.69265595315596,84.0,0.0,319.1587130264719,143.2249865129829,-23.55131362731487,,,,,,,,,
7,291,propio,2,120.33823390885689,127.74383952988813,83.0,0.0,109.99265470541052,,,,,,,,,,,
7,291,disparo,2,120.33823390885689,127.74383952988813,83.0,,109.99265470541052,,,,1.0,,,,,,,
7,292,propio,2,120.33823390885689,127.74383952988813,83.0,0.0,109.99265470541052,,,,,,,,,,,
7,293,propio,2,120.33823390885689,127.74383952988813,83.0,0.0,109.99265470541052,,,,,,,,,,,
7,294,propio,2,120.33823390885689,127.74383952988813,83.0,0.0,109.99265470541052,,,,,,,,,,,
7,295,propio,2,120.33823390885689,127.74383952988813,83.0,0.0,109.99265470541052,,,,,,,,,,,
7,296,propio,2,120.33823390885689,127.74383952988813,83.0,0.0,109.99265470541052,,,,,,,,,,,
7,297,propio,2,120.33823390885689,127.74383952988813,83.0,0.0,109.99265470541052,,,,,,,,,,,
7,298,propio,2,120.33823390885689,127.74383952988813,83.0,0.0,109.99265470541052,,,,,,,,,,,
7,298,rival,1,129.22826455171767,270.69265595315596,83.0,0.0,319.1587130264719,143.2249865129829,-23.55131362731487,,,,,,,,,
7,299,propio,2,120.33823390885689,127.74383952988813,83.0,0.0,109.99265470541052,,,,,,,,,,,
7,300,propio,2,120.33823390885689,127.74383952988813,83.0,0.0,109.99265470541052,,,,,,,,,,,
7,301,propio,2,120.33823390885689,127.74383952988813,83.0,0.0,109.99265470541052,,,,,,,,,,,
7,302,propio,2,120.33823390885689,127.74383952988813,83.0,0.0,109.99265470541052,,,,,,,,,,,
7,303,propio,2,120.33823390885689,127.74383952988813,83.0,0.0,109.99265470541052,,,,,,,,,,,
7,304,propio,2,120.33823390885689,127.74383952988813,83.0,0.0,109.99265470541052,,,,,,,,,,,
7,305,propio,2,120.33823390885689,127.74383952988813,83.0,0.0,109.99265470541052,,,,,,,,,,,
7,306,propio,2,120.33823390885689,127.74383952988813,83.0,0.0,109.99265470541052,,,,,,,,,,,
7,306,rival,1,129.22826455171767,270.69265595315596,83.0,0.0,319.1587130264719,143.2249865129829,-23.55131362731487,,,,,,,,,
7,307,propio,2,120.33823390885689,127.74383952988813,82.0,0.0,109.99265470541052,,,,,,,,,,,
7,307,disparo,2,120.33823390885689,127.74383952988813,82.0,,109.99265470541052,,,,1.0,,,,,,,
7,308,propio,2,120.33823390885689,127.74383952988813,82.0,0.0,109.99265470541052,,,,,,,,,,,
7,309,propio,2,120.33823390885689,127.74383952988813,82.0,0.0,109.99265470541052,,,,,,,,,,,
7,310,propio,2,120.33823390885689,127.74383952988813,82.0,0.0,109.99265470541052,,,,,,,,,,,
7,311,propio,2,120.33823390885689,127.74383952988813,82.0,0.0,109.99265470541052,,,,,,,,,,,
7,312,propio,2,120.33823390885689,127.74383952988813,82.0,0.0,109.99265470541052,,,,,,,,,,,
7,313,propio,2,120.33823390885689,127.74383952988813,82.0,0.0,109.99265470541052,,,,,,,,,,,
7,314,propio,2,120.33823390885689,127.74383952988813,82.0,0.0,109.99265470541052,,,,,,,,,,,
7,314,rival,1,129.22826455171767,270.69265595315596,82.0,0.0,319.1587130264719,143.2249865129829,-23.55131362731487,,,,,,,,,
7,315,propio,2,120.33823390885689,127.74383952988813,82.0,0.0,109.99265470541052,,,,,,,,,,,
7,316,propio,2,120.33823390885689,127.74383952988813,82.0,0.0,109.99265470541052,,,,,,,,,,,
7,317,propio,2,120.33823390885689,127.74383952988813,82.0,0.0,109.99265470541052,,,,,,,,,,,
7,318,propio,2,120.33823390885689,127.74383952988813,82.0,0.0,109.99265470541052,,,,,,,,,,,
7,319,propio,2,120.33823390885689,127.74383952988813,82.0,0.0,109.99265470541052,,,,,,,,,,,
7,320,propio,2,120.33823390885689,127.74383952988813,82.0,0.0,109.99265470541052,,,,,,,,,,,
7,321,propio,2,120.33823390885689,127.74383952988813,82.0,0.0,109.99265470541052,,,,,,,,,,,
7,322,propio,2,120.33823390885689,127.74383952988813,82.0,0.0,109.99265470541052,,,,,,,,,,,
7,322,rival,1,129.22826455171767,270.69265595315596,82.0,0.0,319.1587130264719,143.2249865129829,-23.55131362731487,,,,,,,,,
7,323,propio,2,120.33823390885689,127.74383952988813,81.0,0.0,109.99265470541052,,,,,,,,,,,
7,323,disparo,2,120.33823390885689,127.74383952988813,81.0,,109.99265470541052,,,,1.0,,,,,,,
7,324,propio,2,120.33823390885689,127.74383952988813,81.0,0.0,109.99265470541052,,,,,,,,,,,
7,325,propio,2,120.33823390885689,127.74383952988813,81.0,0.0,109.99265470541052,,,,,,,,,,,
7,326,propio,2,120.33823390885689,127.74383952988813,81.0,0.0,109.99265470541052,,,,,,,,,,,
7,327,propio,2,120.33823390885689,127.74383952988813,81.0,0.0,109.99265470541052,,,,,,,,,,,
7,328,propio,2,120.33823390885689,127.74383952988813,81.0,0.0,109.99265470541052,,,,,,,,,,,
7,329,propio,2,120.33823390885689,127.74383952988813,81.0,0.0,109.99265470541052,,,,,,,,,,,
7,330,propio,2,120.33823390885689,127.74383952988813,81.0,0.0,109.99265470541052,,,,,,,,,,,
7,330,rival,1,129.22826455171767,270.69265595315596,81.0,0.0,319.1587130264719,143.2249865129829,-23.55131362731487,,,,,,,,,
7,331,propio,2,120.33823390885689,127.74383952988813,81.0,0.0,109.99265470541052,,,,,,,,,,,
7,332,propio,2,120.33823390885689,127.74383952988813,81.0,0.0,109.99265470541052,,,,,,,,,,,
7,333,propio,2,120.33823390885689,127.74383952988813,81.0,0.0,109.99265470541052,,,,,,,,,,,
7,334,propio,2,120.33823390885689,127.74383952988813,81.0,0.0,109.99265470541052,,,,,,,,,,,
7,335,propio,2,120.33823390885689,127.74383952988813,81.0,0.0,109.99265470541052,,,,,,,,,,,
7,336,propio,2,120.33823390885689,127.74383952988813,81.0,0.0,109.99265470541052,,,,,,,,,,,
7,337,propio,2,120.33823390885689,127.74383952988813,81.0,0.0,109.99265470541052,,,,,,,,,,,
7,338,propio,2,120.33823390885689,127.74383952988813,81.0,0.0,109.99265470541052,,,,,,,,,,,
7,338,rival,1,129.22826455171767,270.69265595315596,81.0,0.0,319.1587130264719,143.2249865129829,-23.55131362731487,,,,,,,,,
7,339,propio,2,120.33823390885689,127.74383952988813,80.0,0.0,109.99265470541052,,,,,,,,,,,
7,339,disparo,2,120.33823390885689,127.74383952988813,80.0,,109.99265470541052,,,,1.0,,,,,,,
7,340,propio,2,120.33823390885689,127.74383952988813,80.0,0.0,109.99265470541052,,,,,,,,,,,
7,341,propio,2,120.33823390885689,127.74383952988813,80.0,0.0,109.99265470541052,,,,,,,,,,,
7,342,propio,2,120.33823390885689,127.74383952988813,80.0,0.0,109.99265470541052,,,,,,,,,,,
7,343,propio,2,120.33823390885689,127.74383952988813,80.0,0.0,109.99265470541052,,,,,,,,,,,
7,344,propio,2,120.33823390885689,127.74383952988813,80.0,0.0,109.99265470541052,,,,,,,,,,,
7,345,propio,2,120.33823390885689,127.74383952988813,80.0,0.0,109.99265470541052,,,,,,,,,,,
7,346,propio,2,120.33823390885689,127.74383952988813,80.0,0.0,109.99265470541052,,,,,,,,,,,
7,346,rival,1,129.22826455171767,270.69265595315596,80.0,0.0,319.1587130264719,143.2249865129829,-23.55131362731487,,,,,,,,,
7,347,propio,2,120.33823390885689,127.74383952988813,80.0,0.0,109.99265470541052,,,,,,,,,,,
7,348,propio,2,120.33823390885689,127.74383952988813,80.0,0.0,109.99265470541052,,,,,,,,,,,
7,349,propio,2,120.33823390885689,127.74383952988813,80.0,0.0,109.99265470541052,,,,,,,,,,,
7,350,propio,2,120.33823390885689,127.74383952988813,80.0,0.0,109.99265470541052,,,,,,,,,,,
7,351,propio,2,120.33823390885689,127.74383952988813,80.0,0.0,109.99265470541052,,,,,,,,,,,
7,352,propio,2,120.33823390885689,127.74383952988813,80.0,0.0,109.99265470541052,,,,,,,,,,,
7,353,propio,2,120.33823390885689,127.74383952988813,80.0,0.0,109.99265470541052,,,,,,,,,,,
7,354,propio,2,120.33823390885689,127.74383952988813,80.0,0.0,109.99265470541052,,,,,,,,,,,
7,354,rival,1,129.22826455171767,270.69265595315596,80.0,0.0,319.1587130264719,143.2249865129829,-23.55131362731487,,,,,,,,,
7,355,propio,2,120.33823390885689,127.74383952988813,79.0,0.0,109.99265470541052,,,,,,,,,,,
7,355,disparo,2,120.33823390885689,127.74383952988813,79.0,,109.99265470541052,,,,1.0,,,,,,,
7,356,propio,2,120.33823390885689,127.74383952988813,79.0,0.0,109.99265470541052,,,,,,,,,,,
7,357,propio,2,120.33823390885689,127.74383952988813,79.0,0.0,109.99265470541052,,,,,,,,,,,
7,358,propio,2,120.33823390885689,127.74383952988813,79.0,0.0,109.99265470541052,,,,,,,,,,,
7,359,propio,2,120.33823390885689,127.74383952988813,79.0,0.0,109.99265470541052,,,,,,,,,,,
7,360,propio,2,120.33823390885689,127.74383952988813,79.0,0.0,109.99265470541052,,,,,,,,,,,
7,361,propio,2,120.33823390885689,127.74383952988813,79.0,0.0,109.99265470541052,,,,,,,,,,,
7,362,propio,2,120.33823390885689,127.74383952988813,79.0,0.0,109.99265470541052,,,,,,,,,,,
7,362,rival,1,129.22826455171767,270.69265595315596,79.0,0.0,319.1587130264719,143.2249865129829,-23.55131362731487,,,,,,,,,
7,363,propio,2,120.33823390885689,127.74383952988813,79.0,0.0,109.99265470541052,,,,,,,,,,,
7,364,propio,2,120.33823390885689,127.74383952988813,79.0,0.0,109.99265470541052,,,,,,,,,,,
7,365,propio,2,120.33823390885689,127.74383952988813,79.0,0.0,109.99265470541052,,,,,,,,,,,
7,366,propio,2,120.33823390885689,127.74383952988813,79.0,0.0,109.99265470541052,,,,,,,,,,,
7,367,propio,2,120.33823390885689,127.74383952988813,79.0,0.0,109.99265470541052,,,,,,,,,,,
7,368,propio,2,120.33823390885689,127.74383952988813,79.0,0.0,109.99265470541052,,,,,,,,,,,
7,369,propio,2,120.33823390885689,127.74383952988813,79.0,0.0,109.99265470541052,,,,,,,,,,,
7,370,propio,2,120.33823390885689,127.74383952988813,79.0,0.0,109.99265470541052,,,,,,,,,,,
7,370,rival,1,129.22826455171767,270.69265595315596,79.0,0.0,319.1587130264719,143.2249865129829,-23.55131362731487,,,,,,,,,
7,371,propio,2,120.33823390885689,127.74383952988813,78.0,0.0,109.99265470541052,,,,,,,,,,,
7,371,disparo,2,120.33823390885689,127.74383952988813,78.0,,109.99265470541052,,,,1.0,,,,,,,
7,372,propio,2,120.33823390885689,127.74383952988813,78.0,0.0,109.99265470541052,,,,,,,,,,,
7,373,propio,2,120.33823390885689,127.74383952988813,78.0,0.0,109.99265470541052,,,,,,,,,,,
7,374,propio,2,120.33823390885689,127.74383952988813,78.0,0.0,109.99265470541052,,,,,,,,,,,
7,375,propio,2,120.33823390885689,127.74383952988813,78.0,0.0,109.99265470541052,,,,,,,,,,,
7,376,propio,2,120.33823390885689,127.74383952988813,78.0,0.0,109.99265470541052,,,,,,,,,,,
7,377,propio,2,120.33823390885689,127.74383952988813,78.0,0.0,109.99265470541052,,,,,,,,,,,
7,378,propio,2,120.33823390885689,127.74383952988813,78.0,0.0,109.99265470541052,,,,,,,,,,,
7,378,rival,1,129.22826455171767,270.69265595315596,78.0,0.0,319.1587130264719,143.2249865129829,-23.55131362731487,,,,,,,,,
7,379,propio,2,120.33823390885689,127.74383952988813,78.0,0.0,109.99265470541052,,,,,,,,,,,
7,380,propio,2,120.33823390885689,127.74383952988813,78.0,0.0,109.99265470541052,,,,,,,,,,,
7,381,propio,2,120.33823390885689,127.74383952988813,78.0,0.0,109.99265470541052,,,,,,,,,,,
7,382,propio,2,120.33823390885689,127.74383952988813,78.0,0.0,109.99265470541052,,,,,,,,,,,
7,383,propio,2,120.33823390885689,127.74383952988813,78.0,0.0,109.99265470541052,,,,,,,,,,,
7,384,propio,2,120.33823390885689,127.74383952988813,78.0,0.0,109.99265470541052,,,,,,,,,,,
7,385,propio,2,120.33823390885689,127.74383952988813,78.0,0.0,109.99265470541052,,,,,,,,,,,
7,386,propio,2,120.33823390885689,127.74383952988813,78.0,0.0,109.99265470541052,,,,,,,,,,,
7,386,rival,1,129.22826455171767,270.69265595315596,78.0,0.0,319.1587130264719,143.2249865129829,-23.55131362731487,,,,,,,,,
7,387,propio,2,120.33823390885689,127.74383952988813,77.0,0.0,109.99265470541052,,,,,,,,,,,
7,387,disparo,2,120.33823390885689,127.74383952988813,77.0,,109.99265470541052,,,,1.0,,,,,,,
7,388,propio,2,120.33823390885689,127.74383952988813,77.0,0.0,109.99265470541052,,,,,,,,,,,
7,389,propio,2,120.33823390885689,127.74383952988813,77.0,0.0,109.99265470541052,,,,,,,,,,,
7,390,propio,2,120.33823390885689,127.74383952988813,77.0,0.0,109.99265470541052,,,,,,,,,,,
7,391,propio,2,120.33823390885689,127.74383952988813,77.0,0.0,109.99265470541052,,,,,,,,,,,
7,392,propio,2,120.33823390885689,127.74383952988813,77.0,0.0,109.99265470541052,,,,,,,,,,,
7,393,propio,2,120.33823390885689,127.74383952988813,77.0,0.0,109.99265470541052,,,,,,,,,,,
7,394,propio,2,120.33823390885689,127.74383952988813,77.0,0.0,109.99265470541052,,,,,,,,,,,
7,394,rival,1,129.22826455171767,270.69265595315596,77.0,0.0,319.1587130264719,143.2249865129829,-23.55131362731487,,,,,,,,,
7,395,propio,2,120.33823390885689,127.74383952988813,77.0,0.0,109.99265470541052,,,,,,,,,,,
7,396,propio,2,120.33823390885689,127.74383952988813,77.0,0.0,109.99265470541052,,,,,,,,,,,
7,397,propio,2,120.33823390885689,127.74383952988813,77.0,0.0,109.99265470541052,,,,,,,,,,,
7,398,propio,2,120.33823390885689,127.74383952988813,77.0,0.0,109.99265470541052,,,,,,,,,,,
7,399,propio,2,120.33823390885689,127.74383952988813,77.0,0.0,109.99265470541052,,,,,,,,,,,
7,400,propio,2,120.33823390885689,127.74383952988813,77.0,0.0,109.99265470541052,,,,,,,,,,,
7,401,propio,2,120.33823390885689,127.74383952988813,77.0,0.0,109.99265470541052,,,,,,,,,,,
7,402,propio,2,120.33823390885689,127.74383952988813,77.0,0.0,109.99265470541052,,,,,,,,,,,
7,402,rival,1,129.22826455171767,270.69265595315596,77.0,0.0,319.1587130264719,143.2249865129829,-23.55131362731487,,,,,,,,,
7,403,propio,2,120.33823390885689,127.74383952988813,76.0,0.0,109.99265470541052,,,,,,,,,,,
7,403,disparo,2,120.33823390885689,127.74383952988813,76.0,,109.99265470541052,,,,1.0,,,,,,,
7,404,propio,2,120.33823390885689,127.74383952988813,76.0,0.0,109.99265470541052,,,,,,,,,,,
7,405,propio,2,120.33823390885689,127.74383952988813,76.0,0.0,109.99265470541052,,,,,,,,,,,
7,406,propio,2,120.33823390885689,127.74383952988813,76.0,0.0,109.99265470541052,,,,,,,,,,,
7,407,propio,2,120.33823390885689,127.74383952988813,76.0,0.0,109.99265470541052,,,,,,,,,,,
7,408,propio,2,120.33823390885689,127.74383952988813,76.0,0.0,109.99265470541052,,,,,,,,,,,
7,409,propio,2,120.33823390885689,127.74383952988813,76.0,0.0,109.99265470541052,,,,,,,,,,,
7,410,propio,2,120.33823390885689,127.74383952988813,76.0,0.0,109.99265470541052,,,,,,,,,,,
7,410,rival,1,129.22826455171767,270.69265595315596,76.0,0.0,319.1587130264719,143.2249865129829,-23.55131362731487,,,,,,,,,
7,411,propio,2,120.33823390885689,127.74383952988813,76.0,0.0,109.99265470541052,,,,,,,,,,,
7,412,propio,2,120.33823390885689,127.74383952988813,76.0,0.0,109.99265470541052,,,,,,,,,,,
7,413,propio,2,120.33823390885689,127.74383952988813,76.0,0.0,109.99265470541052,,,,,,,,,,,
7,414,propio,2,120.33823390885689,127.74383952988813,76.0,0.0,109.99265470541052,,,,,,,,,,,
7,415,propio,2,120.33823390885689,127.74383952988813,76.0,0.0,109.99265470541052,,,,,,,,,,,
7,416,propio,2,120.33823390885689,127.74383952988813,76.0,0.0,109.99265470541052,,,,,,,,,,,
7,417,propio,2,120.33823390885689,127.74383952988813,76.0,0.0,109.99265470541052,,,,,,,,,,,
7,418,propio,2,120.33823390885689,127.74383952988813,76.0,0.0,109.99265470541052,,,,,,,,,,,
7,418,rival,1,129.22826455171767,270.69265595315596,76.0,0.0,319.1587130264719,143.2249865129829,-23.55131362731487,,,,,,,,,
7,419,propio,2,120.33823390885689,127.74383952988813,75.0,0.0,109.99265470541052,,,,,,,,,,,
7,419,disparo,2,120.33823390885689,127.74383952988813,75.0,,109.99265470541052,,,,1.0,,,,,,,
7,420,propio,2,120.33823390885689,127.74383952988813,75.0,0.0,109.99265470541052,,,,,,,,,,,
7,421,propio,2,120.33823390885689,127.74383952988813,75.0,0.0,109.99265470541052,,,,,,,,,,,
7,422,propio,2,120.33823390885689,127.74383952988813,75.0,0.0,109.99265470541052,,,,,,,,,,,
7,423,propio,2,120.33823390885689,127.74383952988813,75.0,0.0,109.99265470541052,,,,,,,,,,,
7,424,propio,2,120.33823390885689,127.74383952988813,75.0,0.0,109.99265470541052,,,,,,,,,,,
7,425,propio,2,120.33823390885689,127.74383952988813,75.0,0.0,109.99265470541052,,,,,,,,,,,
7,426,propio,2,120.33823390885689,127.74383952988813,75.0,0.0,109.99265470541052,,,,,,,,,,,
7,426,rival,1,129.22826455171767,270.69265595315596,75.0,0.0,319.1587130264719,143.2249865129829,-23.55131362731487,,,,,,,,,
7,427,propio,2,120.33823390885689,127.74383952988813,75.0,0.0,109.99265470541052,,,,,,,,,,,
7,428,propio,2,120.33823390885689,127.74383952988813,75.0,0.0,109.99265470541052,,,,,,,,,,,
7,429,propio,2,120.33823390885689,127.74383952988813,75.0,0.0,109.99265470541052,,,,,,,,,,,
7,430,propio,2,120.33823390885689,127.74383952988813,75.0,0.0,109.99265470541052,,,,,,,,,,,
7,431,propio,2,120.33823390885689,127.74383952988813,75.0,0.0,109.99265470541052,,,,,,,,,,,
7,432,propio,2,120.33823390885689,127.74383952988813,75.0,0.0,109.99265470541052,,,,,,,,,,,
7,433,propio,2,120.33823390885689,127.74383952988813,75.0,0.0,109.99265470541052,,,,,,,,,,,
7,434,propio,2,120.33823390885689,127.74383952988813,75.0,0.0,109.99265470541052,,,,,,,,,,,
7,434,rival,1,129.22826455171767,270.69265595315596,75.0,0.0,319.1587130264719,143.2249865129829,-23.55131362731487,,,,,,,,,
7,435,propio,2,120.33823390885689,127.74383952988813,74.0,0.0,109.99265470541052,,,,,,,,,,,
7,435,disparo,2,120.33823390885689,127.74383952988813,74.0,,109.99265470541052,,,,1.0,,,,,,,
7,436,propio,2,120.33823390885689,127.74383952988813,74.0,0.0,109.99265470541052,,,,,,,,,,,
7,437,propio,2,120.33823390885689,127.74383952988813,74.0,0.0,109.99265470541052,,,,,,,,,,,
7,438,propio,2,120.33823390885689,127.74383952988813,74.0,0.0,109.99265470541052,,,,,,,,,,,
7,439,propio,2,120.33823390885689,127.74383952988813,74.0,0.0,109.99265470541052,,,,,,,,,,,
7,440,propio,2,120.33823390885689,127.74383952988813,74.0,0.0,109.99265470541052,,,,,,,,,,,
7,441,propio,2,120.33823390885689,127.74383952988813,74.0,0.0,109.99265470541052,,,,,,,,,,,
7,442,propio,2,120.33823390885689,127.74383952988813,74.0,0.0,109.99265470541052,,,,,,,,,,,
7,442,rival,1,129.22826455171767,270.69265595315596,74.0,0.0,319.1587130264719,143.2249865129829,-23.55131362731487,,,,,,,,,
7,443,propio,2,120.33823390885689,127.74383952988813,74.0,0.0,109.99265470541052,,,,,,,,,,,
7,444,propio,2,120.33823390885689,127.74383952988813,74.0,0.0,109.99265470541052,,,,,,,,,,,
7,445,propio,2,120.33823390885689,127.74383952988813,74.0,0.0,109.99265470541052,,,,,,,,,,,
7,446,propio,2,120.33823390885689,127.74383952988813,74.0,0.0,109.99265470541052,,,,,,,,,,,
7,447,propio,2,120.33823390885689,127.74383952988813,74.0,0.0,109.99265470541052,,,,,,,,,,,
7,448,propio,2,120.33823390885689,127.74383952988813,74.0,0.0,109.99265470541052,,,,,,,,,,,
7,449,propio,2,120.33823390885689,127.74383952988813,74.0,0.0,109.99265470541052,,,,,,,,,,,
7,450,propio,2,120.33823390885689,127.74383952988813,74.0,0.0,109.99265470541052,,,,,,,,,,,
7,450,rival,1,129.22826455171767,270.69265595315596,74.0,0.0,319.1587130264719,143.2249865129829,-23.55131362731487,,,,,,,,,
7,451,propio,2,120.33823390885689,127.74383952988813,73.0,0.0,109.99265470541052,,,,,,,,,,,
7,451,disparo,2,120.33823390885689,127.74383952988813,73.0,,109.99265470541052,,,,1.0,,,,,,,
7,452,propio,2,120.33823390885689,127.74383952988813,72.9,0.0,109.99265470541052,,,,,,,,,,,
7,453,propio,2,120.33823390885689,127.74383952988813,72.80000000000001,0.0,109.99265470541052,,,,,,,,,,,
7,454,propio,2,120.33823390885689,127.74383952988813,72.70000000000002,0.0,109.99265470541052,,,,,,,,,,,
7,455,propio,2,120.33823390885689,127.74383952988813,72.60000000000002,0.0,109.99265470541052,,,,,,,,,,,
7,456,propio,2,120.33823390885689,127.74383952988813,72.50000000000003,0.0,109.99265470541052,,,,,,,,,,,
7,457,propio,2,120.33823390885689,127.74383952988813,72.40000000000003,0.0,109.99265470541052,,,,,,,,,,,
7,458,propio,2,120.33823390885689,127.74383952988813,72.30000000000004,0.0,109.99265470541052,,,,,,,,,,,
7,458,rival,1,129.22826455171767,270.69265595315596,72.40000000000003,0.0,319.1587130264719,143.2249865129829,-23.55131362731487,,,,,,,,,
7,459,propio,2,120.33823390885689,127.74383952988813,72.20000000000005,0.0,109.99265470541052,,,,,,,,,,,
7,460,propio,2,120.33823390885689,127.74383952988813,72.10000000000005,0.0,109.99265470541052,,,,,,,,,,,
7,461,propio,2,120.33823390885689,127.74383952988813,72.00000000000006,0.0,109.99265470541052,,,,,,,,,,,
7,462,propio,2,120.33823390885689,127.74383952988813,71.90000000000006,0.0,109.99265470541052,,,,,,,,,,,
7,463,propio,2,120.33823390885689,127.74383952988813,71.80000000000007,0.0,109.99265470541052,,,,,,,,,,,
7,464,propio,2,120.33823390885689,127.74383952988813,71.70000000000007,0.0,109.99265470541052,,,,,,,,,,,
7,465,propio,2,120.33823390885689,127.74383952988813,71.60000000000008,0.0,109.99265470541052,,,,,,,,,,,
7,466,propio,2,120.33823390885689,127.74383952988813,71.50000000000009,0.0,109.99265470541052,,,,,,,,,,,
7,466,rival,1,129.22826455171767,270.69265595315596,71.60000000000008,0.0,319.1587130264719,143.2249865129829,-23.55131362731487,,,,,,,,,
7,467,propio,2,120.33823390885689,127.74383952988813,70.40000000000009,0.0,109.99265470541052,,,,,,,,,,,
7,467,disparo,2,120.33823390885689,127.74383952988813,70.40000000000009,,109.99265470541052,,,,1.0,,,,,,,
7,468,propio,2,120.33823390885689,127.74383952988813,70.3000000000001,0.0,109.99265470541052,,,,,,,,,,,
7,469,propio,2,120.33823390885689,127.74383952988813,70.2000000000001,0.0,109.99265470541052,,,,,,,,,,,
7,470,propio,2,120.33823390885689,127.74383952988813,70.10000000000011,0.0,109.99265470541052,,,,,,,,,,,
7,471,propio,2,120.33823390885689,127.74383952988813,70.00000000000011,0.0,109.99265470541052,,,,,,,,,,,
7,472,propio,2,120.33823390885689,127.74383952988813,69.90000000000012,0.0,109.99265470541052,,,,,,,,,,,
7,473,propio,2,120.33823390885689,127.74383952988813,69.80000000000013,0.0,109.99265470541052,,,,,,,,,,,
7,474,propio,2,120.33823390885689,127.74383952988813,69.70000000000013,0.0,109.99265470541052,,,,,,,,,,,
7,474,rival,1,129.22826455171767,270.69265595315596,69.80000000000013,0.0,319.1587130264719,143.2249865129829,-23.55131362731487,,,,,,,,,
7,475,propio,2,120.33823390885689,127.74383952988813,69.60000000000014,0.0,109.99265470541052,,,,,,,,,,,
7,476,propio,2,120.33823390885689,127.74383952988813,69.50000000000014,0.0,109.99265470541052,,,,,,,,,,,
7,477,propio,2,120.33823390885689,127.74383952988813,69.40000000000015,0.0,109.99265470541052,,,,,,,,,,,
7,478,propio,2,120.33823390885689,127.74383952988813,69.30000000000015,0.0,109.99265470541052,,,,,,,,,,,
7,479,propio,2,120.33823390885689,127.74383952988813,69.20000000000016,0.0,109.99265470541052,,,,,,,,,,,
7,480,propio,2,120.33823390885689,127.74383952988813,69.10000000000016,0.0,109.99265470541052,,,,,,,,,,,
7,481,propio,2,120.33823390885689,127.74383952988813,69.00000000000017,0.0,109.99265470541052,,,,,,,,,,,
7,482,propio,2,120.33823390885689,127.74383952988813,68.90000000000018,0.0,109.99265470541052,,,,,,,,,,,
7,482,rival,1,129.22826455171767,270.69265595315596,69.00000000000017,0.0,319.1587130264719,143.2249865129829,-23.55131362731487,,,,,,,,,
7,483,propio,2,120.33823390885689,127.74383952988813,67.80000000000018,0.0,109.99265470541052,,,,,,,,,,,
7,483,disparo,2,120.33823390885689,127.74383952988813,67.80000000000018,,109.99265470541052,,,,1.0,,,,,,,
7,484,propio,2,120.33823390885689,127.74383952988813,67.70000000000019,0.0,109.99265470541052,,,,,,,,,,,
7,485,propio,2,120.33823390885689,127.74383952988813,67.6000000000002,0.0,109.99265470541052,,,,,,,,,,,
7,486,propio,2,120.33823390885689,127.74383952988813,67.5000000000002,0.0,109.99265470541052,,,,,,,,,,,
7,487,propio,2,120.33823390885689,127.74383952988813,67.4000000000002,0.0,109.99265470541052,,,,,,,,,,,
7,488,propio,2,120.33823390885689,127.74383952988813,67.30000000000021,0.0,109.99265470541052,,,,,,,,,,,
7,489,propio,2,120.33823390885689,127.74383952988813,67.20000000000022,0.0,109.99265470541052,,,,,,,,,,,
7,490,propio,2,120.33823390885689,127.74383952988813,67.10000000000022,0.0,109.99265470541052,,,,,,,,,,,
7,490,rival,1,129.22826455171767,270.69265595315596,67.20000000000022,0.0,319.1587130264719,143.2249865129829,-23.55131362731487,,,,,,,,,
7,491,propio,2,120.33823390885689,127.74383952988813,67.00000000000023,0.0,109.99265470541052,,,,,,,,,,,
7,492,propio,2,120.33823390885689,127.74383952988813,66.90000000000023,0.0,109.99265470541052,,,,,,,,,,,
7,493,propio,2,120.33823390885689,127.74383952988813,66.80000000000024,0.0,109.99265470541052,,,,,,,,,,,
7,494,propio,2,120.33823390885689,127.74383952988813,66.70000000000024,0.0,109.99265470541052,,,,,,,,,,,
7,495,propio,2,120.33823390885689,127.74383952988813,66.60000000000025,0.0,109.99265470541052,,,,,,,,,,,
7,496,propio,2,120.33823390885689,127.74383952988813,66.50000000000026,0.0,109.99265470541052,,,,,,,,,,,
7,497,propio,2,120.33823390885689,127.74383952988813,66.40000000000026,0.0,109.99265470541052,,,,,,,,,,,
7,498,propio,2,120.33823390885689,127.74383952988813,66.30000000000027,0.0,109.99265470541052,,,,,,,,,,,
7,498,rival,1,129.22826455171767,270.69265595315596,66.40000000000026,0.0,319.1587130264719,143.2249865129829,-23.55131362731487,,,,,,,,,
7,499,propio,2,120.33823390885689,127.74383952988813,65.20000000000027,0.0,109.99265470541052,,,,,,,,,,,
7,499,disparo,2,120.33823390885689,127.74383952988813,65.20000000000027,,109.99265470541052,,,,1.0,,,,,,,
7,500,propio,2,120.33823390885689,127.74383952988813,65.10000000000028,0.0,109.99265470541052,,,,,,,,,,,
7,501,propio,2,120.33823390885689,127.74383952988813,65.00000000000028,0.0,109.99265470541052,,,,,,,,,,,
7,502,propio,2,120.33823390885689,127.74383952988813,64.90000000000029,0.0,109.99265470541052,,,,,,,,,,,
7,503,propio,2,120.33823390885689,127.74383952988813,64.8000000000003,0.0,109.99265470541052,,,,,,,,,,,
7,504,propio,2,120.33823390885689,127.74383952988813,64.7000000000003,0.0,109.99265470541052,,,,,,,,,,,
7,505,propio,2,120.33823390885689,127.74383952988813,64.6000000000003,0.0,109.99265470541052,,,,,,,,,,,
7,506,propio,2,120.33823390885689,127.74383952988813,64.50000000000031,0.0,109.99265470541052,,,,,,,,,,,
7,506,rival,1,129.22826455171767,270.69265595315596,64.6000000000003,0.0,319.1587130264719,143.2249865129829,-23.55131362731487,,,,,,,,,
7,507,propio,2,120.33823390885689,127.74383952988813,64.40000000000032,0.0,109.99265470541052,,,,,,,,,,,
7,508,propio,2,120.33823390885689,127.74383952988813,64.30000000000032,0.0,109.99265470541052,,,,,,,,,,,
7,509,propio,2,120.33823390885689,127.74383952988813,64.20000000000033,0.0,109.99265470541052,,,,,,,,,,,
7,510,propio,2,120.33823390885689,127.74383952988813,64.10000000000034,0.0,109.99265470541052,,,,,,,,,,,
7,511,propio,2,120.33823390885689,127.74383952988813,64.00000000000034,0.0,109.99265470541052,,,,,,,,,,,
7,512,propio,2,120.33823390885689,127.74383952988813,63.90000000000034,0.0,109.99265470541052,,,,,,,,,,,
7,513,propio,2,120.33823390885689,127.74383952988813,63.80000000000034,0.0,109.99265470541052,,,,,,,,,,,
7,514,propio,2,120.33823390885689,127.74383952988813,63.70000000000034,0.0,109.99265470541052,,,,,,,,,,,
7,514,rival,1,129.22826455171767,270.69265595315596,63.80000000000034,0.0,319.1587130264719,143.2249865129829,-23.55131362731487,,,,,,,,,
7,515,propio,2,120.33823390885689,127.74383952988813,62.600000000000335,0.0,109.99265470541052,,,,,,,,,,,
7,515,disparo,2,120.33823390885689,127.74383952988813,62.600000000000335,,109.99265470541052,,,,1.0,,,,,,,
7,516,propio,2,120.33823390885689,127.74383952988813,62.500000000000334,0.0,109.99265470541052,,,,,,,,,,,
7,517,propio,2,120.33823390885689,127.74383952988813,62.40000000000033,0.0,109.99265470541052,,,,,,,,,,,
7,518,propio,2,120.33823390885689,127.74383952988813,62.30000000000033,0.0,109.99265470541052,,,,,,,,,,,
7,519,propio,2,120.33823390885689,127.74383952988813,62.20000000000033,0.0,109.99265470541052,,,,,,,,,,,
7,520,propio,2,120.33823390885689,127.74383952988813,62.10000000000033,0.0,109.99265470541052,,,,,,,,,,,
7,521,propio,2,120.33823390885689,127.74383952988813,62.00000000000033,0.0,109.99265470541052,,,,,,,,,,,
7,522,propio,2,120.33823390885689,127.74383952988813,61.900000000000325,0.0,109.99265470541052,,,,,,,,,,,
7,522,rival,1,129.22826455171767,270.69265595315596,62.00000000000033,0.0,319.1587130264719,143.2249865129829,-23.55131362731487,,,,,,,,,
7,523,propio,2,120.33823390885689,127.74383952988813,61.800000000000324,0.0,109.99265470541052,,,,,,,,,,,
7,524,propio,2,120.33823390885689,127.74383952988813,61.70000000000032,0.0,109.99265470541052,,,,,,,,,,,
7,525,propio,2,120.33823390885689,127.74383952988813,61.60000000000032,0.0,109.99265470541052,,,,,,,,,,,
7,526,propio,2,120.33823390885689,127.74383952988813,61.50000000000032,0.0,109.99265470541052,,,,,,,,,,,
7,527,propio,2,120.33823390885689,127.74383952988813,61.40000000000032,0.0,109.99265470541052,,,,,,,,,,,
7,528,propio,2,120.33823390885689,127.74383952988813,61.30000000000032,0.0,109.99265470541052,,,,,,,,,,,
7,529,propio,2,120.33823390885689,127.74383952988813,61.200000000000315,0.0,109.99265470541052,,,,,,,,,,,
7,530,propio,2,120.33823390885689,127.74383952988813,61.100000000000314,0.0,109.99265470541052,,,,,,,,,,,
7,530,rival,1,129.22826455171767,270.69265595315596,61.200000000000315,0.0,319.1587130264719,143.2249865129829,-23.55131362731487,,,,,,,,,
7,531,propio,2,120.33823390885689,127.74383952988813,60.00000000000031,0.0,109.99265470541052,,,,,,,,,,,
7,531,disparo,2,120.33823390885689,127.74383952988813,60.00000000000031,,109.99265470541052,,,,1.0,,,,,,,
7,532,propio,2,120.33823390885689,127.74383952988813,59.90000000000031,0.0,109.99265470541052,,,,,,,,,,,
7,533,propio,2,120.33823390885689,127.74383952988813,59.80000000000031,0.0,109.99265470541052,,,,,,,,,,,
7,534,propio,2,120.33823390885689,127.74383952988813,59.70000000000031,0.0,109.99265470541052,,,,,,,,,,,
7,535,propio,2,120.33823390885689,127.74383952988813,59.60000000000031,0.0,109.99265470541052,,,,,,,,,,,
7,536,propio,2,120.33823390885689,127.74383952988813,59.500000000000306,0.0,109.99265470541052,,,,,,,,,,,
7,537,propio,2,120.33823390885689,127.74383952988813,59.400000000000304,0.0,109.99265470541052,,,,,,,,,,,
7,538,propio,2,120.33823390885689,127.74383952988813,59.3000000000003,0.0,109.99265470541052,,,,,,,,,,,
7,538,rival,1,129.22826455171767,270.69265595315596,59.400000000000304,0.0,319.1587130264719,143.2249865129829,-23.55131362731487,,,,,,,,,
7,539,propio,2,120.33823390885689,127.74383952988813,59.2000000000003,0.0,109.99265470541052,,,,,,,,,,,
7,540,propio,2,120.33823390885689,127.74383952988813,59.1000000000003,0.0,109.99265470541052,,,,,,,,,,,
7,541,propio,2,120.33823390885689,127.74383952988813,59.0000000000003,0.0,109.99265470541052,,,,,,,,,,,
7,542,propio,2,120.33823390885689,127.74383952988813,58.9000000000003,0.0,109.99265470541052,,,,,,,,,,,
7,543,propio,2,120.33823390885689,127.74383952988813,58.800000000000296,0.0,109.99265470541052,,,,,,,,,,,
7,544,propio,2,120.33823390885689,127.74383952988813,58.700000000000294,0.0,109.99265470541052,,,,,,,,,,,
7,545,propio,2,120.33823390885689,127.74383952988813,58.60000000000029,0.0,109.99265470541052,,,,,,,,,,,
7,546,propio,2,120.33823390885689,127.74383952988813,58.50000000000029,0.0,109.99265470541052,,,,,,,,,,,
7,546,rival,1,129.22826455171767,270.69265595315596,58.60000000000029,0.0,319.1587130264719,143.2249865129829,-23.55131362731487,,,,,,,,,
7,547,propio,2,120.33823390885689,127.74383952988813,57.40000000000029,0.0,109.99265470541052,,,,,,,,,,,
7,547,disparo,2,120.33823390885689,127.74383952988813,57.40000000000029,,109.99265470541052,,,,1.0,,,,,,,
7,548,propio,2,120.33823390885689,127.74383952988813,57.30000000000029,0.0,109.99265470541052,,,,,,,,,,,
7,549,propio,2,120.33823390885689,127.74383952988813,57.20000000000029,0.0,109.99265470541052,,,,,,,,,,,
7,550,propio,2,120.33823390885689,127.74383952988813,57.100000000000286,0.0,109.99265470541052,,,,,,,,,,,
7,551,propio,2,120.33823390885689,127.74383952988813,57.000000000000284,0.0,109.99265470541052,,,,,,,,,,,
7,552,propio,2,120.33823390885689,127.74383952988813,56.90000000000028,0.0,109.99265470541052,,,,,,,,,,,
7,553,propio,2,120.33823390885689,127.74383952988813,56.80000000000028,0.0,109.99265470541052,,,,,,,,,,,
7,554,propio,2,120.33823390885689,127.74383952988813,56.70000000000028,0.0,109.99265470541052,,,,,,,,,,,
7,554,rival,1,129.22826455171767,270.69265595315596,56.80000000000028,0.0,319.1587130264719,143.2249865129829,-23.55131362731487,,,,,,,,,
7,555,propio,2,120.33823390885689,127.74383952988813,56.60000000000028,0.0,109.99265470541052,,,,,,,,,,,
7,556,propio,2,120.33823390885689,127.74383952988813,56.50000000000028,0.0,109.99265470541052,,,,,,,,,,,
7,557,propio,2,120.33823390885689,127.74383952988813,56.400000000000276,0.0,109.99265470541052,,,,,,,,,,,
7,558,propio,2,120.33823390885689,127.74383952988813,56.300000000000274,0.0,109.99265470541052,,,,,,,,,,,
7,559,propio,2,120.33823390885689,127.74383952988813,56.20000000000027,0.0,109.99265470541052,,,,,,,,,,,
7,560,propio,2,120.33823390885689,127.74383952988813,56.10000000000027,0.0,109.99265470541052,,,,,,,,,,,
7,561,propio,2,120.33823390885689,127.74383952988813,56.00000000000027,0.0,109.99265470541052,,,,,,,,,,,
7,562,propio,2,120.33823390885689,127.74383952988813,55.90000000000027,0.0,109.99265470541052,,,,,,,,,,,
7,562,rival,1,129.22826455171767,270.69265595315596,56.00000000000027,0.0,319.1587130264719,143.2249865129829,-23.55131362731487,,,,,,,,,
7,563,propio,2,120.33823390885689,127.74383952988813,54.80000000000027,0.0,109.99265470541052,,,,,,,,,,,
7,563,disparo,2,120.33823390885689,127.74383952988813,54.80000000000027,,109.99265470541052,,,,1.0,,,,,,,
7,564,propio,2,120.33823390885689,127.74383952988813,54.700000000000266,0.0,109.99265470541052,,,,,,,,,,,
7,565,propio,2,120.33823390885689,127.74383952988813,54.600000000000264,0.0,109.99265470541052,,,,,,,,,,,
7,566,propio,2,120.33823390885689,127.74383952988813,54.50000000000026,0.0,109.99265470541052,,,,,,,,,,,
7,567,propio,2,120.33823390885689,127.74383952988813,54.40000000000026,0.0,109.99265470541052,,,,,,,,,,,
7,568,propio,2,120.33823390885689,127.74383952988813,54.30000000000026,0.0,109.99265470541052,,,,,,,,,,,
7,569,propio,2,120.33823390885689,127.74383952988813,54.20000000000026,0.0,109.99265470541052,,,,,,,,,,,
7,570,propio,2,120.33823390885689,127.74383952988813,54.10000000000026,0.0,109.99265470541052,,,,,,,,,,,
7,570,rival,1,129.22826455171767,270.69265595315596,54.20000000000026,0.0,319.1587130264719,143.2249865129829,-23.55131362731487,,,,,,,,,
7,571,propio,2,120.33823390885689,127.74383952988813,54.000000000000256,0.0,109.99265470541052,,,,,,,,,,,
7,572,propio,2,120.33823390885689,127.74383952988813,53.900000000000254,0.0,109.99265470541052,,,,,,,,,,,
7,573,propio,2,120.33823390885689,127.74383952988813,53.80000000000025,0.0,109.99265470541052,,,,,,,,,,,
7,574,propio,2,120.33823390885689,127.74383952988813,53.70000000000025,0.0,109.99265470541052,,,,,,,,,,,
7,575,propio,2,120.33823390885689,127.74383952988813,53.60000000000025,0.0,109.99265470541052,,,,,,,,,,,
7,576,propio,2,120.33823390885689,127.74383952988813,53.50000000000025,0.0,109.99265470541052,,,,,,,,,,,
7,577,propio,2,120.33823390885689,127.74383952988813,53.40000000000025,0.0,109.99265470541052,,,,,,,,,,,
7,578,propio,2,120.33823390885689,127.74383952988813,53.300000000000246,0.0,109.99265470541052,,,,,,,,,,,
7,578,rival,1,129.22826455171767,270.69265595315596,53.40000000000025,0.0,319.1587130264719,143.2249865129829,-23.55131362731487,,,,,,,,,
7,579,propio,2,120.33823390885689,127.74383952988813,52.200000000000244,0.0,109.99265470541052,,,,,,,,,,,
7,579,disparo,2,120.33823390885689,127.74383952988813,52.200000000000244,,109.99265470541052,,,,1.0,,,,,,,
7,580,propio,2,120.33823390885689,127.74383952988813,52.10000000000024,0.0,109.99265470541052,,,,,,,,,,,
7,581,propio,2,120.33823390885689,127.74383952988813,52.00000000000024,0.0,109.99265470541052,,,,,,,,,,,
7,582,propio,2,120.33823390885689,127.74383952988813,51.90000000000024,0.0,109.99265470541052,,,,,,,,,,,
7,583,propio,2,120.33823390885689,127.74383952988813,51.80000000000024,0.0,109.99265470541052,,,,,,,,,,,
7,584,propio,2,120.33823390885689,127.74383952988813,51.70000000000024,0.0,109.99265470541052,,,,,,,,,,,
7,585,propio,2,120.33823390885689,127.74383952988813,51.600000000000236,0.0,109.99265470541052,,,,,,,,,,,
7,586,propio,2,120.33823390885689,127.74383952988813,51.500000000000234,0.0,109.99265470541052,,,,,,,,,,,
7,586,rival,1,129.22826455171767,270.69265595315596,51.600000000000236,0.0,319.1587130264719,143.2249865129829,-23.55131362731487,,,,,,,,,
7,587,propio,2,120.33823390885689,127.74383952988813,51.40000000000023,0.0,109.99265470541052,,,,,,,,,,,
7,588,propio,2,120.33823390885689,127.74383952988813,51.30000000000023,0.0,109.99265470541052,,,,,,,,,,,
7,589,propio,2,120.33823390885689,127.74383952988813,51.20000000000023,0.0,109.99265470541052,,,,,,,,,,,
7,590,propio,2,120.33823390885689,127.74383952988813,51.10000000000023,0.0,109.99265470541052,,,,,,,,,,,
7,591,propio,2,120.33823390885689,127.74383952988813,51.00000000000023,0.0,109.99265470541052,,,,,,,,,,,
7,592,propio,2,120.33823390885689,127.74383952988813,50.900000000000226,0.0,109.99265470541052,,,,,,,,,,,
7,593,propio,2,120.33823390885689,127.74383952988813,50.800000000000225,0.0,109.99265470541052,,,,,,,,,,,
7,594,propio,2,120.33823390885689,127.74383952988813,50.70000000000022,0.0,109.99265470541052,,,,,,,,,,,
7,594,rival,1,129.22826455171767,270.69265595315596,50.800000000000225,0.0,319.1587130264719,143.2249865129829,-23.55131362731487,,,,,,,,,
7,595,propio,2,120.33823390885689,127.74383952988813,49.60000000000022,0.0,109.99265470541052,,,,,,,,,,,
7,595,disparo,2,120.33823390885689,127.74383952988813,49.60000000000022,,109.99265470541052,,,,1.0,,,,,,,
7,596,propio,2,120.33823390885689,127.74383952988813,49.50000000000022,0.0,109.99265470541052,,,,,,,,,,,
7,597,propio,2,120.33823390885689,127.74383952988813,49.40000000000022,0.0,109.99265470541052,,,,,,,,,,,
7,598,propio,2,120.33823390885689,127.74383952988813,49.30000000000022,0.0,109.99265470541052,,,,,,,,,,,
7,599,propio,2,120.33823390885689,127.74383952988813,49.200000000000216,0.0,109.99265470541052,,,,,,,,,,,
7,600,propio,2,120.33823390885689,127.74383952988813,49.100000000000215,0.0,109.99265470541052,,,,,,,,,,,
7,601,propio,2,120.33823390885689,127.74383952988813,49.00000000000021,0.0,109.99265470541052,,,,,,,,,,,
7,602,propio,2,120.33823390885689,127.74383952988813,48.90000000000021,0.0,109.99265470541052,,,,,,,,,,,
7,602,rival,1,129.22826455171767,270.69265595315596,49.00000000000021,0.0,319.1587130264719,143.2249865129829,-23.55131362731487,,,,,,,,,
7,603,propio,2,120.33823390885689,127.74383952988813,48.80000000000021,0.0,109.99265470541052,,,,,,,,,,,
7,604,propio,2,120.33823390885689,127.74383952988813,48.70000000000021,0.0,109.99265470541052,,,,,,,,,,,
7,605,propio,2,120.33823390885689,127.74383952988813,48.60000000000021,0.0,109.99265470541052,,,,,,,,,,,
7,606,propio,2,120.33823390885689,127.74383952988813,48.500000000000206,0.0,109.99265470541052,,,,,,,,,,,
7,607,propio,2,120.33823390885689,127.74383952988813,48.400000000000205,0.0,109.99265470541052,,,,,,,,,,,
7,608,propio,2,120.33823390885689,127.74383952988813,48.3000000000002,0.0,109.99265470541052,,,,,,,,,,,
7,609,propio,2,120.33823390885689,127.74383952988813,48.2000000000002,0.0,109.99265470541052,,,,,,,,,,,
7,610,propio,2,120.33823390885689,127.74383952988813,48.1000000000002,0.0,109.99265470541052,,,,,,,,,,,
7,610,rival,1,129.22826455171767,270.69265595315596,48.2000000000002,0.0,319.1587130264719,143.2249865129829,-23.55131362731487,,,,,,,,,
7,611,propio,2,120.33823390885689,127.74383952988813,47.0000000000002,0.0,109.99265470541052,,,,,,,,,,,
7,611,disparo,2,120.33823390885689,127.74383952988813,47.0000000000002,,109.99265470541052,,,,1.0,,,,,,,
7,612,propio,2,120.33823390885689,127.74383952988813,46.9000000000002,0.0,109.99265470541052,,,,,,,,,,,
7,613,propio,2,120.33823390885689,127.74383952988813,46.800000000000196,0.0,109.99265470541052,,,,,,,,,,,
7,614,propio,2,120.33823390885689,127.74383952988813,46.700000000000195,0.0,109.99265470541052,,,,,,,,,,,
7,615,propio,2,120.33823390885689,127.74383952988813,46.60000000000019,0.0,109.99265470541052,,,,,,,,,,,
7,616,propio,2,120.33823390885689,127.74383952988813,46.50000000000019,0.0,109.99265470541052,,,,,,,,,,,
7,617,propio,2,120.33823390885689,127.74383952988813,46.40000000000019,0.0,109.99265470541052,,,,,,,,,,,
7,618,propio,2,120.33823390885689,127.74383952988813,46.30000000000019,0.0,109.99265470541052,,,,,,,,,,,
7,618,rival,1,129.22826455171767,270.69265595315596,46.40000000000019,0.0,319.1587130264719,143.2249865129829,-23.55131362731487,,,,,,,,,
7,619,propio,2,120.33823390885689,127.74383952988813,46.20000000000019,0.0,109.99265470541052,,,,,,,,,,,
7,620,propio,2,120.33823390885689,127.74383952988813,46.100000000000186,0.0,109.99265470541052,,,,,,,,,,,
7,621,propio,2,120.33823390885689,127.74383952988813,46.000000000000185,0.0,109.99265470541052,,,,,,,,,,,
7,622,propio,2,120.33823390885689,127.74383952988813,45.90000000000018,0.0,109.99265470541052,,,,,,,,,,,
7,623,propio,2,120.33823390885689,127.74383952988813,45.80000000000018,0.0,109.99265470541052,,,,,,,,,,,
7,624,propio,2,120.33823390885689,127.74383952988813,45.70000000000018,0.0,109.99265470541052,,,,,,,,,,,
7,625,propio,2,120.33823390885689,127.74383952988813,45.60000000000018,0.0,109.99265470541052,,,,,,,,,,,
7,626,propio,2,120.33823390885689,127.74383952988813,45.50000000000018,0.0,109.99265470541052,,,,,,,,,,,
7,626,rival,1,129.22826455171767,270.69265595315596,45.60000000000018,0.0,319.1587130264719,143.2249865129829,-23.55131362731487,,,,,,,,,
7,627,propio,2,120.33823390885689,127.74383952988813,44.400000000000176,0.0,109.99265470541052,,,,,,,,,,,
7,627,disparo,2,120.33823390885689,127.74383952988813,44.400000000000176,,109.99265470541052,,,,1.0,,,,,,,
7,628,propio,2,120.33823390885689,127.74383952988813,44.300000000000175,0.0,109.99265470541052,,,,,,,,,,,
7,629,propio,2,120.33823390885689,127.74383952988813,44.20000000000017,0.0,109.99265470541052,,,,,,,,,,,
7,630,propio,2,120.33823390885689,127.74383952988813,44.10000000000017,0.0,109.99265470541052,,,,,,,,,,,
7,631,propio,2,120.33823390885689,127.74383952988813,44.00000000000017,0.0,109.99265470541052,,,,,,,,,,,
7,632,propio,2,120.33823390885689,127.74383952988813,43.90000000000017,0.0,109.99265470541052,,,,,,,,,,,
7,633,propio,2,120.33823390885689,127.74383952988813,43.80000000000017,0.0,109.99265470541052,,,,,,,,,,,
7,634,propio,2,120.33823390885689,127.74383952988813,43.700000000000166,0.0,109.99265470541052,,,,,,,,,,,
7,634,rival,1,129.22826455171767,270.69265595315596,43.80000000000017,0.0,319.1587130264719,143.2249865129829,-23.55131362731487,,,,,,,,,
7,635,propio,2,120.33823390885689,127.74383952988813,43.600000000000165,0.0,109.99265470541052,,,,,,,,,,,
7,636,propio,2,120.33823390885689,127.74383952988813,43.50000000000016,0.0,109.99265470541052,,,,,,,,,,,
7,637,propio,2,120.33823390885689,127.74383952988813,43.40000000000016,0.0,109.99265470541052,,,,,,,,,,,
7,638,propio,2,120.33823390885689,127.74383952988813,43.30000000000016,0.0,109.99265470541052,,,,,,,,,,,
7,639,propio,2,120.33823390885689,127.74383952988813,43.20000000000016,0.0,109.99265470541052,,,,,,,,,,,
7,640,propio,2,120.33823390885689,127.74383952988813,43.10000000000016,0.0,109.99265470541052,,,,,,,,,,,
7,641,propio,2,120.33823390885689,127.74383952988813,43.000000000000156,0.0,109.99265470541052,,,,,,,,,,,
7,642,propio,2,120.33823390885689,127.74383952988813,42.900000000000155,0.0,109.99265470541052,,,,,,,,,,,
7,642,rival,1,129.22826455171767,270.69265595315596,43.000000000000156,0.0,319.1587130264719,143.2249865129829,-23.55131362731487,,,,,,,,,
7,643,propio,2,120.33823390885689,127.74383952988813,41.80000000000015,0.0,109.99265470541052,,,,,,,,,,,
7,643,disparo,2,120.33823390885689,127.74383952988813,41.80000000000015,,109.99265470541052,,,,1.0,,,,,,,
7,644,propio,2,120.33823390885689,127.74383952988813,41.70000000000015,0.0,109.99265470541052,,,,,,,,,,,
7,645,propio,2,120.33823390885689,127.74383952988813,41.60000000000015,0.0,109.99265470541052,,,,,,,,,,,
7,646,propio,2,120.33823390885689,127.74383952988813,41.50000000000015,0.0,109.99265470541052,,,,,,,,,,,
7,647,propio,2,120.33823390885689,127.74383952988813,41.40000000000015,0.0,109.99265470541052,,,,,,,,,,,
7,648,propio,2,120.33823390885689,127.74383952988813,41.300000000000146,0.0,109.99265470541052,,,,,,,,,,,
7,649,propio,2,120.33823390885689,127.74383952988813,41.200000000000145,0.0,109.99265470541052,,,,,,,,,,,
7,650,propio,2,120.33823390885689,127.74383952988813,41.10000000000014,0.0,109.99265470541052,,,,,,,,,,,
7,650,rival,1,129.22826455171767,270.69265595315596,41.200000000000145,0.0,319.1587130264719,143.2249865129829,-23.55131362731487,,,,,,,,,
7,651,propio,2,120.33823390885689,127.74383952988813,41.00000000000014,0.0,109.99265470541052,,,,,,,,,,,
7,652,propio,2,120.33823390885689,127.74383952988813,40.90000000000014,0.0,109.99265470541052,,,,,,,,,,,
7,653,propio,2,120.33823390885689,127.74383952988813,40.80000000000014,0.0,109.99265470541052,,,,,,,,,,,
7,654,propio,2,120.33823390885689,127.74383952988813,40.70000000000014,0.0,109.99265470541052,,,,,,,,,,,
7,655,propio,2,120.33823390885689,127.74383952988813,40.600000000000136,0.0,109.99265470541052,,,,,,,,,,,
7,656,propio,2,120.33823390885689,127.74383952988813,40.500000000000135,0.0,109.99265470541052,,,,,,,,,,,
7,657,propio,2,120.33823390885689,127.74383952988813,40.400000000000134,0.0,109.99265470541052,,,,,,,,,,,
7,658,propio,2,120.33823390885689,127.74383952988813,40.30000000000013,0.0,109.99265470541052,,,,,,,,,,,
7,658,rival,1,129.22826455171767,270.69265595315596,40.400000000000134,0.0,319.1587130264719,143.2249865129829,-23.55131362731487,,,,,,,,,
7,659,propio,2,120.33823390885689,127.74383952988813,39.20000000000013,0.0,109.99265470541052,,,,,,,,,,,
7,659,disparo,2,120.33823390885689,127.74383952988813,39.20000000000013,,109.99265470541052,,,,1.0,,,,,,,
7,660,propio,2,120.33823390885689,127.74383952988813,39.10000000000013,0.0,109.99265470541052,,,,,,,,,,,
7,661,propio,2,120.33823390885689,127.74383952988813,39.00000000000013,0.0,109.99265470541052,,,,,,,,,,,
7,662,propio,2,120.33823390885689,127.74383952988813,38.90000000000013,0.0,109.99265470541052,,,,,,,,,,,
7,663,propio,2,120.33823390885689,127.74383952988813,38.800000000000125,0.0,109.99265470541052,,,,,,,,,,,
7,664,propio,2,120.33823390885689,127.74383952988813,38.700000000000124,0.0,109.99265470541052,,,,,,,,,,,
7,665,propio,2,120.33823390885689,127.74383952988813,38.60000000000012,0.0,109.99265470541052,,,,,,,,,,,
7,666,propio,2,120.33823390885689,127.74383952988813,38.50000000000012,0.0,109.99265470541052,,,,,,,,,,,
7,666,rival,1,129.22826455171767,270.69265595315596,38.60000000000012,0.0,319.1587130264719,143.2249865129829,-23.55131362731487,,,,,,,,,
7,667,propio,2,120.33823390885689,127.74383952988813,38.40000000000012,0.0,109.99265470541052,,,,,,,,,,,
7,668,propio,2,120.33823390885689,127.74383952988813,38.30000000000012,0.0,109.99265470541052,,,,,,,,,,,
7,669,propio,2,120.33823390885689,127.74383952988813,38.20000000000012,0.0,109.99265470541052,,,,,,,,,,,
7,670,propio,2,120.33823390885689,127.74383952988813,38.100000000000115,0.0,109.99265470541052,,,,,,,,,,,
7,671,propio,2,120.33823390885689,127.74383952988813,38.000000000000114,0.0,109.99265470541052,,,,,,,,,,,
7,672,propio,2,120.33823390885689,127.74383952988813,37.90000000000011,0.0,109.99265470541052,,,,,,,,,,,
7,673,propio,2,120.33823390885689,127.74383952988813,37.80000000000011,0.0,109.99265470541052,,,,,,,,,,,
7,674,propio,2,120.33823390885689,127.74383952988813,37.70000000000011,0.0,109.99265470541052,,,,,,,,,,,
7,674,rival,1,129.22826455171767,270.69265595315596,37.80000000000011,0.0,319.1587130264719,143.2249865129829,-23.55131362731487,,,,,,,,,
7,675,propio,2,120.33823390885689,127.74383952988813,36.60000000000011,0.0,109.99265470541052,,,,,,,,,,,
7,675,disparo,2,120.33823390885689,127.74383952988813,36.60000000000011,,109.99265470541052,,,,1.0,,,,,,,
7,676,propio,2,120.33823390885689,127.74383952988813,36.50000000000011,0.0,109.99265470541052,,,,,,,,,,,
7,677,propio,2,120.33823390885689,127.74383952988813,36.400000000000105,0.0,109.99265470541052,,,,,,,,,,,
7,678,propio,2,120.33823390885689,127.74383952988813,36.300000000000104,0.0,109.99265470541052,,,,,,,,,,,
7,679,propio,2,120.33823390885689,127.74383952988813,36.2000000000001,0.0,109.99265470541052,,,,,,,,,,,
7,680,propio,2,120.33823390885689,127.74383952988813,36.1000000000001,0.0,109.99265470541052,,,,,,,,,,,
7,681,propio,2,120.33823390885689,127.74383952988813,36.0000000000001,0.0,109.99265470541052,,,,,,,,,,,
7,682,propio,2,120.33823390885689,127.74383952988813,35.9000000000001,0.0,109.99265470541052,,,,,,,,,,,
7,682,rival,1,129.22826455171767,270.69265595315596,36.0000000000001,0.0,319.1587130264719,143.2249865129829,-23.55131362731487,,,,,,,,,
7,683,propio,2,120.33823390885689,127.74383952988813,35.8000000000001,0.0,109.99265470541052,,,,,,,,,,,
7,684,propio,2,120.33823390885689,127.74383952988813,35.700000000000095,0.0,109.99265470541052,,,,,,,,,,,
7,685,propio,2,120.33823390885689,127.74383952988813,35.600000000000094,0.0,109.99265470541052,,,,,,,,,,,
7,686,propio,2,120.33823390885689,127.74383952988813,35.50000000000009,0.0,109.99265470541052,,,,,,,,,,,
7,687,propio,2,120.33823390885689,127.74383952988813,35.40000000000009,0.0,109.99265470541052,,,,,,,,,,,
7,688,propio,2,120.33823390885689,127.74383952988813,35.30000000000009,0.0,109.99265470541052,,,,,,,,,,,
7,689,propio,2,120.33823390885689,127.74383952988813,35.20000000000009,0.0,109.99265470541052,,,,,,,,,,,
7,690,propio,2,120.33823390885689,127.74383952988813,35.10000000000009,0.0,109.99265470541052,,,,,,,,,,,
7,690,rival,1,129.22826455171767,270.69265595315596,35.20000000000009,0.0,319.1587130264719,143.2249865129829,-23.55131362731487,,,,,,,,,
7,691,propio,2,120.33823390885689,127.74383952988813,34.000000000000085,0.0,109.99265470541052,,,,,,,,,,,
7,691,disparo,2,120.33823390885689,127.74383952988813,34.000000000000085,,109.99265470541052,,,,1.0,,,,,,,
7,692,propio,2,120.33823390885689,127.74383952988813,33.900000000000084,0.0,109.99265470541052,,,,,,,,,,,
7,693,propio,2,120.33823390885689,127.74383952988813,33.80000000000008,0.0,109.99265470541052,,,,,,,,,,,
7,694,propio,2,120.33823390885689,127.74383952988813,33.70000000000008,0.0,109.99265470541052,,,,,,,,,,,
7,695,propio,2,120.33823390885689,127.74383952988813,33.60000000000008,0.0,109.99265470541052,,,,,,,,,,,
7,696,propio,2,120.33823390885689,127.74383952988813,33.50000000000008,0.0,109.99265470541052,,,,,,,,,,,
7,697,propio,2,120.33823390885689,127.74383952988813,33.40000000000008,0.0,109.99265470541052,,,,,,,,,,,
7,698,propio,2,120.33823390885689,127.74383952988813,33.300000000000075,0.0,109.99265470541052,,,,,,,,,,,
7,698,rival,1,129.22826455171767,270.69265595315596,33.40000000000008,0.0,319.1587130264719,143.2249865129829,-23.55131362731487,,,,,,,,,
7,699,propio,2,120.33823390885689,127.74383952988813,33.200000000000074,0.0,109.99265470541052,,,,,,,,,,,
7,700,propio,2,120.33823390885689,127.74383952988813,33.10000000000007,0.0,109.99265470541052,,,,,,,,,,,
7,701,propio,2,120.33823390885689,127.74383952988813,33.00000000000007,0.0,109.99265470541052,,,,,,,,,,,
7,702,propio,2,120.33823390885689,127.74383952988813,32.90000000000007,0.0,109.99265470541052,,,,,,,,,,,
7,703,propio,2,120.33823390885689,127.74383952988813,32.80000000000007,0.0,109.99265470541052,,,,,,,,,,,
7,704,propio,2,120.33823390885689,127.74383952988813,32.70000000000007,0.0,109.99265470541052,,,,,,,,,,,
7,705,propio,2,120.33823390885689,127.74383952988813,32.600000000000065,0.0,109.99265470541052,,,,,,,,,,,
7,706,propio,2,120.33823390885689,127.74383952988813,32.500000000000064,0.0,109.99265470541052,,,,,,,,,,,
7,706,rival,1,129.22826455171767,270.69265595315596,32.600000000000065,0.0,319.1587130264719,143.2249865129829,-23.55131362731487,,,,,,,,,
7,707,propio,2,120.33823390885689,127.74383952988813,31.400000000000063,0.0,109.99265470541052,,,,,,,,,,,
7,707,disparo,2,120.33823390885689,127.74383952988813,31.400000000000063,,109.99265470541052,,,,1.0,,,,,,,
7,708,propio,2,120.33823390885689,127.74383952988813,31.30000000000006,0.0,109.99265470541052,,,,,,,,,,,
7,709,propio,2,120.33823390885689,127.74383952988813,31.20000000000006,0.0,109.99265470541052,,,,,,,,,,,
7,710,propio,2,120.33823390885689,127.74383952988813,31.10000000000006,0.0,109.99265470541052,,,,,,,,,,,
7,711,propio,2,120.33823390885689,127.74383952988813,31.000000000000057,0.0,109.99265470541052,,,,,,,,,,,
7,712,propio,2,120.33823390885689,127.74383952988813,30.900000000000055,0.0,109.99265470541052,,,,,,,,,,,
7,713,propio,2,120.33823390885689,127.74383952988813,30.800000000000054,0.0,109.99265470541052,,,,,,,,,,,
7,714,propio,2,120.33823390885689,127.74383952988813,30.700000000000053,0.0,109.99265470541052,,,,,,,,,,,
7,714,rival,1,129.22826455171767,270.69265595315596,30.800000000000054,0.0,319.1587130264719,143.2249865129829,-23.55131362731487,,,,,,,,,
7,715,propio,2,120.33823390885689,127.74383952988813,30.60000000000005,0.0,109.99265470541052,,,,,,,,,,,
7,716,propio,2,120.33823390885689,127.74383952988813,30.50000000000005,0.0,109.99265470541052,,,,,,,,,,,
7,717,propio,2,120.33823390885689,127.74383952988813,30.40000000000005,0.0,109.99265470541052,,,,,,,,,,,
7,718,propio,2,120.33823390885689,127.74383952988813,30.300000000000047,0.0,109.99265470541052,,,,,,,,,,,
7,719,propio,2,120.33823390885689,127.74383952988813,30.200000000000045,0.0,109.99265470541052,,,,,,,,,,,
7,720,propio,2,120.33823390885689,127.74383952988813,30.100000000000044,0.0,109.99265470541052,,,,,,,,,,,
7,721,propio,2,120.33823390885689,127.74383952988813,30.000000000000043,0.0,109.99265470541052,,,,,,,,,,,
7,722,propio,2,120.33823390885689,127.74383952988813,29.90000000000004,0.0,109.99265470541052,,,,,,,,,,,
7,722,rival,1,129.22826455171767,270.69265595315596,30.000000000000043,0.0,319.1587130264719,143.2249865129829,-23.55131362731487,,,,,,,,,
7,723,propio,2,120.33823390885689,127.74383952988813,28.80000000000004,0.0,109.99265470541052,,,,,,,,,,,
7,723,disparo,2,120.33823390885689,127.74383952988813,28.80000000000004,,109.99265470541052,,,,1.0,,,,,,,
7,724,propio,2,120.33823390885689,127.74383952988813,28.70000000000004,0.0,109.99265470541052,,,,,,,,,,,
7,725,propio,2,120.33823390885689,127.74383952988813,28.600000000000037,0.0,109.99265470541052,,,,,,,,,,,
7,726,propio,2,120.33823390885689,127.74383952988813,28.500000000000036,0.0,109.99265470541052,,,,,,,,,,,
7,727,propio,2,120.33823390885689,127.74383952988813,28.400000000000034,0.0,109.99265470541052,,,,,,,,,,,
7,728,propio,2,120.33823390885689,127.74383952988813,28.300000000000033,0.0,109.99265470541052,,,,,,,,,,,
7,729,propio,2,120.33823390885689,127.74383952988813,28.20000000000003,0.0,109.99265470541052,,,,,,,,,,,
7,730,propio,2,120.33823390885689,127.74383952988813,28.10000000000003,0.0,109.99265470541052,,,,,,,,,,,
7,730,rival,1,129.22826455171767,270.69265595315596,28.20000000000003,0.0,319.1587130264719,143.2249865129829,-23.55131362731487,,,,,,,,,
7,731,propio,2,120.33823390885689,127.74383952988813,28.00000000000003,0.0,109.99265470541052,,,,,,,,,,,
7,732,propio,2,120.33823390885689,127.74383952988813,27.900000000000027,0.0,109.99265470541052,,,,,,,,,,,
7,733,propio,2,120.33823390885689,127.74383952988813,27.800000000000026,0.0,109.99265470541052,,,,,,,,,,,
7,734,propio,2,120.33823390885689,127.74383952988813,27.700000000000024,0.0,109.99265470541052,,,,,,,,,,,
7,735,propio,2,120.33823390885689,127.74383952988813,27.600000000000023,0.0,109.99265470541052,,,,,,,,,,,
7,736,propio,2,120.33823390885689,127.74383952988813,27.50000000000002,0.0,109.99265470541052,,,,,,,,,,,
7,737,propio,2,120.33823390885689,127.74383952988813,27.40000000000002,0.0,109.99265470541052,,,,,,,,,,,
7,738,propio,2,120.33823390885689,127.74383952988813,27.30000000000002,0.0,109.99265470541052,,,,,,,,,,,
7,738,rival,1,129.22826455171767,270.69265595315596,27.40000000000002,0.0,319.1587130264719,143.2249865129829,-23.55131362731487,,,,,,,,,
7,739,propio,2,120.33823390885689,127.74383952988813,26.200000000000017,0.0,109.99265470541052,,,,,,,,,,,
7,739,disparo,2,120.33823390885689,127.74383952988813,26.200000000000017,,109.99265470541052,,,,1.0,,,,,,,
7,740,propio,2,120.33823390885689,127.74383952988813,26.100000000000016,0.0,109.99265470541052,,,,,,,,,,,
7,741,propio,2,120.33823390885689,127.74383952988813,26.000000000000014,0.0,109.99265470541052,,,,,,,,,,,
7,742,propio,2,120.33823390885689,127.74383952988813,25.900000000000013,0.0,109.99265470541052,,,,,,,,,,,
7,743,propio,2,120.33823390885689,127.74383952988813,25.80000000000001,0.0,109.99265470541052,,,,,,,,,,,
7,744,propio,2,120.33823390885689,127.74383952988813,25.70000000000001,0.0,109.99265470541052,,,,,,,,,,,
7,745,propio,2,120.33823390885689,127.74383952988813,25.60000000000001,0.0,109.99265470541052,,,,,,,,,,,
7,746,propio,2,120.33823390885689,127.74383952988813,25.500000000000007,0.0,109.99265470541052,,,,,,,,,,,
7,746,rival,1,129.22826455171767,270.69265595315596,25.60000000000001,0.0,319.1587130264719,143.2249865129829,-23.55131362731487,,,,,,,,,
7,747,propio,2,120.33823390885689,127.74383952988813,25.400000000000006,0.0,109.99265470541052,,,,,,,,,,,
7,748,propio,2,120.33823390885689,127.74383952988813,25.300000000000004,0.0,109.99265470541052,,,,,,,,,,,
7,749,propio,2,120.33823390885689,127.74383952988813,25.200000000000003,0.0,109.99265470541052,,,,,,,,,,,
7,750,propio,2,120.33823390885689,127.74383952988813,25.1,0.0,109.99265470541052,,,,,,,,,,,
7,751,propio,2,120.33823390885689,127.74383952988813,25.0,0.0,109.99265470541052,,,,,,,,,,,
7,752,propio,2,120.33823390885689,127.74383952988813,24.9,0.0,109.99265470541052,,,,,,,,,,,
7,753,propio,2,120.33823390885689,127.74383952988813,24.799999999999997,0.0,109.99265470541052,,,,,,,,,,,
7,754,propio,2,120.33823390885689,127.74383952988813,24.699999999999996,0.0,109.99265470541052,,,,,,,,,,,
7,754,rival,1,129.22826455171767,270.69265595315596,24.799999999999997,0.0,319.1587130264719,143.2249865129829,-23.55131362731487,,,,,,,,,
7,755,propio,2,120.33823390885689,127.74383952988813,23.599999999999994,0.0,109.99265470541052,,,,,,,,,,,
7,755,disparo,2,120.33823390885689,127.74383952988813,23.599999999999994,,109.99265470541052,,,,1.0,,,,,,,
7,756,propio,2,120.33823390885689,127.74383952988813,23.499999999999993,0.0,109.99265470541052,,,,,,,,,,,
7,757,propio,2,120.33823390885689,127.74383952988813,23.39999999999999,0.0,109.99265470541052,,,,,,,,,,,
7,758,propio,2,120.33823390885689,127.74383952988813,23.29999999999999,0.0,109.99265470541052,,,,,,,,,,,
7,759,propio,2,120.33823390885689,127.74383952988813,23.19999999999999,0.0,109.99265470541052,,,,,,,,,,,
7,760,propio,2,120.33823390885689,127.74383952988813,23.099999999999987,0.0,109.99265470541052,,,,,,,,,,,
7,761,propio,2,120.33823390885689,127.74383952988813,22.999999999999986,0.0,109.99265470541052,,,,,,,,,,,
7,762,propio,2,120.33823390885689,127.74383952988813,22.899999999999984,0.0,109.99265470541052,,,,,,,,,,,
7,762,rival,1,129.22826455171767,270.69265595315596,22.999999999999986,0.0,319.1587130264719,143.2249865129829,-23.55131362731487,,,,,,,,,
7,763,propio,2,120.33823390885689,127.74383952988813,22.799999999999983,0.0,109.99265470541052,,,,,,,,,,,
7,764,propio,2,120.33823390885689,127.74383952988813,22.69999999999998,0.0,109.99265470541052,,,,,,,,,,,
7,765,propio,2,120.33823390885689,127.74383952988813,22.59999999999998,0.0,109.99265470541052,,,,,,,,,,,
7,766,propio,2,120.33823390885689,127.74383952988813,22.49999999999998,0.0,109.99265470541052,,,,,,,,,,,
7,767,propio,2,120.33823390885689,127.74383952988813,22.399999999999977,0.0,109.99265470541052,,,,,,,,,,,
7,768,propio,2,120.33823390885689,127.74383952988813,22.299999999999976,0.0,109.99265470541052,,,,,,,,,,,
7,769,propio,2,120.33823390885689,127.74383952988813,22.199999999999974,0.0,109.99265470541052,,,,,,,,,,,
7,770,propio,2,120.33823390885689,127.74383952988813,22.099999999999973,0.0,109.99265470541052,,,,,,,,,,,
7,770,rival,1,129.22826455171767,270.69265595315596,22.199999999999974,0.0,319.1587130264719,143.2249865129829,-23.55131362731487,,,,,,,,,
7,771,propio,2,120.33823390885689,127.74383952988813,20.99999999999997,0.0,109.99265470541052,,,,,,,,,,,
7,771,disparo,2,120.33823390885689,127.74383952988813,20.99999999999997,,109.99265470541052,,,,1.0,,,,,,,
7,772,propio,2,120.33823390885689,127.74383952988813,20.89999999999997,0.0,109.99265470541052,,,,,,,,,,,
7,773,propio,2,120.33823390885689,127.74383952988813,20.79999999999997,0.0,109.99265470541052,,,,,,,,,,,
7,774,propio,2,120.33823390885689,127.74383952988813,20.699999999999967,0.0,109.99265470541052,,,,,,,,,,,
7,775,propio,2,120.33823390885689,127.74383952988813,20.599999999999966,0.0,109.99265470541052,,,,,,,,,,,
7,776,propio,2,120.33823390885689,127.74383952988813,20.499999999999964,0.0,109.99265470541052,,,,,,,,,,,
7,777,propio,2,120.33823390885689,127.74383952988813,20.399999999999963,0.0,109.99265470541052,,,,,,,,,,,
7,778,propio,2,120.33823390885689,127.74383952988813,20.29999999999996,0.0,109.99265470541052,,,,,,,,,,,
7,778,rival,1,129.22826455171767,270.69265595315596,20.399999999999963,0.0,319.1587130264719,143.2249865129829,-23.55131362731487,,,,,,,,,
7,779,propio,2,120.33823390885689,127.74383952988813,20.19999999999996,0.0,109.99265470541052,,,,,,,,,,,
7,780,propio,2,120.33823390885689,127.74383952988813,20.09999999999996,0.0,109.99265470541052,,,,,,,,,,,
7,781,propio,2,120.33823390885689,127.74383952988813,19.999999999999957,0.0,109.99265470541052,,,,,,,,,,,
7,782,propio,2,120.33823390885689,127.74383952988813,19.899999999999956,0.0,109.99265470541052,,,,,,,,,,,
7,783,propio,2,120.33823390885689,127.74383952988813,19.799999999999955,0.0,109.99265470541052,,,,,,,,,,,
7,784,propio,2,120.33823390885689,127.74383952988813,19.699999999999953,0.0,109.99265470541052,,,,,,,,,,,
7,785,propio,2,120.33823390885689,127.74383952988813,19.59999999999995,0.0,109.99265470541052,,,,,,,,,,,
7,786,propio,2,120.33823390885689,127.74383952988813,19.49999999999995,0.0,109.99265470541052,,,,,,,,,,,
7,786,rival,1,129.22826455171767,270.69265595315596,19.59999999999995,0.0,319.1587130264719,143.2249865129829,-23.55131362731487,,,,,,,,,
7,787,propio,2,120.33823390885689,127.74383952988813,18.39999999999995,0.0,109.99265470541052,,,,,,,,,,,
7,787,disparo,2,120.33823390885689,127.74383952988813,18.39999999999995,,109.99265470541052,,,,1.0,,,,,,,
7,788,propio,2,120.33823390885689,127.74383952988813,18.299999999999947,0.0,109.99265470541052,,,,,,,,,,,
7,789,propio,2,120.33823390885689,127.74383952988813,18.199999999999946,0.0,109.99265470541052,,,,,,,,,,,
7,790,propio,2,120.33823390885689,127.74383952988813,18.099999999999945,0.0,109.99265470541052,,,,,,,,,,,
7,791,propio,2,120.33823390885689,127.74383952988813,17.999999999999943,0.0,109.99265470541052,,,,,,,,,,,
7,792,propio,2,120.33823390885689,127.74383952988813,17.89999999999994,0.0,109.99265470541052,,,,,,,,,,,
7,793,propio,2,120.33823390885689,127.74383952988813,17.79999999999994,0.0,109.99265470541052,,,,,,,,,,,
7,794,propio,2,120.33823390885689,127.74383952988813,17.69999999999994,0.0,109.99265470541052,,,,,,,,,,,
7,794,rival,1,129.22826455171767,270.69265595315596,17.79999999999994,0.0,319.1587130264719,143.2249865129829,-23.55131362731487,,,,,,,,,
7,795,propio,2,120.33823390885689,127.74383952988813,17.599999999999937,0.0,109.99265470541052,,,,,,,,,,,
7,796,propio,2,120.33823390885689,127.74383952988813,17.499999999999936,0.0,109.99265470541052,,,,,,,,,,,
7,797,propio,2,120.33823390885689,127.74383952988813,17.399999999999935,0.0,109.99265470541052,,,,,,,,,,,
7,798,propio,2,120.33823390885689,127.74383952988813,17.299999999999933,0.0,109.99265470541052,,,,,,,,,,,
7,799,propio,2,120.33823390885689,127.74383952988813,17.199999999999932,0.0,109.99265470541052,,,,,,,,,,,
7,800,propio,2,120.33823390885689,127.74383952988813,17.09999999999993,0.0,109.99265470541052,,,,,,,,,,,
7,801,propio,2,120.33823390885689,127.74383952988813,16.99999999999993,0.0,109.99265470541052,,,,,,,,,,,
7,802,propio,2,120.33823390885689,127.74383952988813,16.899999999999928,0.0,109.99265470541052,,,,,,,,,,,
7,802,rival,1,129.22826455171767,270.69265595315596,16.99999999999993,0.0,319.1587130264719,143.2249865129829,-23.55131362731487,,,,,,,,,
7,803,propio,2,120.33823390885689,127.74383952988813,15.799999999999928,0.0,109.99265470541052,,,,,,,,,,,
7,803,disparo,2,120.33823390885689,127.74383952988813,15.799999999999928,,109.99265470541052,,,,1.0,,,,,,,
7,804,propio,2,120.33823390885689,127.74383952988813,15.699999999999928,0.0,109.99265470541052,,,,,,,,,,,
7,805,propio,2,120.33823390885689,127.74383952988813,15.599999999999929,0.0,109.99265470541052,,,,,,,,,,,
7,806,propio,2,120.33823390885689,127.74383952988813,15.499999999999929,0.0,109.99265470541052,,,,,,,,,,,
7,807,propio,2,120.33823390885689,127.74383952988813,15.39999999999993,0.0,109.99265470541052,,,,,,,,,,,
7,808,propio,2,120.33823390885689,127.74383952988813,15.29999999999993,0.0,109.99265470541052,,,,,,,,,,,
7,809,propio,2,120.33823390885689,127.74383952988813,15.19999999999993,0.0,109.99265470541052,,,,,,,,,,,
7,810,propio,2,120.33823390885689,127.74383952988813,15.09999999999993,0.0,109.99265470541052,,,,,,,,,,,
7,810,rival,1,129.22826455171767,270.69265595315596,15.199999999999928,0.0,319.1587130264719,143.2249865129829,-23.55131362731487,,,,,,,,,
7,811,propio,2,120.33823390885689,127.74383952988813,14.99999999999993,0.0,109.99265470541052,,,,,,,,,,,
7,812,propio,2,120.33823390885689,127.74383952988813,14.899999999999931,0.0,109.99265470541052,,,,,,,,,,,
7,813,propio,2,120.33823390885689,127.74383952988813,14.799999999999931,0.0,109.99265470541052,,,,,,,,,,,
7,814,propio,2,120.33823390885689,127.74383952988813,14.699999999999932,0.0,109.99265470541052,,,,,,,,,,,
7,815,propio,2,120.33823390885689,127.74383952988813,14.599999999999932,0.0,109.99265470541052,,,,,,,,,,,
7,816,propio,2,120.33823390885689,127.74383952988813,14.499999999999932,0.0,109.99265470541052,,,,,,,,,,,
7,817,propio,2,120.33823390885689,127.74383952988813,14.399999999999933,0.0,109.99265470541052,,,,,,,,,,,
7,818,propio,2,120.33823390885689,127.74383952988813,14.299999999999933,0.0,109.99265470541052,,,,,,,,,,,
7,818,rival,1,129.22826455171767,270.69265595315596,14.399999999999931,0.0,319.1587130264719,143.2249865129829,-23.55131362731487,,,,,,,,,
7,819,propio,2,120.33823390885689,127.74383952988813,13.199999999999934,0.0,109.99265470541052,,,,,,,,,,,
7,819,disparo,2,120.33823390885689,127.74383952988813,13.199999999999934,,109.99265470541052,,,,1.0,,,,,,,
7,820,propio,2,120.33823390885689,127.74383952988813,13.099999999999934,0.0,109.99265470541052,,,,,,,,,,,
7,821,propio,2,120.33823390885689,127.74383952988813,12.999999999999934,0.0,109.99265470541052,,,,,,,,,,,
7,822,propio,2,120.33823390885689,127.74383952988813,12.899999999999935,0.0,109.99265470541052,,,,,,,,,,,
7,823,propio,2,120.33823390885689,127.74383952988813,12.799999999999935,0.0,109.99265470541052,,,,,,,,,,,
7,824,propio,2,120.33823390885689,127.74383952988813,12.699999999999935,0.0,109.99265470541052,,,,,,,,,,,
7,825,propio,2,120.33823390885689,127.74383952988813,12.599999999999936,0.0,109.99265470541052,,,,,,,,,,,
7,826,propio,2,120.33823390885689,127.74383952988813,12.499999999999936,0.0,109.99265470541052,,,,,,,,,,,
7,826,rival,1,129.22826455171767,270.69265595315596,12.599999999999934,0.0,319.1587130264719,143.2249865129829,-23.55131362731487,,,,,,,,,
7,827,propio,2,120.33823390885689,127.74383952988813,12.399999999999936,0.0,109.99265470541052,,,,,,,,,,,
7,828,propio,2,120.33823390885689,127.74383952988813,12.299999999999937,0.0,109.99265470541052,,,,,,,,,,,
7,829,propio,2,120.33823390885689,127.74383952988813,12.199999999999937,0.0,109.99265470541052,,,,,,,,,,,
7,830,propio,2,120.33823390885689,127.74383952988813,12.099999999999937,0.0,109.99265470541052,,,,,,,,,,,
7,831,propio,2,120.33823390885689,127.74383952988813,11.999999999999938,0.0,109.99265470541052,,,,,,,,,,,
7,832,propio,2,120.33823390885689,127.74383952988813,11.899999999999938,0.0,109.99265470541052,,,,,,,,,,,
7,833,propio,2,120.33823390885689,127.74383952988813,11.799999999999939,0.0,109.99265470541052,,,,,,,,,,,
7,834,propio,2,120.33823390885689,127.74383952988813,11.699999999999939,0.0,109.99265470541052,,,,,,,,,,,
7,834,rival,1,129.22826455171767,270.69265595315596,11.799999999999937,0.0,319.1587130264719,143.2249865129829,-23.55131362731487,,,,,,,,,
7,835,propio,2,120.33823390885689,127.74383952988813,10.59999999999994,0.0,109.99265470541052,,,,,,,,,,,
7,835,disparo,2,120.33823390885689,127.74383952988813,10.59999999999994,,109.99265470541052,,,,1.0,,,,,,,
7,836,propio,2,120.33823390885689,127.74383952988813,10.49999999999994,0.0,109.99265470541052,,,,,,,,,,,
7,837,propio,2,120.33823390885689,127.74383952988813,10.39999999999994,0.0,109.99265470541052,,,,,,,,,,,
7,838,propio,2,120.33823390885689,127.74383952988813,10.29999999999994,0.0,109.99265470541052,,,,,,,,,,,
7,839,propio,2,120.33823390885689,127.74383952988813,10.19999999999994,0.0,109.99265470541052,,,,,,,,,,,
7,840,propio,2,120.33823390885689,127.74383952988813,10.099999999999941,0.0,109.99265470541052,,,,,,,,,,,
7,841,propio,2,120.33823390885689,127.74383952988813,9.999999999999941,0.0,109.99265470541052,,,,,,,,,,,
7,842,propio,2,120.33823390885689,127.74383952988813,9.899999999999942,0.0,109.99265470541052,,,,,,,,,,,
7,842,rival,1,129.22826455171767,270.69265595315596,9.99999999999994,0.0,319.1587130264719,143.2249865129829,-23.55131362731487,,,,,,,,,
7,843,propio,2,120.33823390885689,127.74383952988813,9.799999999999942,0.0,109.99265470541052,,,,,,,,,,,
7,844,propio,2,120.33823390885689,127.74383952988813,9.699999999999942,0.0,109.99265470541052,,,,,,,,,,,
7,845,propio,2,120.33823390885689,127.74383952988813,9.599999999999943,0.0,109.99265470541052,,,,,,,,,,,
7,846,propio,2,120.33823390885689,127.74383952988813,9.499999999999943,0.0,109.99265470541052,,,,,,,,,,,
7,847,propio,2,120.33823390885689,127.74383952988813,9.399999999999944,0.0,109.99265470541052,,,,,,,,,,,
7,848,propio,2,120.33823390885689,127.74383952988813,9.299999999999944,0.0,109.99265470541052,,,,,,,,,,,
7,849,propio,2,120.33823390885689,127.74383952988813,9.199999999999944,0.0,109.99265470541052,,,,,,,,,,,
7,850,propio,2,120.33823390885689,127.74383952988813,9.099999999999945,0.0,109.99265470541052,,,,,,,,,,,
7,850,rival,1,129.22826455171767,270.69265595315596,9.199999999999942,0.0,319.1587130264719,143.2249865129829,-23.55131362731487,,,,,,,,,
7,851,propio,2,120.33823390885689,127.74383952988813,7.999999999999945,0.0,109.99265470541052,,,,,,,,,,,
7,851,disparo,2,120.33823390885689,127.74383952988813,7.999999999999945,,109.99265470541052,,,,1.0,,,,,,,
7,852,propio,2,120.33823390885689,127.74383952988813,7.899999999999945,0.0,109.99265470541052,,,,,,,,,,,
7,853,propio,2,120.33823390885689,127.74383952988813,7.799999999999946,0.0,109.99265470541052,,,,,,,,,,,
7,854,propio,2,120.33823390885689,127.74383952988813,7.699999999999946,0.0,109.99265470541052,,,,,,,,,,,
7,855,propio,2,120.33823390885689,127.74383952988813,7.599999999999946,0.0,109.99265470541052,,,,,,,,,,,
7,856,propio,2,120.33823390885689,127.74383952988813,7.499999999999947,0.0,109.99265470541052,,,,,,,,,,,
7,857,propio,2,120.33823390885689,127.74383952988813,7.399999999999947,0.0,109.99265470541052,,,,,,,,,,,
7,858,propio,2,120.33823390885689,127.74383952988813,7.299999999999947,0.0,109.99265470541052,,,,,,,,,,,
7,858,rival,1,129.22826455171767,270.69265595315596,7.399999999999945,0.0,319.1587130264719,143.2249865129829,-23.55131362731487,,,,,,,,,
7,859,propio,2,120.33823390885689,127.74383952988813,7.199999999999948,0.0,109.99265470541052,,,,,,,,,,,
7,860,propio,2,120.33823390885689,127.74383952988813,7.099999999999948,0.0,109.99265470541052,,,,,,,,,,,
7,861,propio,2,120.33823390885689,127.74383952988813,6.9999999999999485,0.0,109.99265470541052,,,,,,,,,,,
7,862,propio,2,120.33823390885689,127.74383952988813,6.899999999999949,0.0,109.99265470541052,,,,,,,,,,,
7,863,propio,2,120.33823390885689,127.74383952988813,6.799999999999949,0.0,109.99265470541052,,,,,,,,,,,
7,864,propio,2,120.33823390885689,127.74383952988813,6.6999999999999496,0.0,109.99265470541052,,,,,,,,,,,
7,865,propio,2,120.33823390885689,127.74383952988813,6.59999999999995,0.0,109.99265470541052,,,,,,,,,,,
7,866,propio,2,120.33823390885689,127.74383952988813,6.49999999999995,0.0,109.99265470541052,,,,,,,,,,,
7,866,rival,1,129.22826455171767,270.69265595315596,6.599999999999948,0.0,319.1587130264719,143.2249865129829,-23.55131362731487,,,,,,,,,
7,867,propio,2,120.33823390885689,127.74383952988813,5.399999999999951,0.0,109.99265470541052,,,,,,,,,,,
7,867,disparo,2,120.33823390885689,127.74383952988813,5.399999999999951,,109.99265470541052,,,,1.0,,,,,,,
7,868,propio,2,120.33823390885689,127.74383952988813,5.299999999999951,0.0,109.99265470541052,,,,,,,,,,,
7,869,propio,2,120.33823390885689,127.74383952988813,5.199999999999951,0.0,109.99265470541052,,,,,,,,,,,
7,870,propio,2,120.33823390885689,127.74383952988813,5.099999999999952,0.0,109.99265470541052,,,,,,,,,,,
7,871,propio,2,120.33823390885689,127.74383952988813,4.999999999999952,0.0,109.99265470541052,,,,,,,,,,,
7,872,propio,2,120.33823390885689,127.74383952988813,4.899999999999952,0.0,109.99265470541052,,,,,,,,,,,
7,873,propio,2,120.33823390885689,127.74383952988813,4.799999999999953,0.0,109.99265470541052,,,,,,,,,,,
7,874,propio,2,120.33823390885689,127.74383952988813,4.699999999999953,0.0,109.99265470541052,,,,,,,,,,,
7,874,rival,1,129.22826455171767,270.69265595315596,4.799999999999951,0.0,319.1587130264719,143.2249865129829,-23.55131362731487,,,,,,,,,
7,875,propio,2,120.33823390885689,127.74383952988813,4.5999999999999535,0.0,109.99265470541052,,,,,,,,,,,
7,876,propio,2,120.33823390885689,127.74383952988813,4.499999999999954,0.0,109.99265470541052,,,,,,,,,,,
7,877,propio,2,120.33823390885689,127.74383952988813,4.399999999999954,0.0,109.99265470541052,,,,,,,,,,,
7,878,propio,2,120.33823390885689,127.74383952988813,4.2999999999999545,0.0,109.99265470541052,,,,,,,,,,,
7,879,propio,2,120.33823390885689,127.74383952988813,4.199999999999955,0.0,109.99265470541052,,,,,,,,,,,
7,880,propio,2,120.33823390885689,127.74383952988813,4.099999999999955,0.0,109.99265470541052,,,,,,,,,,,
7,881,propio,2,120.33823390885689,127.74383952988813,3.999999999999955,0.0,109.99265470541052,,,,,,,,,,,
7,882,propio,2,120.33823390885689,127.74383952988813,3.899999999999955,0.0,109.99265470541052,,,,,,,,,,,
7,882,rival,1,129.22826455171767,270.69265595315596,3.9999999999999534,0.0,319.1587130264719,143.2249865129829,-23.55131362731487,,,,,,,,,
7,883,propio,2,120.33823390885689,127.74383952988813,2.799999999999955,0.0,109.99265470541052,,,,,,,,,,,
7,883,disparo,2,120.33823390885689,127.74383952988813,2.799999999999955,,109.99265470541052,,,,1.0,,,,,,,
7,884,propio,2,120.33823390885689,127.74383952988813,2.699999999999955,0.0,109.99265470541052,,,,,,,,,,,
7,885,propio,2,120.33823390885689,127.74383952988813,2.599999999999955,0.0,109.99265470541052,,,,,,,,,,,
7,886,propio,2,120.33823390885689,127.74383952988813,2.4999999999999547,0.0,109.99265470541052,,,,,,,,,,,
7,887,propio,2,120.33823390885689,127.74383952988813,2.3999999999999546,0.0,109.99265470541052,,,,,,,,,,,
7,888,propio,2,120.33823390885689,127.74383952988813,2.2999999999999545,0.0,109.99265470541052,,,,,,,,,,,
7,889,propio,2,120.33823390885689,127.74383952988813,2.1999999999999544,0.0,109.99265470541052,,,,,,,,,,,
7,890,propio,2,120.33823390885689,127.74383952988813,2.0999999999999543,0.0,109.99265470541052,,,,,,,,,,,
7,890,rival,1,129.22826455171767,270.69265595315596,2.1999999999999527,0.0,319.1587130264719,143.2249865129829,-23.55131362731487,,,,,,,,,
7,891,propio,2,120.33823390885689,127.74383952988813,1.9999999999999543,0.0,109.99265470541052,,,,,,,,,,,
7,892,propio,2,120.33823390885689,127.74383952988813,1.8999999999999542,0.0,109.99265470541052,,,,,,,,,,,
7,893,propio,2,120.33823390885689,127.74383952988813,1.799999999999954,0.0,109.99265470541052,,,,,,,,,,,
7,894,propio,2,120.33823390885689,127.74383952988813,1.699999999999954,0.0,109.99265470541052,,,,,,,,,,,
7,895,propio,2,120.33823390885689,127.74383952988813,1.599999999999954,0.0,109.99265470541052,,,,,,,,,,,
7,896,propio,2,120.33823390885689,127.74383952988813,1.4999999999999538,0.0,109.99265470541052,,,,,,,,,,,
7,897,propio,2,120.33823390885689,127.74383952988813,1.3999999999999537,0.0,109.99265470541052,,,,,,,,,,,
7,898,propio,2,120.33823390885689,127.74383952988813,1.2999999999999536,0.0,109.99265470541052,,,,,,,,,,,
7,898,rival,1,129.22826455171767,270.69265595315596,1.399999999999952,0.0,319.1587130264719,143.2249865129829,-23.55131362731487,,,,,,,,,
7,899,propio,2,120.33823390885689,127.74383952988813,0.19999999999995363,0.0,109.99265470541052,,,,,,,,,,,
7,899,disparo,2,120.33823390885689,127.74383952988813,0.19999999999995363,,109.99265470541052,,,,1.0,,,,,,,
7,900,propio,2,120.33823390885689,127.74383952988813,0.09999999999995363,0.0,109.99265470541052,,,,,,,,,,,
7,901,propio,2,120.33823390885689,127.74383952988813,-4.6379566853715914e-14,0.0,109.99265470541052,,,,,,,,,,,
7,901,fin_ronda,2,,,,,,,,,,,0,2,0.0,0.0,0.0,20.0
