ronda,turno,tipo,id,x,y,energia,velocidad,direccion,dist_al_rival,bearing_al_rival,id_otro,potencia,dano,vivo,rank,supervivencia,dano_balas,dano_embestida,puntuacion
1,1,propio,2,318.5316347743028,520.8378588987362,100.0,0.0,353.4098592651971,,,,,,,,,,,
1,2,propio,2,319.52502730319463,520.7230926861914,100.0,1.0,353.4098592651971,,,,,,,,,,,
1,3,propio,2,321.5118123609783,520.493560261102,100.0,2.0,353.4098592651971,,,,,,,,,,,
1,4,propio,2,324.49198994765385,520.1492616234677,100.0,3.0,353.4098592651971,,,,,,,,,,,
1,5,propio,2,328.46556006322123,519.6901967732887,100.0,4.0,353.4098592651971,,,,,,,,,,,
1,6,propio,2,333.43252270768045,519.1163657105649,100.0,5.0,353.4098592651971,,,,,,,,,,,
1,7,propio,2,339.3928778810315,518.4277684352963,100.0,6.0,353.4098592651971,,,,,,,,,,,
1,8,propio,2,346.3466255832744,517.6244049474831,100.0,7.0,353.4098592651971,,,,,,,,,,,
1,9,propio,2,354.29376581440914,516.7062752471251,100.0,8.0,353.4098592651971,,,,,,,,,,,
1,10,propio,2,362.2409060455439,515.788145546767,100.0,8.0,353.4098592651971,,,,,,,,,,,
1,11,propio,2,370.1880462766787,514.870015846409,100.0,8.0,353.4098592651971,,,,,,,,,,,
1,12,propio,2,378.13518650781344,513.951886146051,100.0,8.0,353.4098592651971,,,,,,,,,,,
1,13,propio,2,386.0823267389482,513.033756445693,100.0,8.0,353.4098592651971,,,,,,,,,,,
1,14,propio,2,394.029466970083,512.115626745335,100.0,8.0,353.4098592651971,,,,,,,,,,,
1,15,propio,2,401.97660720121775,511.197497044977,100.0,8.0,353.4098592651971,,,,,,,,,,,
1,16,propio,2,409.1787030356836,510.36544200402756,100.0,7.25,353.4098592651971,,,,,,,,,,,
1,17,propio,2,414.3940138123658,509.76291938816763,100.0,5.25,353.4098592651971,,,,,,,,,,,
1,18,propio,2,417.6225395312643,509.3899291973972,100.0,3.25,353.4098592651971,,,,,,,,,,,
1,19,propio,2,418.8642801923791,509.24647143171626,100.0,1.25,353.4098592651971,,,,,,,,,,,
1,20,propio,2,418.8642801923791,509.24647143171626,100.0,0.0,353.4098592651971,,,,,,,,,,,
1,21,propio,2,418.8642801923791,509.24647143171626,100.0,0.0,353.4098592651971,,,,,,,,,,,
1,22,propio,2,418.8642801923791,509.24647143171626,100.0,0.0,353.4098592651971,,,,,,,,,,,
1,23,propio,2,418.8642801923791,509.24647143171626,100.0,0.0,353.4098592651971,,,,,,,,,,,
1,24,propio,2,418.8642801923791,509.24647143171626,100.0,0.0,353.4098592651971,,,,,,,,,,,
1,25,propio,2,418.8642801923791,509.24647143171626,100.0,0.0,353.4098592651971,,,,,,,,,,,
1,26,propio,2,418.8642801923791,509.24647143171626,100.0,0.0,353.4098592651971,,,,,,,,,,,
1,27,propio,2,418.8642801923791,509.24647143171626,100.0,0.0,353.4098592651971,,,,,,,,,,,
1,28,propio,2,418.8642801923791,509.24647143171626,100.0,0.0,353.4098592651971,,,,,,,,,,,
1,29,propio,2,418.8642801923791,509.24647143171626,100.0,0.0,353.4098592651971,,,,,,,,,,,
1,30,propio,2,418.8642801923791,509.24647143171626,100.0,0.0,353.4098592651971,,,,,,,,,,,
1,31,propio,2,418.8642801923791,509.24647143171626,100.0,0.0,353.4098592651971,,,,,,,,,,,
1,32,propio,2,418.8642801923791,509.24647143171626,100.0,0.0,353.4098592651971,,,,,,,,,,,
1,33,propio,2,418.8642801923791,509.24647143171626,100.0,0.0,353.4098592651971,,,,,,,,,,,
1,33,rival,3,20.54283174540103,372.9260139330676,100.0,8.0,180.0,421.0026643924472,-154.51699958688695,,,,,,,,,
1,34,propio,2,418.8642801923791,509.24647143171626,99.0,0.0,353.4098592651971,,,,,,,,,,,
1,34,disparo,2,418.8642801923791,509.24647143171626,99.0,,253.4098592651971,421.0026643924472,,3,1.0,,,,,,,
1,34,rival,5,60.24077868119687,212.83049387095886,100.0,0.0,69.48273009346863,465.2668563195108,-133.83483169437693,,,,,,,,,
1,34,rival,1,192.38092204785167,311.2517354461156,99.0,8.0,218.95044460722625,300.82657295263994,-132.24947703119952,,,,,,,,,
1,35,propio,2,418.8642801923791,509.24647143171626,99.0,0.0,353.4098592651971,,,,,,,,,,,
1,36,propio,2,418.8642801923791,509.24647143171626,99.0,0.0,353.4098592651971,,,,,,,,,,,
1,37,propio,2,418.8642801923791,509.24647143171626,99.0,0.0,353.4098592651971,,,,,,,,,,,
1,37,rival,4,522.9453732484056,168.44419815169263,100.0,0.0,42.10409519991544,356.3412176616244,-66.42717581886677,,,,,,,,,
1,38,propio,2,418.8642801923791,509.24647143171626,99.0,0.0,353.4098592651971,,,,,,,,,,,
1,38,rival,4,522.9453732484056,168.44419815169263,100.0,0.0,42.10409519991544,356.3412176616244,-66.42717581886677,,,,,,,,,
1,39,propio,2,417.8708876634873,509.361237644261,99.0,-1.0,353.4098592651971,,,,,,,,,,,
1,40,propio,2,415.8841026057036,509.5907700693505,99.0,-2.0,353.4098592651971,,,,,,,,,,,
1,41,propio,2,412.90392501902807,509.9350687069848,99.0,-3.0,353.4098592651971,,,,,,,,,,,
1,42,propio,2,408.9303549034607,510.3941335571638,99.0,-4.0,353.4098592651971,,,,,,,,,,,
1,43,propio,2,403.96339225900147,510.96796461988754,99.0,-5.0,353.4098592651971,,,,,,,,,,,
1,44,propio,2,398.0030370856504,511.6565618951561,99.0,-6.0,353.4098592651971,,,,,,,,,,,
1,45,propio,2,391.04928938340754,512.4599253829693,99.0,-7.0,353.4098592651971,,,,,,,,,,,
1,46,propio,2,383.1021491522728,513.3780550833274,99.0,-8.0,353.4098592651971,,,,,,,,,,,
1,47,propio,2,375.155008921138,514.2961847836854,99.0,-8.0,353.4098592651971,,,,,,,,,,,
1,48,propio,2,367.20786869000324,515.2143144840434,99.0,-8.0,353.4098592651971,,,,,,,,,,,
1,49,propio,2,359.26072845886847,516.1324441844014,99.0,-8.0,353.4098592651971,,,,,,,,,,,
1,50,propio,2,351.3135882277337,517.0505738847594,99.0,-8.0,353.4098592651971,,,,,,,,,,,
1,51,propio,2,343.36644799659894,517.9687035851174,99.0,-8.0,353.4098592651971,,,,,,,,,,,
1,52,propio,2,335.41930776546417,518.8868332854754,99.0,-8.0,353.4098592651971,,,,,,,,,,,
1,53,propio,2,328.2172119309983,519.7188883264248,99.0,-7.25,353.4098592651971,,,,,,,,,,,
1,54,propio,2,323.0019011543161,520.3214109422847,99.0,-5.25,353.4098592651971,,,,,,,,,,,
1,55,propio,2,319.7733754354176,520.6944011330552,99.0,-3.25,353.4098592651971,,,,,,,,,,,
1,56,propio,2,318.5316347743028,520.8378588987362,99.0,-1.25,353.4098592651971,,,,,,,,,,,
1,57,propio,2,318.5316347743028,520.8378588987362,99.0,-0.0,353.4098592651971,,,,,,,,,,,
1,58,propio,2,318.5316347743028,520.8378588987362,99.0,0.0,353.4098592651971,,,,,,,,,,,
1,59,propio,2,318.5316347743028,520.8378588987362,99.0,0.0,353.4098592651971,,,,,,,,,,,
1,60,propio,2,318.5316347743028,520.8378588987362,99.0,0.0,353.4098592651971,,,,,,,,,,,
1,61,propio,2,318.5316347743028,520.8378588987362,99.0,0.0,353.4098592651971,,,,,,,,,,,
1,62,propio,2,318.5316347743028,520.8378588987362,99.0,0.0,353.4098592651971,,,,,,,,,,,
1,63,propio,2,318.5316347743028,520.8378588987362,99.0,0.0,353.4098592651971,,,,,,,,,,,
1,64,propio,2,318.5316347743028,520.8378588987362,99.0,0.0,353.4098592651971,,,,,,,,,,,
1,65,propio,2,318.5316347743028,520.8378588987362,99.0,0.0,353.4098592651971,,,,,,,,,,,
1,66,propio,2,318.5316347743028,520.8378588987362,99.0,0.0,353.4098592651971,,,,,,,,,,,
1,67,propio,2,318.5316347743028,520.8378588987362,99.0,0.0,353.4098592651971,,,,,,,,,,,
1,68,propio,2,318.5316347743028,520.8378588987362,99.0,0.0,353.4098592651971,,,,,,,,,,,
1,69,propio,2,318.5316347743028,520.8378588987362,99.0,0.0,353.4098592651971,,,,,,,,,,,
1,70,propio,2,318.5316347743028,520.8378588987362,99.0,0.0,353.4098592651971,,,,,,,,,,,
1,71,propio,2,318.5316347743028,520.8378588987362,99.0,0.0,353.4098592651971,,,,,,,,,,,
1,71,rival,3,18.0,320.9260139330676,90.4,0.0,270.0,360.94876264878985,-139.77824607957487,,,,,,,,,
1,72,propio,2,318.5316347743028,520.8378588987362,98.0,0.0,353.4098592651971,,,,,,,,,,,
1,72,disparo,2,318.5316347743028,520.8378588987362,98.0,,273.4098592651971,360.94876264878985,,3,1.0,,,,,,,
1,72,rival,1,107.83085043787771,206.50080088676518,105.4,-8.0,147.70044460722625,378.4212025767133,-117.24388843191008,,,,,,,,,
1,72,rival,5,78.41963361106458,118.0018793456265,94.0,0.0,176.96952135923186,468.9675889921694,-114.20708477610407,,,,,,,,,
1,73,propio,2,318.5316347743028,520.8378588987362,98.0,0.0,353.4098592651971,,,,,,,,,,,
1,74,propio,2,318.5316347743028,520.8378588987362,98.0,0.0,353.4098592651971,,,,,,,,,,,
1,75,propio,2,318.5316347743028,520.8378588987362,98.0,0.0,353.4098592651971,,,,,,,,,,,
1,75,rival,4,522.9453732484056,168.44419815169263,95.0,0.0,264.52050096616927,407.3895784278991,-53.29303411971057,,,,,,,,,
1,76,propio,2,318.5316347743028,520.8378588987362,98.0,0.0,353.4098592651971,,,,,,,,,,,
1,77,propio,2,319.52502730319463,520.7230926861914,98.0,1.0,353.4098592651971,,,,,,,,,,,
1,77,rival,4,522.6589044954571,165.4579068642285,95.0,2.0,264.52050096616927,409.2392018371102,-53.64975884475632,,,,,,,,,
1,78,propio,2,321.5118123609783,520.493560261102,98.0,2.0,353.4098592651971,,,,,,,,,,,
1,79,propio,2,324.49198994765385,520.1492616234677,98.0,3.0,353.4098592651971,,,,,,,,,,,
1,80,propio,2,328.46556006322123,519.6901967732887,98.0,4.0,353.4098592651971,,,,,,,,,,,
1,81,propio,2,333.43252270768045,519.1163657105649,98.0,5.0,353.4098592651971,,,,,,,,,,,
1,82,propio,2,339.3928778810315,518.4277684352963,98.0,6.0,353.4098592651971,,,,,,,,,,,
1,83,propio,2,346.3466255832744,517.6244049474831,98.0,7.0,353.4098592651971,,,,,,,,,,,
1,84,propio,2,354.29376581440914,516.7062752471251,98.0,8.0,353.4098592651971,,,,,,,,,,,
1,85,propio,2,362.2409060455439,515.788145546767,98.0,8.0,353.4098592651971,,,,,,,,,,,
1,86,propio,2,370.1880462766787,514.870015846409,98.0,8.0,353.4098592651971,,,,,,,,,,,
1,87,propio,2,378.13518650781344,513.951886146051,98.0,8.0,353.4098592651971,,,,,,,,,,,
1,88,propio,2,386.0823267389482,513.033756445693,98.0,8.0,353.4098592651971,,,,,,,,,,,
1,89,propio,2,394.029466970083,512.115626745335,98.0,8.0,353.4098592651971,,,,,,,,,,,
1,90,propio,2,401.97660720121775,511.197497044977,98.0,8.0,353.4098592651971,,,,,,,,,,,
1,91,propio,2,409.1787030356836,510.36544200402756,98.0,7.25,353.4098592651971,,,,,,,,,,,
1,92,propio,2,414.3940138123658,509.76291938816763,98.0,5.25,353.4098592651971,,,,,,,,,,,
1,93,propio,2,417.6225395312643,509.3899291973972,98.0,3.25,353.4098592651971,,,,,,,,,,,
1,94,propio,2,418.8642801923791,509.24647143171626,98.0,1.25,353.4098592651971,,,,,,,,,,,
1,95,propio,2,418.8642801923791,509.24647143171626,98.0,0.0,353.4098592651971,,,,,,,,,,,
1,96,propio,2,418.8642801923791,509.24647143171626,98.0,0.0,353.4098592651971,,,,,,,,,,,
1,96,rival,4,518.0754044482798,117.67724626480268,95.0,0.0,264.52050096616927,403.94220536351094,-69.19213757714289,,,,,,,,,
1,97,propio,2,418.8642801923791,509.24647143171626,97.0,0.0,353.4098592651971,,,,,,,,,,,
1,97,disparo,2,418.8642801923791,509.24647143171626,97.0,,13.409859265197099,403.94220536351094,,4,1.0,,,,,,,
1,97,rival,4,518.0754044482798,117.67724626480268,95.0,0.0,264.52050096616927,403.94220536351094,-69.19213757714289,,,,,,,,,
1,98,propio,2,418.8642801923791,509.24647143171626,97.0,0.0,353.4098592651971,,,,,,,,,,,
1,99,propio,2,418.8642801923791,509.24647143171626,97.0,0.0,353.4098592651971,,,,,,,,,,,
1,100,propio,2,418.8642801923791,509.24647143171626,97.0,0.0,353.4098592651971,,,,,,,,,,,
1,101,propio,2,418.8642801923791,509.24647143171626,97.0,0.0,353.4098592651971,,,,,,,,,,,
1,102,propio,2,418.8642801923791,509.24647143171626,97.0,0.0,353.4098592651971,,,,,,,,,,,
1,103,propio,2,418.8642801923791,509.24647143171626,97.0,0.0,353.4098592651971,,,,,,,,,,,
1,104,propio,2,418.8642801923791,509.24647143171626,97.0,0.0,353.4098592651971,,,,,,,,,,,
1,105,propio,2,418.8642801923791,509.24647143171626,97.0,0.0,353.4098592651971,,,,,,,,,,,
1,106,propio,2,418.8642801923791,509.24647143171626,97.0,0.0,353.4098592651971,,,,,,,,,,,
1,107,propio,2,418.8642801923791,509.24647143171626,97.0,0.0,353.4098592651971,,,,,,,,,,,
1,108,propio,2,418.8642801923791,509.24647143171626,97.0,0.0,353.4098592651971,,,,,,,,,,,
1,109,propio,2,418.8642801923791,509.24647143171626,97.0,0.0,353.4098592651971,,,,,,,,,,,
1,110,propio,2,418.8642801923791,509.24647143171626,97.0,0.0,353.4098592651971,,,,,,,,,,,
1,110,rival,3,18.0,320.9260139330676,89.4,0.0,270.0,442.89588601233874,-148.2463748004691,,,,,,,,,
1,111,propio,2,418.8642801923791,509.24647143171626,96.0,0.0,353.4098592651971,,,,,,,,,,,
1,111,disparo,2,418.8642801923791,509.24647143171626,96.0,,293.4098592651971,442.89588601233874,,3,1.0,,,,,,,
1,111,rival,3,18.0,320.9260139330676,89.4,0.0,270.0,442.89588601233874,-148.2463748004691,,,,,,,,,
1,112,propio,2,418.8642801923791,509.24647143171626,96.0,0.0,353.4098592651971,,,,,,,,,,,
1,112,rival,5,19.350880145294674,93.3322891704034,85.0,-2.0,116.76250857668998,576.7109881242756,-127.25761847911369,,,,,,,,,
1,112,rival,1,288.02869422687263,324.52750260829845,106.4,3.0,335.45044460722625,226.3604382354042,-118.71962335326725,,,,,,,,,
1,113,propio,2,418.8642801923791,509.24647143171626,96.0,0.0,353.4098592651971,,,,,,,,,,,
1,114,propio,2,417.8708876634873,509.361237644261,96.0,-1.0,353.4098592651971,,,,,,,,,,,
1,115,propio,2,415.8841026057036,509.5907700693505,96.0,-2.0,353.4098592651971,,,,,,,,,,,
1,116,propio,2,412.90392501902807,509.9350687069848,96.0,-3.0,353.4098592651971,,,,,,,,,,,
1,117,propio,2,408.9303549034607,510.3941335571638,96.0,-4.0,353.4098592651971,,,,,,,,,,,
1,118,propio,2,403.96339225900147,510.96796461988754,96.0,-5.0,353.4098592651971,,,,,,,,,,,
1,119,propio,2,398.0030370856504,511.6565618951561,96.0,-6.0,353.4098592651971,,,,,,,,,,,
1,120,propio,2,391.04928938340754,512.4599253829693,96.0,-7.0,353.4098592651971,,,,,,,,,,,
1,121,propio,2,383.1021491522728,513.3780550833274,96.0,-8.0,353.4098592651971,,,,,,,,,,,
1,121,rival,1,349.0842598991712,322.6432791368459,106.4,8.0,0.9504446072262454,193.74460391089806,-93.52233513992041,,,,,,,,,
1,122,propio,2,375.155008921138,514.2961847836854,96.0,-8.0,353.4098592651971,,,,,,,,,,,
1,122,rival,1,357.0831592259782,322.7759801526902,106.4,8.0,356.95044460722625,192.3709451380398,-88.80032920500912,,,,,,,,,
1,123,propio,2,367.20786869000324,515.2143144840434,96.0,-8.0,353.4098592651971,,,,,,,,,,,
1,124,propio,2,359.26072845886847,516.1324441844014,96.0,-8.0,353.4098592651971,,,,,,,,,,,
1,125,propio,2,351.3135882277337,517.0505738847594,96.0,-8.0,353.4098592651971,,,,,,,,,,,
1,126,propio,2,343.36644799659894,517.9687035851174,96.0,-8.0,353.4098592651971,,,,,,,,,,,
1,127,propio,2,335.41930776546417,518.8868332854754,96.0,-8.0,353.4098592651971,,,,,,,,,,,
1,128,propio,2,328.2172119309983,519.7188883264248,96.0,-7.25,353.4098592651971,,,,,,,,,,,
1,129,propio,2,323.0019011543161,520.3214109422847,96.0,-5.25,353.4098592651971,,,,,,,,,,,
1,130,propio,2,319.7733754354176,520.6944011330552,96.0,-3.25,353.4098592651971,,,,,,,,,,,
1,131,propio,2,318.5316347743028,520.8378588987362,96.0,-1.25,353.4098592651971,,,,,,,,,,,
1,132,propio,2,318.5316347743028,520.8378588987362,96.0,-0.0,353.4098592651971,,,,,,,,,,,
1,133,propio,2,318.5316347743028,520.8378588987362,96.0,0.0,353.4098592651971,,,,,,,,,,,
1,134,propio,2,318.5316347743028,520.8378588987362,96.0,0.0,353.4098592651971,,,,,,,,,,,
1,134,rival,4,522.0794097379377,122.14579654877531,90.0,-3.0,228.1383498550835,447.6461295191902,-56.36378329593555,,,,,,,,,
1,134,rival,1,441.54965567920647,283.2996292266575,109.4,8.0,308.95044460722625,267.5029794658454,-56.03079620927798,,,,,,,,,
1,135,propio,2,318.5316347743028,520.8378588987362,95.0,0.0,353.4098592651971,,,,,,,,,,,
1,135,disparo,2,318.5316347743028,520.8378588987362,95.0,,33.4098592651971,267.5029794658454,,1,1.0,,,,,,,
1,136,propio,2,318.5316347743028,520.8378588987362,95.0,0.0,353.4098592651971,,,,,,,,,,,
1,137,propio,2,318.5316347743028,520.8378588987362,95.0,0.0,353.4098592651971,,,,,,,,,,,
1,138,propio,2,318.5316347743028,520.8378588987362,95.0,0.0,353.4098592651971,,,,,,,,,,,
1,139,propio,2,318.5316347743028,520.8378588987362,95.0,0.0,353.4098592651971,,,,,,,,,,,
1,140,propio,2,318.5316347743028,520.8378588987362,95.0,0.0,353.4098592651971,,,,,,,,,,,
1,141,propio,2,318.5316347743028,520.8378588987362,95.0,0.0,353.4098592651971,,,,,,,,,,,
1,142,propio,2,318.5316347743028,520.8378588987362,95.0,0.0,353.4098592651971,,,,,,,,,,,
1,143,propio,2,318.5316347743028,520.8378588987362,95.0,0.0,353.4098592651971,,,,,,,,,,,
1,144,propio,2,318.5316347743028,520.8378588987362,95.0,0.0,353.4098592651971,,,,,,,,,,,
1,145,propio,2,318.5316347743028,520.8378588987362,95.0,0.0,353.4098592651971,,,,,,,,,,,
1,146,propio,2,318.5316347743028,520.8378588987362,95.0,0.0,353.4098592651971,,,,,,,,,,,
1,147,propio,2,318.5316347743028,520.8378588987362,95.0,0.0,353.4098592651971,,,,,,,,,,,
1,148,propio,2,318.5316347743028,520.8378588987362,91.0,0.0,353.4098592651971,,,,,,,,,,,
1,148,impacto_recibido,2,,,91.0,,,,,3,1.0,4.0,,,,,,
1,148,rival,3,18.0,320.9260139330676,88.4,0.0,270.0,360.94876264878985,-139.77824607957487,,,,,,,,,
1,149,propio,2,318.5316347743028,520.8378588987362,90.0,0.0,343.4098592651971,,,,,,,,,,,
1,149,disparo,2,318.5316347743028,520.8378588987362,90.0,,313.4098592651971,360.94876264878985,,3,1.0,,,,,,,
1,150,propio,2,318.5316347743028,520.8378588987362,90.0,0.0,333.4098592651971,,,,,,,,,,,
1,150,rival,5,44.73389185705437,43.0006584382406,81.375,7.0,116.76250857668998,550.7209766937369,-93.22229971366374,,,,,,,,,
1,151,propio,2,318.5316347743028,520.8378588987362,90.0,0.0,323.4098592651971,,,,,,,,,,,
1,152,propio,2,318.5316347743028,520.8378588987362,90.0,0.0,313.4098592651971,,,,,,,,,,,
1,153,propio,2,318.5316347743028,520.8378588987362,90.0,0.0,303.4098592651971,,,,,,,,,,,
1,154,propio,2,318.5316347743028,520.8378588987362,90.0,0.0,293.4098592651971,,,,,,,,,,,
1,155,propio,2,318.5316347743028,520.8378588987362,90.0,0.0,283.4098592651971,,,,,,,,,,,
1,156,propio,2,318.5316347743028,520.8378588987362,90.0,0.0,273.4098592651971,,,,,,,,,,,
1,157,propio,2,318.5316347743028,520.8378588987362,90.0,0.0,263.4098592651971,,,,,,,,,,,
1,158,propio,2,318.5316347743028,520.8378588987362,90.0,0.0,253.4098592651971,,,,,,,,,,,
1,159,propio,2,318.5316347743028,520.8378588987362,90.0,0.0,253.4098592651971,,,,,,,,,,,
1,160,propio,2,318.5316347743028,520.8378588987362,90.0,0.0,253.4098592651971,,,,,,,,,,,
1,161,propio,2,318.24611131605485,519.8794871781652,90.0,1.0,253.4098592651971,,,,,,,,,,,
1,161,rival,5,18.0,96.0109311459292,81.75,0.0,116.76250857668998,519.4345773562495,-18.721602340186678,,,,,,,,,
1,162,propio,2,317.675064399559,517.9627437370233,90.0,2.0,253.4098592651971,,,,,,,,,,,
1,163,propio,2,316.8184940248152,515.0876285753104,90.0,3.0,253.4098592651971,,,,,,,,,,,
1,164,propio,2,315.67640019182346,511.25414169302655,90.0,4.0,253.4098592651971,,,,,,,,,,,
1,165,propio,2,314.2487829005838,506.46228309017175,90.0,5.0,253.4098592651971,,,,,,,,,,,
1,166,propio,2,312.5356421510962,500.712052766746,90.0,6.0,253.4098592651971,,,,,,,,,,,
1,167,propio,2,310.5369779433607,494.0034507227493,90.0,7.0,253.4098592651971,,,,,,,,,,,
1,168,propio,2,308.25279027737724,486.3364769581816,90.0,8.0,253.4098592651971,,,,,,,,,,,
1,169,propio,2,305.9686026113938,478.66950319361393,90.0,8.0,253.4098592651971,,,,,,,,,,,
1,170,propio,2,303.68441494541037,471.00252942904626,90.0,8.0,253.4098592651971,,,,,,,,,,,
1,171,propio,2,301.40022727942693,463.3355556644786,90.0,8.0,253.4098592651971,,,,,,,,,,,
1,172,propio,2,299.1160396134435,455.6685818999109,90.0,8.0,253.4098592651971,,,,,,,,,,,
1,173,propio,2,296.83185194746005,448.00160813534325,90.0,8.0,253.4098592651971,,,,,,,,,,,
1,174,propio,2,294.5476642814766,440.3346343707756,90.0,8.0,253.4098592651971,,,,,,,,,,,
1,175,propio,2,292.4776192091791,433.3864393966361,90.0,7.25,253.4098592651971,,,,,,,,,,,
1,176,propio,2,290.9786210533775,428.35498786363854,90.0,5.25,253.4098592651971,,,,,,,,,,,
1,177,propio,2,290.0506698140717,425.2402797717829,90.0,3.25,253.4098592651971,,,,,,,,,,,
1,178,propio,2,289.6937654912618,424.04231512106924,90.0,1.25,253.4098592651971,,,,,,,,,,,
1,179,propio,2,289.6937654912618,424.04231512106924,90.0,0.0,253.4098592651971,,,,,,,,,,,
1,180,propio,2,289.6937654912618,424.04231512106924,90.0,0.0,253.4098592651971,,,,,,,,,,,
1,180,rival,5,22.502933817648913,87.08212456084328,80.75,-4.0,116.76250857668998,430.03849891936505,-21.822334268580676,,,,,,,,,
1,181,propio,2,289.6937654912618,424.04231512106924,89.0,0.0,253.4098592651971,,,,,,,,,,,
1,181,disparo,2,289.6937654912618,424.04231512106924,89.0,,13.409859265197099,430.03849891936505,,5,1.0,,,,,,,
1,182,propio,2,289.6937654912618,424.04231512106924,89.0,0.0,253.4098592651971,,,,,,,,,,,
1,182,rival,1,282.1180791297167,18.974175139126732,101.4,-1.0,266.20044460722625,405.1389749854722,15.518705546140552,,,,,,,,,
1,183,propio,2,289.6937654912618,424.04231512106924,89.0,0.0,253.4098592651971,,,,,,,,,,,
1,184,propio,2,289.6937654912618,424.04231512106924,89.0,0.0,253.4098592651971,,,,,,,,,,,
1,184,rival,4,552.1094494103717,155.65992367857012,89.0,0.0,228.1383498550835,375.35463125307115,60.946105316902674,,,,,,,,,
1,185,propio,2,289.6937654912618,424.04231512106924,89.0,0.0,253.4098592651971,,,,,,,,,,,
1,186,propio,2,289.6937654912618,424.04231512106924,89.0,0.0,253.4098592651971,,,,,,,,,,,
1,187,propio,2,289.6937654912618,424.04231512106924,89.0,0.0,253.4098592651971,,,,,,,,,,,
1,188,propio,2,289.6937654912618,424.04231512106924,89.0,0.0,253.4098592651971,,,,,,,,,,,
1,189,propio,2,289.6937654912618,424.04231512106924,89.0,0.0,253.4098592651971,,,,,,,,,,,
1,190,propio,2,289.6937654912618,424.04231512106924,89.0,0.0,253.4098592651971,,,,,,,,,,,
1,191,propio,2,289.6937654912618,424.04231512106924,89.0,0.0,253.4098592651971,,,,,,,,,,,
1,192,propio,2,289.6937654912618,424.04231512106924,89.0,0.0,253.4098592651971,,,,,,,,,,,
1,193,propio,2,289.6937654912618,424.04231512106924,89.0,0.0,253.4098592651971,,,,,,,,,,,
1,194,propio,2,289.6937654912618,424.04231512106924,89.0,0.0,253.4098592651971,,,,,,,,,,,
1,195,propio,2,289.6937654912618,424.04231512106924,89.0,0.0,253.4098592651971,,,,,,,,,,,
1,196,propio,2,289.6937654912618,424.04231512106924,89.0,0.0,253.4098592651971,,,,,,,,,,,
1,196,rival,3,18.0,320.9260139330676,90.4,0.0,270.0,290.6036368965733,-52.62653551254607,,,,,,,,,
1,197,propio,2,289.6937654912618,424.04231512106924,88.0,0.0,253.4098592651971,,,,,,,,,,,
1,197,disparo,2,289.6937654912618,424.04231512106924,88.0,,333.4098592651971,290.6036368965733,,3,1.0,,,,,,,
1,197,rival,3,18.0,320.9260139330676,90.4,0.0,270.0,290.6036368965733,-52.62653551254607,,,,,,,,,
1,198,propio,2,289.97928894950974,425.0006868416402,88.0,-1.0,253.4098592651971,,,,,,,,,,,
1,199,propio,2,290.5503358660056,426.9174302827821,88.0,-2.0,253.4098592651971,,,,,,,,,,,
1,200,propio,2,291.4069062407494,429.792545444495,88.0,-3.0,253.4098592651971,,,,,,,,,,,
1,201,propio,2,292.5490000737411,433.62603232677884,88.0,-4.0,253.4098592651971,,,,,,,,,,,
1,202,propio,2,293.97661736498077,438.41789092963364,88.0,-5.0,253.4098592651971,,,,,,,,,,,
1,203,propio,2,295.68975811446836,444.1681212530594,88.0,-6.0,253.4098592651971,,,,,,,,,,,
1,204,propio,2,297.6884223222039,450.8767232970561,88.0,-7.0,253.4098592651971,,,,,,,,,,,
1,205,propio,2,299.97260998818734,458.5436970616238,88.0,-8.0,253.4098592651971,,,,,,,,,,,
1,206,propio,2,302.2567976541708,466.21067082619146,88.0,-8.0,253.4098592651971,,,,,,,,,,,
1,207,propio,2,304.5409853201542,473.87764459075913,88.0,-8.0,253.4098592651971,,,,,,,,,,,
1,208,propio,2,306.82517298613766,481.5446183553268,88.0,-8.0,253.4098592651971,,,,,,,,,,,
1,209,propio,2,309.1093606521211,489.2115921198945,88.0,-8.0,253.4098592651971,,,,,,,,,,,
1,210,propio,2,311.39354831810454,496.87856588446215,88.0,-8.0,253.4098592651971,,,,,,,,,,,
1,211,propio,2,313.677735984088,504.5455396490298,88.0,-8.0,253.4098592651971,,,,,,,,,,,
1,212,propio,2,315.74778105638546,511.4937346231693,88.0,-7.25,253.4098592651971,,,,,,,,,,,
1,213,propio,2,317.2467792121871,516.5251861561668,88.0,-5.25,253.4098592651971,,,,,,,,,,,
1,214,propio,2,318.1747304514929,519.6398942480224,88.0,-3.25,253.4098592651971,,,,,,,,,,,
1,215,propio,2,318.5316347743028,520.8378588987362,88.0,-1.25,253.4098592651971,,,,,,,,,,,
1,216,propio,2,318.5316347743028,520.8378588987362,88.0,-0.0,253.4098592651971,,,,,,,,,,,
1,217,propio,2,318.5316347743028,520.8378588987362,88.0,0.0,253.4098592651971,,,,,,,,,,,
1,217,rival,5,44.73389185705438,43.0006584382406,77.125,7.0,116.76250857668998,550.7209766937369,-13.222299713663745,,,,,,,,,
1,218,propio,2,318.5316347743028,520.8378588987362,87.0,0.0,253.4098592651971,,,,,,,,,,,
1,218,disparo,2,318.5316347743028,520.8378588987362,87.0,,13.409859265197099,550.7209766937369,,5,1.0,,,,,,,
1,218,rival,1,151.2199939025325,131.50365325747995,100.4,8.0,96.95044460722625,423.7620899201723,-6.6648861732199975,,,,,,,,,
1,218,rival,5,41.13154480293525,50.14370370630934,77.125,8.0,116.76250857668998,546.3550106372552,-13.922513367787928,,,,,,,,,
1,219,propio,2,318.5316347743028,520.8378588987362,87.0,0.0,253.4098592651971,,,,,,,,,,,
1,220,propio,2,318.5316347743028,520.8378588987362,87.0,0.0,253.4098592651971,,,,,,,,,,,
1,221,propio,2,318.5316347743028,520.8378588987362,87.0,0.0,253.4098592651971,,,,,,,,,,,
1,221,rival,4,552.1094494103717,155.65992367857012,88.0,0.0,228.1383498550835,433.48993051952834,49.19423638804932,,,,,,,,,
1,222,propio,2,318.5316347743028,520.8378588987362,87.0,0.0,253.4098592651971,,,,,,,,,,,
1,223,propio,2,318.5316347743028,520.8378588987362,87.0,0.0,253.4098592651971,,,,,,,,,,,
1,224,propio,2,318.5316347743028,520.8378588987362,87.0,0.0,253.4098592651971,,,,,,,,,,,
1,225,propio,2,318.5316347743028,520.8378588987362,87.0,0.0,253.4098592651971,,,,,,,,,,,
1,226,propio,2,318.5316347743028,520.8378588987362,87.0,0.0,253.4098592651971,,,,,,,,,,,
1,227,propio,2,318.5316347743028,520.8378588987362,87.0,0.0,253.4098592651971,,,,,,,,,,,
1,228,propio,2,318.5316347743028,520.8378588987362,87.0,0.0,253.4098592651971,,,,,,,,,,,
1,229,propio,2,318.5316347743028,520.8378588987362,87.0,0.0,253.4098592651971,,,,,,,,,,,
1,230,propio,2,318.5316347743028,520.8378588987362,87.0,0.0,253.4098592651971,,,,,,,,,,,
1,231,propio,2,318.5316347743028,520.8378588987362,83.0,0.0,253.4098592651971,,,,,,,,,,,
1,231,impacto_recibido,2,,,83.0,,,,,3,1.0,4.0,,,,,,
1,232,propio,2,318.5316347743028,520.8378588987362,83.0,0.0,243.4098592651971,,,,,,,,,,,
1,233,propio,2,318.5316347743028,520.8378588987362,83.0,0.0,233.4098592651971,,,,,,,,,,,
1,234,propio,2,318.5316347743028,520.8378588987362,83.0,0.0,223.4098592651971,,,,,,,,,,,
1,235,propio,2,318.5316347743028,520.8378588987362,83.0,0.0,213.4098592651971,,,,,,,,,,,
1,236,propio,2,318.5316347743028,520.8378588987362,83.0,0.0,203.4098592651971,,,,,,,,,,,
1,237,propio,2,318.5316347743028,520.8378588987362,83.0,0.0,193.4098592651971,,,,,,,,,,,
1,238,propio,2,318.5316347743028,520.8378588987362,83.0,0.0,183.4098592651971,,,,,,,,,,,
1,239,propio,2,318.5316347743028,520.8378588987362,83.0,0.0,173.4098592651971,,,,,,,,,,,
1,240,propio,2,318.5316347743028,520.8378588987362,83.0,0.0,163.4098592651971,,,,,,,,,,,
1,241,propio,2,318.5316347743028,520.8378588987362,83.0,0.0,153.4098592651971,,,,,,,,,,,
1,242,propio,2,318.5316347743028,520.8378588987362,83.0,0.0,153.4098592651971,,,,,,,,,,,
1,242,rival,3,18.0,320.9260139330676,91.4,0.0,270.0,360.94876264878985,60.22175392042513,,,,,,,,,
1,243,propio,2,318.5316347743028,520.8378588987362,82.0,0.0,153.4098592651971,,,,,,,,,,,
1,243,disparo,2,318.5316347743028,520.8378588987362,82.0,,353.4098592651971,360.94876264878985,,3,1.0,,,,,,,
1,244,propio,2,317.6374035018228,521.2854641168902,82.0,1.0,153.4098592651971,,,,,,,,,,,
1,244,rival,3,18.0,320.9260139330676,91.4,0.0,270.0,360.4531631922209,60.35971956692106,,,,,,,,,
1,245,propio,2,315.84894095686275,522.1806745531984,82.0,2.0,153.4098592651971,,,,,,,,,,,
1,246,propio,2,313.1662471394227,523.5234902076606,82.0,3.0,153.4098592651971,,,,,,,,,,,
1,247,propio,2,309.58932204950264,525.313911080277,78.0,4.0,153.4098592651971,,,,,,,,,,,
1,247,impacto_recibido,2,,,78.0,,,,,1,1.0,4.0,,,,,,
1,248,propio,2,305.11816568710253,527.5519371710474,78.0,5.0,147.1598592651971,,,,,,,,,,,
1,249,propio,2,300.0770443892375,530.8057189799908,78.0,6.0,141.6598592651971,,,,,,,,,,,
1,250,propio,2,294.5866506116184,535.1480197718155,78.0,7.0,136.9098592651971,,,,,,,,,,,
1,251,propio,2,288.74441188149973,540.613204729372,78.0,8.0,132.9098592651971,,,,,,,,,,,
1,252,propio,2,283.2976365822964,546.4726107436355,78.0,8.0,128.9098592651971,,,,,,,,,,,
1,253,propio,2,278.27286085575804,552.6976913774901,78.0,8.0,124.9098592651971,,,,,,,,,,,
1,254,propio,2,273.69456490413575,559.2581186638304,78.0,8.0,120.9098592651971,,,,,,,,,,,
1,255,propio,2,269.5850537250971,566.1219308603693,78.0,8.0,116.9098592651971,,,,,,,,,,,
1,256,propio,2,265.9643484440198,573.2556881640332,78.0,8.0,112.9098592651971,,,,,,,,,,,
1,257,propio,2,262.8500887730811,580.6246356263215,78.0,8.0,108.9098592651971,,,,,,,,,,,
1,258,propio,2,262.37893187091805,582.0,75.375,0.0,104.3473592651971,,,,,,,,,,,
1,258,choque_pared,2,262.37893187091805,582.0,75.375,0.0,104.3473592651971,,,,,,,,,,,
1,259,propio,2,262.37893187091805,582.0,75.375,0.0,113.5973592651971,,,,,,,,,,,
1,260,propio,2,262.37893187091805,582.0,75.375,0.0,122.8473592651971,,,,,,,,,,,
1,260,choque_pared,2,262.37893187091805,582.0,75.375,0.0,122.8473592651971,,,,,,,,,,,
1,261,propio,2,262.37893187091805,582.0,75.375,0.0,132.0973592651971,,,,,,,,,,,
1,262,propio,2,262.37893187091805,582.0,75.375,0.0,141.3473592651971,,,,,,,,,,,
1,262,choque_pared,2,262.37893187091805,582.0,75.375,0.0,141.3473592651971,,,,,,,,,,,
1,263,propio,2,262.37893187091805,582.0,75.375,0.0,151.3473592651971,,,,,,,,,,,
1,264,rival,3,18.0,320.9260139330676,90.4,0.0,270.0,357.6040946958628,66.29442625743249,,,,,,,,,
1,264,propio,2,262.37893187091805,582.0,75.375,0.0,160.5973592651971,,,,,,,,,,,
1,264,choque_pared,2,262.37893187091805,582.0,75.375,0.0,160.5973592651971,,,,,,,,,,,
1,266,rival,5,57.34210654647135,18.0,73.875,0.0,116.76250857668998,600.1134057318897,70.92438697091035,,,,,,,,,
1,266,propio,2,262.37893187091805,582.0,74.375,0.0,179.0973592651971,,,,,,,,,,,
1,266,disparo,2,262.37893187091805,582.0,74.375,,80.5973592651971,600.1134057318897,,5,1.0,,,,,,,
1,266,rival,1,376.55236652373617,175.08672345782594,104.4,8.0,282.95044460722625,422.62748113049764,106.57592103976418,,,,,,,,,
1,266,propio,2,262.37893187091805,582.0,74.375,0.0,179.0973592651971,,,,,,,,,,,
1,266,choque_pared,2,262.37893187091805,582.0,74.375,0.0,179.0973592651971,,,,,,,,,,,
1,269,propio,2,259.48311653538764,581.2501740143555,74.375,2.0,206.0973592651971,,,,,,,,,,,
1,269,propio,2,259.48311653538764,581.2501740143555,74.375,2.0,206.0973592651971,,,,,,,,,,,
1,269,propio,2,259.48311653538764,581.2501740143555,74.375,2.0,206.0973592651971,,,,,,,,,,,
1,270,propio,2,256.78897298121575,579.9304806751611,74.375,3.0,213.8473592651971,,,,,,,,,,,
1,271,propio,2,253.4668755198461,577.7025514893113,74.375,4.0,220.8473592651971,,,,,,,,,,,
1,272,propio,2,249.68460204031214,574.4323210194492,74.375,5.0,227.0973592651971,,,,,,,,,,,
1,273,propio,2,245.6000742556065,570.0372518759694,74.375,6.0,232.5973592651971,,,,,,,,,,,
1,274,propio,2,241.3481870827563,564.4765454937414,74.375,7.0,237.3473592651971,,,,,,,,,,,
1,275,propio,2,237.03183056965776,557.7408891447408,74.375,8.0,241.3473592651971,,,,,,,,,,,
1,276,propio,2,233.1958441193443,550.7205467062972,74.375,8.0,245.3473592651971,,,,,,,,,,,
1,277,propio,2,229.85891627220983,543.4497205810884,74.375,8.0,249.3473592651971,,,,,,,,,,,
1,278,propio,2,227.03730420529882,535.9638335031354,74.375,8.0,253.3473592651971,,,,,,,,,,,
1,279,propio,2,224.7447545289738,528.2993559618035,74.375,8.0,257.3473592651971,,,,,,,,,,,
1,280,propio,2,222.9924363148115,520.4936285212433,74.375,8.0,261.3473592651971,,,,,,,,,,,
1,281,propio,2,221.78888668100893,512.5846799009162,74.375,8.0,265.3473592651971,,,,,,,,,,,
1,282,propio,2,221.22108388547753,505.6077464781733,74.375,7.0,270.0973592651971,,,,,,,,,,,
1,283,propio,2,221.2295800800639,500.60775369671074,74.375,5.0,276.3473592651971,,,,,,,,,,,
1,284,propio,2,221.56124765075165,497.62614395991517,74.375,3.0,284.0973592651971,,,,,,,,,,,
1,285,propio,2,221.80481796134623,496.6562607175623,74.375,1.0,293.3473592651971,,,,,,,,,,,
1,286,propio,2,221.80481796134623,496.6562607175623,74.375,0.0,303.3473592651971,,,,,,,,,,,
1,286,rival,3,18.0,320.9260139330676,90.4,0.0,270.0,269.1050416829772,-82.57787797082443,,,,,,,,,
1,287,propio,2,221.25510447341935,497.4916139848638,73.375,-1.0,312.5973592651971,,,,,,,,,,,
1,287,disparo,2,221.80481796134623,496.6562607175623,73.375,,39.0973592651971,269.2360462793782,,3,1.0,,,,,,,
1,287,rival,3,18.0,320.9260139330676,90.4,0.0,270.0,269.2360462793782,-91.61685181718406,,,,,,,,,
1,288,propio,2,219.90142038821025,498.9638705513126,73.375,-2.0,321.0973592651971,,,,,,,,,,,
1,289,propio,2,217.56677777265395,500.8478673288121,73.375,-3.0,328.8473592651971,,,,,,,,,,,
1,289,rival,5,23.119809532339623,85.85893004665306,72.875,8.0,116.76250857668998,458.2853276338066,-83.95324028578568,,,,,,,,,
1,290,propio,2,214.1436091480948,502.91714656754084,73.375,-4.0,335.8473592651971,,,,,,,,,,,
1,290,rival,5,19.517462478220494,93.0019753147218,72.875,8.0,116.76250857668998,453.77283368530493,-91.24554717271405,,,,,,,,,
1,291,propio,2,209.58131596450573,504.9629913580801,73.375,-5.0,342.0973592651971,,,,,,,,,,,
1,292,propio,2,203.87183454280165,506.8073942140788,73.375,-6.0,347.5973592651971,,,,,,,,,,,
1,293,propio,2,197.03519788105643,508.3108566031265,73.375,-7.0,352.3473592651971,,,,,,,,,,,
1,294,propio,2,189.1064489945355,509.37619274467676,73.375,-8.0,356.3473592651971,,,,,,,,,,,
1,295,propio,2,181.12270004921788,509.88585221740345,73.375,-8.0,0.3473592651970989,,,,,,,,,,,
1,296,propio,2,173.12284706744154,509.83735201158623,73.375,-8.0,4.347359265197099,,,,,,,,,,,
1,297,propio,2,165.1458645287913,509.23092841535265,73.375,-8.0,8.347359265197099,,,,,,,,,,,
1,298,propio,2,157.23061549035194,508.069535863506,73.375,-8.0,12.347359265197099,,,,,,,,,,,
1,299,propio,2,149.4156622498007,506.3588325438162,73.375,-8.0,16.3473592651971,,,,,,,,,,,
1,300,propio,2,141.7390784737692,504.10715283089746,73.375,-8.0,20.3473592651971,,,,,,,,,,,
1,301,propio,2,134.94146509117326,501.5862497584347,73.375,-7.25,24.9098592651971,,,,,,,,,,,
1,302,propio,2,130.17986445138956,499.3749923452845,73.375,-5.25,30.9723592651971,,,,,,,,,,,
1,303,propio,2,127.39326353507457,497.70246272426357,73.375,-3.25,38.5348592651971,,,,,,,,,,,
1,304,propio,2,126.41547694938444,496.9237243902614,73.375,-1.25,47.5973592651971,,,,,,,,,,,
1,304,rival,1,566.4370715077197,88.60959071036204,108.80000000000001,-7.0,98.95044460722625,600.2827962222694,-90.45686420587799,,,,,,,,,
1,304,rival,4,587.8436158248123,148.1186881352749,70.4,0.0,317.1027485089751,578.4296678619481,-84.68390298254383,,,,,,,,,
1,305,propio,2,126.41547694938444,496.9237243902614,72.375,-0.0,57.5973592651971,,,,,,,,,,,
1,305,disparo,2,126.41547694938444,496.9237243902614,72.375,,143.3473592651971,578.4296678619481,,4,1.0,,,,,,,
1,305,rival,4,587.8436158248123,148.1186881352749,70.4,0.0,325.1272983552593,578.4296678619481,-94.68390298254383,,,,,,,,,
1,306,propio,2,126.41547694938444,496.9237243902614,72.375,0.0,67.5973592651971,,,,,,,,,,,
1,307,propio,2,126.41547694938444,496.9237243902614,72.375,0.0,77.5973592651971,,,,,,,,,,,
1,308,propio,2,126.41547694938444,496.9237243902614,72.375,0.0,87.5973592651971,,,,,,,,,,,
1,309,propio,2,126.41547694938444,496.9237243902614,72.375,0.0,97.5973592651971,,,,,,,,,,,
1,310,propio,2,126.41547694938444,496.9237243902614,72.375,0.0,107.5973592651971,,,,,,,,,,,
1,311,propio,2,126.41547694938444,496.9237243902614,72.375,0.0,117.5973592651971,,,,,,,,,,,
1,312,propio,2,126.41547694938444,496.9237243902614,72.375,0.0,127.5973592651971,,,,,,,,,,,
1,313,propio,2,126.41547694938444,496.9237243902614,72.375,0.0,137.5973592651971,,,,,,,,,,,
1,314,propio,2,126.41547694938444,496.9237243902614,68.375,0.0,147.5973592651971,,,,,,,,,,,
1,314,impacto_recibido,2,,,68.375,,,,,3,1.0,4.0,,,,,,
1,314,rival,3,18.0,320.9260139330676,89.4,0.0,270.0,206.71020712179822,90.76936202900646,,,,,,,,,
1,315,propio,2,126.41547694938444,496.9237243902614,68.375,0.0,137.5973592651971,,,,,,,,,,,
1,315,rival,3,18.0,320.9260139330676,92.4,0.0,270.0,206.71020712179822,100.76936202900646,,,,,,,,,
1,316,propio,2,126.41547694938444,496.9237243902614,68.375,0.0,127.5973592651971,,,,,,,,,,,
1,316,rival,5,30.60821468941695,71.01027270768867,69.25,-7.0,116.76250857668998,436.5561817520322,129.72523610162835,,,,,,,,,
1,317,propio,2,126.41547694938444,496.9237243902614,68.375,0.0,117.5973592651971,,,,,,,,,,,
1,318,propio,2,126.41547694938444,496.9237243902614,68.375,0.0,107.5973592651971,,,,,,,,,,,
1,319,propio,2,126.41547694938444,496.9237243902614,68.375,0.0,97.5973592651971,,,,,,,,,,,
1,320,propio,2,126.41547694938444,496.9237243902614,68.375,0.0,87.5973592651971,,,,,,,,,,,
1,321,propio,2,126.41547694938444,496.9237243902614,68.375,0.0,77.5973592651971,,,,,,,,,,,
1,321,rival,1,491.17798661134634,87.32322997364386,107.80000000000001,8.0,176.95044460722625,548.4744784228618,-125.91125975201942,,,,,,,,,
1,322,propio,2,126.41547694938444,496.9237243902614,67.375,0.0,67.5973592651971,,,,,,,,,,,
1,322,disparo,2,126.41547694938444,496.9237243902614,67.375,,133.3473592651971,548.4744784228618,,1,1.0,,,,,,,
1,322,rival,4,629.6852591788756,118.95918057030781,69.4,0.0,325.1272983552593,629.394685464014,-104.50455917692722,,,,,,,,,
1,323,propio,2,126.41547694938444,496.9237243902614,67.375,0.0,57.5973592651971,,,,,,,,,,,
1,323,rival,4,629.6852591788756,118.95918057030781,69.4,0.0,325.1272983552593,629.394685464014,-94.50455917692722,,,,,,,,,
1,324,propio,2,126.41547694938444,496.9237243902614,67.375,0.0,47.5973592651971,,,,,,,,,,,
1,324,rival,4,629.6852591788756,118.95918057030781,69.4,0.0,325.1272983552593,629.394685464014,-84.50455917692722,,,,,,,,,
1,325,propio,2,126.41547694938444,496.9237243902614,67.375,0.0,47.5973592651971,,,,,,,,,,,
1,325,rival,4,629.6852591788756,118.95918057030781,69.4,0.0,325.1272983552593,629.394685464014,-84.50455917692722,,,,,,,,,
1,326,propio,2,126.41547694938444,496.9237243902614,67.375,0.0,47.5973592651971,,,,,,,,,,,
1,327,propio,2,127.08981337130193,497.6621486518316,67.375,1.0,47.5973592651971,,,,,,,,,,,
1,327,rival,1,444.7492596746739,98.08445140545459,103.80000000000001,8.0,152.95044460722625,510.4604391747535,-99.11308357172777,,,,,,,,,
1,327,rival,4,629.6852591788756,118.95918057030781,69.4,0.0,325.1272983552593,629.2997061657262,-84.59518763444999,,,,,,,,,
1,328,propio,2,128.4384862151369,499.1389971749721,67.375,2.0,47.5973592651971,,,,,,,,,,,
1,329,propio,2,130.46149548088934,501.35426995968277,67.375,3.0,47.5973592651971,,,,,,,,,,,
1,330,propio,2,133.15884116855926,504.30796700596363,67.375,4.0,47.5973592651971,,,,,,,,,,,
1,331,propio,2,136.5305232781467,508.00008831381473,67.375,5.0,47.5973592651971,,,,,,,,,,,
1,332,propio,2,140.5765418096516,512.430633883236,67.375,6.0,47.5973592651971,,,,,,,,,,,
1,333,propio,2,145.29689676307396,517.5996037142276,67.375,7.0,47.5973592651971,,,,,,,,,,,
1,334,propio,2,150.69158813841383,523.5069978067893,67.375,8.0,47.5973592651971,,,,,,,,,,,
1,335,propio,2,156.0862795137537,529.414391899351,67.375,8.0,47.5973592651971,,,,,,,,,,,
1,336,propio,2,161.48097088909358,535.3217859919127,67.375,8.0,47.5973592651971,,,,,,,,,,,
1,337,propio,2,166.87566226443346,541.2291800844745,67.375,8.0,47.5973592651971,,,,,,,,,,,
1,338,propio,2,172.27035363977333,547.1365741770362,67.375,8.0,47.5973592651971,,,,,,,,,,,
1,339,propio,2,177.6650450151132,553.0439682695979,67.375,8.0,47.5973592651971,,,,,,,,,,,
1,340,propio,2,183.05973639045308,558.9513623621597,67.375,8.0,47.5973592651971,,,,,,,,,,,
1,341,propio,2,187.94867544935482,564.3049382585438,67.375,7.25,47.5973592651971,,,,,,,,,,,
1,342,propio,2,191.48894166442162,568.1816656317874,67.375,5.25,47.5973592651971,,,,,,,,,,,
1,343,propio,2,193.68053503565343,570.5815444818905,67.375,3.25,47.5973592651971,,,,,,,,,,,
1,344,propio,2,194.52345556305028,571.5045748088534,67.375,1.25,47.5973592651971,,,,,,,,,,,
1,345,propio,2,194.52345556305028,571.5045748088534,67.375,0.0,47.5973592651971,,,,,,,,,,,
1,346,propio,2,194.52345556305028,571.5045748088534,67.375,0.0,47.5973592651971,,,,,,,,,,,
1,346,rival,1,380.7873273909773,223.88567665924882,102.80000000000001,8.0,76.95044460722625,394.37688611159194,-109.41371552020456,,,,,,,,,
1,347,propio,2,194.52345556305028,571.5045748088534,66.375,0.0,47.5973592651971,,,,,,,,,,,
1,347,disparo,2,194.52345556305028,571.5045748088534,66.375,,173.3473592651971,394.37688611159194,,1,1.0,,,,,,,
1,347,rival,4,629.6852591788756,118.95918057030781,69.4,0.0,325.1272983552593,627.8241228024763,-93.71921463815045,,,,,,,,,
1,348,propio,2,194.52345556305028,571.5045748088534,66.375,0.0,47.5973592651971,,,,,,,,,,,
1,349,propio,2,194.52345556305028,571.5045748088534,66.375,0.0,47.5973592651971,,,,,,,,,,,
1,350,propio,2,194.52345556305028,571.5045748088534,66.375,0.0,47.5973592651971,,,,,,,,,,,
1,351,propio,2,194.52345556305028,571.5045748088534,66.375,0.0,47.5973592651971,,,,,,,,,,,
1,352,propio,2,194.52345556305028,571.5045748088534,66.375,0.0,47.5973592651971,,,,,,,,,,,
1,353,propio,2,194.52345556305028,571.5045748088534,66.375,0.0,47.5973592651971,,,,,,,,,,,
1,354,propio,2,194.52345556305028,571.5045748088534,66.375,0.0,47.5973592651971,,,,,,,,,,,
1,355,propio,2,194.52345556305028,571.5045748088534,66.375,0.0,47.5973592651971,,,,,,,,,,,
1,356,propio,2,194.52345556305028,571.5045748088534,66.375,0.0,47.5973592651971,,,,,,,,,,,
1,357,propio,2,194.52345556305028,571.5045748088534,66.375,0.0,47.5973592651971,,,,,,,,,,,
1,358,propio,2,194.52345556305028,571.5045748088534,66.375,0.0,47.5973592651971,,,,,,,,,,,
1,359,propio,2,194.52345556305028,571.5045748088534,66.375,0.0,47.5973592651971,,,,,,,,,,,
1,360,propio,2,194.52345556305028,571.5045748088534,66.375,0.0,47.5973592651971,,,,,,,,,,,
1,361,propio,2,194.52345556305028,571.5045748088534,66.375,0.0,47.5973592651971,,,,,,,,,,,
1,361,rival,5,18.0,96.01093114592929,66.0,0.0,116.76250857668998,507.2028544160255,-157.96442598400344,,,,,,,,,
1,361,rival,3,18.0,320.9260139330676,82.4,0.0,270.0,306.5128798835378,-172.76065802995706,,,,,,,,,
1,362,propio,2,194.52345556305028,571.5045748088534,65.375,0.0,47.5973592651971,,,,,,,,,,,
1,362,disparo,2,194.52345556305028,571.5045748088534,65.375,,113.3473592651971,306.5128798835378,,3,1.0,,,,,,,
1,362,rival,5,18.0,96.01093114592929,66.0,0.0,116.76250857668998,507.2028544160255,-157.96442598400344,,,,,,,,,
1,363,propio,2,194.52345556305028,571.5045748088534,65.375,0.0,47.5973592651971,,,,,,,,,,,
1,364,propio,2,193.8491191411328,570.7661505472831,65.375,-1.0,47.5973592651971,,,,,,,,,,,
1,365,propio,2,192.50044629729783,569.2893020241427,61.375,-2.0,47.5973592651971,,,,,,,,,,,
1,365,impacto_recibido,2,,,61.375,,,,,3,1.0,4.0,,,,,,
1,366,propio,2,190.47743703154538,567.074029239432,61.375,-3.0,39.8473592651971,,,,,,,,,,,
1,367,propio,2,187.40642038173195,564.511051140312,61.375,-4.0,32.8473592651971,,,,,,,,,,,
1,368,propio,2,183.20582761235661,561.7990370574076,61.375,-5.0,26.5973592651971,,,,,,,,,,,
1,369,propio,2,177.84077837501815,559.1127298000497,61.375,-6.0,21.0973592651971,,,,,,,,,,,
1,370,propio,2,171.3099874936231,556.5930531415303,61.375,-7.0,16.3473592651971,,,,,,,,,,,
1,371,propio,2,163.63340371759162,554.3413734286115,61.375,-8.0,12.347359265197099,,,,,,,,,,,
1,371,rival,5,18.0,96.01093114592929,68.0,0.0,116.76250857668998,480.9115122363054,-119.9748896024104,,,,,,,,,
1,372,propio,2,155.8184504770404,552.6306701089217,61.375,-8.0,8.347359265197099,,,,,,,,,,,
1,372,rival,5,18.0,96.01093114592929,68.0,0.0,116.76250857668998,476.9648952517614,-115.14239399688489,,,,,,,,,
1,373,propio,2,147.90320143860103,551.4692775570751,61.375,-8.0,4.347359265197099,,,,,,,,,,,
1,374,propio,2,139.92621889995078,550.8628539608414,61.375,-8.0,0.3473592651970989,,,,,,,,,,,
1,374,rival,3,18.0,320.9260139330676,84.4,0.0,270.0,260.26323838989777,-118.28256027334174,,,,,,,,,
1,375,propio,2,131.92636591817444,550.8143537550243,61.375,-8.0,356.3473592651971,,,,,,,,,,,
1,375,rival,3,18.0,320.9260139330676,84.4,0.0,270.0,256.5694168006335,-112.70911492593953,,,,,,,,,
1,376,propio,2,123.94261697285684,551.3240132277509,60.375,-8.0,352.3473592651971,,,,,,,,,,,
1,376,disparo,2,131.92636591817444,550.8143537550243,60.375,,102.0973592651971,253.58839912356075,,3,1.0,,,,,,,
1,377,propio,2,116.01386808633592,552.3893493693012,60.375,-8.0,348.3473592651971,,,,,,,,,,,
1,378,propio,2,108.91328989745527,553.8536886003512,60.375,-7.25,343.7848592651971,,,,,,,,,,,
1,379,propio,2,103.87213527983369,555.3197241119377,60.375,-5.25,337.7223592651971,,,,,,,,,,,
1,380,propio,2,100.86472266394793,556.5517831031435,60.375,-3.25,330.1598592651971,,,,,,,,,,,
1,381,propio,2,99.78045133088433,557.1737603344764,60.375,-1.25,321.0973592651971,,,,,,,,,,,
1,382,propio,2,99.78045133088433,557.1737603344764,60.375,-0.0,311.0973592651971,,,,,,,,,,,
1,383,propio,2,99.78045133088433,557.1737603344764,60.375,0.0,307.5973592651971,,,,,,,,,,,
1,384,propio,2,99.78045133088433,557.1737603344764,60.375,0.0,307.5973592651971,,,,,,,,,,,
1,385,propio,2,99.78045133088433,557.1737603344764,60.375,0.0,307.5973592651971,,,,,,,,,,,
1,385,rival,3,18.0,320.9260139330676,84.4,0.0,270.0,250.0020797906039,-56.69136785064188,,,,,,,,,
1,386,propio,2,99.78045133088433,557.1737603344764,60.375,0.0,307.5973592651971,,,,,,,,,,,
1,386,rival,5,45.01760290589346,42.43809163541374,68.0,-8.0,116.76250857668998,517.6405878586896,-43.67022673713291,,,,,,,,,
1,386,rival,3,18.0,320.9260139330676,84.4,0.0,270.0,250.0020797906039,-56.69136785064188,,,,,,,,,
1,387,propio,2,99.78045133088433,557.1737603344764,60.375,0.0,307.5973592651971,,,,,,,,,,,
1,388,propio,2,99.78045133088433,557.1737603344764,60.375,0.0,307.5973592651971,,,,,,,,,,,
1,389,propio,2,99.78045133088433,557.1737603344764,60.375,0.0,307.5973592651971,,,,,,,,,,,
1,389,rival,4,620.8258284689919,169.1837809917822,68.4,0.0,280.00384860596614,649.6341348076908,15.729885180124938,,,,,,,,,
1,390,propio,2,99.78045133088433,557.1737603344764,59.375,0.0,307.5973592651971,,,,,,,,,,,
1,390,disparo,2,99.78045133088433,557.1737603344764,59.375,,193.3473592651971,649.6341348076908,,4,1.0,,,,,,,
1,390,rival,1,561.5537172998694,476.56775380710064,105.80000000000001,8.0,116.95044460722625,468.75566924780156,42.500994715954675,,,,,,,,,
1,391,propio,2,99.78045133088433,557.1737603344764,59.375,0.0,307.5973592651971,,,,,,,,,,,
1,391,rival,1,557.9279597459479,483.6989446024855,105.80000000000001,8.0,120.95044460722625,464.0018189768018,43.291487481517834,,,,,,,,,
1,392,propio,2,99.78045133088433,557.1737603344764,59.375,0.0,307.5973592651971,,,,,,,,,,,
1,393,propio,2,99.78045133088433,557.1737603344764,59.375,0.0,307.5973592651971,,,,,,,,,,,
1,394,propio,2,99.78045133088433,557.1737603344764,59.375,0.0,307.5973592651971,,,,,,,,,,,
1,395,propio,2,99.78045133088433,557.1737603344764,59.375,0.0,307.5973592651971,,,,,,,,,,,
1,396,propio,2,99.78045133088433,557.1737603344764,59.375,0.0,307.5973592651971,,,,,,,,,,,
1,397,propio,2,99.78045133088433,557.1737603344764,59.375,0.0,307.5973592651971,,,,,,,,,,,
1,398,propio,2,99.78045133088433,557.1737603344764,59.375,0.0,307.5973592651971,,,,,,,,,,,
1,399,propio,2,99.78045133088433,557.1737603344764,59.375,0.0,307.5973592651971,,,,,,,,,,,
1,400,propio,2,99.78045133088433,557.1737603344764,59.375,0.0,307.5973592651971,,,,,,,,,,,
1,401,propio,2,99.78045133088433,557.1737603344764,59.375,0.0,307.5973592651971,,,,,,,,,,,
1,402,propio,2,99.78045133088433,557.1737603344764,59.375,0.0,307.5973592651971,,,,,,,,,,,
1,403,propio,2,100.39055997789059,556.3814425706668,59.375,1.0,307.5973592651971,,,,,,,,,,,
1,404,propio,2,101.6107772719031,554.7968070430476,59.375,2.0,307.5973592651971,,,,,,,,,,,
1,405,propio,2,103.44110321292189,552.4198537516189,59.375,3.0,307.5973592651971,,,,,,,,,,,
1,406,propio,2,105.88153780094693,549.2505826963807,59.375,4.0,307.5973592651971,,,,,,,,,,,
1,407,propio,2,108.93208103597823,545.2889938773328,59.375,5.0,307.5973592651971,,,,,,,,,,,
1,408,propio,2,112.59273291801578,540.5350872944754,59.375,6.0,307.5973592651971,,,,,,,,,,,
1,409,propio,2,116.8634934470596,534.9888629478085,59.375,7.0,307.5973592651971,,,,,,,,,,,
1,410,propio,2,121.74436262310967,528.650320837332,59.375,8.0,307.5973592651971,,,,,,,,,,,
1,411,propio,2,126.62523179915974,522.3117787268554,59.375,8.0,307.5973592651971,,,,,,,,,,,
1,412,propio,2,131.50610097520982,515.9732366163789,59.375,8.0,307.5973592651971,,,,,,,,,,,
1,413,propio,2,136.3869701512599,509.6346945059024,59.375,8.0,307.5973592651971,,,,,,,,,,,
1,414,propio,2,141.26783932730999,503.2961523954259,59.375,8.0,307.5973592651971,,,,,,,,,,,
1,415,propio,2,146.14870850336007,496.9576102849494,59.375,8.0,307.5973592651971,,,,,,,,,,,
1,416,propio,2,151.02957767941015,490.6190681744729,59.375,8.0,307.5973592651971,,,,,,,,,,,
1,417,propio,2,155.45286537020553,484.87476438685354,59.375,7.25,307.5973592651971,,,,,,,,,,,
1,418,propio,2,158.6559357669884,480.7150961268533,59.375,5.25,307.5973592651971,,,,,,,,,,,
1,419,propio,2,160.63878886975874,478.14006339447224,59.375,3.25,307.5973592651971,,,,,,,,,,,
1,420,propio,2,161.40142467851658,477.1496661897103,59.375,1.25,307.5973592651971,,,,,,,,,,,
1,421,propio,2,161.40142467851658,477.1496661897103,59.375,0.0,307.5973592651971,,,,,,,,,,,
1,422,propio,2,161.40142467851658,477.1496661897103,59.375,0.0,307.5973592651971,,,,,,,,,,,
1,423,propio,2,161.40142467851658,477.1496661897103,59.375,0.0,307.5973592651971,,,,,,,,,,,
1,424,propio,2,161.40142467851658,477.1496661897103,59.375,0.0,307.5973592651971,,,,,,,,,,,
1,425,propio,2,161.40142467851658,477.1496661897103,59.375,0.0,307.5973592651971,,,,,,,,,,,
1,425,rival,3,18.0,320.9260139330676,82.4,0.0,270.0,212.06083590383366,-80.146925036997,,,,,,,,,
1,426,propio,2,161.40142467851658,477.1496661897103,58.375,0.0,307.5973592651971,,,,,,,,,,,
1,426,disparo,2,161.40142467851658,477.1496661897103,58.375,,136.8473592651971,212.06083590383366,,3,1.0,,,,,,,
1,426,rival,3,18.0,320.9260139330676,81.4,0.0,270.0,212.06083590383366,-80.146925036997,,,,,,,,,
1,427,propio,2,161.40142467851658,477.1496661897103,58.375,0.0,307.5973592651971,,,,,,,,,,,
1,427,rival,5,18.0,96.01093114592932,61.75,0.0,116.76250857668998,407.2231623454169,-58.215901978584384,,,,,,,,,
1,428,propio,2,161.40142467851658,477.1496661897103,58.375,0.0,307.5973592651971,,,,,,,,,,,
1,429,propio,2,161.40142467851658,477.1496661897103,58.375,0.0,307.5973592651971,,,,,,,,,,,
1,430,propio,2,161.40142467851658,477.1496661897103,58.375,0.0,307.5973592651971,,,,,,,,,,,
1,430,rival,4,620.8258284689919,169.1837809917822,66.4,0.0,280.00384860596614,553.094719956697,18.56751436727268,,,,,,,,,
1,431,propio,2,161.40142467851658,477.1496661897103,58.375,0.0,307.5973592651971,,,,,,,,,,,
1,431,rival,4,620.8258284689919,169.1837809917822,66.4,0.0,280.00384860596614,553.094719956697,18.56751436727268,,,,,,,,,
1,431,rival,1,344.41634586205345,410.3875003728989,103.80000000000001,8.0,278.95044460722625,194.81182756795755,32.36113469678202,,,,,,,,,
1,432,propio,2,161.40142467851658,477.1496661897103,58.375,0.0,307.5973592651971,,,,,,,,,,,
1,433,propio,2,161.40142467851658,477.1496661897103,58.375,0.0,307.5973592651971,,,,,,,,,,,
1,434,propio,2,161.40142467851658,477.1496661897103,58.375,0.0,307.5973592651971,,,,,,,,,,,
1,435,propio,2,161.40142467851658,477.1496661897103,58.375,0.0,307.5973592651971,,,,,,,,,,,
1,436,propio,2,161.40142467851658,477.1496661897103,58.375,0.0,307.5973592651971,,,,,,,,,,,
1,437,propio,2,161.40142467851658,477.1496661897103,54.375,0.0,307.5973592651971,,,,,,,,,,,
1,437,impacto_recibido,2,,,54.375,,,,,3,1.0,4.0,,,,,,
1,438,propio,2,161.40142467851658,477.1496661897103,54.375,0.0,297.5973592651971,,,,,,,,,,,
1,439,propio,2,161.40142467851658,477.1496661897103,54.375,0.0,287.5973592651971,,,,,,,,,,,
1,440,propio,2,161.40142467851658,477.1496661897103,54.375,0.0,277.5973592651971,,,,,,,,,,,
1,441,propio,2,161.40142467851658,477.1496661897103,54.375,0.0,267.5973592651971,,,,,,,,,,,
1,442,propio,2,161.40142467851658,477.1496661897103,54.375,0.0,257.5973592651971,,,,,,,,,,,
1,443,propio,2,161.40142467851658,477.1496661897103,54.375,0.0,247.5973592651971,,,,,,,,,,,
1,444,propio,2,161.40142467851658,477.1496661897103,54.375,0.0,237.5973592651971,,,,,,,,,,,
1,445,propio,2,161.40142467851658,477.1496661897103,54.375,0.0,227.5973592651971,,,,,,,,,,,
1,446,propio,2,161.40142467851658,477.1496661897103,54.375,0.0,217.5973592651971,,,,,,,,,,,
1,447,propio,2,161.40142467851658,477.1496661897103,54.375,0.0,207.5973592651971,,,,,,,,,,,
1,448,propio,2,161.40142467851658,477.1496661897103,54.375,0.0,207.5973592651971,,,,,,,,,,,
1,449,propio,2,162.28764960989702,477.6129213796432,54.375,-1.0,207.5973592651971,,,,,,,,,,,
1,450,propio,2,164.06009947265787,478.53943175950894,54.375,-2.0,207.5973592651971,,,,,,,,,,,
1,451,propio,2,166.71877426679916,479.9291973293076,54.375,-3.0,207.5973592651971,,,,,,,,,,,
1,452,propio,2,170.2636739923209,481.78221808903913,54.375,-4.0,207.5973592651971,,,,,,,,,,,
1,453,propio,2,174.69479864922303,484.09849403870356,54.375,-5.0,207.5973592651971,,,,,,,,,,,
1,454,propio,2,180.0121482375056,486.87802517830085,54.375,-6.0,207.5973592651971,,,,,,,,,,,
1,455,propio,2,186.21572275716863,490.12081150783104,54.375,-7.0,207.5973592651971,,,,,,,,,,,
1,456,propio,2,193.30552220821207,493.82685302729413,54.375,-8.0,207.5973592651971,,,,,,,,,,,
1,457,propio,2,200.3953216592555,497.53289454675723,54.375,-8.0,207.5973592651971,,,,,,,,,,,
1,458,propio,2,207.48512111029893,501.23893606622033,54.375,-8.0,207.5973592651971,,,,,,,,,,,
1,459,propio,2,214.57492056134237,504.94497758568343,54.375,-8.0,207.5973592651971,,,,,,,,,,,
1,460,propio,2,221.6647200123858,508.65101910514653,54.375,-8.0,207.5973592651971,,,,,,,,,,,
1,461,propio,2,228.75451946342923,512.3570606246096,54.375,-8.0,207.5973592651971,,,,,,,,,,,
1,462,propio,2,235.84431891447267,516.0631021440727,54.375,-8.0,207.5973592651971,,,,,,,,,,,
1,463,propio,2,242.2694496669808,519.4217022710861,54.375,-7.25,207.5973592651971,,,,,,,,,,,
1,464,propio,2,246.92213055672804,521.8537920182338,54.375,-5.25,207.5973592651971,,,,,,,,,,,
1,465,propio,2,249.80236158371443,523.3593713855156,54.375,-3.25,207.5973592651971,,,,,,,,,,,
1,466,propio,2,250.91014274793997,523.9384403729317,54.375,-1.25,207.5973592651971,,,,,,,,,,,
1,467,propio,2,250.91014274793997,523.9384403729317,54.375,-0.0,207.5973592651971,,,,,,,,,,,
1,468,propio,2,250.91014274793997,523.9384403729317,54.375,0.0,207.5973592651971,,,,,,,,,,,
1,469,propio,2,250.91014274793997,523.9384403729317,54.375,0.0,207.5973592651971,,,,,,,,,,,
1,470,propio,2,250.91014274793997,523.9384403729317,54.375,0.0,207.5973592651971,,,,,,,,,,,
1,471,propio,2,250.91014274793997,523.9384403729317,54.375,0.0,207.5973592651971,,,,,,,,,,,
1,471,rival,3,18.0,320.9260139330676,79.4,0.0,270.0,308.96792695013994,13.479158228667245,,,,,,,,,
1,472,propio,2,250.91014274793997,523.9384403729317,53.375,0.0,207.5973592651971,,,,,,,,,,,
1,472,disparo,2,250.91014274793997,523.9384403729317,53.375,,136.8473592651971,308.96792695013994,,3,1.0,,,,,,,
1,472,rival,1,129.72090618055935,336.66957718247477,107.80000000000001,8.0,114.95044460722625,223.0615569308854,29.494105599998505,,,,,,,,,
1,473,propio,2,250.91014274793997,523.9384403729317,53.375,0.0,207.5973592651971,,,,,,,,,,,
1,473,rival,5,67.11100294658267,18.0,57.125,0.0,141.7318259870511,538.2897261129117,42.43738741199331,,,,,,,,,
1,474,propio,2,250.91014274793997,523.9384403729317,53.375,0.0,207.5973592651971,,,,,,,,,,,
1,475,propio,2,250.91014274793997,523.9384403729317,53.375,0.0,207.5973592651971,,,,,,,,,,,
1,476,propio,2,250.91014274793997,523.9384403729317,53.375,0.0,207.5973592651971,,,,,,,,,,,
1,476,rival,4,634.0418111318778,119.92591053178062,62.400000000000006,0.0,285.0188559039006,556.7908041511702,105.88309104785941,,,,,,,,,
1,477,propio,2,250.91014274793997,523.9384403729317,53.375,0.0,207.5973592651971,,,,,,,,,,,
1,478,propio,2,250.91014274793997,523.9384403729317,53.375,0.0,207.5973592651971,,,,,,,,,,,
1,479,propio,2,250.91014274793997,523.9384403729317,53.375,0.0,207.5973592651971,,,,,,,,,,,
1,480,propio,2,250.91014274793997,523.9384403729317,53.375,0.0,207.5973592651971,,,,,,,,,,,
1,481,propio,2,250.91014274793997,523.9384403729317,53.375,0.0,207.5973592651971,,,,,,,,,,,
1,482,propio,2,250.91014274793997,523.9384403729317,49.375,0.0,207.5973592651971,,,,,,,,,,,
1,482,impacto_recibido,2,,,49.375,,,,,3,1.0,4.0,,,,,,
1,483,propio,2,250.91014274793997,523.9384403729317,49.375,0.0,197.5973592651971,,,,,,,,,,,
1,484,propio,2,250.91014274793997,523.9384403729317,49.375,0.0,187.5973592651971,,,,,,,,,,,
1,485,propio,2,250.91014274793997,523.9384403729317,49.375,0.0,177.5973592651971,,,,,,,,,,,
1,486,propio,2,250.91014274793997,523.9384403729317,49.375,0.0,167.5973592651971,,,,,,,,,,,
1,487,propio,2,250.91014274793997,523.9384403729317,49.375,0.0,157.5973592651971,,,,,,,,,,,
1,488,propio,2,250.91014274793997,523.9384403729317,49.375,0.0,147.5973592651971,,,,,,,,,,,
1,489,propio,2,250.91014274793997,523.9384403729317,49.375,0.0,137.5973592651971,,,,,,,,,,,
1,490,propio,2,250.91014274793997,523.9384403729317,49.375,0.0,127.5973592651971,,,,,,,,,,,
1,491,propio,2,250.91014274793997,523.9384403729317,49.375,0.0,117.5973592651971,,,,,,,,,,,
1,492,propio,2,250.91014274793997,523.9384403729317,49.375,0.0,107.5973592651971,,,,,,,,,,,
1,493,propio,2,250.91014274793997,523.9384403729317,49.375,0.0,107.5973592651971,,,,,,,,,,,
1,494,propio,2,250.91014274793997,523.9384403729317,49.375,0.0,107.5973592651971,,,,,,,,,,,
1,495,propio,2,250.60781678960814,524.8916449757945,49.375,1.0,107.5973592651971,,,,,,,,,,,
1,496,propio,2,250.00316487294447,526.79805418152,49.375,2.0,107.5973592651971,,,,,,,,,,,
1,497,propio,2,249.09618699794896,529.6576679901083,49.375,3.0,107.5973592651971,,,,,,,,,,,
1,498,propio,2,247.88688316462162,533.4704864015592,49.375,4.0,107.5973592651971,,,,,,,,,,,
1,499,propio,2,246.37525337296245,538.236509415873,49.375,5.0,107.5973592651971,,,,,,,,,,,
1,500,propio,2,244.56129762297144,543.9557370330496,49.375,6.0,107.5973592651971,,,,,,,,,,,
1,501,propio,2,242.4450159146486,550.6281692530888,49.375,7.0,107.5973592651971,,,,,,,,,,,
1,502,propio,2,240.0264082479939,558.2538060759908,49.375,8.0,107.5973592651971,,,,,,,,,,,
1,503,propio,2,237.60780058133923,565.8794428988929,49.375,8.0,107.5973592651971,,,,,,,,,,,
1,504,propio,2,235.18919291468455,573.5050797217949,49.375,8.0,107.5973592651971,,,,,,,,,,,
1,505,propio,2,232.77058524802987,581.130716544697,49.375,8.0,107.5973592651971,,,,,,,,,,,
1,506,propio,2,232.49487638878054,582.0,46.375,0.0,107.5973592651971,,,,,,,,,,,
1,506,choque_pared,2,232.49487638878054,582.0,46.375,0.0,107.5973592651971,,,,,,,,,,,
1,507,propio,2,232.49487638878054,582.0,46.375,0.0,116.8473592651971,,,,,,,,,,,
1,508,propio,2,232.49487638878054,582.0,46.375,0.0,126.0973592651971,,,,,,,,,,,
1,508,choque_pared,2,232.49487638878054,582.0,46.375,0.0,126.0973592651971,,,,,,,,,,,
1,509,propio,2,232.49487638878054,582.0,46.375,0.0,135.3473592651971,,,,,,,,,,,
1,510,propio,2,232.49487638878054,582.0,46.375,0.0,144.5973592651971,,,,,,,,,,,
1,510,choque_pared,2,232.49487638878054,582.0,46.375,0.0,144.5973592651971,,,,,,,,,,,
1,511,propio,2,232.49487638878054,582.0,46.375,0.0,154.5973592651971,,,,,,,,,,,
1,512,rival,1,71.32108985562854,536.4852575600222,103.80000000000001,-8.0,259.95044460722625,167.47710662897052,31.92207848771571,,,,,,,,,
1,512,propio,2,232.49487638878054,582.0,46.375,0.0,163.8473592651971,,,,,,,,,,,
1,512,choque_pared,2,232.49487638878054,582.0,46.375,0.0,163.8473592651971,,,,,,,,,,,
1,514,rival,3,18.0,320.9260139330676,80.4,0.0,270.0,337.8870790632797,48.24657566766868,,,,,,,,,
1,514,propio,2,232.49487638878054,582.0,45.375,0.0,182.3473592651971,,,,,,,,,,,
1,514,disparo,2,232.49487638878054,582.0,45.375,,193.0973592651971,337.8870790632797,,3,1.0,,,,,,,
1,514,rival,5,46.26433861298737,34.444909692429306,56.125,-8.0,141.7318259870511,578.3583578733803,68.86881042921578,,,,,,,,,
1,514,propio,2,232.49487638878054,582.0,45.375,0.0,182.3473592651971,,,,,,,,,,,
1,514,choque_pared,2,232.49487638878054,582.0,45.375,0.0,182.3473592651971,,,,,,,,,,,
1,515,propio,2,232.49487638878054,582.0,45.375,0.0,192.3473592651971,,,,,,,,,,,
1,518,propio,2,227.06289672842925,579.5455860997025,45.375,3.0,217.8473592651971,,,,,,,,,,,
1,518,propio,2,227.06289672842925,579.5455860997025,45.375,3.0,217.8473592651971,,,,,,,,,,,
1,518,propio,2,227.06289672842925,579.5455860997025,45.375,3.0,217.8473592651971,,,,,,,,,,,
1,519,propio,2,223.90430421326397,577.0913462330346,45.375,4.0,224.8473592651971,,,,,,,,,,,
1,520,propio,2,220.35936390773793,573.5652438195677,45.375,5.0,231.0973592651971,,,,,,,,,,,
1,521,propio,2,216.59137035273895,568.8959585884552,45.375,6.0,236.5973592651971,,,,,,,,,,,
1,522,propio,2,212.73773583209342,563.0522011515582,45.375,7.0,241.3473592651971,,,,,,,,,,,
1,523,propio,2,208.90174938177995,556.0318587131146,45.375,8.0,245.3473592651971,,,,,,,,,,,
1,524,propio,2,205.5648215346455,548.7610325879058,45.375,8.0,249.3473592651971,,,,,,,,,,,
1,525,propio,2,202.7432094677345,541.2751455099528,45.375,8.0,253.3473592651971,,,,,,,,,,,
1,526,propio,2,200.45065979140946,533.6106679686209,45.375,8.0,257.3473592651971,,,,,,,,,,,
1,527,propio,2,198.69834157724716,525.8049405280607,45.375,8.0,261.3473592651971,,,,,,,,,,,
1,530,propio,2,196.76614107949618,502.92280782593025,45.375,7.0,274.0973592651971,,,,,,,,,,,
1,531,propio,2,197.12339844296048,497.93558744015917,45.375,5.0,280.3473592651971,,,,,,,,,,,
1,531,propio,2,197.12339844296048,497.93558744015917,45.375,5.0,280.3473592651971,,,,,,,,,,,
1,531,propio,2,197.12339844296048,497.93558744015917,45.375,5.0,280.3473592651971,,,,,,,,,,,
1,532,propio,2,197.66224466943558,494.9843767150137,45.375,3.0,288.0973592651971,,,,,,,,,,,
1,533,propio,2,197.9728772899254,494.0338466654689,45.375,1.0,297.3473592651971,,,,,,,,,,,
1,534,propio,2,197.9728772899254,494.0338466654689,45.375,0.0,307.3473592651971,,,,,,,,,,,
1,535,propio,2,197.36623157816905,494.8288189797086,45.375,-1.0,316.5973592651971,,,,,,,,,,,
1,536,propio,2,195.91314557283349,496.20306097480915,45.375,-2.0,325.0973592651971,,,,,,,,,,,
1,537,propio,2,193.4527690576063,497.919611994534,45.375,-3.0,332.8473592651971,,,,,,,,,,,
1,537,rival,3,18.0,320.9260139330676,74.4,0.0,270.0,249.21959779424583,-107.59687452575307,,,,,,,,,
1,538,propio,2,189.8935934768831,499.7450624007581,44.375,-4.0,339.8473592651971,,,,,,,,,,,
1,538,disparo,2,193.4527690576063,497.919611994534,44.375,,177.0973592651971,248.0396330695685,,3,1.0,,,,,,,
1,538,rival,3,18.0,320.9260139330676,74.4,0.0,270.0,248.0396330695685,-113.71609756746656,,,,,,,,,
1,539,propio,2,185.19970289177337,501.46767413153736,44.375,-5.0,346.0973592651971,,,,,,,,,,,
1,539,rival,3,18.0,320.9260139330676,74.4,0.0,270.0,246.07119236984445,-118.900142724527,,,,,,,,,
1,540,propio,2,179.37547044045698,502.90931082399254,44.375,-6.0,351.5973592651971,,,,,,,,,,,
1,541,propio,2,172.4506112473447,503.93221118843115,44.375,-7.0,356.3473592651971,,,,,,,,,,,
1,542,propio,2,164.4668623020271,504.44187066115785,40.375,-8.0,0.3473592651970989,,,,,,,,,,,
1,542,impacto_recibido,2,,,40.375,,,,,3,1.0,4.0,,,,,,
1,543,propio,2,156.46700932025075,504.39337045534063,40.375,-8.0,356.3473592651971,,,,,,,,,,,
1,544,propio,2,148.48326037493314,504.9030299280673,40.375,-8.0,352.3473592651971,,,,,,,,,,,
1,545,propio,2,140.5545114884122,505.96836606961756,40.375,-8.0,348.3473592651971,,,,,,,,,,,
1,545,rival,3,18.0,320.9260139330676,77.4,0.0,270.0,221.9465709813745,-111.864074961938,,,,,,,,,
1,546,propio,2,132.71939072826802,507.58418866939695,40.375,-8.0,344.3473592651971,,,,,,,,,,,
1,546,rival,3,18.0,320.9260139330676,77.4,0.0,270.0,219.09316010538322,-105.92208195071612,,,,,,,,,
1,547,propio,2,125.01607001526045,509.74262560212134,40.375,-8.0,340.3473592651971,,,,,,,,,,,
1,548,propio,2,117.48207915356816,512.4331611800197,40.375,-8.0,336.3473592651971,,,,,,,,,,,
1,549,propio,2,110.84111887975017,515.3417943025656,40.375,-7.25,331.7848592651971,,,,,,,,,,,
1,550,propio,2,106.2149315076083,517.8239084010379,40.375,-5.25,325.7223592651971,,,,,,,,,,,
1,551,propio,2,103.52939754101189,519.6543201892039,40.375,-3.25,318.1598592651971,,,,,,,,,,,
1,552,propio,2,102.59813647584785,520.4881384119057,40.375,-1.25,309.0973592651971,,,,,,,,,,,
1,553,propio,2,102.59813647584785,520.4881384119057,40.375,-0.0,299.0973592651971,,,,,,,,,,,
1,554,propio,2,102.59813647584785,520.4881384119057,40.375,0.0,289.0973592651971,,,,,,,,,,,
1,555,propio,2,102.59813647584785,520.4881384119057,40.375,0.0,279.0973592651971,,,,,,,,,,,
1,556,propio,2,102.59813647584785,520.4881384119057,40.375,0.0,269.0973592651971,,,,,,,,,,,
1,557,propio,2,102.59813647584785,520.4881384119057,40.375,0.0,260.3473592651971,,,,,,,,,,,
1,558,propio,2,102.59813647584785,520.4881384119057,40.375,0.0,260.3473592651971,,,,,,,,,,,
1,558,rival,3,18.0,320.9260139330676,76.4,0.0,270.0,216.75305354641125,-13.320360212589321,,,,,,,,,
1,559,propio,2,102.59813647584785,520.4881384119057,39.375,0.0,260.3473592651971,,,,,,,,,,,
1,559,disparo,2,102.59813647584785,520.4881384119057,39.375,,204.5973592651971,216.75305354641125,,3,1.0,,,,,,,
1,559,rival,3,18.0,320.9260139330676,76.4,0.0,270.0,216.75305354641125,-13.320360212589321,,,,,,,,,
1,559,rival,5,18.0,56.74125833453638,48.125,0.0,141.7318259870511,471.4000567211252,-0.6857514836841005,,,,,,,,,
1,560,propio,2,102.59813647584785,520.4881384119057,39.375,0.0,260.3473592651971,,,,,,,,,,,
1,561,propio,2,102.59813647584785,520.4881384119057,39.375,0.0,260.3473592651971,,,,,,,,,,,
1,562,propio,2,102.59813647584785,520.4881384119057,39.375,0.0,260.3473592651971,,,,,,,,,,,
1,562,rival,4,625.2805006216494,169.15635736722444,52.400000000000006,1.0,285.25175736097225,629.7863718445105,65.74480199130994,,,,,,,,,
1,562,rival,1,263.57199703033575,412.73694060447366,102.80000000000001,8.0,244.95044460722625,193.70829721710953,65.85544503542008,,,,,,,,,
1,563,propio,2,102.59813647584785,520.4881384119057,39.375,0.0,260.3473592651971,,,,,,,,,,,
1,564,propio,2,102.59813647584785,520.4881384119057,39.375,0.0,260.3473592651971,,,,,,,,,,,
1,565,propio,2,102.59813647584785,520.4881384119057,39.375,0.0,260.3473592651971,,,,,,,,,,,
1,566,propio,2,102.59813647584785,520.4881384119057,39.375,0.0,260.3473592651971,,,,,,,,,,,
1,567,propio,2,102.59813647584785,520.4881384119057,39.375,0.0,260.3473592651971,,,,,,,,,,,
1,568,propio,2,102.59813647584785,520.4881384119057,39.375,0.0,260.3473592651971,,,,,,,,,,,
1,569,propio,2,102.59813647584785,520.4881384119057,39.375,0.0,260.3473592651971,,,,,,,,,,,
1,570,propio,2,102.59813647584785,520.4881384119057,39.375,0.0,260.3473592651971,,,,,,,,,,,
1,571,propio,2,102.59813647584785,520.4881384119057,39.375,0.0,260.3473592651971,,,,,,,,,,,
1,572,propio,2,102.59813647584785,520.4881384119057,39.375,0.0,260.3473592651971,,,,,,,,,,,
1,573,propio,2,102.59813647584785,520.4881384119057,39.375,0.0,260.3473592651971,,,,,,,,,,,
1,574,propio,2,102.59813647584785,520.4881384119057,39.375,0.0,260.3473592651971,,,,,,,,,,,
1,575,propio,2,102.43046191170069,519.5022960104346,39.375,1.0,260.3473592651971,,,,,,,,,,,
1,576,propio,2,102.09511278340635,517.5306112074927,39.375,2.0,260.3473592651971,,,,,,,,,,,
1,577,propio,2,101.59208909096485,514.5730840030798,39.375,3.0,260.3473592651971,,,,,,,,,,,
1,578,propio,2,100.92139083437617,510.62971439719587,39.375,4.0,260.3473592651971,,,,,,,,,,,
1,579,propio,2,100.08301801364033,505.700502389841,39.375,5.0,260.3473592651971,,,,,,,,,,,
1,580,propio,2,99.07697062875732,499.7854479810152,39.375,6.0,260.3473592651971,,,,,,,,,,,
1,581,propio,2,97.90324867972714,492.88455117071834,39.375,7.0,260.3473592651971,,,,,,,,,,,
1,582,propio,2,96.5618521665498,484.99781195895054,39.375,8.0,260.3473592651971,,,,,,,,,,,
1,583,propio,2,95.22045565337245,477.11107274718273,39.375,8.0,260.3473592651971,,,,,,,,,,,
1,584,propio,2,93.87905914019511,469.2243335354149,39.375,8.0,260.3473592651971,,,,,,,,,,,
1,585,propio,2,92.53766262701777,461.3375943236471,39.375,8.0,260.3473592651971,,,,,,,,,,,
1,586,propio,2,91.19626611384042,453.4508551118793,39.375,8.0,260.3473592651971,,,,,,,,,,,
1,587,propio,2,89.85486960066308,445.5641159001115,39.375,8.0,260.3473592651971,,,,,,,,,,,
1,588,propio,2,88.51347308748574,437.6773766883437,39.375,8.0,260.3473592651971,,,,,,,,,,,
1,589,propio,2,87.29783249741877,430.5300192776792,39.375,7.25,260.3473592651971,,,,,,,,,,,
1,590,propio,2,86.41754103564614,425.35434666995656,39.375,5.25,260.3473592651971,,,,,,,,,,,
1,591,propio,2,85.87259870216783,422.1503588651759,39.375,3.25,260.3473592651971,,,,,,,,,,,
1,592,propio,2,85.66300549698387,420.9180558633372,39.375,1.25,260.3473592651971,,,,,,,,,,,
1,593,propio,2,85.66300549698387,420.9180558633372,39.375,0.0,260.3473592651971,,,,,,,,,,,
1,594,propio,2,85.66300549698387,420.9180558633372,39.375,0.0,260.3473592651971,,,,,,,,,,,
1,595,propio,2,85.66300549698387,420.9180558633372,39.375,0.0,260.3473592651971,,,,,,,,,,,
1,596,propio,2,85.66300549698387,420.9180558633372,39.375,0.0,260.3473592651971,,,,,,,,,,,
1,597,propio,2,85.66300549698387,420.9180558633372,39.375,0.0,260.3473592651971,,,,,,,,,,,
1,598,propio,2,85.66300549698387,420.9180558633372,39.375,0.0,260.3473592651971,,,,,,,,,,,
1,598,rival,3,18.0,320.9260139330676,69.4,0.0,270.0,120.73396689527624,-24.43293880038391,,,,,,,,,
1,599,propio,2,85.66300549698387,420.9180558633372,38.375,0.0,260.3473592651971,,,,,,,,,,,
1,599,disparo,2,85.66300549698387,420.9180558633372,38.375,,235.91442046481316,120.73396689527624,,3,1.0,,,,,,,
1,599,rival,3,18.0,320.9260139330676,69.4,0.0,270.0,120.73396689527624,-24.43293880038391,,,,,,,,,
1,600,propio,2,85.66300549698387,420.9180558633372,38.375,0.0,260.3473592651971,,,,,,,,,,,
1,600,rival,5,59.259797776308375,24.19343017836308,47.125,4.0,141.7318259870511,397.6022610635206,5.845050657541549,,,,,,,,,
1,600,rival,1,82.04959985392466,205.62517039618626,102.80000000000001,8.0,284.95044460722625,215.32320644350685,8.691097319029325,,,,,,,,,
1,601,propio,2,85.66300549698387,420.9180558633372,38.375,0.0,260.3473592651971,,,,,,,,,,,
1,602,propio,2,85.66300549698387,420.9180558633372,38.375,0.0,260.3473592651971,,,,,,,,,,,
1,603,propio,2,85.66300549698387,420.9180558633372,38.375,0.0,260.3473592651971,,,,,,,,,,,
1,603,rival,4,638.4335409234235,120.91739457966126,52.400000000000006,0.0,285.25175736097225,628.9321597805884,71.16298865309307,,,,,,,,,
1,604,propio,2,85.66300549698387,420.9180558633372,41.375,0.0,260.3473592651971,,,,,,,,,,,
1,604,impacto_dado,2,,,65.4,,,,,3,1.0,4.0,,,,,,
1,605,propio,2,85.66300549698387,420.9180558633372,41.375,0.0,260.3473592651971,,,,,,,,,,,
1,606,propio,2,85.66300549698387,420.9180558633372,41.375,0.0,260.3473592651971,,,,,,,,,,,
1,607,propio,2,85.66300549698387,420.9180558633372,41.375,0.0,260.3473592651971,,,,,,,,,,,
1,608,propio,2,85.66300549698387,420.9180558633372,41.375,0.0,260.3473592651971,,,,,,,,,,,
1,609,propio,2,85.66300549698387,420.9180558633372,41.375,0.0,260.3473592651971,,,,,,,,,,,
1,610,propio,2,85.66300549698387,420.9180558633372,41.375,0.0,260.3473592651971,,,,,,,,,,,
1,611,propio,2,85.66300549698387,420.9180558633372,41.375,0.0,260.3473592651971,,,,,,,,,,,
1,612,propio,2,85.83068006113103,421.90389826480816,41.375,-1.0,260.3473592651971,,,,,,,,,,,
1,613,propio,2,86.16602918942537,423.8755830677501,41.375,-2.0,260.3473592651971,,,,,,,,,,,
1,614,propio,2,86.66905288186688,426.833110272163,41.375,-3.0,260.3473592651971,,,,,,,,,,,
1,615,propio,2,87.33975113845555,430.7764798780469,41.375,-4.0,260.3473592651971,,,,,,,,,,,
1,616,propio,2,88.1781239591914,435.7056918854018,41.375,-5.0,260.3473592651971,,,,,,,,,,,
1,617,propio,2,89.1841713440744,441.6207462942276,41.375,-6.0,260.3473592651971,,,,,,,,,,,
1,618,propio,2,90.35789329310458,448.52164310452446,41.375,-7.0,260.3473592651971,,,,,,,,,,,
1,619,propio,2,91.69928980628193,456.40838231629226,41.375,-8.0,260.3473592651971,,,,,,,,,,,
1,620,propio,2,93.04068631945927,464.29512152806006,41.375,-8.0,260.3473592651971,,,,,,,,,,,
1,621,propio,2,94.38208283263661,472.18186073982787,41.375,-8.0,260.3473592651971,,,,,,,,,,,
1,622,propio,2,95.72347934581396,480.0685999515957,41.375,-8.0,260.3473592651971,,,,,,,,,,,
1,623,propio,2,97.0648758589913,487.9553391633635,41.375,-8.0,260.3473592651971,,,,,,,,,,,
1,624,propio,2,98.40627237216864,495.8420783751313,41.375,-8.0,260.3473592651971,,,,,,,,,,,
1,625,propio,2,99.74766888534599,503.7288175868991,41.375,-8.0,260.3473592651971,,,,,,,,,,,
1,626,propio,2,100.96330947541296,510.8761749975636,41.375,-7.25,260.3473592651971,,,,,,,,,,,
1,627,propio,2,101.84360093718558,516.0518476052862,41.375,-5.25,260.3473592651971,,,,,,,,,,,
1,628,propio,2,102.38854327066389,519.2558354100669,41.375,-3.25,260.3473592651971,,,,,,,,,,,
1,629,propio,2,102.59813647584785,520.4881384119057,41.375,-1.25,260.3473592651971,,,,,,,,,,,
1,630,propio,2,102.59813647584785,520.4881384119057,41.375,-0.0,260.3473592651971,,,,,,,,,,,
1,631,propio,2,102.59813647584785,520.4881384119057,41.375,0.0,260.3473592651971,,,,,,,,,,,
1,632,propio,2,102.59813647584785,520.4881384119057,41.375,0.0,260.3473592651971,,,,,,,,,,,
1,633,propio,2,102.59813647584785,520.4881384119057,41.375,0.0,260.3473592651971,,,,,,,,,,,
1,634,propio,2,102.59813647584785,520.4881384119057,41.375,0.0,260.3473592651971,,,,,,,,,,,
1,635,propio,2,102.59813647584785,520.4881384119057,41.375,0.0,260.3473592651971,,,,,,,,,,,
1,635,rival,3,18.0,320.9260139330676,62.400000000000006,0.0,270.0,216.75305354641125,-13.320360212589321,,,,,,,,,
1,636,propio,2,102.59813647584785,520.4881384119057,40.375,0.0,260.3473592651971,,,,,,,,,,,
1,636,disparo,2,102.59813647584785,520.4881384119057,40.375,,247.02699905260778,216.75305354641125,,3,1.0,,,,,,,
1,636,rival,3,18.0,320.9260139330676,62.400000000000006,0.0,270.0,216.75305354641125,-13.320360212589321,,,,,,,,,
1,636,rival,5,58.82626688542621,24.535421407048347,46.125,-8.0,141.7318259870511,497.8805821398751,4.6088902048963405,,,,,,,,,
1,637,propio,2,102.59813647584785,520.4881384119057,40.375,0.0,260.3473592651971,,,,,,,,,,,
1,637,rival,5,65.10723102164562,19.58067726435788,46.125,-8.0,141.7318259870511,502.3085233450235,5.372263337890843,,,,,,,,,
1,638,propio,2,102.59813647584785,520.4881384119057,40.375,0.0,260.3473592651971,,,,,,,,,,,
1,638,rival,1,304.43284959554234,201.55105444563588,101.80000000000001,8.0,76.95044460722625,377.4362395809612,41.979722232040274,,,,,,,,,
1,639,propio,2,102.59813647584785,520.4881384119057,40.375,0.0,260.3473592651971,,,,,,,,,,,
1,639,rival,1,306.2391992548482,209.34445555864974,101.80000000000001,8.0,80.95044460722625,371.86028805083265,42.8570683635611,,,,,,,,,
1,640,propio,2,102.59813647584785,520.4881384119057,40.375,0.0,260.3473592651971,,,,,,,,,,,
1,640,rival,4,629.3919868105648,171.1095284177862,48.400000000000006,0.0,280.21168031800903,632.1211702449929,66.09962874445074,,,,,,,,,
1,641,propio,2,102.59813647584785,520.4881384119057,40.375,0.0,260.3473592651971,,,,,,,,,,,
1,642,propio,2,102.59813647584785,520.4881384119057,36.375,0.0,260.3473592651971,,,,,,,,,,,
1,642,impacto_recibido,2,,,36.375,,,,,3,1.0,4.0,,,,,,
1,643,propio,2,102.59813647584785,520.4881384119057,36.375,0.0,250.3473592651971,,,,,,,,,,,
1,644,propio,2,102.59813647584785,520.4881384119057,36.375,0.0,240.3473592651971,,,,,,,,,,,
1,645,propio,2,102.59813647584785,520.4881384119057,36.375,0.0,230.3473592651971,,,,,,,,,,,
1,646,propio,2,102.59813647584785,520.4881384119057,39.375,0.0,220.3473592651971,,,,,,,,,,,
1,646,impacto_dado,2,,,61.400000000000006,,,,,3,1.0,4.0,,,,,,
1,647,propio,2,102.59813647584785,520.4881384119057,39.375,0.0,210.3473592651971,,,,,,,,,,,
1,648,propio,2,102.59813647584785,520.4881384119057,39.375,0.0,200.3473592651971,,,,,,,,,,,
1,649,propio,2,102.59813647584785,520.4881384119057,39.375,0.0,190.3473592651971,,,,,,,,,,,
1,650,propio,2,102.59813647584785,520.4881384119057,39.375,0.0,180.3473592651971,,,,,,,,,,,
1,651,propio,2,102.59813647584785,520.4881384119057,39.375,0.0,170.3473592651971,,,,,,,,,,,
1,652,propio,2,102.59813647584785,520.4881384119057,39.375,0.0,160.3473592651971,,,,,,,,,,,
1,653,propio,2,102.59813647584785,520.4881384119057,39.375,0.0,160.3473592651971,,,,,,,,,,,
1,654,propio,2,102.59813647584785,520.4881384119057,39.375,0.0,160.3473592651971,,,,,,,,,,,
1,655,propio,2,101.65638761813632,520.8244553591429,39.375,1.0,160.3473592651971,,,,,,,,,,,
1,656,propio,2,99.77288990271325,521.4970892536176,39.375,2.0,160.3473592651971,,,,,,,,,,,
1,657,propio,2,96.94764332957864,522.5060400953295,39.375,3.0,160.3473592651971,,,,,,,,,,,
1,658,propio,2,93.18064789873249,523.8513078842786,39.375,4.0,160.3473592651971,,,,,,,,,,,
1,659,propio,2,88.4719036101748,525.5328926204652,39.375,5.0,160.3473592651971,,,,,,,,,,,
1,660,propio,2,82.82141046390558,527.550794303889,35.375,6.0,160.3473592651971,,,,,,,,,,,
1,660,impacto_recibido,2,,,35.375,,,,,3,1.0,4.0,,,,,,
1,661,propio,2,76.22916845992482,529.9050129345501,35.375,7.0,155.5973592651971,,,,,,,,,,,
1,662,propio,2,68.94385149948248,533.2101841533965,35.375,8.0,151.5973592651971,,,,,,,,,,,
1,663,propio,2,61.906838294344325,537.01550216254,35.375,8.0,147.5973592651971,,,,,,,,,,,
1,664,propio,2,55.1524124654877,541.302427835149,35.375,8.0,143.5973592651971,,,,,,,,,,,
1,665,propio,2,48.713480896598284,546.050075700267,35.375,8.0,139.5973592651971,,,,,,,,,,,
1,666,propio,2,42.62141341504057,551.235315694727,35.375,8.0,135.5973592651971,,,,,,,,,,,
1,667,propio,2,36.905889961212225,556.8328858504944,35.375,8.0,131.5973592651971,,,,,,,,,,,
1,668,propio,2,31.59475599085789,562.8155153684362,35.375,8.0,127.5973592651971,,,,,,,,,,,
1,669,propio,2,27.171468300062507,568.5598191560556,35.375,7.25,123.0348592651971,,,,,,,,,,,
1,670,propio,2,24.30943505853117,572.961099165822,35.375,5.25,116.9723592651971,,,,,,,,,,,
1,671,propio,2,22.83536308926028,575.8575818309539,35.375,3.25,109.4098592651971,,,,,,,,,,,
1,672,propio,2,22.419958797322167,577.0365386894688,35.375,1.25,100.3473592651971,,,,,,,,,,,
1,673,propio,2,22.419958797322167,577.0365386894688,35.375,0.0,90.3473592651971,,,,,,,,,,,
1,674,propio,2,22.419958797322167,577.0365386894688,35.375,0.0,80.3473592651971,,,,,,,,,,,
1,675,propio,2,22.419958797322167,577.0365386894688,35.375,0.0,70.3473592651971,,,,,,,,,,,
1,676,propio,2,22.419958797322167,577.0365386894688,35.375,0.0,60.3473592651971,,,,,,,,,,,
1,677,propio,2,22.419958797322167,577.0365386894688,35.375,0.0,60.3473592651971,,,,,,,,,,,
1,678,propio,2,22.419958797322167,577.0365386894688,35.375,0.0,60.3473592651971,,,,,,,,,,,
1,679,propio,2,22.419958797322167,577.0365386894688,35.375,0.0,60.3473592651971,,,,,,,,,,,
1,680,propio,2,22.419958797322167,577.0365386894688,35.375,0.0,60.3473592651971,,,,,,,,,,,
1,681,propio,2,22.419958797322167,577.0365386894688,35.375,0.0,60.3473592651971,,,,,,,,,,,
1,682,propio,2,22.419958797322167,577.0365386894688,35.375,0.0,60.3473592651971,,,,,,,,,,,
1,683,propio,2,22.419958797322167,577.0365386894688,35.375,0.0,60.3473592651971,,,,,,,,,,,
1,684,propio,2,22.419958797322167,577.0365386894688,35.375,0.0,60.3473592651971,,,,,,,,,,,
1,685,propio,2,22.419958797322167,577.0365386894688,35.375,0.0,60.3473592651971,,,,,,,,,,,
1,686,propio,2,22.419958797322167,577.0365386894688,35.375,0.0,60.3473592651971,,,,,,,,,,,
1,687,propio,2,22.419958797322167,577.0365386894688,35.375,0.0,60.3473592651971,,,,,,,,,,,
1,687,rival,5,18.785120517027426,56.121915316700054,41.125,-1.0,141.7318259870511,520.927304806455,-150.74715129132693,,,,,,,,,
1,687,rival,3,18.0,320.9260139330676,62.400000000000006,0.0,270.0,256.1486617704047,-151.33607242863326,,,,,,,,,
1,688,propio,2,22.419958797322167,577.0365386894688,34.375,0.0,60.3473592651971,,,,,,,,,,,
1,688,disparo,2,22.419958797322167,577.0365386894688,34.375,,323.3473592651971,256.1486617704047,,3,1.0,,,,,,,
1,689,propio,2,22.419958797322167,577.0365386894688,34.375,0.0,60.3473592651971,,,,,,,,,,,
1,690,propio,2,22.419958797322167,577.0365386894688,34.375,0.0,60.3473592651971,,,,,,,,,,,
1,690,rival,1,533.2687794109842,284.78495190071203,100.80000000000001,8.0,282.95044460722625,588.5384503181722,-90.1208081623617,,,,,,,,,
1,690,rival,4,634.9094077328738,150.84729590589194,41.400000000000006,6.0,285.2323696541134,746.1773219026522,-95.17875857556805,,,,,,,,,
1,691,propio,2,22.419958797322167,577.0365386894688,34.375,0.0,60.3473592651971,,,,,,,,,,,
1,692,propio,2,22.419958797322167,577.0365386894688,34.375,0.0,60.3473592651971,,,,,,,,,,,
1,693,propio,2,22.419958797322167,577.0365386894688,34.375,0.0,60.3473592651971,,,,,,,,,,,
1,694,propio,2,21.925218287251955,576.1674979380103,34.375,-1.0,60.3473592651971,,,,,,,,,,,
1,695,propio,2,20.93573726711153,574.4294164350935,34.375,-2.0,60.3473592651971,,,,,,,,,,,
1,696,propio,2,19.451515736900898,571.8222941807181,34.375,-3.0,60.3473592651971,,,,,,,,,,,
1,697,propio,2,18.0,569.2726215724025,33.375,0.0,60.3473592651971,,,,,,,,,,,
1,697,choque_pared,2,18.0,569.2726215724025,33.375,0.0,60.3473592651971,,,,,,,,,,,
1,698,propio,2,18.494740510070212,570.1416623238609,33.375,1.0,69.5973592651971,,,,,,,,,,,
1,699,propio,2,19.191971001721704,572.0161941698192,33.375,2.0,78.0973592651971,,,,,,,,,,,
1,700,propio,2,19.810718854273965,574.9516926104527,33.375,3.0,85.8473592651971,,,,,,,,,,,
1,701,propio,2,20.100374121792502,578.9411913040229,33.375,4.0,92.8473592651971,,,,,,,,,,,
1,702,propio,2,19.948238932485435,582.0,31.875,0.0,99.0973592651971,,,,,,,,,,,
1,702,choque_pared,2,19.948238932485435,582.0,31.875,0.0,99.0973592651971,,,,,,,,,,,
1,703,propio,2,19.948238932485435,582.0,31.875,0.0,108.3473592651971,,,,,,,,,,,
1,704,propio,2,19.948238932485435,582.0,31.875,0.0,117.5973592651971,,,,,,,,,,,
1,704,choque_pared,2,19.948238932485435,582.0,31.875,0.0,117.5973592651971,,,,,,,,,,,
1,705,propio,2,19.948238932485435,582.0,31.875,0.0,127.5973592651971,,,,,,,,,,,
1,706,propio,2,19.948238932485435,582.0,31.875,0.0,136.8473592651971,,,,,,,,,,,
1,706,choque_pared,2,19.948238932485435,582.0,31.875,0.0,136.8473592651971,,,,,,,,,,,
1,707,propio,2,19.948238932485435,582.0,31.875,0.0,146.0973592651971,,,,,,,,,,,
1,708,propio,2,19.948238932485435,582.0,31.875,0.0,155.3473592651971,,,,,,,,,,,
1,708,choque_pared,2,19.948238932485435,582.0,31.875,0.0,155.3473592651971,,,,,,,,,,,
1,709,propio,2,19.948238932485435,582.0,31.875,0.0,165.3473592651971,,,,,,,,,,,
1,710,rival,5,67.11100294658262,18.0,38.125,0.0,141.7318259870511,565.9684852617232,100.18270291225605,,,,,,,,,
1,710,rival,3,18.0,320.9260139330676,61.400000000000006,0.0,270.0,261.08125523640115,94.97508455422565,,,,,,,,,
1,710,propio,2,19.948238932485435,582.0,31.875,0.0,174.5973592651971,,,,,,,,,,,
1,710,choque_pared,2,19.948238932485435,582.0,31.875,0.0,174.5973592651971,,,,,,,,,,,
1,713,propio,2,18.0,581.7117609907407,30.875,0.0,201.5973592651971,,,,,,,,,,,
1,713,disparo,2,19.948238932485435,582.0,30.875,,347.5973592651971,260.78574705767306,,3,1.0,,,,,,,
1,713,rival,4,650.9734497911697,127.65056914718778,33.400000000000006,-4.0,215.09486806039627,778.9909845941237,122.74901331415867,,,,,,,,,
1,713,rival,1,655.6872719981137,192.36988887771102,105.80000000000001,8.0,6.950444607226245,747.1493493598687,126.99636365006705,,,,,,,,,
1,713,propio,2,18.0,581.7117609907407,30.875,0.0,201.5973592651971,,,,,,,,,,,
1,713,propio,2,18.0,581.7117609907407,30.875,0.0,201.5973592651971,,,,,,,,,,,
1,713,choque_pared,2,18.0,581.7117609907407,30.875,0.0,201.5973592651971,,,,,,,,,,,
1,714,propio,2,18.0,581.7117609907407,30.875,0.0,210.8473592651971,,,,,,,,,,,
1,715,propio,2,18.0,581.7117609907407,30.875,0.0,220.0973592651971,,,,,,,,,,,
1,715,choque_pared,2,18.0,581.7117609907407,30.875,0.0,220.0973592651971,,,,,,,,,,,
1,716,propio,2,18.0,581.7117609907407,30.875,0.0,229.3473592651971,,,,,,,,,,,
1,717,propio,2,18.0,581.7117609907407,30.875,0.0,238.5973592651971,,,,,,,,,,,
1,717,choque_pared,2,18.0,581.7117609907407,30.875,0.0,238.5973592651971,,,,,,,,,,,
1,718,propio,2,18.0,581.7117609907407,30.875,0.0,248.5973592651971,,,,,,,,,,,
1,719,propio,2,18.0,581.7117609907407,30.875,0.0,257.8473592651971,,,,,,,,,,,
1,719,choque_pared,2,18.0,581.7117609907407,30.875,0.0,257.8473592651971,,,,,,,,,,,
1,720,propio,2,18.0,581.7117609907407,30.875,0.0,267.0973592651971,,,,,,,,,,,
1,721,propio,2,18.0,581.7117609907407,30.875,0.0,276.3473592651971,,,,,,,,,,,
1,721,choque_pared,2,18.0,581.7117609907407,30.875,0.0,276.3473592651971,,,,,,,,,,,
1,722,propio,2,18.0,581.7117609907407,30.875,0.0,286.3473592651971,,,,,,,,,,,
1,723,propio,2,18.281459964114845,580.7521880187368,30.875,1.0,295.5973592651971,,,,,,,,,,,
1,724,propio,2,19.1455483307499,578.9484831385954,30.875,2.0,304.0973592651971,,,,,,,,,,,
1,725,propio,2,20.827350817950702,576.464224618625,30.875,3.0,311.8473592651971,,,,,,,,,,,
1,726,propio,2,23.495944555505545,573.4845253948974,30.875,4.0,318.8473592651971,,,,,,,,,,,
1,727,propio,2,27.26074009606143,570.1941888562117,30.875,5.0,325.0973592651971,,,,,,,,,,,
1,728,propio,2,32.181493126515804,566.7610868167619,30.875,6.0,330.5973592651971,,,,,,,,,,,
1,729,propio,2,38.27983141926161,563.3244794683396,30.875,7.0,335.3473592651971,,,,,,,,,,,
1,730,propio,2,45.5506575444704,559.9875516212052,30.875,8.0,339.3473592651971,,,,,,,,,,,
1,731,propio,2,53.03654462242329,557.1659395542941,30.875,8.0,343.3473592651971,,,,,,,,,,,
1,732,propio,2,60.701022163755255,554.8733898779691,30.875,8.0,347.3473592651971,,,,,,,,,,,
1,733,propio,2,68.50674960431549,553.1210716638068,30.875,8.0,351.3473592651971,,,,,,,,,,,
1,734,propio,2,76.41569822464257,551.9175220300042,30.875,8.0,355.3473592651971,,,,,,,,,,,
1,735,propio,2,84.38933642206301,551.2686045493969,30.875,8.0,359.3473592651971,,,,,,,,,,,
1,736,propio,2,92.38881743278627,551.1774806827214,30.875,8.0,3.347359265197099,,,,,,,,,,,
1,737,propio,2,99.37687469485228,551.5862051645995,30.875,7.0,8.097359265197099,,,,,,,,,,,
1,738,propio,2,104.32702544852603,552.2904831749782,30.875,5.0,14.347359265197099,,,,,,,,,,,
1,739,propio,2,107.23345916002313,553.03388285259,30.875,3.0,22.0973592651971,,,,,,,,,,,
1,740,propio,2,108.16000512990544,553.4100644120726,30.875,1.0,31.3473592651971,,,,,,,,,,,
1,741,propio,2,108.16000512990544,553.4100644120726,30.875,0.0,41.3473592651971,,,,,,,,,,,
1,742,propio,2,108.16000512990544,553.4100644120726,30.875,0.0,51.3473592651971,,,,,,,,,,,
1,743,propio,2,108.16000512990544,553.4100644120726,30.875,0.0,61.3473592651971,,,,,,,,,,,
1,744,propio,2,108.16000512990544,553.4100644120726,30.875,0.0,71.3473592651971,,,,,,,,,,,
1,745,propio,2,108.16000512990544,553.4100644120726,30.875,0.0,81.3473592651971,,,,,,,,,,,
1,746,propio,2,108.16000512990544,553.4100644120726,30.875,0.0,91.3473592651971,,,,,,,,,,,
1,747,propio,2,108.16000512990544,553.4100644120726,30.875,0.0,101.3473592651971,,,,,,,,,,,
1,747,rival,3,18.0,320.9260139330676,63.400000000000006,0.0,270.0,249.35448713056905,147.45577169234946,,,,,,,,,
1,748,propio,2,108.16000512990544,553.4100644120726,29.875,0.0,111.3473592651971,,,,,,,,,,,
1,748,disparo,2,108.16000512990544,553.4100644120726,29.875,,122.5973592651971,249.35448713056905,,3,1.0,,,,,,,
1,748,rival,5,20.355361551082282,54.883229281027425,33.125,-2.0,141.7318259870511,506.20021807559556,148.66368592249972,,,,,,,,,
1,748,rival,3,18.0,320.9260139330676,62.400000000000006,0.0,270.0,249.35448713056905,137.45577169234946,,,,,,,,,
1,749,propio,2,108.16000512990544,553.4100644120726,29.875,0.0,121.3473592651971,,,,,,,,,,,
1,750,propio,2,108.16000512990544,553.4100644120726,29.875,0.0,131.3473592651971,,,,,,,,,,,
1,750,rival,4,684.5196996852296,151.2227798633102,35.400000000000006,0.0,215.09486806039627,702.8122860057398,-166.25492750877737,,,,,,,,,
1,751,propio,2,108.16000512990544,553.4100644120726,29.875,0.0,141.3473592651971,,,,,,,,,,,
1,751,rival,1,675.5569322177878,417.24090462026464,97.80000000000001,8.0,166.95044460722625,583.5077659698957,-154.84250985547254,,,,,,,,,
1,752,propio,2,108.16000512990544,553.4100644120726,29.875,0.0,151.3473592651971,,,,,,,,,,,
1,753,propio,2,108.16000512990544,553.4100644120726,29.875,0.0,161.3473592651971,,,,,,,,,,,
1,754,propio,2,109.10748009475942,553.090234471362,29.875,-1.0,170.5973592651971,,,,,,,,,,,
1,755,propio,2,111.08060936064822,552.7634916059569,29.875,-2.0,179.0973592651971,,,,,,,,,,,
1,756,propio,2,114.08023708307923,552.7162314025785,29.875,-3.0,186.8473592651971,,,,,,,,,,,
1,757,propio,2,118.05170627961746,553.1931301559297,29.875,-4.0,193.8473592651971,,,,,,,,,,,
1,758,propio,2,122.90639019142301,554.389810613051,29.875,-5.0,200.0973592651971,,,,,,,,,,,
1,759,propio,2,128.54105073266263,556.4515090839719,29.875,-6.0,205.5973592651971,,,,,,,,,,,
1,760,propio,2,134.85401781315758,559.4758183671946,29.875,-7.0,210.3473592651971,,,,,,,,,,,
1,761,propio,2,141.75784361900799,563.5177472684093,29.875,-8.0,214.3473592651971,,,,,,,,,,,
1,762,propio,2,148.3629013449072,568.031416777527,29.875,-8.0,218.3473592651971,,,,,,,,,,,
1,763,propio,2,154.6370118135527,572.994836750412,29.875,-8.0,222.3473592651971,,,,,,,,,,,
1,764,propio,2,160.54960818941268,578.3838259038773,29.875,-8.0,226.3473592651971,,,,,,,,,,,
1,765,propio,2,163.99958506460044,582.0,26.875,0.0,230.3473592651971,,,,,,,,,,,
1,765,choque_pared,2,163.99958506460044,582.0,26.875,0.0,230.3473592651971,,,,,,,,,,,
1,766,propio,2,163.36145343174502,581.2300727182719,26.875,1.0,239.5973592651971,,,,,,,,,,,
1,767,propio,2,162.34930639890084,579.5050920273931,26.875,2.0,248.0973592651971,,,,,,,,,,,
1,768,propio,2,161.23021476178758,576.721634841133,26.875,3.0,255.8473592651971,,,,,,,,,,,
1,769,propio,2,160.25219083069143,572.8430437064292,26.875,4.0,262.8473592651971,,,,,,,,,,,
1,770,propio,2,159.6296251630674,567.8819539078571,26.875,5.0,269.0973592651971,,,,,,,,,,,
1,771,propio,2,159.5351047563105,561.8826984629951,26.875,6.0,274.5973592651971,,,,,,,,,,,
1,772,propio,2,160.096175638617,554.9052204469045,26.875,7.0,279.3473592651971,,,,,,,,,,,
1,773,propio,2,161.3955314480238,547.0114460340801,26.875,8.0,283.3473592651971,,,,,,,,,,,
1,774,propio,2,163.2423639595545,539.2275389383889,26.875,8.0,287.3473592651971,,,,,,,,,,,
1,775,propio,2,165.6276755908559,531.5914215727653,26.875,8.0,291.3473592651971,,,,,,,,,,,
1,776,propio,2,168.53984534343095,524.1402963334349,26.875,8.0,295.3473592651971,,,,,,,,,,,
1,777,propio,2,171.96468541897545,516.9104643535792,26.875,8.0,299.3473592651971,,,,,,,,,,,
1,778,propio,2,175.885510340905,509.93714864786386,26.875,8.0,303.3473592651971,,,,,,,,,,,
1,779,propio,2,180.28321824431993,503.2543225094519,26.875,8.0,307.3473592651971,,,,,,,,,,,
1,780,propio,2,184.6813996545536,497.4907732312142,26.875,7.25,311.9098592651971,,,,,,,,,,,
1,781,propio,2,188.18819293167005,493.5837409928559,26.875,5.25,317.9723592651971,,,,,,,,,,,
1,784,propio,2,191.63295252639662,490.7005207121429,26.875,0.0,344.5973592651971,,,,,,,,,,,
1,784,rival,3,18.0,320.9260139330676,60.400000000000006,0.0,270.0,242.84107015723717,-120.2410941305867,,,,,,,,,
1,784,propio,2,191.63295252639662,490.7005207121429,26.875,0.0,344.5973592651971,,,,,,,,,,,
1,784,propio,2,191.63295252639662,490.7005207121429,26.875,0.0,344.5973592651971,,,,,,,,,,,
1,784,rival,5,38.846664333595214,40.29634864210709,32.125,8.0,141.7318259870511,475.61283422320327,-93.33534427199885,,,,,,,,,
1,785,propio,2,191.63295252639662,490.7005207121429,25.875,0.0,354.5973592651971,,,,,,,,,,,
1,785,disparo,2,191.63295252639662,490.7005207121429,25.875,,125.8473592651971,475.61283422320327,,5,1.0,,,,,,,
1,785,rival,5,32.5657001973758,45.25109278479756,32.125,8.0,141.7318259870511,472.99850275059396,-104.24869314709301,,,,,,,,,
1,786,propio,2,191.63295252639662,490.7005207121429,25.875,0.0,4.597359265197099,,,,,,,,,,,
1,787,propio,2,191.63295252639662,490.7005207121429,25.875,0.0,14.597359265197099,,,,,,,,,,,
1,787,rival,4,685.3618023250842,145.28216851901655,31.400000000000006,3.0,278.06812519891594,602.5628723671496,-49.57443527530381,,,,,,,,,
1,788,propio,2,191.63295252639662,490.7005207121429,25.875,0.0,24.5973592651971,,,,,,,,,,,
1,788,rival,1,489.95194624330907,568.4682988958041,95.80000000000001,8.0,68.95044460722625,308.2889056321917,-9.98629838084247,,,,,,,,,
1,789,propio,2,191.63295252639662,490.7005207121429,25.875,0.0,34.5973592651971,,,,,,,,,,,
1,789,rival,1,492.8253484318256,575.934459881413,95.80000000000001,8.0,64.95044460722625,313.0202609058453,-18.79646419754664,,,,,,,,,
1,790,propio,2,191.63295252639662,490.7005207121429,25.875,0.0,44.5973592651971,,,,,,,,,,,
1,791,propio,2,191.63295252639662,490.7005207121429,25.875,0.0,54.5973592651971,,,,,,,,,,,
1,792,propio,2,191.63295252639662,490.7005207121429,25.875,0.0,64.5973592651971,,,,,,,,,,,
1,793,propio,2,191.63295252639662,490.7005207121429,25.875,0.0,74.5973592651971,,,,,,,,,,,
1,794,propio,2,191.63295252639662,490.7005207121429,25.875,0.0,84.5973592651971,,,,,,,,,,,
1,795,propio,2,191.63295252639662,490.7005207121429,25.875,0.0,94.5973592651971,,,,,,,,,,,
1,795,rival,3,18.0,320.9260139330676,60.400000000000006,0.0,270.0,242.84107015723717,129.7589058694133,,,,,,,,,
1,796,propio,2,191.63295252639662,490.7005207121429,25.875,0.0,104.5973592651971,,,,,,,,,,,
1,796,rival,5,18.0,56.741258334536326,29.125,0.0,141.7318259870511,467.4067218240986,143.5956261462191,,,,,,,,,
1,796,rival,3,18.0,320.9260139330676,60.400000000000006,0.0,270.0,242.84107015723717,119.7589058694133,,,,,,,,,
1,797,propio,2,191.63295252639662,490.7005207121429,25.875,0.0,114.5973592651971,,,,,,,,,,,
1,798,propio,2,191.21671364083144,491.6097760064049,25.875,1.0,123.8473592651971,,,,,,,,,,,
1,798,rival,5,18.0,56.741258334536326,29.125,0.0,141.7318259870511,468.09684633274134,124.43427238333095,,,,,,,,,
1,798,rival,3,18.0,320.9260139330676,60.400000000000006,0.0,270.0,243.18095427075988,100.73064419643126,,,,,,,,,
1,799,propio,2,190.10274904790654,493.2708247370897,24.875,2.0,132.3473592651971,,,,,,,,,,,
1,799,disparo,2,191.21671364083144,491.6097760064049,24.875,,145.0973592651971,243.561265477335,,3,1.0,,,,,,,
1,799,rival,3,18.0,320.9260139330676,60.400000000000006,0.0,270.0,243.561265477335,92.69290554239731,,,,,,,,,
1,800,propio,2,188.08187811535703,495.4880483780372,24.875,3.0,140.0973592651971,,,,,,,,,,,
1,800,rival,3,18.0,320.9260139330676,59.400000000000006,0.0,270.0,243.7206374782692,85.64740825371234,,,,,,,,,
1,801,propio,2,185.01333576776983,498.05398833467376,24.875,4.0,147.0973592651971,,,,,,,,,,,
1,801,rival,3,18.0,320.9260139330676,59.400000000000006,0.0,270.0,243.4497353457051,79.58613325400711,,,,,,,,,
1,802,propio,2,180.8153616227968,500.7700540699125,24.875,5.0,153.3473592651971,,,,,,,,,,,
1,802,rival,3,18.0,320.9260139330676,59.400000000000006,0.0,270.0,242.5957970639746,74.49765068187003,,,,,,,,,
1,803,propio,2,175.4529067488066,503.46153650983644,24.875,6.0,158.8473592651971,,,,,,,,,,,
1,804,propio,2,168.92455000091596,505.9875131867419,24.875,7.0,163.5973592651971,,,,,,,,,,,
1,805,propio,2,161.25014231659767,508.2465985536275,24.875,8.0,167.5973592651971,,,,,,,,,,,
1,806,propio,2,153.43684327460312,509.96484128396776,24.875,8.0,171.5973592651971,,,,,,,,,,,
1,807,propio,2,145.52271848247483,511.1338702718976,24.875,8.0,175.5973592651971,,,,,,,,,,,
1,808,propio,2,137.546324760675,511.7479901256982,24.875,8.0,179.5973592651971,,,,,,,,,,,
1,809,propio,2,129.54652229763192,511.804208915173,24.875,8.0,183.5973592651971,,,,,,,,,,,
1,810,propio,2,121.56228532680824,511.30225274803064,24.875,8.0,187.5973592651971,,,,,,,,,,,
1,811,propio,2,113.63251224815309,510.24456710426114,24.875,8.0,191.5973592651971,,,,,,,,,,,
1,812,propio,2,106.53052450611509,508.7870795015894,24.875,7.25,196.1598592651971,,,,,,,,,,,
1,813,propio,2,101.48795774010827,507.32590859770323,24.875,5.25,202.2223592651971,,,,,,,,,,,
1,814,propio,2,98.4793577799357,506.09675186251866,24.875,3.25,209.7848592651971,,,,,,,,,,,
1,815,propio,2,97.39448684086359,505.4758210728514,24.875,1.25,218.8473592651971,,,,,,,,,,,
1,816,propio,2,97.39448684086359,505.4758210728514,24.875,0.0,228.8473592651971,,,,,,,,,,,
1,817,propio,2,97.39448684086359,505.4758210728514,24.875,0.0,230.3473592651971,,,,,,,,,,,
1,818,propio,2,97.39448684086359,505.4758210728514,24.875,0.0,230.3473592651971,,,,,,,,,,,
1,818,rival,3,18.0,320.9260139330676,59.400000000000006,0.0,270.0,200.90324998878302,16.37496179337296,,,,,,,,,
1,819,propio,2,97.39448684086359,505.4758210728514,23.875,0.0,230.3473592651971,,,,,,,,,,,
1,819,disparo,2,97.39448684086359,505.4758210728514,23.875,,291.5973592651971,200.90324998878302,,3,1.0,,,,,,,
1,819,rival,5,67.11100294658257,18.0,25.125,0.0,141.7318259870511,488.4155664262,36.09782057702563,,,,,,,,,
1,820,propio,2,97.39448684086359,505.4758210728514,23.875,0.0,230.3473592651971,,,,,,,,,,,
1,821,propio,2,97.39448684086359,505.4758210728514,23.875,0.0,230.3473592651971,,,,,,,,,,,
1,822,propio,2,97.39448684086359,505.4758210728514,23.875,0.0,230.3473592651971,,,,,,,,,,,
1,822,rival,4,691.6775721239931,100.7275834368144,30.400000000000006,0.0,278.06812519891594,719.0226153071357,95.39504706240916,,,,,,,,,
1,823,propio,2,97.39448684086359,505.4758210728514,23.875,0.0,230.3473592651971,,,,,,,,,,,
1,823,rival,1,368.2409473382131,419.67753144429713,92.80000000000001,-8.0,108.95044460722625,284.11116075777034,112.0755673599021,,,,,,,,,
1,824,propio,2,97.39448684086359,505.4758210728514,23.875,0.0,230.3473592651971,,,,,,,,,,,
1,825,propio,2,97.39448684086359,505.4758210728514,23.875,0.0,230.3473592651971,,,,,,,,,,,
1,826,propio,2,97.39448684086359,505.4758210728514,23.875,0.0,230.3473592651971,,,,,,,,,,,
1,827,propio,2,97.39448684086359,505.4758210728514,23.875,0.0,230.3473592651971,,,,,,,,,,,
1,828,propio,2,97.39448684086359,505.4758210728514,23.875,0.0,230.3473592651971,,,,,,,,,,,
1,829,propio,2,97.39448684086359,505.4758210728514,23.875,0.0,230.3473592651971,,,,,,,,,,,
1,830,propio,2,97.39448684086359,505.4758210728514,23.875,0.0,230.3473592651971,,,,,,,,,,,
1,831,propio,2,97.39448684086359,505.4758210728514,23.875,0.0,230.3473592651971,,,,,,,,,,,
1,832,propio,2,97.39448684086359,505.4758210728514,23.875,0.0,230.3473592651971,,,,,,,,,,,
1,833,propio,2,97.39448684086359,505.4758210728514,23.875,0.0,230.3473592651971,,,,,,,,,,,
1,834,propio,2,97.39448684086359,505.4758210728514,23.875,0.0,230.3473592651971,,,,,,,,,,,
1,835,propio,2,98.03261847371901,506.2457483545795,23.875,-1.0,230.3473592651971,,,,,,,,,,,
1,836,propio,2,99.30888173942985,507.7856029180358,23.875,-2.0,230.3473592651971,,,,,,,,,,,
1,837,propio,2,101.22327663799611,510.09538476322024,23.875,-3.0,230.3473592651971,,,,,,,,,,,
1,838,propio,2,103.77580316941778,513.1750938901328,23.875,-4.0,230.3473592651971,,,,,,,,,,,
1,839,propio,2,106.96646133369488,517.0247302987734,23.875,-5.0,230.3473592651971,,,,,,,,,,,
1,840,propio,2,110.7952511308274,521.6442939891423,23.875,-6.0,230.3473592651971,,,,,,,,,,,
1,841,propio,2,115.26217256081533,527.0337849612392,23.875,-7.0,230.3473592651971,,,,,,,,,,,
1,842,propio,2,120.36722562365868,533.1932032150643,23.875,-8.0,230.3473592651971,,,,,,,,,,,
1,843,propio,2,125.47227868650204,539.3526214688893,23.875,-8.0,230.3473592651971,,,,,,,,,,,
1,844,propio,2,130.57733174934538,545.5120397227143,23.875,-8.0,230.3473592651971,,,,,,,,,,,
1,845,propio,2,135.68238481218873,551.6714579765394,23.875,-8.0,230.3473592651971,,,,,,,,,,,
1,846,propio,2,140.78743787503208,557.8308762303644,23.875,-8.0,230.3473592651971,,,,,,,,,,,
1,847,propio,2,145.89249093787544,563.9902944841895,23.875,-8.0,230.3473592651971,,,,,,,,,,,
1,848,propio,2,150.9975440007188,570.1497127380145,23.875,-8.0,230.3473592651971,,,,,,,,,,,
1,849,propio,2,155.6239983389206,575.7316855305435,23.875,-7.25,230.3473592651971,,,,,,,,,,,
1,850,propio,2,158.97418941141154,579.7738037596162,23.875,-5.25,230.3473592651971,,,,,,,,,,,
1,851,propio,2,160.81930683437668,582.0,23.25,0.0,230.3473592651971,,,,,,,,,,,
1,851,choque_pared,2,160.81930683437668,582.0,23.25,0.0,230.3473592651971,,,,,,,,,,,
1,852,propio,2,160.18117520152126,581.2300727182719,23.25,1.0,239.5973592651971,,,,,,,,,,,
1,853,propio,2,159.16902816867707,579.5050920273931,23.25,2.0,248.0973592651971,,,,,,,,,,,
1,854,propio,2,158.04993653156382,576.721634841133,23.25,3.0,255.8473592651971,,,,,,,,,,,
1,857,propio,2,156.35482652608673,561.8826984629951,23.25,6.0,274.5973592651971,,,,,,,,,,,
1,858,propio,2,156.91589740839325,554.9052204469045,23.25,7.0,279.3473592651971,,,,,,,,,,,
1,859,propio,2,158.21525321780004,547.0114460340801,23.25,8.0,283.3473592651971,,,,,,,,,,,
1,860,propio,2,160.06208572933073,539.2275389383889,23.25,8.0,287.3473592651971,,,,,,,,,,,
1,860,propio,2,160.06208572933073,539.2275389383889,23.25,8.0,287.3473592651971,,,,,,,,,,,
1,860,propio,2,160.06208572933073,539.2275389383889,23.25,8.0,287.3473592651971,,,,,,,,,,,
1,861,propio,2,162.44739736063212,531.5914215727653,23.25,8.0,291.3473592651971,,,,,,,,,,,
1,862,propio,2,165.3595671132072,524.1402963334349,23.25,8.0,295.3473592651971,,,,,,,,,,,
1,863,propio,2,168.7844071887517,516.9104643535792,23.25,8.0,299.3473592651971,,,,,,,,,,,
1,864,propio,2,172.70523211068124,509.93714864786386,23.25,8.0,303.3473592651971,,,,,,,,,,,
1,865,propio,2,177.10294001409616,503.2543225094519,23.25,8.0,307.3473592651971,,,,,,,,,,,
1,866,propio,2,181.50112142432982,497.4907732312142,23.25,7.25,311.9098592651971,,,,,,,,,,,
1,867,propio,2,185.00791470144628,493.5837409928559,23.25,5.25,317.9723592651971,,,,,,,,,,,
1,868,propio,2,187.4220859928026,491.40790162011007,23.25,3.25,325.5348592651971,,,,,,,,,,,
1,869,propio,2,188.45267429617286,490.7005207121429,23.25,1.25,334.5973592651971,,,,,,,,,,,
1,870,rival,1,474.8602901067326,201.28030680331804,91.80000000000001,8.0,230.95044460722625,407.17733558404143,-29.89711480437967,,,,,,,,,
1,870,propio,2,188.45267429617286,490.7005207121429,23.25,0.0,344.5973592651971,,,,,,,,,,,
1,870,rival,4,688.3547124447211,151.6192193267312,25.400000000000006,0.0,273.73570182997366,604.0514685805317,-18.7462272535235,,,,,,,,,
1,871,propio,2,188.45267429617286,490.7005207121429,22.25,0.0,354.5973592651971,,,,,,,,,,,
1,871,disparo,2,188.45267429617286,490.7005207121429,22.25,,4.347359265197099,604.0514685805317,,4,1.0,,,,,,,
1,872,propio,2,188.45267429617286,490.7005207121429,22.25,0.0,4.597359265197099,,,,,,,,,,,
1,873,propio,2,188.45267429617286,490.7005207121429,22.25,0.0,14.597359265197099,,,,,,,,,,,
1,874,propio,2,188.45267429617286,490.7005207121429,22.25,0.0,24.5973592651971,,,,,,,,,,,
1,875,propio,2,188.45267429617286,490.7005207121429,22.25,0.0,34.5973592651971,,,,,,,,,,,
1,876,propio,2,188.45267429617286,490.7005207121429,22.25,0.0,44.5973592651971,,,,,,,,,,,
1,877,propio,2,188.45267429617286,490.7005207121429,22.25,0.0,54.5973592651971,,,,,,,,,,,
1,878,propio,2,188.45267429617286,490.7005207121429,22.25,0.0,64.5973592651971,,,,,,,,,,,
1,879,propio,2,188.45267429617286,490.7005207121429,22.25,0.0,74.5973592651971,,,,,,,,,,,
1,879,rival,3,18.0,320.9260139330676,55.400000000000006,0.0,270.0,240.57742480705764,150.28843444196838,,,,,,,,,
1,880,propio,2,188.45267429617286,490.7005207121429,22.25,0.0,84.5973592651971,,,,,,,,,,,
1,880,rival,5,67.11100294658256,18.0,20.125,0.0,141.7318259870511,488.02621188563535,171.0057330786127,,,,,,,,,
1,881,propio,2,188.45267429617286,490.7005207121429,22.25,0.0,94.5973592651971,,,,,,,,,,,
1,881,rival,1,393.27509040364083,156.1490926059896,90.80000000000001,8.0,182.95044460722625,392.27143687498767,-153.12114137133,,,,,,,,,
1,882,propio,2,188.45267429617286,490.7005207121429,22.25,0.0,104.5973592651971,,,,,,,,,,,
1,882,rival,1,385.28569498884553,155.73731486733914,90.80000000000001,8.0,178.95044460722625,388.5145908519145,-164.1577656042408,,,,,,,,,
1,882,rival,4,688.3547124447211,151.6192193267312,25.400000000000006,0.0,273.73570182997366,604.0514685805317,-138.7462272535235,,,,,,,,,
1,883,propio,2,188.45267429617286,490.7005207121429,22.25,0.0,114.5973592651971,,,,,,,,,,,
1,884,propio,2,188.03643541060768,491.6097760064049,22.25,1.0,123.8473592651971,,,,,,,,,,,
1,884,rival,4,688.3547124447211,151.6192193267312,25.400000000000006,0.0,273.73570182997366,604.9065687903698,-158.04536996199556,,,,,,,,,
1,885,propio,2,186.92247081768278,493.2708247370897,17.25,2.0,132.3473592651971,,,,,,,,,,,
1,885,disparo,2,188.03643541060768,491.6097760064049,17.25,,23.5973592651971,606.7619899289933,,4,1.0,,,,,,,
1,885,impacto_recibido,2,,,17.25,,,,,3,1.0,4.0,,,,,,
1,886,propio,2,184.90159988513327,495.4880483780372,17.25,3.0,124.5973592651971,,,,,,,,,,,
1,886,rival,1,353.62426314891064,159.65264980022783,90.80000000000001,8.0,162.95044460722625,375.83607069670427,172.077452361417,,,,,,,,,
1,887,propio,2,182.63037665916383,498.7806985352536,17.25,4.0,117.5973592651971,,,,,,,,,,,
1,888,propio,2,180.3141007094994,503.21182319215575,17.25,5.0,111.3473592651971,,,,,,,,,,,
1,889,propio,2,178.1299733950681,508.80016712165354,17.25,6.0,105.8473592651971,,,,,,,,,,,
1,890,propio,2,176.21844489941944,515.5341153550693,17.25,7.0,101.0973592651971,,,,,,,,,,,
1,891,propio,2,174.6786309872871,523.3845276446248,17.25,8.0,97.0973592651971,,,,,,,,,,,
1,892,propio,2,173.6901850632109,531.3232287131357,17.25,8.0,93.0973592651971,,,,,,,,,,,
1,892,rival,5,67.11100294658256,18.0,19.125,0.0,141.7318259870511,524.2707880448114,165.17320579678983,,,,,,,,,
1,893,propio,2,173.25792273637467,539.3115420069918,17.25,8.0,89.0973592651971,,,,,,,,,,,
1,893,rival,5,67.11100294658256,18.0,19.125,0.0,141.7318259870511,532.0083574630836,169.39368208763938,,,,,,,,,
1,894,propio,2,173.3839499453839,547.3105492668078,17.25,8.0,85.0973592651971,,,,,,,,,,,
1,895,propio,2,174.06765269834452,555.2812801332714,17.25,8.0,81.0973592651971,,,,,,,,,,,
1,896,propio,2,175.30570006416966,563.1849020068161,17.25,8.0,77.0973592651971,,,,,,,,,,,
1,897,propio,2,177.0920604005411,570.9829092361432,17.25,8.0,73.0973592651971,,,,,,,,,,,
1,897,rival,3,18.0,320.9260139330676,57.400000000000006,0.0,270.0,296.37600201619347,164.4371657997675,,,,,,,,,
1,898,propio,2,179.1999710201903,577.9197105753464,17.25,7.25,68.5348592651971,,,,,,,,,,,
1,898,rival,3,18.0,320.9260139330676,57.400000000000006,0.0,270.0,303.3664298678642,169.36704000798068,,,,,,,,,
1,899,propio,2,180.8043727743594,582.0,14.625,0.0,62.4723592651971,,,,,,,,,,,
1,899,disparo,2,179.1999710201903,577.9197105753464,14.625,,328.2848592651971,307.67659968760927,,3,1.0,,,,,,,
1,899,choque_pared,2,180.8043727743594,582.0,14.625,0.0,62.4723592651971,,,,,,,,,,,
1,900,propio,2,180.8043727743594,582.0,14.625,0.0,71.7223592651971,,,,,,,,,,,
1,901,rival,3,18.0,320.9260139330676,57.400000000000006,0.0,270.0,307.67659968760927,157.08019154706605,,,,,,,,,
1,901,propio,2,180.8043727743594,582.0,14.625,0.0,80.9723592651971,,,,,,,,,,,
1,901,choque_pared,2,180.8043727743594,582.0,14.625,0.0,80.9723592651971,,,,,,,,,,,
1,903,rival,3,18.0,320.9260139330676,57.400000000000006,0.0,270.0,307.67659968760927,138.58019154706605,,,,,,,,,
1,903,propio,2,180.8043727743594,582.0,14.625,0.0,99.4723592651971,,,,,,,,,,,
1,903,rival,5,53.54862808859839,33.74584164450469,15.125,6.0,115.23182598705111,562.8291452204835,157.46006235809767,,,,,,,,,
1,903,propio,2,180.8043727743594,582.0,14.625,0.0,99.4723592651971,,,,,,,,,,,
1,903,choque_pared,2,180.8043727743594,582.0,14.625,0.0,99.4723592651971,,,,,,,,,,,
1,905,rival,1,269.61195661425194,256.46674180553043,92.80000000000001,8.0,98.95044460722625,337.4295321073524,166.53698366307987,,,,,,,,,
1,905,propio,2,180.8043727743594,582.0,14.625,0.0,118.7223592651971,,,,,,,,,,,
1,905,rival,4,688.3547124447211,151.6192193267312,25.400000000000006,0.0,273.73570182997366,665.4584612674422,-159.01886523943858,,,,,,,,,
1,905,propio,2,180.8043727743594,582.0,14.625,0.0,118.7223592651971,,,,,,,,,,,
1,905,choque_pared,2,180.8043727743594,582.0,14.625,0.0,118.7223592651971,,,,,,,,,,,
1,906,propio,2,180.8043727743594,582.0,14.625,0.0,127.9723592651971,,,,,,,,,,,
1,907,propio,2,180.8043727743594,582.0,10.625,0.0,137.2223592651971,,,,,,,,,,,
1,907,impacto_recibido,2,,,10.625,,,,,3,1.0,4.0,,,,,,
1,907,choque_pared,2,180.8043727743594,582.0,10.625,0.0,137.2223592651971,,,,,,,,,,,
1,908,propio,2,180.8043727743594,582.0,10.625,0.0,146.4723592651971,,,,,,,,,,,
1,909,propio,2,180.8043727743594,582.0,10.625,0.0,155.7223592651971,,,,,,,,,,,
1,909,choque_pared,2,180.8043727743594,582.0,10.625,0.0,155.7223592651971,,,,,,,,,,,
1,910,propio,2,180.8043727743594,582.0,10.625,0.0,164.9723592651971,,,,,,,,,,,
1,911,propio,2,180.8043727743594,582.0,10.625,0.0,174.2223592651971,,,,,,,,,,,
1,911,choque_pared,2,180.8043727743594,582.0,10.625,0.0,174.2223592651971,,,,,,,,,,,
1,912,propio,2,180.8043727743594,582.0,10.625,0.0,184.2223592651971,,,,,,,,,,,
1,913,propio,2,179.80708695375327,581.9263726136688,10.625,1.0,193.4723592651971,,,,,,,,,,,
1,916,propio,2,171.6062763092887,578.3547519253204,10.625,4.0,216.7223592651971,,,,,,,,,,,
1,917,propio,2,167.59856448783685,575.3650619821666,10.625,5.0,222.9723592651971,,,,,,,,,,,
1,918,propio,2,163.2084687234426,571.2751892238222,10.625,6.0,228.4723592651971,,,,,,,,,,,
1,918,propio,2,163.2084687234426,571.2751892238222,10.625,6.0,228.4723592651971,,,,,,,,,,,
1,918,propio,2,163.2084687234426,571.2751892238222,10.625,6.0,228.4723592651971,,,,,,,,,,,
1,921,propio,2,149.44686999970122,552.9007933302937,10.625,8.0,241.2223592651971,,,,,,,,,,,
1,922,propio,2,145.59557667923394,545.8888364165838,10.625,8.0,245.2223592651971,,,,,,,,,,,
1,922,propio,2,145.59557667923394,545.8888364165838,10.625,8.0,245.2223592651971,,,,,,,,,,,
1,922,propio,2,145.59557667923394,545.8888364165838,10.625,8.0,245.2223592651971,,,,,,,,,,,
1,923,propio,2,142.24279430407614,538.6253076361058,10.625,8.0,249.2223592651971,,,,,,,,,,,
1,924,propio,2,139.40485729293908,531.145594170951,10.625,8.0,253.2223592651971,,,,,,,,,,,
1,925,propio,2,137.0955917896726,523.4861364332634,10.625,8.0,257.2223592651971,,,,,,,,,,,
1,926,propio,2,135.32624830368204,515.6842505312148,10.625,8.0,261.2223592651971,,,,,,,,,,,
1,927,propio,2,134.25804707421545,508.7662344764947,10.625,7.0,265.9723592651971,,,,,,,,,,,
1,928,propio,2,133.9068585128011,503.7785830658274,10.625,5.0,272.2223592651971,,,,,,,,,,,
1,929,propio,2,134.02319179672824,500.780839486558,10.625,3.0,279.9723592651971,,,,,,,,,,,
1,931,rival,4,689.6163603861719,145.75336521400104,20.400000000000006,3.0,282.13844832166643,658.663435988833,28.26289281770738,,,,,,,,,
1,931,propio,2,134.19636486144856,499.795948076475,6.625,0.0,299.2223592651971,,,,,,,,,,,
1,931,propio,2,134.19636486144856,499.795948076475,6.625,0.0,299.2223592651971,,,,,,,,,,,
1,931,impacto_recibido,2,,,6.625,,,,,3,1.0,4.0,,,,,,
1,932,propio,2,133.70816458791427,500.6686797035638,5.625,-1.0,289.9723592651971,,,,,,,,,,,
1,932,disparo,2,134.19636486144856,499.795948076475,5.625,,86.4723592651971,659.5443901777189,,4,1.0,,,,,,,
1,933,propio,2,133.02503103729387,502.5483947223942,5.625,-2.0,281.4723592651971,,,,,,,,,,,
1,934,propio,2,132.42834551479362,505.4884570324888,5.625,-3.0,273.7223592651971,,,,,,,,,,,
1,934,rival,4,695.9246000934252,116.42409465035026,20.400000000000006,8.0,282.13844832166643,684.7620805797923,51.65461381359893,,,,,,,,,
1,935,propio,2,132.16865858395226,509.48001846856243,5.625,-4.0,266.7223592651971,,,,,,,,,,,
1,935,rival,4,697.3439540275572,109.82500877352882,20.400000000000006,6.75,282.13844832166643,692.2046239040184,58.01218824785411,,,,,,,,,
1,936,propio,2,132.4545307183741,514.4718394912716,5.625,-5.0,260.4723592651971,,,,,,,,,,,
1,937,propio,2,133.4476710724211,520.389074676488,5.625,-6.0,254.9723592651971,,,,,,,,,,,
1,938,propio,2,135.26266606312234,527.1496806540413,5.625,-7.0,250.2223592651971,,,,,,,,,,,
1,939,propio,2,137.96963184327845,534.6777837527683,5.625,-8.0,246.2223592651971,,,,,,,,,,,
1,940,propio,2,141.19513751699515,541.9987203833383,5.625,-8.0,242.2223592651971,,,,,,,,,,,
1,941,propio,2,144.92346874485676,549.076823678385,5.625,-8.0,238.2223592651971,,,,,,,,,,,
1,942,propio,2,149.13646147189172,555.8776098301436,5.625,-8.0,234.2223592651971,,,,,,,,,,,
1,943,propio,2,153.81359042102244,562.3679460920952,5.625,-8.0,230.2223592651971,,,,,,,,,,,
1,944,propio,2,158.93206909015214,568.5162121983778,5.625,-8.0,226.2223592651971,,,,,,,,,,,
1,945,propio,2,164.46696076571249,574.2924544145434,5.625,-8.0,222.2223592651971,,,,,,,,,,,
1,946,propio,2,169.8358932075024,579.164524245272,5.625,-7.25,217.6598592651971,,,,,,,,,,,
1,947,propio,2,173.50988694820379,582.0,4.0,0.0,211.5973592651971,,,,,,,,,,,
1,947,choque_pared,2,173.50988694820379,582.0,4.0,0.0,211.5973592651971,,,,,,,,,,,
1,948,propio,2,172.65813586470807,581.4760533502695,4.0,1.0,220.8473592651971,,,,,,,,,,,
1,949,propio,2,171.14522647289448,580.1679611623247,4.0,2.0,229.3473592651971,,,,,,,,,,,
1,950,propio,2,169.19081189440024,577.8919419059542,4.0,3.0,237.0973592651971,,,,,,,,,,,
1,951,propio,2,167.01795930620926,574.5335625899758,4.0,4.0,244.0973592651971,,,,,,,,,,,
1,952,propio,2,164.83374306577286,570.0358743598943,4.0,5.0,250.3473592651971,,,,,,,,,,,
1,953,propio,2,162.81584138234908,564.385381213625,4.0,6.0,255.8473592651971,,,,,,,,,,,
1,954,propio,2,161.10429950293081,557.5978467278933,4.0,7.0,260.5973592651971,,,,,,,,,,,
1,955,propio,2,159.79732804131055,549.705329664338,4.0,8.0,264.5973592651971,,,,,,,,,,,
1,956,propio,2,159.0440944558016,541.7408686552262,4.0,8.0,268.5973592651971,,,,,,,,,,,
1,959,propio,2,160.129934923197,517.8044599825618,4.0,8.0,280.5973592651971,,,,,,,,,,,
1,960,propio,2,161.60118330241212,509.9409093718861,4.0,8.0,284.5973592651971,,,,,,,,,,,
1,960,propio,2,161.60118330241212,509.9409093718861,4.0,8.0,284.5973592651971,,,,,,,,,,,
1,960,propio,2,161.60118330241212,509.9409093718861,4.0,8.0,284.5973592651971,,,,,,,,,,,
1,961,propio,2,163.61738135622934,502.1991430742132,4.0,8.0,288.5973592651971,,,,,,,,,,,
1,962,propio,2,165.9295196503197,495.3277155290083,4.0,7.25,293.1598592651971,,,,,,,,,,,
1,963,propio,2,167.99433350871206,490.5008072296731,4.0,5.25,299.2223592651971,,,,,,,,,,,
1,964,propio,2,169.5809843976985,487.6644294416345,4.0,3.25,306.7848592651971,,,,,,,,,,,
1,965,propio,2,170.3294993724424,486.6633173936678,4.0,1.25,315.8473592651971,,,,,,,,,,,
1,966,propio,2,170.3294993724424,486.6633173936678,4.0,0.0,325.8473592651971,,,,,,,,,,,
1,967,propio,2,170.3294993724424,486.6633173936678,4.0,0.0,335.8473592651971,,,,,,,,,,,
1,968,propio,2,170.3294993724424,486.6633173936678,4.0,0.0,345.8473592651971,,,,,,,,,,,
1,969,propio,2,170.3294993724424,486.6633173936678,4.0,0.0,355.8473592651971,,,,,,,,,,,
1,970,propio,2,170.3294993724424,486.6633173936678,4.0,0.0,5.847359265197099,,,,,,,,,,,
1,971,propio,2,170.3294993724424,486.6633173936678,4.0,0.0,15.847359265197099,,,,,,,,,,,
1,972,propio,2,170.3294993724424,486.6633173936678,4.0,0.0,25.8473592651971,,,,,,,,,,,
1,973,propio,2,170.3294993724424,486.6633173936678,4.0,0.0,35.8473592651971,,,,,,,,,,,
1,973,rival,3,18.0,320.9260139330676,55.400000000000006,0.0,270.0,225.10693045184104,-168.43353915897023,,,,,,,,,
1,974,propio,2,170.3294993724424,486.6633173936678,3.0,0.0,45.8473592651971,,,,,,,,,,,
1,974,disparo,2,170.3294993724424,486.6633173936678,3.0,,323.0973592651971,225.10693045184104,,3,1.0,,,,,,,
1,974,rival,5,56.83118974090271,23.6078109665348,15.625,3.0,110.83071757851675,476.76227652961956,-149.61946239954045,,,,,,,,,
1,974,rival,3,18.0,320.9260139330676,55.400000000000006,0.0,270.0,225.10693045184104,-178.43353915897023,,,,,,,,,
1,975,propio,2,170.3294993724424,486.6633173936678,3.0,0.0,55.8473592651971,,,,,,,,,,,
1,975,rival,5,55.40875736975312,27.346351610891332,15.625,4.0,110.83071757851675,473.4752918562329,-159.89434471914626,,,,,,,,,
1,975,rival,1,198.78748370676382,123.54301360381324,92.80000000000001,8.0,356.95044460722625,364.23373250813654,-141.36620956312055,,,,,,,,,
